#include <pgmspace.h>

const uint8_t ArchivoNarrowRegular5[] PROGMEM = {
0x00, 0x00, 0x01, 0x3E, 0x00, 0x00, 0x00, 0x0B, 0x00, 0x00, 0x00, 0x0A, 0x00, 0x00, 0x00, 0x00,
0x00, 0x00, 0x00, 0x08, 0x00, 0x00, 0x00, 0x02, 0x00, 0x00, 0x00, 0x21, 0x00, 0x00, 0x00, 0x07,
0x00, 0x00, 0x00, 0x02, 0x00, 0x00, 0x00, 0x02, 0x00, 0x00, 0x00, 0x07, 0x00, 0x00, 0x00, 0x00,
0x00, 0x00, 0x00, 0x00, 0x00, 0x00, 0x00, 0x22, 0x00, 0x00, 0x00, 0x03, 0x00, 0x00, 0x00, 0x03,
0x00, 0x00, 0x00, 0x03, 0x00, 0x00, 0x00, 0x07, 0x00, 0x00, 0x00, 0x00, 0x00, 0x00, 0x00, 0x00,
0x00, 0x00, 0x00, 0x23, 0x00, 0x00, 0x00, 0x07, 0x00, 0x00, 0x00, 0x05, 0x00, 0x00, 0x00, 0x05,
0x00, 0x00, 0x00, 0x07, 0x00, 0x00, 0x00, 0x00, 0x00, 0x00, 0x00, 0x00, 0x00, 0x00, 0x00, 0x24,
0x00, 0x00, 0x00, 0x09, 0x00, 0x00, 0x00, 0x04, 0x00, 0x00, 0x00, 0x05, 0x00, 0x00, 0x00, 0x08,
0x00, 0x00, 0x00, 0x00, 0x00, 0x00, 0x00, 0x00, 0x00, 0x00, 0x00, 0x25, 0x00, 0x00, 0x00, 0x08,
0x00, 0x00, 0x00, 0x07, 0x00, 0x00, 0x00, 0x07, 0x00, 0x00, 0x00, 0x07, 0x00, 0x00, 0x00, 0x00,
0x00, 0x00, 0x00, 0x00, 0x00, 0x00, 0x00, 0x26, 0x00, 0x00, 0x00, 0x08, 0x00, 0x00, 0x00, 0x06,
0x00, 0x00, 0x00, 0x05, 0x00, 0x00, 0x00, 0x07, 0x00, 0x00, 0x00, 0x00, 0x00, 0x00, 0x00, 0x00,
0x00, 0x00, 0x00, 0x27, 0x00, 0x00, 0x00, 0x03, 0x00, 0x00, 0x00, 0x02, 0x00, 0x00, 0x00, 0x02,
0x00, 0x00, 0x00, 0x07, 0x00, 0x00, 0x00, 0x00, 0x00, 0x00, 0x00, 0x00, 0x00, 0x00, 0x00, 0x28,
0x00, 0x00, 0x00, 0x0A, 0x00, 0x00, 0x00, 0x03, 0x00, 0x00, 0x00, 0x03, 0x00, 0x00, 0x00, 0x08,
0x00, 0x00, 0x00, 0x00, 0x00, 0x00, 0x00, 0x00, 0x00, 0x00, 0x00, 0x29, 0x00, 0x00, 0x00, 0x0A,
0x00, 0x00, 0x00, 0x03, 0x00, 0x00, 0x00, 0x03, 0x00, 0x00, 0x00, 0x08, 0x00, 0x00, 0x00, 0x00,
0x00, 0x00, 0x00, 0x00, 0x00, 0x00, 0x00, 0x2A, 0x00, 0x00, 0x00, 0x03, 0x00, 0x00, 0x00, 0x03,
0x00, 0x00, 0x00, 0x03, 0x00, 0x00, 0x00, 0x07, 0x00, 0x00, 0x00, 0x00, 0x00, 0x00, 0x00, 0x00,
0x00, 0x00, 0x00, 0x2B, 0x00, 0x00, 0x00, 0x06, 0x00, 0x00, 0x00, 0x05, 0x00, 0x00, 0x00, 0x05,
0x00, 0x00, 0x00, 0x06, 0x00, 0x00, 0x00, 0x00, 0x00, 0x00, 0x00, 0x00, 0x00, 0x00, 0x00, 0x2C,
0x00, 0x00, 0x00, 0x04, 0x00, 0x00, 0x00, 0x02, 0x00, 0x00, 0x00, 0x02, 0x00, 0x00, 0x00, 0x02,
0x00, 0x00, 0x00, 0x00, 0x00, 0x00, 0x00, 0x00, 0x00, 0x00, 0x00, 0x2D, 0x00, 0x00, 0x00, 0x02,
0x00, 0x00, 0x00, 0x03, 0x00, 0x00, 0x00, 0x03, 0x00, 0x00, 0x00, 0x04, 0x00, 0x00, 0x00, 0x00,
0x00, 0x00, 0x00, 0x00, 0x00, 0x00, 0x00, 0x2E, 0x00, 0x00, 0x00, 0x02, 0x00, 0x00, 0x00, 0x02,
0x00, 0x00, 0x00, 0x02, 0x00, 0x00, 0x00, 0x02, 0x00, 0x00, 0x00, 0x00, 0x00, 0x00, 0x00, 0x00,
0x00, 0x00, 0x00, 0x2F, 0x00, 0x00, 0x00, 0x09, 0x00, 0x00, 0x00, 0x03, 0x00, 0x00, 0x00, 0x02,
0x00, 0x00, 0x00, 0x08, 0x00, 0x00, 0x00, 0x00, 0x00, 0x00, 0x00, 0x00, 0x00, 0x00, 0x00, 0x30,
0x00, 0x00, 0x00, 0x08, 0x00, 0x00, 0x00, 0x05, 0x00, 0x00, 0x00, 0x05, 0x00, 0x00, 0x00, 0x07,
0x00, 0x00, 0x00, 0x00, 0x00, 0x00, 0x00, 0x00, 0x00, 0x00, 0x00, 0x31, 0x00, 0x00, 0x00, 0x07,
0x00, 0x00, 0x00, 0x05, 0x00, 0x00, 0x00, 0x05, 0x00, 0x00, 0x00, 0x07, 0x00, 0x00, 0x00, 0x00,
0x00, 0x00, 0x00, 0x00, 0x00, 0x00, 0x00, 0x32, 0x00, 0x00, 0x00, 0x07, 0x00, 0x00, 0x00, 0x05,
0x00, 0x00, 0x00, 0x05, 0x00, 0x00, 0x00, 0x07, 0x00, 0x00, 0x00, 0x00, 0x00, 0x00, 0x00, 0x00,
0x00, 0x00, 0x00, 0x33, 0x00, 0x00, 0x00, 0x08, 0x00, 0x00, 0x00, 0x05, 0x00, 0x00, 0x00, 0x05,
0x00, 0x00, 0x00, 0x07, 0x00, 0x00, 0x00, 0x00, 0x00, 0x00, 0x00, 0x00, 0x00, 0x00, 0x00, 0x34,
0x00, 0x00, 0x00, 0x07, 0x00, 0x00, 0x00, 0x05, 0x00, 0x00, 0x00, 0x05, 0x00, 0x00, 0x00, 0x07,
0x00, 0x00, 0x00, 0x00, 0x00, 0x00, 0x00, 0x00, 0x00, 0x00, 0x00, 0x35, 0x00, 0x00, 0x00, 0x08,
0x00, 0x00, 0x00, 0x05, 0x00, 0x00, 0x00, 0x05, 0x00, 0x00, 0x00, 0x07, 0x00, 0x00, 0x00, 0x00,
0x00, 0x00, 0x00, 0x00, 0x00, 0x00, 0x00, 0x36, 0x00, 0x00, 0x00, 0x08, 0x00, 0x00, 0x00, 0x05,
0x00, 0x00, 0x00, 0x05, 0x00, 0x00, 0x00, 0x07, 0x00, 0x00, 0x00, 0x00, 0x00, 0x00, 0x00, 0x00,
0x00, 0x00, 0x00, 0x37, 0x00, 0x00, 0x00, 0x07, 0x00, 0x00, 0x00, 0x05, 0x00, 0x00, 0x00, 0x05,
0x00, 0x00, 0x00, 0x07, 0x00, 0x00, 0x00, 0x00, 0x00, 0x00, 0x00, 0x00, 0x00, 0x00, 0x00, 0x38,
0x00, 0x00, 0x00, 0x08, 0x00, 0x00, 0x00, 0x05, 0x00, 0x00, 0x00, 0x05, 0x00, 0x00, 0x00, 0x07,
0x00, 0x00, 0x00, 0x00, 0x00, 0x00, 0x00, 0x00, 0x00, 0x00, 0x00, 0x39, 0x00, 0x00, 0x00, 0x08,
0x00, 0x00, 0x00, 0x05, 0x00, 0x00, 0x00, 0x05, 0x00, 0x00, 0x00, 0x07, 0x00, 0x00, 0x00, 0x00,
0x00, 0x00, 0x00, 0x00, 0x00, 0x00, 0x00, 0x3A, 0x00, 0x00, 0x00, 0x06, 0x00, 0x00, 0x00, 0x02,
0x00, 0x00, 0x00, 0x02, 0x00, 0x00, 0x00, 0x06, 0x00, 0x00, 0x00, 0x00, 0x00, 0x00, 0x00, 0x00,
0x00, 0x00, 0x00, 0x3B, 0x00, 0x00, 0x00, 0x08, 0x00, 0x00, 0x00, 0x02, 0x00, 0x00, 0x00, 0x02,
0x00, 0x00, 0x00, 0x06, 0x00, 0x00, 0x00, 0x00, 0x00, 0x00, 0x00, 0x00, 0x00, 0x00, 0x00, 0x3C,
0x00, 0x00, 0x00, 0x06, 0x00, 0x00, 0x00, 0x05, 0x00, 0x00, 0x00, 0x05, 0x00, 0x00, 0x00, 0x06,
0x00, 0x00, 0x00, 0x00, 0x00, 0x00, 0x00, 0x00, 0x00, 0x00, 0x00, 0x3D, 0x00, 0x00, 0x00, 0x04,
0x00, 0x00, 0x00, 0x05, 0x00, 0x00, 0x00, 0x05, 0x00, 0x00, 0x00, 0x05, 0x00, 0x00, 0x00, 0x00,
0x00, 0x00, 0x00, 0x00, 0x00, 0x00, 0x00, 0x3E, 0x00, 0x00, 0x00, 0x05, 0x00, 0x00, 0x00, 0x05,
0x00, 0x00, 0x00, 0x05, 0x00, 0x00, 0x00, 0x05, 0x00, 0x00, 0x00, 0x00, 0x00, 0x00, 0x00, 0x00,
0x00, 0x00, 0x00, 0x3F, 0x00, 0x00, 0x00, 0x07, 0x00, 0x00, 0x00, 0x05, 0x00, 0x00, 0x00, 0x05,
0x00, 0x00, 0x00, 0x07, 0x00, 0x00, 0x00, 0x00, 0x00, 0x00, 0x00, 0x00, 0x00, 0x00, 0x00, 0x40,
0x00, 0x00, 0x00, 0x09, 0x00, 0x00, 0x00, 0x08, 0x00, 0x00, 0x00, 0x08, 0x00, 0x00, 0x00, 0x07,
0x00, 0x00, 0x00, 0x00, 0x00, 0x00, 0x00, 0x00, 0x00, 0x00, 0x00, 0x41, 0x00, 0x00, 0x00, 0x07,
0x00, 0x00, 0x00, 0x06, 0x00, 0x00, 0x00, 0x05, 0x00, 0x00, 0x00, 0x07, 0x00, 0x00, 0x00, 0x00,
0x00, 0x00, 0x00, 0x00, 0x00, 0x00, 0x00, 0x42, 0x00, 0x00, 0x00, 0x07, 0x00, 0x00, 0x00, 0x06,
0x00, 0x00, 0x00, 0x05, 0x00, 0x00, 0x00, 0x07, 0x00, 0x00, 0x00, 0x00, 0x00, 0x00, 0x00, 0x00,
0x00, 0x00, 0x00, 0x43, 0x00, 0x00, 0x00, 0x08, 0x00, 0x00, 0x00, 0x06, 0x00, 0x00, 0x00, 0x06,
0x00, 0x00, 0x00, 0x07, 0x00, 0x00, 0x00, 0x00, 0x00, 0x00, 0x00, 0x00, 0x00, 0x00, 0x00, 0x44,
0x00, 0x00, 0x00, 0x07, 0x00, 0x00, 0x00, 0x06, 0x00, 0x00, 0x00, 0x06, 0x00, 0x00, 0x00, 0x07,
0x00, 0x00, 0x00, 0x00, 0x00, 0x00, 0x00, 0x00, 0x00, 0x00, 0x00, 0x45, 0x00, 0x00, 0x00, 0x07,
0x00, 0x00, 0x00, 0x05, 0x00, 0x00, 0x00, 0x05, 0x00, 0x00, 0x00, 0x07, 0x00, 0x00, 0x00, 0x00,
0x00, 0x00, 0x00, 0x00, 0x00, 0x00, 0x00, 0x46, 0x00, 0x00, 0x00, 0x07, 0x00, 0x00, 0x00, 0x05,
0x00, 0x00, 0x00, 0x05, 0x00, 0x00, 0x00, 0x07, 0x00, 0x00, 0x00, 0x00, 0x00, 0x00, 0x00, 0x00,
0x00, 0x00, 0x00, 0x47, 0x00, 0x00, 0x00, 0x08, 0x00, 0x00, 0x00, 0x06, 0x00, 0x00, 0x00, 0x06,
0x00, 0x00, 0x00, 0x07, 0x00, 0x00, 0x00, 0x00, 0x00, 0x00, 0x00, 0x00, 0x00, 0x00, 0x00, 0x48,
0x00, 0x00, 0x00, 0x07, 0x00, 0x00, 0x00, 0x06, 0x00, 0x00, 0x00, 0x06, 0x00, 0x00, 0x00, 0x07,
0x00, 0x00, 0x00, 0x00, 0x00, 0x00, 0x00, 0x00, 0x00, 0x00, 0x00, 0x49, 0x00, 0x00, 0x00, 0x07,
0x00, 0x00, 0x00, 0x02, 0x00, 0x00, 0x00, 0x02, 0x00, 0x00, 0x00, 0x07, 0x00, 0x00, 0x00, 0x00,
0x00, 0x00, 0x00, 0x00, 0x00, 0x00, 0x00, 0x4A, 0x00, 0x00, 0x00, 0x08, 0x00, 0x00, 0x00, 0x04,
0x00, 0x00, 0x00, 0x04, 0x00, 0x00, 0x00, 0x07, 0x00, 0x00, 0x00, 0x00, 0x00, 0x00, 0x00, 0x00,
0x00, 0x00, 0x00, 0x4B, 0x00, 0x00, 0x00, 0x07, 0x00, 0x00, 0x00, 0x06, 0x00, 0x00, 0x00, 0x05,
0x00, 0x00, 0x00, 0x07, 0x00, 0x00, 0x00, 0x00, 0x00, 0x00, 0x00, 0x00, 0x00, 0x00, 0x00, 0x4C,
0x00, 0x00, 0x00, 0x07, 0x00, 0x00, 0x00, 0x05, 0x00, 0x00, 0x00, 0x05, 0x00, 0x00, 0x00, 0x07,
0x00, 0x00, 0x00, 0x00, 0x00, 0x00, 0x00, 0x00, 0x00, 0x00, 0x00, 0x4D, 0x00, 0x00, 0x00, 0x07,
0x00, 0x00, 0x00, 0x07, 0x00, 0x00, 0x00, 0x07, 0x00, 0x00, 0x00, 0x07, 0x00, 0x00, 0x00, 0x00,
0x00, 0x00, 0x00, 0x00, 0x00, 0x00, 0x00, 0x4E, 0x00, 0x00, 0x00, 0x07, 0x00, 0x00, 0x00, 0x06,
0x00, 0x00, 0x00, 0x06, 0x00, 0x00, 0x00, 0x07, 0x00, 0x00, 0x00, 0x00, 0x00, 0x00, 0x00, 0x00,
0x00, 0x00, 0x00, 0x4F, 0x00, 0x00, 0x00, 0x08, 0x00, 0x00, 0x00, 0x06, 0x00, 0x00, 0x00, 0x06,
0x00, 0x00, 0x00, 0x07, 0x00, 0x00, 0x00, 0x00, 0x00, 0x00, 0x00, 0x00, 0x00, 0x00, 0x00, 0x50,
0x00, 0x00, 0x00, 0x07, 0x00, 0x00, 0x00, 0x06, 0x00, 0x00, 0x00, 0x05, 0x00, 0x00, 0x00, 0x07,
0x00, 0x00, 0x00, 0x00, 0x00, 0x00, 0x00, 0x00, 0x00, 0x00, 0x00, 0x51, 0x00, 0x00, 0x00, 0x09,
0x00, 0x00, 0x00, 0x06, 0x00, 0x00, 0x00, 0x06, 0x00, 0x00, 0x00, 0x07, 0x00, 0x00, 0x00, 0x00,
0x00, 0x00, 0x00, 0x00, 0x00, 0x00, 0x00, 0x52, 0x00, 0x00, 0x00, 0x07, 0x00, 0x00, 0x00, 0x06,
0x00, 0x00, 0x00, 0x06, 0x00, 0x00, 0x00, 0x07, 0x00, 0x00, 0x00, 0x00, 0x00, 0x00, 0x00, 0x00,
0x00, 0x00, 0x00, 0x53, 0x00, 0x00, 0x00, 0x08, 0x00, 0x00, 0x00, 0x06, 0x00, 0x00, 0x00, 0x05,
0x00, 0x00, 0x00, 0x07, 0x00, 0x00, 0x00, 0x00, 0x00, 0x00, 0x00, 0x00, 0x00, 0x00, 0x00, 0x54,
0x00, 0x00, 0x00, 0x07, 0x00, 0x00, 0x00, 0x05, 0x00, 0x00, 0x00, 0x05, 0x00, 0x00, 0x00, 0x07,
0x00, 0x00, 0x00, 0x00, 0x00, 0x00, 0x00, 0x00, 0x00, 0x00, 0x00, 0x55, 0x00, 0x00, 0x00, 0x08,
0x00, 0x00, 0x00, 0x06, 0x00, 0x00, 0x00, 0x06, 0x00, 0x00, 0x00, 0x07, 0x00, 0x00, 0x00, 0x00,
0x00, 0x00, 0x00, 0x00, 0x00, 0x00, 0x00, 0x56, 0x00, 0x00, 0x00, 0x07, 0x00, 0x00, 0x00, 0x06,
0x00, 0x00, 0x00, 0x05, 0x00, 0x00, 0x00, 0x07, 0x00, 0x00, 0x00, 0x00, 0x00, 0x00, 0x00, 0x00,
0x00, 0x00, 0x00, 0x57, 0x00, 0x00, 0x00, 0x07, 0x00, 0x00, 0x00, 0x08, 0x00, 0x00, 0x00, 0x08,
0x00, 0x00, 0x00, 0x07, 0x00, 0x00, 0x00, 0x00, 0x00, 0x00, 0x00, 0x00, 0x00, 0x00, 0x00, 0x58,
0x00, 0x00, 0x00, 0x07, 0x00, 0x00, 0x00, 0x06, 0x00, 0x00, 0x00, 0x05, 0x00, 0x00, 0x00, 0x07,
0x00, 0x00, 0x00, 0x00, 0x00, 0x00, 0x00, 0x00, 0x00, 0x00, 0x00, 0x59, 0x00, 0x00, 0x00, 0x07,
0x00, 0x00, 0x00, 0x06, 0x00, 0x00, 0x00, 0x05, 0x00, 0x00, 0x00, 0x07, 0x00, 0x00, 0x00, 0x00,
0x00, 0x00, 0x00, 0x00, 0x00, 0x00, 0x00, 0x5A, 0x00, 0x00, 0x00, 0x07, 0x00, 0x00, 0x00, 0x05,
0x00, 0x00, 0x00, 0x05, 0x00, 0x00, 0x00, 0x07, 0x00, 0x00, 0x00, 0x00, 0x00, 0x00, 0x00, 0x00,
0x00, 0x00, 0x00, 0x5B, 0x00, 0x00, 0x00, 0x0A, 0x00, 0x00, 0x00, 0x03, 0x00, 0x00, 0x00, 0x02,
0x00, 0x00, 0x00, 0x08, 0x00, 0x00, 0x00, 0x00, 0x00, 0x00, 0x00, 0x00, 0x00, 0x00, 0x00, 0x5C,
0x00, 0x00, 0x00, 0x09, 0x00, 0x00, 0x00, 0x03, 0x00, 0x00, 0x00, 0x02, 0x00, 0x00, 0x00, 0x08,
0x00, 0x00, 0x00, 0x00, 0x00, 0x00, 0x00, 0x00, 0x00, 0x00, 0x00, 0x5D, 0x00, 0x00, 0x00, 0x0A,
0x00, 0x00, 0x00, 0x02, 0x00, 0x00, 0x00, 0x02, 0x00, 0x00, 0x00, 0x08, 0x00, 0x00, 0x00, 0x00,
0x00, 0x00, 0x00, 0x00, 0x00, 0x00, 0x00, 0x5E, 0x00, 0x00, 0x00, 0x05, 0x00, 0x00, 0x00, 0x04,
0x00, 0x00, 0x00, 0x04, 0x00, 0x00, 0x00, 0x07, 0x00, 0x00, 0x00, 0x00, 0x00, 0x00, 0x00, 0x00,
0x00, 0x00, 0x00, 0x5F, 0x00, 0x00, 0x00, 0x02, 0x00, 0x00, 0x00, 0x05, 0x00, 0x00, 0x00, 0x05,
0x00, 0x00, 0x00, 0x00, 0x00, 0x00, 0x00, 0x00, 0x00, 0x00, 0x00, 0x00, 0x00, 0x00, 0x00, 0x60,
0x00, 0x00, 0x00, 0x03, 0x00, 0x00, 0x00, 0x02, 0x00, 0x00, 0x00, 0x00, 0x00, 0x00, 0x00, 0x08,
0x00, 0x00, 0x00, 0x00, 0x00, 0x00, 0x00, 0x00, 0x00, 0x00, 0x00, 0x61, 0x00, 0x00, 0x00, 0x07,
0x00, 0x00, 0x00, 0x05, 0x00, 0x00, 0x00, 0x05, 0x00, 0x00, 0x00, 0x06, 0x00, 0x00, 0x00, 0x00,
0x00, 0x00, 0x00, 0x00, 0x00, 0x00, 0x00, 0x62, 0x00, 0x00, 0x00, 0x09, 0x00, 0x00, 0x00, 0x05,
0x00, 0x00, 0x00, 0x05, 0x00, 0x00, 0x00, 0x08, 0x00, 0x00, 0x00, 0x00, 0x00, 0x00, 0x00, 0x00,
0x00, 0x00, 0x00, 0x63, 0x00, 0x00, 0x00, 0x07, 0x00, 0x00, 0x00, 0x04, 0x00, 0x00, 0x00, 0x04,
0x00, 0x00, 0x00, 0x06, 0x00, 0x00, 0x00, 0x00, 0x00, 0x00, 0x00, 0x00, 0x00, 0x00, 0x00, 0x64,
0x00, 0x00, 0x00, 0x09, 0x00, 0x00, 0x00, 0x04, 0x00, 0x00, 0x00, 0x05, 0x00, 0x00, 0x00, 0x08,
0x00, 0x00, 0x00, 0x00, 0x00, 0x00, 0x00, 0x00, 0x00, 0x00, 0x00, 0x65, 0x00, 0x00, 0x00, 0x07,
0x00, 0x00, 0x00, 0x05, 0x00, 0x00, 0x00, 0x05, 0x00, 0x00, 0x00, 0x06, 0x00, 0x00, 0x00, 0x00,
0x00, 0x00, 0x00, 0x00, 0x00, 0x00, 0x00, 0x66, 0x00, 0x00, 0x00, 0x08, 0x00, 0x00, 0x00, 0x03,
0x00, 0x00, 0x00, 0x02, 0x00, 0x00, 0x00, 0x08, 0x00, 0x00, 0x00, 0x00, 0x00, 0x00, 0x00, 0x00,
0x00, 0x00, 0x00, 0x67, 0x00, 0x00, 0x00, 0x09, 0x00, 0x00, 0x00, 0x05, 0x00, 0x00, 0x00, 0x05,
0x00, 0x00, 0x00, 0x07, 0x00, 0x00, 0x00, 0x00, 0x00, 0x00, 0x00, 0x00, 0x00, 0x00, 0x00, 0x68,
0x00, 0x00, 0x00, 0x08, 0x00, 0x00, 0x00, 0x04, 0x00, 0x00, 0x00, 0x05, 0x00, 0x00, 0x00, 0x08,
0x00, 0x00, 0x00, 0x00, 0x00, 0x00, 0x00, 0x00, 0x00, 0x00, 0x00, 0x69, 0x00, 0x00, 0x00, 0x08,
0x00, 0x00, 0x00, 0x02, 0x00, 0x00, 0x00, 0x02, 0x00, 0x00, 0x00, 0x08, 0x00, 0x00, 0x00, 0x00,
0x00, 0x00, 0x00, 0x00, 0x00, 0x00, 0x00, 0x6A, 0x00, 0x00, 0x00, 0x0A, 0x00, 0x00, 0x00, 0x03,
0x00, 0x00, 0x00, 0x02, 0x00, 0x00, 0x00, 0x08, 0xFF, 0xFF, 0xFF, 0xFF, 0x00, 0x00, 0x00, 0x00,
0x00, 0x00, 0x00, 0x6B, 0x00, 0x00, 0x00, 0x08, 0x00, 0x00, 0x00, 0x05, 0x00, 0x00, 0x00, 0x04,
0x00, 0x00, 0x00, 0x08, 0x00, 0x00, 0x00, 0x00, 0x00, 0x00, 0x00, 0x00, 0x00, 0x00, 0x00, 0x6C,
0x00, 0x00, 0x00, 0x08, 0x00, 0x00, 0x00, 0x02, 0x00, 0x00, 0x00, 0x02, 0x00, 0x00, 0x00, 0x08,
0x00, 0x00, 0x00, 0x00, 0x00, 0x00, 0x00, 0x00, 0x00, 0x00, 0x00, 0x6D, 0x00, 0x00, 0x00, 0x06,
0x00, 0x00, 0x00, 0x07, 0x00, 0x00, 0x00, 0x07, 0x00, 0x00, 0x00, 0x06, 0x00, 0x00, 0x00, 0x00,
0x00, 0x00, 0x00, 0x00, 0x00, 0x00, 0x00, 0x6E, 0x00, 0x00, 0x00, 0x06, 0x00, 0x00, 0x00, 0x04,
0x00, 0x00, 0x00, 0x05, 0x00, 0x00, 0x00, 0x06, 0x00, 0x00, 0x00, 0x00, 0x00, 0x00, 0x00, 0x00,
0x00, 0x00, 0x00, 0x6F, 0x00, 0x00, 0x00, 0x07, 0x00, 0x00, 0x00, 0x05, 0x00, 0x00, 0x00, 0x05,
0x00, 0x00, 0x00, 0x06, 0x00, 0x00, 0x00, 0x00, 0x00, 0x00, 0x00, 0x00, 0x00, 0x00, 0x00, 0x70,
0x00, 0x00, 0x00, 0x08, 0x00, 0x00, 0x00, 0x05, 0x00, 0x00, 0x00, 0x05, 0x00, 0x00, 0x00, 0x06,
0x00, 0x00, 0x00, 0x00, 0x00, 0x00, 0x00, 0x00, 0x00, 0x00, 0x00, 0x71, 0x00, 0x00, 0x00, 0x08,
0x00, 0x00, 0x00, 0x04, 0x00, 0x00, 0x00, 0x05, 0x00, 0x00, 0x00, 0x06, 0x00, 0x00, 0x00, 0x00,
0x00, 0x00, 0x00, 0x00, 0x00, 0x00, 0x00, 0x72, 0x00, 0x00, 0x00, 0x06, 0x00, 0x00, 0x00, 0x03,
0x00, 0x00, 0x00, 0x03, 0x00, 0x00, 0x00, 0x06, 0x00, 0x00, 0x00, 0x00, 0x00, 0x00, 0x00, 0x00,
0x00, 0x00, 0x00, 0x73, 0x00, 0x00, 0x00, 0x07, 0x00, 0x00, 0x00, 0x04, 0x00, 0x00, 0x00, 0x04,
0x00, 0x00, 0x00, 0x06, 0x00, 0x00, 0x00, 0x00, 0x00, 0x00, 0x00, 0x00, 0x00, 0x00, 0x00, 0x74,
0x00, 0x00, 0x00, 0x08, 0x00, 0x00, 0x00, 0x03, 0x00, 0x00, 0x00, 0x02, 0x00, 0x00, 0x00, 0x07,
0x00, 0x00, 0x00, 0x00, 0x00, 0x00, 0x00, 0x00, 0x00, 0x00, 0x00, 0x75, 0x00, 0x00, 0x00, 0x07,
0x00, 0x00, 0x00, 0x04, 0x00, 0x00, 0x00, 0x05, 0x00, 0x00, 0x00, 0x06, 0x00, 0x00, 0x00, 0x00,
0x00, 0x00, 0x00, 0x00, 0x00, 0x00, 0x00, 0x76, 0x00, 0x00, 0x00, 0x06, 0x00, 0x00, 0x00, 0x04,
0x00, 0x00, 0x00, 0x04, 0x00, 0x00, 0x00, 0x06, 0x00, 0x00, 0x00, 0x00, 0x00, 0x00, 0x00, 0x00,
0x00, 0x00, 0x00, 0x77, 0x00, 0x00, 0x00, 0x06, 0x00, 0x00, 0x00, 0x06, 0x00, 0x00, 0x00, 0x06,
0x00, 0x00, 0x00, 0x06, 0x00, 0x00, 0x00, 0x00, 0x00, 0x00, 0x00, 0x00, 0x00, 0x00, 0x00, 0x78,
0x00, 0x00, 0x00, 0x06, 0x00, 0x00, 0x00, 0x04, 0x00, 0x00, 0x00, 0x04, 0x00, 0x00, 0x00, 0x06,
0x00, 0x00, 0x00, 0x00, 0x00, 0x00, 0x00, 0x00, 0x00, 0x00, 0x00, 0x79, 0x00, 0x00, 0x00, 0x08,
0x00, 0x00, 0x00, 0x04, 0x00, 0x00, 0x00, 0x04, 0x00, 0x00, 0x00, 0x06, 0x00, 0x00, 0x00, 0x00,
0x00, 0x00, 0x00, 0x00, 0x00, 0x00, 0x00, 0x7A, 0x00, 0x00, 0x00, 0x06, 0x00, 0x00, 0x00, 0x04,
0x00, 0x00, 0x00, 0x04, 0x00, 0x00, 0x00, 0x06, 0x00, 0x00, 0x00, 0x00, 0x00, 0x00, 0x00, 0x00,
0x00, 0x00, 0x00, 0x7B, 0x00, 0x00, 0x00, 0x0A, 0x00, 0x00, 0x00, 0x03, 0x00, 0x00, 0x00, 0x03,
0x00, 0x00, 0x00, 0x08, 0x00, 0x00, 0x00, 0x00, 0x00, 0x00, 0x00, 0x00, 0x00, 0x00, 0x00, 0x7C,
0x00, 0x00, 0x00, 0x0A, 0x00, 0x00, 0x00, 0x02, 0x00, 0x00, 0x00, 0x02, 0x00, 0x00, 0x00, 0x08,
0x00, 0x00, 0x00, 0x00, 0x00, 0x00, 0x00, 0x00, 0x00, 0x00, 0x00, 0x7D, 0x00, 0x00, 0x00, 0x0A,
0x00, 0x00, 0x00, 0x03, 0x00, 0x00, 0x00, 0x03, 0x00, 0x00, 0x00, 0x08, 0x00, 0x00, 0x00, 0x00,
0x00, 0x00, 0x00, 0x00, 0x00, 0x00, 0x00, 0x7E, 0x00, 0x00, 0x00, 0x02, 0x00, 0x00, 0x00, 0x05,
0x00, 0x00, 0x00, 0x05, 0x00, 0x00, 0x00, 0x04, 0x00, 0x00, 0x00, 0x00, 0x00, 0x00, 0x00, 0x00,
0x00, 0x00, 0x00, 0xA0, 0x00, 0x00, 0x00, 0x01, 0x00, 0x00, 0x00, 0x01, 0x00, 0x00, 0x00, 0x02,
0x00, 0x00, 0x00, 0x14, 0xFF, 0xFF, 0xFF, 0xF6, 0x00, 0x00, 0x00, 0x00, 0x00, 0x00, 0x00, 0xA1,
0x00, 0x00, 0x00, 0x08, 0x00, 0x00, 0x00, 0x02, 0x00, 0x00, 0x00, 0x03, 0x00, 0x00, 0x00, 0x06,
0x00, 0x00, 0x00, 0x01, 0x00, 0x00, 0x00, 0x00, 0x00, 0x00, 0x00, 0xA2, 0x00, 0x00, 0x00, 0x09,
0x00, 0x00, 0x00, 0x05, 0x00, 0x00, 0x00, 0x05, 0x00, 0x00, 0x00, 0x08, 0x00, 0x00, 0x00, 0x00,
0x00, 0x00, 0x00, 0x00, 0x00, 0x00, 0x00, 0xA3, 0x00, 0x00, 0x00, 0x07, 0x00, 0x00, 0x00, 0x05,
0x00, 0x00, 0x00, 0x05, 0x00, 0x00, 0x00, 0x07, 0x00, 0x00, 0x00, 0x00, 0x00, 0x00, 0x00, 0x00,
0x00, 0x00, 0x00, 0xA4, 0x00, 0x00, 0x00, 0x06, 0x00, 0x00, 0x00, 0x05, 0x00, 0x00, 0x00, 0x05,
0x00, 0x00, 0x00, 0x06, 0x00, 0x00, 0x00, 0x00, 0x00, 0x00, 0x00, 0x00, 0x00, 0x00, 0x00, 0xA5,
0x00, 0x00, 0x00, 0x07, 0x00, 0x00, 0x00, 0x05, 0x00, 0x00, 0x00, 0x05, 0x00, 0x00, 0x00, 0x07,
0x00, 0x00, 0x00, 0x00, 0x00, 0x00, 0x00, 0x00, 0x00, 0x00, 0x00, 0xA6, 0x00, 0x00, 0x00, 0x0A,
0x00, 0x00, 0x00, 0x02, 0x00, 0x00, 0x00, 0x02, 0x00, 0x00, 0x00, 0x08, 0x00, 0x00, 0x00, 0x00,
0x00, 0x00, 0x00, 0x00, 0x00, 0x00, 0x00, 0xA7, 0x00, 0x00, 0x00, 0x09, 0x00, 0x00, 0x00, 0x05,
0x00, 0x00, 0x00, 0x05, 0x00, 0x00, 0x00, 0x07, 0x00, 0x00, 0x00, 0x00, 0x00, 0x00, 0x00, 0x00,
0x00, 0x00, 0x00, 0xA8, 0x00, 0x00, 0x00, 0x02, 0x00, 0x00, 0x00, 0x03, 0x00, 0x00, 0x00, 0x00,
0x00, 0x00, 0x00, 0x08, 0x00, 0x00, 0x00, 0x00, 0x00, 0x00, 0x00, 0x00, 0x00, 0x00, 0x00, 0xA9,
0x00, 0x00, 0x00, 0x08, 0x00, 0x00, 0x00, 0x06, 0x00, 0x00, 0x00, 0x06, 0x00, 0x00, 0x00, 0x07,
0x00, 0x00, 0x00, 0x00, 0x00, 0x00, 0x00, 0x00, 0x00, 0x00, 0x00, 0xAA, 0x00, 0x00, 0x00, 0x05,
0x00, 0x00, 0x00, 0x03, 0x00, 0x00, 0x00, 0x03, 0x00, 0x00, 0x00, 0x08, 0x00, 0x00, 0x00, 0x00,
0x00, 0x00, 0x00, 0x00, 0x00, 0x00, 0x00, 0xAB, 0x00, 0x00, 0x00, 0x05, 0x00, 0x00, 0x00, 0x05,
0x00, 0x00, 0x00, 0x05, 0x00, 0x00, 0x00, 0x06, 0x00, 0x00, 0x00, 0x00, 0x00, 0x00, 0x00, 0x00,
0x00, 0x00, 0x00, 0xAC, 0x00, 0x00, 0x00, 0x04, 0x00, 0x00, 0x00, 0x05, 0x00, 0x00, 0x00, 0x05,
0x00, 0x00, 0x00, 0x05, 0x00, 0x00, 0x00, 0x00, 0x00, 0x00, 0x00, 0x00, 0x00, 0x00, 0x00, 0xAD,
0x00, 0x00, 0x00, 0x02, 0x00, 0x00, 0x00, 0x03, 0x00, 0x00, 0x00, 0x03, 0x00, 0x00, 0x00, 0x04,
0x00, 0x00, 0x00, 0x00, 0x00, 0x00, 0x00, 0x00, 0x00, 0x00, 0x00, 0xAE, 0x00, 0x00, 0x00, 0x08,
0x00, 0x00, 0x00, 0x06, 0x00, 0x00, 0x00, 0x06, 0x00, 0x00, 0x00, 0x07, 0x00, 0x00, 0x00, 0x00,
0x00, 0x00, 0x00, 0x00, 0x00, 0x00, 0x00, 0xAF, 0x00, 0x00, 0x00, 0x01, 0x00, 0x00, 0x00, 0x04,
0x00, 0x00, 0x00, 0x04, 0x00, 0x00, 0x00, 0x07, 0x00, 0x00, 0x00, 0x00, 0x00, 0x00, 0x00, 0x00,
0x00, 0x00, 0x00, 0xB0, 0x00, 0x00, 0x00, 0x03, 0x00, 0x00, 0x00, 0x04, 0x00, 0x00, 0x00, 0x04,
0x00, 0x00, 0x00, 0x07, 0x00, 0x00, 0x00, 0x00, 0x00, 0x00, 0x00, 0x00, 0x00, 0x00, 0x00, 0xB1,
0x00, 0x00, 0x00, 0x06, 0x00, 0x00, 0x00, 0x05, 0x00, 0x00, 0x00, 0x05, 0x00, 0x00, 0x00, 0x06,
0x00, 0x00, 0x00, 0x00, 0x00, 0x00, 0x00, 0x00, 0x00, 0x00, 0x00, 0xB2, 0x00, 0x00, 0x00, 0x04,
0x00, 0x00, 0x00, 0x03, 0x00, 0x00, 0x00, 0x03, 0x00, 0x00, 0x00, 0x08, 0x00, 0x00, 0x00, 0x00,
0x00, 0x00, 0x00, 0x00, 0x00, 0x00, 0x00, 0xB3, 0x00, 0x00, 0x00, 0x04, 0x00, 0x00, 0x00, 0x03,
0x00, 0x00, 0x00, 0x03, 0x00, 0x00, 0x00, 0x08, 0x00, 0x00, 0x00, 0x00, 0x00, 0x00, 0x00, 0x00,
0x00, 0x00, 0x00, 0xB4, 0x00, 0x00, 0x00, 0x03, 0x00, 0x00, 0x00, 0x02, 0x00, 0x00, 0x00, 0x00,
0x00, 0x00, 0x00, 0x08, 0x00, 0x00, 0x00, 0x00, 0x00, 0x00, 0x00, 0x00, 0x00, 0x00, 0x00, 0xB5,
0x00, 0x00, 0x00, 0x08, 0x00, 0x00, 0x00, 0x04, 0x00, 0x00, 0x00, 0x05, 0x00, 0x00, 0x00, 0x06,
0x00, 0x00, 0x00, 0x00, 0x00, 0x00, 0x00, 0x00, 0x00, 0x00, 0x00, 0xB6, 0x00, 0x00, 0x00, 0x09,
0x00, 0x00, 0x00, 0x05, 0x00, 0x00, 0x00, 0x04, 0x00, 0x00, 0x00, 0x07, 0x00, 0x00, 0x00, 0x00,
0x00, 0x00, 0x00, 0x00, 0x00, 0x00, 0x00, 0xB7, 0x00, 0x00, 0x00, 0x02, 0x00, 0x00, 0x00, 0x02,
0x00, 0x00, 0x00, 0x02, 0x00, 0x00, 0x00, 0x04, 0x00, 0x00, 0x00, 0x00, 0x00, 0x00, 0x00, 0x00,
0x00, 0x00, 0x00, 0xB8, 0x00, 0x00, 0x00, 0x03, 0x00, 0x00, 0x00, 0x02, 0x00, 0x00, 0x00, 0x00,
0x00, 0x00, 0x00, 0x01, 0x00, 0x00, 0x00, 0x00, 0x00, 0x00, 0x00, 0x00, 0x00, 0x00, 0x00, 0xB9,
0x00, 0x00, 0x00, 0x04, 0x00, 0x00, 0x00, 0x03, 0x00, 0x00, 0x00, 0x03, 0x00, 0x00, 0x00, 0x08,
0x00, 0x00, 0x00, 0x00, 0x00, 0x00, 0x00, 0x00, 0x00, 0x00, 0x00, 0xBA, 0x00, 0x00, 0x00, 0x05,
0x00, 0x00, 0x00, 0x03, 0x00, 0x00, 0x00, 0x03, 0x00, 0x00, 0x00, 0x08, 0x00, 0x00, 0x00, 0x00,
0x00, 0x00, 0x00, 0x00, 0x00, 0x00, 0x00, 0xBB, 0x00, 0x00, 0x00, 0x05, 0x00, 0x00, 0x00, 0x04,
0x00, 0x00, 0x00, 0x05, 0x00, 0x00, 0x00, 0x06, 0x00, 0x00, 0x00, 0x00, 0x00, 0x00, 0x00, 0x00,
0x00, 0x00, 0x00, 0xBC, 0x00, 0x00, 0x00, 0x08, 0x00, 0x00, 0x00, 0x07, 0x00, 0x00, 0x00, 0x07,
0x00, 0x00, 0x00, 0x07, 0x00, 0x00, 0x00, 0x00, 0x00, 0x00, 0x00, 0x00, 0x00, 0x00, 0x00, 0xBD,
0x00, 0x00, 0x00, 0x08, 0x00, 0x00, 0x00, 0x07, 0x00, 0x00, 0x00, 0x07, 0x00, 0x00, 0x00, 0x07,
0x00, 0x00, 0x00, 0x00, 0x00, 0x00, 0x00, 0x00, 0x00, 0x00, 0x00, 0xBE, 0x00, 0x00, 0x00, 0x08,
0x00, 0x00, 0x00, 0x07, 0x00, 0x00, 0x00, 0x07, 0x00, 0x00, 0x00, 0x07, 0x00, 0x00, 0x00, 0x00,
0x00, 0x00, 0x00, 0x00, 0x00, 0x00, 0x00, 0xBF, 0x00, 0x00, 0x00, 0x08, 0x00, 0x00, 0x00, 0x05,
0x00, 0x00, 0x00, 0x05, 0x00, 0x00, 0x00, 0x06, 0x00, 0x00, 0x00, 0x00, 0x00, 0x00, 0x00, 0x00,
0x00, 0x00, 0x00, 0xC0, 0x00, 0x00, 0x00, 0x09, 0x00, 0x00, 0x00, 0x06, 0x00, 0x00, 0x00, 0x05,
0x00, 0x00, 0x00, 0x09, 0x00, 0x00, 0x00, 0x00, 0x00, 0x00, 0x00, 0x00, 0x00, 0x00, 0x00, 0xC1,
0x00, 0x00, 0x00, 0x09, 0x00, 0x00, 0x00, 0x06, 0x00, 0x00, 0x00, 0x05, 0x00, 0x00, 0x00, 0x09,
0x00, 0x00, 0x00, 0x00, 0x00, 0x00, 0x00, 0x00, 0x00, 0x00, 0x00, 0xC2, 0x00, 0x00, 0x00, 0x09,
0x00, 0x00, 0x00, 0x06, 0x00, 0x00, 0x00, 0x05, 0x00, 0x00, 0x00, 0x09, 0x00, 0x00, 0x00, 0x00,
0x00, 0x00, 0x00, 0x00, 0x00, 0x00, 0x00, 0xC3, 0x00, 0x00, 0x00, 0x09, 0x00, 0x00, 0x00, 0x06,
0x00, 0x00, 0x00, 0x05, 0x00, 0x00, 0x00, 0x09, 0x00, 0x00, 0x00, 0x00, 0x00, 0x00, 0x00, 0x00,
0x00, 0x00, 0x00, 0xC4, 0x00, 0x00, 0x00, 0x0A, 0x00, 0x00, 0x00, 0x06, 0x00, 0x00, 0x00, 0x05,
0x00, 0x00, 0x00, 0x0A, 0x00, 0x00, 0x00, 0x00, 0x00, 0x00, 0x00, 0x00, 0x00, 0x00, 0x00, 0xC5,
0x00, 0x00, 0x00, 0x0A, 0x00, 0x00, 0x00, 0x06, 0x00, 0x00, 0x00, 0x05, 0x00, 0x00, 0x00, 0x0A,
0x00, 0x00, 0x00, 0x00, 0x00, 0x00, 0x00, 0x00, 0x00, 0x00, 0x00, 0xC6, 0x00, 0x00, 0x00, 0x07,
0x00, 0x00, 0x00, 0x08, 0x00, 0x00, 0x00, 0x08, 0x00, 0x00, 0x00, 0x07, 0x00, 0x00, 0x00, 0x00,
0x00, 0x00, 0x00, 0x00, 0x00, 0x00, 0x00, 0xC7, 0x00, 0x00, 0x00, 0x09, 0x00, 0x00, 0x00, 0x06,
0x00, 0x00, 0x00, 0x06, 0x00, 0x00, 0x00, 0x07, 0x00, 0x00, 0x00, 0x00, 0x00, 0x00, 0x00, 0x00,
0x00, 0x00, 0x00, 0xC8, 0x00, 0x00, 0x00, 0x09, 0x00, 0x00, 0x00, 0x05, 0x00, 0x00, 0x00, 0x05,
0x00, 0x00, 0x00, 0x09, 0x00, 0x00, 0x00, 0x00, 0x00, 0x00, 0x00, 0x00, 0x00, 0x00, 0x00, 0xC9,
0x00, 0x00, 0x00, 0x09, 0x00, 0x00, 0x00, 0x05, 0x00, 0x00, 0x00, 0x05, 0x00, 0x00, 0x00, 0x09,
0x00, 0x00, 0x00, 0x00, 0x00, 0x00, 0x00, 0x00, 0x00, 0x00, 0x00, 0xCA, 0x00, 0x00, 0x00, 0x09,
0x00, 0x00, 0x00, 0x05, 0x00, 0x00, 0x00, 0x05, 0x00, 0x00, 0x00, 0x09, 0x00, 0x00, 0x00, 0x00,
0x00, 0x00, 0x00, 0x00, 0x00, 0x00, 0x00, 0xCB, 0x00, 0x00, 0x00, 0x0A, 0x00, 0x00, 0x00, 0x05,
0x00, 0x00, 0x00, 0x05, 0x00, 0x00, 0x00, 0x0A, 0x00, 0x00, 0x00, 0x00, 0x00, 0x00, 0x00, 0x00,
0x00, 0x00, 0x00, 0xCC, 0x00, 0x00, 0x00, 0x09, 0x00, 0x00, 0x00, 0x02, 0x00, 0x00, 0x00, 0x02,
0x00, 0x00, 0x00, 0x09, 0x00, 0x00, 0x00, 0x00, 0x00, 0x00, 0x00, 0x00, 0x00, 0x00, 0x00, 0xCD,
0x00, 0x00, 0x00, 0x09, 0x00, 0x00, 0x00, 0x02, 0x00, 0x00, 0x00, 0x02, 0x00, 0x00, 0x00, 0x09,
0x00, 0x00, 0x00, 0x00, 0x00, 0x00, 0x00, 0x00, 0x00, 0x00, 0x00, 0xCE, 0x00, 0x00, 0x00, 0x09,
0x00, 0x00, 0x00, 0x03, 0x00, 0x00, 0x00, 0x02, 0x00, 0x00, 0x00, 0x09, 0x00, 0x00, 0x00, 0x00,
0x00, 0x00, 0x00, 0x00, 0x00, 0x00, 0x00, 0xCF, 0x00, 0x00, 0x00, 0x0A, 0x00, 0x00, 0x00, 0x03,
0x00, 0x00, 0x00, 0x02, 0x00, 0x00, 0x00, 0x0A, 0x00, 0x00, 0x00, 0x00, 0x00, 0x00, 0x00, 0x00,
0x00, 0x00, 0x00, 0xD0, 0x00, 0x00, 0x00, 0x07, 0x00, 0x00, 0x00, 0x06, 0x00, 0x00, 0x00, 0x06,
0x00, 0x00, 0x00, 0x07, 0x00, 0x00, 0x00, 0x00, 0x00, 0x00, 0x00, 0x00, 0x00, 0x00, 0x00, 0xD1,
0x00, 0x00, 0x00, 0x09, 0x00, 0x00, 0x00, 0x06, 0x00, 0x00, 0x00, 0x06, 0x00, 0x00, 0x00, 0x09,
0x00, 0x00, 0x00, 0x00, 0x00, 0x00, 0x00, 0x00, 0x00, 0x00, 0x00, 0xD2, 0x00, 0x00, 0x00, 0x0A,
0x00, 0x00, 0x00, 0x06, 0x00, 0x00, 0x00, 0x06, 0x00, 0x00, 0x00, 0x09, 0x00, 0x00, 0x00, 0x00,
0x00, 0x00, 0x00, 0x00, 0x00, 0x00, 0x00, 0xD3, 0x00, 0x00, 0x00, 0x0A, 0x00, 0x00, 0x00, 0x06,
0x00, 0x00, 0x00, 0x06, 0x00, 0x00, 0x00, 0x09, 0x00, 0x00, 0x00, 0x00, 0x00, 0x00, 0x00, 0x00,
0x00, 0x00, 0x00, 0xD4, 0x00, 0x00, 0x00, 0x0A, 0x00, 0x00, 0x00, 0x06, 0x00, 0x00, 0x00, 0x06,
0x00, 0x00, 0x00, 0x09, 0x00, 0x00, 0x00, 0x00, 0x00, 0x00, 0x00, 0x00, 0x00, 0x00, 0x00, 0xD5,
0x00, 0x00, 0x00, 0x0A, 0x00, 0x00, 0x00, 0x06, 0x00, 0x00, 0x00, 0x06, 0x00, 0x00, 0x00, 0x09,
0x00, 0x00, 0x00, 0x00, 0x00, 0x00, 0x00, 0x00, 0x00, 0x00, 0x00, 0xD6, 0x00, 0x00, 0x00, 0x0B,
0x00, 0x00, 0x00, 0x06, 0x00, 0x00, 0x00, 0x06, 0x00, 0x00, 0x00, 0x0A, 0x00, 0x00, 0x00, 0x00,
0x00, 0x00, 0x00, 0x00, 0x00, 0x00, 0x00, 0xD7, 0x00, 0x00, 0x00, 0x05, 0x00, 0x00, 0x00, 0x05,
0x00, 0x00, 0x00, 0x05, 0x00, 0x00, 0x00, 0x05, 0x00, 0x00, 0x00, 0x00, 0x00, 0x00, 0x00, 0x00,
0x00, 0x00, 0x00, 0xD8, 0x00, 0x00, 0x00, 0x09, 0x00, 0x00, 0x00, 0x06, 0x00, 0x00, 0x00, 0x06,
0x00, 0x00, 0x00, 0x08, 0x00, 0x00, 0x00, 0x00, 0x00, 0x00, 0x00, 0x00, 0x00, 0x00, 0x00, 0xD9,
0x00, 0x00, 0x00, 0x0A, 0x00, 0x00, 0x00, 0x06, 0x00, 0x00, 0x00, 0x06, 0x00, 0x00, 0x00, 0x09,
0x00, 0x00, 0x00, 0x00, 0x00, 0x00, 0x00, 0x00, 0x00, 0x00, 0x00, 0xDA, 0x00, 0x00, 0x00, 0x0A,
0x00, 0x00, 0x00, 0x06, 0x00, 0x00, 0x00, 0x06, 0x00, 0x00, 0x00, 0x09, 0x00, 0x00, 0x00, 0x00,
0x00, 0x00, 0x00, 0x00, 0x00, 0x00, 0x00, 0xDB, 0x00, 0x00, 0x00, 0x0A, 0x00, 0x00, 0x00, 0x06,
0x00, 0x00, 0x00, 0x06, 0x00, 0x00, 0x00, 0x09, 0x00, 0x00, 0x00, 0x00, 0x00, 0x00, 0x00, 0x00,
0x00, 0x00, 0x00, 0xDC, 0x00, 0x00, 0x00, 0x0B, 0x00, 0x00, 0x00, 0x06, 0x00, 0x00, 0x00, 0x06,
0x00, 0x00, 0x00, 0x0A, 0x00, 0x00, 0x00, 0x00, 0x00, 0x00, 0x00, 0x00, 0x00, 0x00, 0x00, 0xDD,
0x00, 0x00, 0x00, 0x09, 0x00, 0x00, 0x00, 0x06, 0x00, 0x00, 0x00, 0x05, 0x00, 0x00, 0x00, 0x09,
0x00, 0x00, 0x00, 0x00, 0x00, 0x00, 0x00, 0x00, 0x00, 0x00, 0x00, 0xDE, 0x00, 0x00, 0x00, 0x07,
0x00, 0x00, 0x00, 0x06, 0x00, 0x00, 0x00, 0x05, 0x00, 0x00, 0x00, 0x07, 0x00, 0x00, 0x00, 0x00,
0x00, 0x00, 0x00, 0x00, 0x00, 0x00, 0x00, 0xDF, 0x00, 0x00, 0x00, 0x08, 0x00, 0x00, 0x00, 0x05,
0x00, 0x00, 0x00, 0x05, 0x00, 0x00, 0x00, 0x08, 0x00, 0x00, 0x00, 0x00, 0x00, 0x00, 0x00, 0x00,
0x00, 0x00, 0x00, 0xE0, 0x00, 0x00, 0x00, 0x09, 0x00, 0x00, 0x00, 0x05, 0x00, 0x00, 0x00, 0x05,
0x00, 0x00, 0x00, 0x08, 0x00, 0x00, 0x00, 0x00, 0x00, 0x00, 0x00, 0x00, 0x00, 0x00, 0x00, 0xE1,
0x00, 0x00, 0x00, 0x09, 0x00, 0x00, 0x00, 0x05, 0x00, 0x00, 0x00, 0x05, 0x00, 0x00, 0x00, 0x08,
0x00, 0x00, 0x00, 0x00, 0x00, 0x00, 0x00, 0x00, 0x00, 0x00, 0x00, 0xE2, 0x00, 0x00, 0x00, 0x09,
0x00, 0x00, 0x00, 0x05, 0x00, 0x00, 0x00, 0x05, 0x00, 0x00, 0x00, 0x08, 0x00, 0x00, 0x00, 0x00,
0x00, 0x00, 0x00, 0x00, 0x00, 0x00, 0x00, 0xE3, 0x00, 0x00, 0x00, 0x09, 0x00, 0x00, 0x00, 0x05,
0x00, 0x00, 0x00, 0x05, 0x00, 0x00, 0x00, 0x08, 0x00, 0x00, 0x00, 0x00, 0x00, 0x00, 0x00, 0x00,
0x00, 0x00, 0x00, 0xE4, 0x00, 0x00, 0x00, 0x09, 0x00, 0x00, 0x00, 0x05, 0x00, 0x00, 0x00, 0x05,
0x00, 0x00, 0x00, 0x08, 0x00, 0x00, 0x00, 0x00, 0x00, 0x00, 0x00, 0x00, 0x00, 0x00, 0x00, 0xE5,
0x00, 0x00, 0x00, 0x09, 0x00, 0x00, 0x00, 0x05, 0x00, 0x00, 0x00, 0x05, 0x00, 0x00, 0x00, 0x08,
0x00, 0x00, 0x00, 0x00, 0x00, 0x00, 0x00, 0x00, 0x00, 0x00, 0x00, 0xE6, 0x00, 0x00, 0x00, 0x07,
0x00, 0x00, 0x00, 0x07, 0x00, 0x00, 0x00, 0x07, 0x00, 0x00, 0x00, 0x06, 0x00, 0x00, 0x00, 0x00,
0x00, 0x00, 0x00, 0x00, 0x00, 0x00, 0x00, 0xE7, 0x00, 0x00, 0x00, 0x08, 0x00, 0x00, 0x00, 0x04,
0x00, 0x00, 0x00, 0x04, 0x00, 0x00, 0x00, 0x06, 0x00, 0x00, 0x00, 0x00, 0x00, 0x00, 0x00, 0x00,
0x00, 0x00, 0x00, 0xE8, 0x00, 0x00, 0x00, 0x09, 0x00, 0x00, 0x00, 0x05, 0x00, 0x00, 0x00, 0x05,
0x00, 0x00, 0x00, 0x08, 0x00, 0x00, 0x00, 0x00, 0x00, 0x00, 0x00, 0x00, 0x00, 0x00, 0x00, 0xE9,
0x00, 0x00, 0x00, 0x09, 0x00, 0x00, 0x00, 0x05, 0x00, 0x00, 0x00, 0x05, 0x00, 0x00, 0x00, 0x08,
0x00, 0x00, 0x00, 0x00, 0x00, 0x00, 0x00, 0x00, 0x00, 0x00, 0x00, 0xEA, 0x00, 0x00, 0x00, 0x09,
0x00, 0x00, 0x00, 0x05, 0x00, 0x00, 0x00, 0x05, 0x00, 0x00, 0x00, 0x08, 0x00, 0x00, 0x00, 0x00,
0x00, 0x00, 0x00, 0x00, 0x00, 0x00, 0x00, 0xEB, 0x00, 0x00, 0x00, 0x09, 0x00, 0x00, 0x00, 0x05,
0x00, 0x00, 0x00, 0x05, 0x00, 0x00, 0x00, 0x08, 0x00, 0x00, 0x00, 0x00, 0x00, 0x00, 0x00, 0x00,
0x00, 0x00, 0x00, 0xEC, 0x00, 0x00, 0x00, 0x08, 0x00, 0x00, 0x00, 0x02, 0x00, 0x00, 0x00, 0x02,
0x00, 0x00, 0x00, 0x08, 0x00, 0x00, 0x00, 0x00, 0x00, 0x00, 0x00, 0x00, 0x00, 0x00, 0x00, 0xED,
0x00, 0x00, 0x00, 0x08, 0x00, 0x00, 0x00, 0x03, 0x00, 0x00, 0x00, 0x02, 0x00, 0x00, 0x00, 0x08,
0x00, 0x00, 0x00, 0x00, 0x00, 0x00, 0x00, 0x00, 0x00, 0x00, 0x00, 0xEE, 0x00, 0x00, 0x00, 0x08,
0x00, 0x00, 0x00, 0x03, 0x00, 0x00, 0x00, 0x02, 0x00, 0x00, 0x00, 0x08, 0x00, 0x00, 0x00, 0x00,
0x00, 0x00, 0x00, 0x00, 0x00, 0x00, 0x00, 0xEF, 0x00, 0x00, 0x00, 0x08, 0x00, 0x00, 0x00, 0x03,
0x00, 0x00, 0x00, 0x02, 0x00, 0x00, 0x00, 0x08, 0x00, 0x00, 0x00, 0x00, 0x00, 0x00, 0x00, 0x00,
0x00, 0x00, 0x00, 0xF0, 0x00, 0x00, 0x00, 0x09, 0x00, 0x00, 0x00, 0x05, 0x00, 0x00, 0x00, 0x05,
0x00, 0x00, 0x00, 0x08, 0x00, 0x00, 0x00, 0x00, 0x00, 0x00, 0x00, 0x00, 0x00, 0x00, 0x00, 0xF1,
0x00, 0x00, 0x00, 0x08, 0x00, 0x00, 0x00, 0x04, 0x00, 0x00, 0x00, 0x05, 0x00, 0x00, 0x00, 0x08,
0x00, 0x00, 0x00, 0x00, 0x00, 0x00, 0x00, 0x00, 0x00, 0x00, 0x00, 0xF2, 0x00, 0x00, 0x00, 0x09,
0x00, 0x00, 0x00, 0x05, 0x00, 0x00, 0x00, 0x05, 0x00, 0x00, 0x00, 0x08, 0x00, 0x00, 0x00, 0x00,
0x00, 0x00, 0x00, 0x00, 0x00, 0x00, 0x00, 0xF3, 0x00, 0x00, 0x00, 0x09, 0x00, 0x00, 0x00, 0x05,
0x00, 0x00, 0x00, 0x05, 0x00, 0x00, 0x00, 0x08, 0x00, 0x00, 0x00, 0x00, 0x00, 0x00, 0x00, 0x00,
0x00, 0x00, 0x00, 0xF4, 0x00, 0x00, 0x00, 0x09, 0x00, 0x00, 0x00, 0x05, 0x00, 0x00, 0x00, 0x05,
0x00, 0x00, 0x00, 0x08, 0x00, 0x00, 0x00, 0x00, 0x00, 0x00, 0x00, 0x00, 0x00, 0x00, 0x00, 0xF5,
0x00, 0x00, 0x00, 0x09, 0x00, 0x00, 0x00, 0x05, 0x00, 0x00, 0x00, 0x05, 0x00, 0x00, 0x00, 0x08,
0x00, 0x00, 0x00, 0x00, 0x00, 0x00, 0x00, 0x00, 0x00, 0x00, 0x00, 0xF6, 0x00, 0x00, 0x00, 0x09,
0x00, 0x00, 0x00, 0x05, 0x00, 0x00, 0x00, 0x05, 0x00, 0x00, 0x00, 0x08, 0x00, 0x00, 0x00, 0x00,
0x00, 0x00, 0x00, 0x00, 0x00, 0x00, 0x00, 0xF7, 0x00, 0x00, 0x00, 0x05, 0x00, 0x00, 0x00, 0x06,
0x00, 0x00, 0x00, 0x05, 0x00, 0x00, 0x00, 0x05, 0x00, 0x00, 0x00, 0x00, 0x00, 0x00, 0x00, 0x00,
0x00, 0x00, 0x00, 0xF8, 0x00, 0x00, 0x00, 0x07, 0x00, 0x00, 0x00, 0x05, 0x00, 0x00, 0x00, 0x05,
0x00, 0x00, 0x00, 0x06, 0x00, 0x00, 0x00, 0x00, 0x00, 0x00, 0x00, 0x00, 0x00, 0x00, 0x00, 0xF9,
0x00, 0x00, 0x00, 0x09, 0x00, 0x00, 0x00, 0x04, 0x00, 0x00, 0x00, 0x05, 0x00, 0x00, 0x00, 0x08,
0x00, 0x00, 0x00, 0x00, 0x00, 0x00, 0x00, 0x00, 0x00, 0x00, 0x00, 0xFA, 0x00, 0x00, 0x00, 0x09,
0x00, 0x00, 0x00, 0x04, 0x00, 0x00, 0x00, 0x05, 0x00, 0x00, 0x00, 0x08, 0x00, 0x00, 0x00, 0x00,
0x00, 0x00, 0x00, 0x00, 0x00, 0x00, 0x00, 0xFB, 0x00, 0x00, 0x00, 0x09, 0x00, 0x00, 0x00, 0x04,
0x00, 0x00, 0x00, 0x05, 0x00, 0x00, 0x00, 0x08, 0x00, 0x00, 0x00, 0x00, 0x00, 0x00, 0x00, 0x00,
0x00, 0x00, 0x00, 0xFC, 0x00, 0x00, 0x00, 0x09, 0x00, 0x00, 0x00, 0x04, 0x00, 0x00, 0x00, 0x05,
0x00, 0x00, 0x00, 0x08, 0x00, 0x00, 0x00, 0x00, 0x00, 0x00, 0x00, 0x00, 0x00, 0x00, 0x00, 0xFD,
0x00, 0x00, 0x00, 0x0A, 0x00, 0x00, 0x00, 0x04, 0x00, 0x00, 0x00, 0x04, 0x00, 0x00, 0x00, 0x08,
0x00, 0x00, 0x00, 0x00, 0x00, 0x00, 0x00, 0x00, 0x00, 0x00, 0x00, 0xFE, 0x00, 0x00, 0x00, 0x0A,
0x00, 0x00, 0x00, 0x05, 0x00, 0x00, 0x00, 0x05, 0x00, 0x00, 0x00, 0x08, 0x00, 0x00, 0x00, 0x00,
0x00, 0x00, 0x00, 0x00, 0x00, 0x00, 0x00, 0xFF, 0x00, 0x00, 0x00, 0x0A, 0x00, 0x00, 0x00, 0x04,
0x00, 0x00, 0x00, 0x04, 0x00, 0x00, 0x00, 0x08, 0x00, 0x00, 0x00, 0x00, 0x00, 0x00, 0x00, 0x00,
0x00, 0x00, 0x01, 0x00, 0x00, 0x00, 0x00, 0x09, 0x00, 0x00, 0x00, 0x06, 0x00, 0x00, 0x00, 0x05,
0x00, 0x00, 0x00, 0x09, 0x00, 0x00, 0x00, 0x00, 0x00, 0x00, 0x00, 0x00, 0x00, 0x00, 0x01, 0x01,
0x00, 0x00, 0x00, 0x08, 0x00, 0x00, 0x00, 0x05, 0x00, 0x00, 0x00, 0x05, 0x00, 0x00, 0x00, 0x07,
0x00, 0x00, 0x00, 0x00, 0x00, 0x00, 0x00, 0x00, 0x00, 0x00, 0x01, 0x02, 0x00, 0x00, 0x00, 0x09,
0x00, 0x00, 0x00, 0x06, 0x00, 0x00, 0x00, 0x05, 0x00, 0x00, 0x00, 0x09, 0x00, 0x00, 0x00, 0x00,
0x00, 0x00, 0x00, 0x00, 0x00, 0x00, 0x01, 0x03, 0x00, 0x00, 0x00, 0x08, 0x00, 0x00, 0x00, 0x05,
0x00, 0x00, 0x00, 0x05, 0x00, 0x00, 0x00, 0x07, 0x00, 0x00, 0x00, 0x00, 0x00, 0x00, 0x00, 0x00,
0x00, 0x00, 0x01, 0x04, 0x00, 0x00, 0x00, 0x09, 0x00, 0x00, 0x00, 0x06, 0x00, 0x00, 0x00, 0x05,
0x00, 0x00, 0x00, 0x07, 0x00, 0x00, 0x00, 0x00, 0x00, 0x00, 0x00, 0x00, 0x00, 0x00, 0x01, 0x05,
0x00, 0x00, 0x00, 0x08, 0x00, 0x00, 0x00, 0x05, 0x00, 0x00, 0x00, 0x05, 0x00, 0x00, 0x00, 0x06,
0x00, 0x00, 0x00, 0x00, 0x00, 0x00, 0x00, 0x00, 0x00, 0x00, 0x01, 0x06, 0x00, 0x00, 0x00, 0x0A,
0x00, 0x00, 0x00, 0x06, 0x00, 0x00, 0x00, 0x06, 0x00, 0x00, 0x00, 0x09, 0x00, 0x00, 0x00, 0x00,
0x00, 0x00, 0x00, 0x00, 0x00, 0x00, 0x01, 0x07, 0x00, 0x00, 0x00, 0x09, 0x00, 0x00, 0x00, 0x04,
0x00, 0x00, 0x00, 0x04, 0x00, 0x00, 0x00, 0x08, 0x00, 0x00, 0x00, 0x00, 0x00, 0x00, 0x00, 0x00,
0x00, 0x00, 0x01, 0x08, 0x00, 0x00, 0x00, 0x0A, 0x00, 0x00, 0x00, 0x06, 0x00, 0x00, 0x00, 0x06,
0x00, 0x00, 0x00, 0x09, 0x00, 0x00, 0x00, 0x00, 0x00, 0x00, 0x00, 0x00, 0x00, 0x00, 0x01, 0x09,
0x00, 0x00, 0x00, 0x09, 0x00, 0x00, 0x00, 0x04, 0x00, 0x00, 0x00, 0x04, 0x00, 0x00, 0x00, 0x08,
0x00, 0x00, 0x00, 0x00, 0x00, 0x00, 0x00, 0x00, 0x00, 0x00, 0x01, 0x0A, 0x00, 0x00, 0x00, 0x0B,
0x00, 0x00, 0x00, 0x06, 0x00, 0x00, 0x00, 0x06, 0x00, 0x00, 0x00, 0x0A, 0x00, 0x00, 0x00, 0x00,
0x00, 0x00, 0x00, 0x00, 0x00, 0x00, 0x01, 0x0B, 0x00, 0x00, 0x00, 0x09, 0x00, 0x00, 0x00, 0x04,
0x00, 0x00, 0x00, 0x04, 0x00, 0x00, 0x00, 0x08, 0x00, 0x00, 0x00, 0x00, 0x00, 0x00, 0x00, 0x00,
0x00, 0x00, 0x01, 0x0C, 0x00, 0x00, 0x00, 0x0A, 0x00, 0x00, 0x00, 0x06, 0x00, 0x00, 0x00, 0x06,
0x00, 0x00, 0x00, 0x09, 0x00, 0x00, 0x00, 0x00, 0x00, 0x00, 0x00, 0x00, 0x00, 0x00, 0x01, 0x0D,
0x00, 0x00, 0x00, 0x09, 0x00, 0x00, 0x00, 0x04, 0x00, 0x00, 0x00, 0x04, 0x00, 0x00, 0x00, 0x08,
0x00, 0x00, 0x00, 0x00, 0x00, 0x00, 0x00, 0x00, 0x00, 0x00, 0x01, 0x0E, 0x00, 0x00, 0x00, 0x09,
0x00, 0x00, 0x00, 0x06, 0x00, 0x00, 0x00, 0x06, 0x00, 0x00, 0x00, 0x09, 0x00, 0x00, 0x00, 0x00,
0x00, 0x00, 0x00, 0x00, 0x00, 0x00, 0x01, 0x0F, 0x00, 0x00, 0x00, 0x09, 0x00, 0x00, 0x00, 0x05,
0x00, 0x00, 0x00, 0x05, 0x00, 0x00, 0x00, 0x08, 0x00, 0x00, 0x00, 0x00, 0x00, 0x00, 0x00, 0x00,
0x00, 0x00, 0x01, 0x10, 0x00, 0x00, 0x00, 0x07, 0x00, 0x00, 0x00, 0x06, 0x00, 0x00, 0x00, 0x06,
0x00, 0x00, 0x00, 0x07, 0x00, 0x00, 0x00, 0x00, 0x00, 0x00, 0x00, 0x00, 0x00, 0x00, 0x01, 0x11,
0x00, 0x00, 0x00, 0x09, 0x00, 0x00, 0x00, 0x05, 0x00, 0x00, 0x00, 0x05, 0x00, 0x00, 0x00, 0x08,
0x00, 0x00, 0x00, 0x00, 0x00, 0x00, 0x00, 0x00, 0x00, 0x00, 0x01, 0x12, 0x00, 0x00, 0x00, 0x09,
0x00, 0x00, 0x00, 0x05, 0x00, 0x00, 0x00, 0x05, 0x00, 0x00, 0x00, 0x09, 0x00, 0x00, 0x00, 0x00,
0x00, 0x00, 0x00, 0x00, 0x00, 0x00, 0x01, 0x13, 0x00, 0x00, 0x00, 0x08, 0x00, 0x00, 0x00, 0x05,
0x00, 0x00, 0x00, 0x05, 0x00, 0x00, 0x00, 0x07, 0x00, 0x00, 0x00, 0x00, 0x00, 0x00, 0x00, 0x00,
0x00, 0x00, 0x01, 0x14, 0x00, 0x00, 0x00, 0x09, 0x00, 0x00, 0x00, 0x05, 0x00, 0x00, 0x00, 0x05,
0x00, 0x00, 0x00, 0x09, 0x00, 0x00, 0x00, 0x00, 0x00, 0x00, 0x00, 0x00, 0x00, 0x00, 0x01, 0x15,
0x00, 0x00, 0x00, 0x08, 0x00, 0x00, 0x00, 0x05, 0x00, 0x00, 0x00, 0x05, 0x00, 0x00, 0x00, 0x07,
0x00, 0x00, 0x00, 0x00, 0x00, 0x00, 0x00, 0x00, 0x00, 0x00, 0x01, 0x16, 0x00, 0x00, 0x00, 0x0A,
0x00, 0x00, 0x00, 0x05, 0x00, 0x00, 0x00, 0x05, 0x00, 0x00, 0x00, 0x0A, 0x00, 0x00, 0x00, 0x00,
0x00, 0x00, 0x00, 0x00, 0x00, 0x00, 0x01, 0x17, 0x00, 0x00, 0x00, 0x09, 0x00, 0x00, 0x00, 0x05,
0x00, 0x00, 0x00, 0x05, 0x00, 0x00, 0x00, 0x08, 0x00, 0x00, 0x00, 0x00, 0x00, 0x00, 0x00, 0x00,
0x00, 0x00, 0x01, 0x18, 0x00, 0x00, 0x00, 0x09, 0x00, 0x00, 0x00, 0x06, 0x00, 0x00, 0x00, 0x05,
0x00, 0x00, 0x00, 0x07, 0x00, 0x00, 0x00, 0x00, 0x00, 0x00, 0x00, 0x00, 0x00, 0x00, 0x01, 0x19,
0x00, 0x00, 0x00, 0x08, 0x00, 0x00, 0x00, 0x05, 0x00, 0x00, 0x00, 0x05, 0x00, 0x00, 0x00, 0x06,
0x00, 0x00, 0x00, 0x00, 0x00, 0x00, 0x00, 0x00, 0x00, 0x00, 0x01, 0x1A, 0x00, 0x00, 0x00, 0x09,
0x00, 0x00, 0x00, 0x05, 0x00, 0x00, 0x00, 0x05, 0x00, 0x00, 0x00, 0x09, 0x00, 0x00, 0x00, 0x00,
0x00, 0x00, 0x00, 0x00, 0x00, 0x00, 0x01, 0x1B, 0x00, 0x00, 0x00, 0x09, 0x00, 0x00, 0x00, 0x05,
0x00, 0x00, 0x00, 0x05, 0x00, 0x00, 0x00, 0x08, 0x00, 0x00, 0x00, 0x00, 0x00, 0x00, 0x00, 0x00,
0x00, 0x00, 0x01, 0x1C, 0x00, 0x00, 0x00, 0x0A, 0x00, 0x00, 0x00, 0x06, 0x00, 0x00, 0x00, 0x06,
0x00, 0x00, 0x00, 0x09, 0x00, 0x00, 0x00, 0x00, 0x00, 0x00, 0x00, 0x00, 0x00, 0x00, 0x01, 0x1D,
0x00, 0x00, 0x00, 0x0A, 0x00, 0x00, 0x00, 0x05, 0x00, 0x00, 0x00, 0x05, 0x00, 0x00, 0x00, 0x08,
0x00, 0x00, 0x00, 0x00, 0x00, 0x00, 0x00, 0x00, 0x00, 0x00, 0x01, 0x1E, 0x00, 0x00, 0x00, 0x0A,
0x00, 0x00, 0x00, 0x06, 0x00, 0x00, 0x00, 0x06, 0x00, 0x00, 0x00, 0x09, 0x00, 0x00, 0x00, 0x00,
0x00, 0x00, 0x00, 0x00, 0x00, 0x00, 0x01, 0x1F, 0x00, 0x00, 0x00, 0x09, 0x00, 0x00, 0x00, 0x05,
0x00, 0x00, 0x00, 0x05, 0x00, 0x00, 0x00, 0x07, 0x00, 0x00, 0x00, 0x00, 0x00, 0x00, 0x00, 0x00,
0x00, 0x00, 0x01, 0x20, 0x00, 0x00, 0x00, 0x0B, 0x00, 0x00, 0x00, 0x06, 0x00, 0x00, 0x00, 0x06,
0x00, 0x00, 0x00, 0x0A, 0x00, 0x00, 0x00, 0x00, 0x00, 0x00, 0x00, 0x00, 0x00, 0x00, 0x01, 0x21,
0x00, 0x00, 0x00, 0x0A, 0x00, 0x00, 0x00, 0x05, 0x00, 0x00, 0x00, 0x05, 0x00, 0x00, 0x00, 0x08,
0x00, 0x00, 0x00, 0x00, 0x00, 0x00, 0x00, 0x00, 0x00, 0x00, 0x01, 0x22, 0x00, 0x00, 0x00, 0x0A,
0x00, 0x00, 0x00, 0x06, 0x00, 0x00, 0x00, 0x06, 0x00, 0x00, 0x00, 0x07, 0x00, 0x00, 0x00, 0x00,
0x00, 0x00, 0x00, 0x00, 0x00, 0x00, 0x01, 0x23, 0x00, 0x00, 0x00, 0x0A, 0x00, 0x00, 0x00, 0x05,
0x00, 0x00, 0x00, 0x05, 0x00, 0x00, 0x00, 0x08, 0x00, 0x00, 0x00, 0x00, 0x00, 0x00, 0x00, 0x00,
0x00, 0x00, 0x01, 0x24, 0x00, 0x00, 0x00, 0x09, 0x00, 0x00, 0x00, 0x06, 0x00, 0x00, 0x00, 0x06,
0x00, 0x00, 0x00, 0x09, 0x00, 0x00, 0x00, 0x00, 0x00, 0x00, 0x00, 0x00, 0x00, 0x00, 0x01, 0x25,
0x00, 0x00, 0x00, 0x09, 0x00, 0x00, 0x00, 0x04, 0x00, 0x00, 0x00, 0x05, 0x00, 0x00, 0x00, 0x09,
0x00, 0x00, 0x00, 0x00, 0x00, 0x00, 0x00, 0x00, 0x00, 0x00, 0x01, 0x26, 0x00, 0x00, 0x00, 0x07,
0x00, 0x00, 0x00, 0x06, 0x00, 0x00, 0x00, 0x06, 0x00, 0x00, 0x00, 0x07, 0x00, 0x00, 0x00, 0x00,
0x00, 0x00, 0x00, 0x00, 0x00, 0x00, 0x01, 0x27, 0x00, 0x00, 0x00, 0x08, 0x00, 0x00, 0x00, 0x04,
0x00, 0x00, 0x00, 0x05, 0x00, 0x00, 0x00, 0x08, 0x00, 0x00, 0x00, 0x00, 0x00, 0x00, 0x00, 0x00,
0x00, 0x00, 0x01, 0x28, 0x00, 0x00, 0x00, 0x09, 0x00, 0x00, 0x00, 0x03, 0x00, 0x00, 0x00, 0x02,
0x00, 0x00, 0x00, 0x09, 0x00, 0x00, 0x00, 0x00, 0x00, 0x00, 0x00, 0x00, 0x00, 0x00, 0x01, 0x29,
0x00, 0x00, 0x00, 0x08, 0x00, 0x00, 0x00, 0x03, 0x00, 0x00, 0x00, 0x02, 0x00, 0x00, 0x00, 0x08,
0x00, 0x00, 0x00, 0x00, 0x00, 0x00, 0x00, 0x00, 0x00, 0x00, 0x01, 0x2A, 0x00, 0x00, 0x00, 0x09,
0x00, 0x00, 0x00, 0x03, 0x00, 0x00, 0x00, 0x02, 0x00, 0x00, 0x00, 0x09, 0x00, 0x00, 0x00, 0x00,
0x00, 0x00, 0x00, 0x00, 0x00, 0x00, 0x01, 0x2B, 0x00, 0x00, 0x00, 0x07, 0x00, 0x00, 0x00, 0x04,
0x00, 0x00, 0x00, 0x02, 0x00, 0x00, 0x00, 0x07, 0xFF, 0xFF, 0xFF, 0xFF, 0x00, 0x00, 0x00, 0x00,
0x00, 0x00, 0x01, 0x2C, 0x00, 0x00, 0x00, 0x09, 0x00, 0x00, 0x00, 0x03, 0x00, 0x00, 0x00, 0x02,
0x00, 0x00, 0x00, 0x09, 0x00, 0x00, 0x00, 0x00, 0x00, 0x00, 0x00, 0x00, 0x00, 0x00, 0x01, 0x2D,
0x00, 0x00, 0x00, 0x07, 0x00, 0x00, 0x00, 0x03, 0x00, 0x00, 0x00, 0x02, 0x00, 0x00, 0x00, 0x07,
0x00, 0x00, 0x00, 0x00, 0x00, 0x00, 0x00, 0x00, 0x00, 0x00, 0x01, 0x2E, 0x00, 0x00, 0x00, 0x09,
0x00, 0x00, 0x00, 0x02, 0x00, 0x00, 0x00, 0x02, 0x00, 0x00, 0x00, 0x07, 0x00, 0x00, 0x00, 0x00,
0x00, 0x00, 0x00, 0x00, 0x00, 0x00, 0x01, 0x2F, 0x00, 0x00, 0x00, 0x0A, 0x00, 0x00, 0x00, 0x02,
0x00, 0x00, 0x00, 0x02, 0x00, 0x00, 0x00, 0x08, 0x00, 0x00, 0x00, 0x00, 0x00, 0x00, 0x00, 0x00,
0x00, 0x00, 0x01, 0x30, 0x00, 0x00, 0x00, 0x0A, 0x00, 0x00, 0x00, 0x02, 0x00, 0x00, 0x00, 0x02,
0x00, 0x00, 0x00, 0x0A, 0x00, 0x00, 0x00, 0x00, 0x00, 0x00, 0x00, 0x00, 0x00, 0x00, 0x01, 0x31,
0x00, 0x00, 0x00, 0x06, 0x00, 0x00, 0x00, 0x02, 0x00, 0x00, 0x00, 0x02, 0x00, 0x00, 0x00, 0x06,
0x00, 0x00, 0x00, 0x00, 0x00, 0x00, 0x00, 0x00, 0x00, 0x00, 0x01, 0x32, 0x00, 0x00, 0x00, 0x08,
0x00, 0x00, 0x00, 0x06, 0x00, 0x00, 0x00, 0x06, 0x00, 0x00, 0x00, 0x07, 0x00, 0x00, 0x00, 0x00,
0x00, 0x00, 0x00, 0x00, 0x00, 0x00, 0x01, 0x33, 0x00, 0x00, 0x00, 0x0A, 0x00, 0x00, 0x00, 0x04,
0x00, 0x00, 0x00, 0x04, 0x00, 0x00, 0x00, 0x08, 0x00, 0x00, 0x00, 0x00, 0x00, 0x00, 0x00, 0x00,
0x00, 0x00, 0x01, 0x34, 0x00, 0x00, 0x00, 0x0A, 0x00, 0x00, 0x00, 0x05, 0x00, 0x00, 0x00, 0x04,
0x00, 0x00, 0x00, 0x09, 0x00, 0x00, 0x00, 0x00, 0x00, 0x00, 0x00, 0x00, 0x00, 0x00, 0x01, 0x35,
0x00, 0x00, 0x00, 0x0A, 0x00, 0x00, 0x00, 0x04, 0x00, 0x00, 0x00, 0x02, 0x00, 0x00, 0x00, 0x08,
0xFF, 0xFF, 0xFF, 0xFF, 0x00, 0x00, 0x00, 0x00, 0x00, 0x00, 0x01, 0x36, 0x00, 0x00, 0x00, 0x0A,
0x00, 0x00, 0x00, 0x06, 0x00, 0x00, 0x00, 0x05, 0x00, 0x00, 0x00, 0x07, 0x00, 0x00, 0x00, 0x00,
0x00, 0x00, 0x00, 0x00, 0x00, 0x00, 0x01, 0x37, 0x00, 0x00, 0x00, 0x0B, 0x00, 0x00, 0x00, 0x05,
0x00, 0x00, 0x00, 0x04, 0x00, 0x00, 0x00, 0x08, 0x00, 0x00, 0x00, 0x00, 0x00, 0x00, 0x00, 0x00,
0x00, 0x00, 0x01, 0x38, 0x00, 0x00, 0x00, 0x06, 0x00, 0x00, 0x00, 0x05, 0x00, 0x00, 0x00, 0x04,
0x00, 0x00, 0x00, 0x06, 0x00, 0x00, 0x00, 0x00, 0x00, 0x00, 0x00, 0x00, 0x00, 0x00, 0x01, 0x39,
0x00, 0x00, 0x00, 0x09, 0x00, 0x00, 0x00, 0x05, 0x00, 0x00, 0x00, 0x05, 0x00, 0x00, 0x00, 0x09,
0x00, 0x00, 0x00, 0x00, 0x00, 0x00, 0x00, 0x00, 0x00, 0x00, 0x01, 0x3A, 0x00, 0x00, 0x00, 0x09,
0x00, 0x00, 0x00, 0x02, 0x00, 0x00, 0x00, 0x02, 0x00, 0x00, 0x00, 0x09, 0x00, 0x00, 0x00, 0x00,
0x00, 0x00, 0x00, 0x00, 0x00, 0x00, 0x01, 0x3B, 0x00, 0x00, 0x00, 0x0A, 0x00, 0x00, 0x00, 0x05,
0x00, 0x00, 0x00, 0x05, 0x00, 0x00, 0x00, 0x07, 0x00, 0x00, 0x00, 0x00, 0x00, 0x00, 0x00, 0x00,
0x00, 0x00, 0x01, 0x3C, 0x00, 0x00, 0x00, 0x0B, 0x00, 0x00, 0x00, 0x02, 0x00, 0x00, 0x00, 0x02,
0x00, 0x00, 0x00, 0x08, 0x00, 0x00, 0x00, 0x00, 0x00, 0x00, 0x00, 0x00, 0x00, 0x00, 0x01, 0x3D,
0x00, 0x00, 0x00, 0x08, 0x00, 0x00, 0x00, 0x05, 0x00, 0x00, 0x00, 0x05, 0x00, 0x00, 0x00, 0x08,
0x00, 0x00, 0x00, 0x00, 0x00, 0x00, 0x00, 0x00, 0x00, 0x00, 0x01, 0x3E, 0x00, 0x00, 0x00, 0x08,
0x00, 0x00, 0x00, 0x03, 0x00, 0x00, 0x00, 0x02, 0x00, 0x00, 0x00, 0x08, 0x00, 0x00, 0x00, 0x00,
0x00, 0x00, 0x00, 0x00, 0x00, 0x00, 0x01, 0x3F, 0x00, 0x00, 0x00, 0x07, 0x00, 0x00, 0x00, 0x05,
0x00, 0x00, 0x00, 0x05, 0x00, 0x00, 0x00, 0x07, 0x00, 0x00, 0x00, 0x00, 0x00, 0x00, 0x00, 0x00,
0x00, 0x00, 0x01, 0x40, 0x00, 0x00, 0x00, 0x08, 0x00, 0x00, 0x00, 0x03, 0x00, 0x00, 0x00, 0x02,
0x00, 0x00, 0x00, 0x08, 0x00, 0x00, 0x00, 0x00, 0x00, 0x00, 0x00, 0x00, 0x00, 0x00, 0x01, 0x41,
0x00, 0x00, 0x00, 0x07, 0x00, 0x00, 0x00, 0x05, 0x00, 0x00, 0x00, 0x05, 0x00, 0x00, 0x00, 0x07,
0x00, 0x00, 0x00, 0x00, 0x00, 0x00, 0x00, 0x00, 0x00, 0x00, 0x01, 0x42, 0x00, 0x00, 0x00, 0x08,
0x00, 0x00, 0x00, 0x04, 0x00, 0x00, 0x00, 0x02, 0x00, 0x00, 0x00, 0x08, 0xFF, 0xFF, 0xFF, 0xFF,
0x00, 0x00, 0x00, 0x00, 0x00, 0x00, 0x01, 0x43, 0x00, 0x00, 0x00, 0x09, 0x00, 0x00, 0x00, 0x06,
0x00, 0x00, 0x00, 0x06, 0x00, 0x00, 0x00, 0x09, 0x00, 0x00, 0x00, 0x00, 0x00, 0x00, 0x00, 0x00,
0x00, 0x00, 0x01, 0x44, 0x00, 0x00, 0x00, 0x08, 0x00, 0x00, 0x00, 0x04, 0x00, 0x00, 0x00, 0x05,
0x00, 0x00, 0x00, 0x08, 0x00, 0x00, 0x00, 0x00, 0x00, 0x00, 0x00, 0x00, 0x00, 0x00, 0x01, 0x45,
0x00, 0x00, 0x00, 0x0A, 0x00, 0x00, 0x00, 0x06, 0x00, 0x00, 0x00, 0x06, 0x00, 0x00, 0x00, 0x07,
0x00, 0x00, 0x00, 0x00, 0x00, 0x00, 0x00, 0x00, 0x00, 0x00, 0x01, 0x46, 0x00, 0x00, 0x00, 0x09,
0x00, 0x00, 0x00, 0x04, 0x00, 0x00, 0x00, 0x05, 0x00, 0x00, 0x00, 0x06, 0x00, 0x00, 0x00, 0x00,
0x00, 0x00, 0x00, 0x00, 0x00, 0x00, 0x01, 0x47, 0x00, 0x00, 0x00, 0x09, 0x00, 0x00, 0x00, 0x06,
0x00, 0x00, 0x00, 0x06, 0x00, 0x00, 0x00, 0x09, 0x00, 0x00, 0x00, 0x00, 0x00, 0x00, 0x00, 0x00,
0x00, 0x00, 0x01, 0x48, 0x00, 0x00, 0x00, 0x08, 0x00, 0x00, 0x00, 0x04, 0x00, 0x00, 0x00, 0x05,
0x00, 0x00, 0x00, 0x08, 0x00, 0x00, 0x00, 0x00, 0x00, 0x00, 0x00, 0x00, 0x00, 0x00, 0x01, 0x49,
0x00, 0x00, 0x00, 0x08, 0x00, 0x00, 0x00, 0x04, 0x00, 0x00, 0x00, 0x05, 0x00, 0x00, 0x00, 0x08,
0x00, 0x00, 0x00, 0x00, 0x00, 0x00, 0x00, 0x00, 0x00, 0x00, 0x01, 0x4A, 0x00, 0x00, 0x00, 0x09,
0x00, 0x00, 0x00, 0x06, 0x00, 0x00, 0x00, 0x06, 0x00, 0x00, 0x00, 0x07, 0x00, 0x00, 0x00, 0x00,
0x00, 0x00, 0x00, 0x00, 0x00, 0x00, 0x01, 0x4B, 0x00, 0x00, 0x00, 0x08, 0x00, 0x00, 0x00, 0x04,
0x00, 0x00, 0x00, 0x05, 0x00, 0x00, 0x00, 0x06, 0x00, 0x00, 0x00, 0x00, 0x00, 0x00, 0x00, 0x00,
0x00, 0x00, 0x01, 0x4C, 0x00, 0x00, 0x00, 0x0A, 0x00, 0x00, 0x00, 0x06, 0x00, 0x00, 0x00, 0x06,
0x00, 0x00, 0x00, 0x09, 0x00, 0x00, 0x00, 0x00, 0x00, 0x00, 0x00, 0x00, 0x00, 0x00, 0x01, 0x4D,
0x00, 0x00, 0x00, 0x08, 0x00, 0x00, 0x00, 0x05, 0x00, 0x00, 0x00, 0x05, 0x00, 0x00, 0x00, 0x07,
0x00, 0x00, 0x00, 0x00, 0x00, 0x00, 0x00, 0x00, 0x00, 0x00, 0x01, 0x4E, 0x00, 0x00, 0x00, 0x0A,
0x00, 0x00, 0x00, 0x06, 0x00, 0x00, 0x00, 0x06, 0x00, 0x00, 0x00, 0x09, 0x00, 0x00, 0x00, 0x00,
0x00, 0x00, 0x00, 0x00, 0x00, 0x00, 0x01, 0x4F, 0x00, 0x00, 0x00, 0x08, 0x00, 0x00, 0x00, 0x05,
0x00, 0x00, 0x00, 0x05, 0x00, 0x00, 0x00, 0x07, 0x00, 0x00, 0x00, 0x00, 0x00, 0x00, 0x00, 0x00,
0x00, 0x00, 0x01, 0x50, 0x00, 0x00, 0x00, 0x0A, 0x00, 0x00, 0x00, 0x06, 0x00, 0x00, 0x00, 0x06,
0x00, 0x00, 0x00, 0x09, 0x00, 0x00, 0x00, 0x00, 0x00, 0x00, 0x00, 0x00, 0x00, 0x00, 0x01, 0x51,
0x00, 0x00, 0x00, 0x09, 0x00, 0x00, 0x00, 0x05, 0x00, 0x00, 0x00, 0x05, 0x00, 0x00, 0x00, 0x08,
0x00, 0x00, 0x00, 0x00, 0x00, 0x00, 0x00, 0x00, 0x00, 0x00, 0x01, 0x52, 0x00, 0x00, 0x00, 0x08,
0x00, 0x00, 0x00, 0x08, 0x00, 0x00, 0x00, 0x08, 0x00, 0x00, 0x00, 0x07, 0x00, 0x00, 0x00, 0x00,
0x00, 0x00, 0x00, 0x00, 0x00, 0x00, 0x01, 0x53, 0x00, 0x00, 0x00, 0x07, 0x00, 0x00, 0x00, 0x08,
0x00, 0x00, 0x00, 0x08, 0x00, 0x00, 0x00, 0x06, 0x00, 0x00, 0x00, 0x00, 0x00, 0x00, 0x00, 0x00,
0x00, 0x00, 0x01, 0x54, 0x00, 0x00, 0x00, 0x09, 0x00, 0x00, 0x00, 0x06, 0x00, 0x00, 0x00, 0x06,
0x00, 0x00, 0x00, 0x09, 0x00, 0x00, 0x00, 0x00, 0x00, 0x00, 0x00, 0x00, 0x00, 0x00, 0x01, 0x55,
0x00, 0x00, 0x00, 0x08, 0x00, 0x00, 0x00, 0x03, 0x00, 0x00, 0x00, 0x03, 0x00, 0x00, 0x00, 0x08,
0x00, 0x00, 0x00, 0x00, 0x00, 0x00, 0x00, 0x00, 0x00, 0x00, 0x01, 0x56, 0x00, 0x00, 0x00, 0x0A,
0x00, 0x00, 0x00, 0x06, 0x00, 0x00, 0x00, 0x06, 0x00, 0x00, 0x00, 0x07, 0x00, 0x00, 0x00, 0x00,
0x00, 0x00, 0x00, 0x00, 0x00, 0x00, 0x01, 0x57, 0x00, 0x00, 0x00, 0x09, 0x00, 0x00, 0x00, 0x03,
0x00, 0x00, 0x00, 0x03, 0x00, 0x00, 0x00, 0x06, 0x00, 0x00, 0x00, 0x00, 0x00, 0x00, 0x00, 0x00,
0x00, 0x00, 0x01, 0x58, 0x00, 0x00, 0x00, 0x09, 0x00, 0x00, 0x00, 0x06, 0x00, 0x00, 0x00, 0x06,
0x00, 0x00, 0x00, 0x09, 0x00, 0x00, 0x00, 0x00, 0x00, 0x00, 0x00, 0x00, 0x00, 0x00, 0x01, 0x59,
0x00, 0x00, 0x00, 0x08, 0x00, 0x00, 0x00, 0x03, 0x00, 0x00, 0x00, 0x03, 0x00, 0x00, 0x00, 0x08,
0x00, 0x00, 0x00, 0x00, 0x00, 0x00, 0x00, 0x00, 0x00, 0x00, 0x01, 0x5A, 0x00, 0x00, 0x00, 0x0A,
0x00, 0x00, 0x00, 0x06, 0x00, 0x00, 0x00, 0x05, 0x00, 0x00, 0x00, 0x09, 0x00, 0x00, 0x00, 0x00,
0x00, 0x00, 0x00, 0x00, 0x00, 0x00, 0x01, 0x5B, 0x00, 0x00, 0x00, 0x09, 0x00, 0x00, 0x00, 0x04,
0x00, 0x00, 0x00, 0x04, 0x00, 0x00, 0x00, 0x08, 0x00, 0x00, 0x00, 0x00, 0x00, 0x00, 0x00, 0x00,
0x00, 0x00, 0x01, 0x5C, 0x00, 0x00, 0x00, 0x0A, 0x00, 0x00, 0x00, 0x06, 0x00, 0x00, 0x00, 0x05,
0x00, 0x00, 0x00, 0x09, 0x00, 0x00, 0x00, 0x00, 0x00, 0x00, 0x00, 0x00, 0x00, 0x00, 0x01, 0x5D,
0x00, 0x00, 0x00, 0x09, 0x00, 0x00, 0x00, 0x04, 0x00, 0x00, 0x00, 0x04, 0x00, 0x00, 0x00, 0x08,
0x00, 0x00, 0x00, 0x00, 0x00, 0x00, 0x00, 0x00, 0x00, 0x00, 0x01, 0x5E, 0x00, 0x00, 0x00, 0x09,
0x00, 0x00, 0x00, 0x06, 0x00, 0x00, 0x00, 0x05, 0x00, 0x00, 0x00, 0x07, 0x00, 0x00, 0x00, 0x00,
0x00, 0x00, 0x00, 0x00, 0x00, 0x00, 0x01, 0x5F, 0x00, 0x00, 0x00, 0x08, 0x00, 0x00, 0x00, 0x04,
0x00, 0x00, 0x00, 0x04, 0x00, 0x00, 0x00, 0x06, 0x00, 0x00, 0x00, 0x00, 0x00, 0x00, 0x00, 0x00,
0x00, 0x00, 0x01, 0x60, 0x00, 0x00, 0x00, 0x0A, 0x00, 0x00, 0x00, 0x06, 0x00, 0x00, 0x00, 0x05,
0x00, 0x00, 0x00, 0x09, 0x00, 0x00, 0x00, 0x00, 0x00, 0x00, 0x00, 0x00, 0x00, 0x00, 0x01, 0x61,
0x00, 0x00, 0x00, 0x09, 0x00, 0x00, 0x00, 0x04, 0x00, 0x00, 0x00, 0x04, 0x00, 0x00, 0x00, 0x08,
0x00, 0x00, 0x00, 0x00, 0x00, 0x00, 0x00, 0x00, 0x00, 0x00, 0x01, 0x62, 0x00, 0x00, 0x00, 0x09,
0x00, 0x00, 0x00, 0x05, 0x00, 0x00, 0x00, 0x05, 0x00, 0x00, 0x00, 0x07, 0x00, 0x00, 0x00, 0x00,
0x00, 0x00, 0x00, 0x00, 0x00, 0x00, 0x01, 0x63, 0x00, 0x00, 0x00, 0x09, 0x00, 0x00, 0x00, 0x03,
0x00, 0x00, 0x00, 0x02, 0x00, 0x00, 0x00, 0x07, 0x00, 0x00, 0x00, 0x00, 0x00, 0x00, 0x00, 0x00,
0x00, 0x00, 0x01, 0x64, 0x00, 0x00, 0x00, 0x09, 0x00, 0x00, 0x00, 0x05, 0x00, 0x00, 0x00, 0x05,
0x00, 0x00, 0x00, 0x09, 0x00, 0x00, 0x00, 0x00, 0x00, 0x00, 0x00, 0x00, 0x00, 0x00, 0x01, 0x65,
0x00, 0x00, 0x00, 0x09, 0x00, 0x00, 0x00, 0x03, 0x00, 0x00, 0x00, 0x02, 0x00, 0x00, 0x00, 0x08,
0x00, 0x00, 0x00, 0x00, 0x00, 0x00, 0x00, 0x00, 0x00, 0x00, 0x01, 0x66, 0x00, 0x00, 0x00, 0x07,
0x00, 0x00, 0x00, 0x05, 0x00, 0x00, 0x00, 0x05, 0x00, 0x00, 0x00, 0x07, 0x00, 0x00, 0x00, 0x00,
0x00, 0x00, 0x00, 0x00, 0x00, 0x00, 0x01, 0x67, 0x00, 0x00, 0x00, 0x08, 0x00, 0x00, 0x00, 0x03,
0x00, 0x00, 0x00, 0x02, 0x00, 0x00, 0x00, 0x07, 0x00, 0x00, 0x00, 0x00, 0x00, 0x00, 0x00, 0x00,
0x00, 0x00, 0x01, 0x68, 0x00, 0x00, 0x00, 0x0A, 0x00, 0x00, 0x00, 0x06, 0x00, 0x00, 0x00, 0x06,
0x00, 0x00, 0x00, 0x09, 0x00, 0x00, 0x00, 0x00, 0x00, 0x00, 0x00, 0x00, 0x00, 0x00, 0x01, 0x69,
0x00, 0x00, 0x00, 0x09, 0x00, 0x00, 0x00, 0x04, 0x00, 0x00, 0x00, 0x05, 0x00, 0x00, 0x00, 0x08,
0x00, 0x00, 0x00, 0x00, 0x00, 0x00, 0x00, 0x00, 0x00, 0x00, 0x01, 0x6A, 0x00, 0x00, 0x00, 0x0A,
0x00, 0x00, 0x00, 0x06, 0x00, 0x00, 0x00, 0x06, 0x00, 0x00, 0x00, 0x09, 0x00, 0x00, 0x00, 0x00,
0x00, 0x00, 0x00, 0x00, 0x00, 0x00, 0x01, 0x6B, 0x00, 0x00, 0x00, 0x08, 0x00, 0x00, 0x00, 0x04,
0x00, 0x00, 0x00, 0x05, 0x00, 0x00, 0x00, 0x07, 0x00, 0x00, 0x00, 0x00, 0x00, 0x00, 0x00, 0x00,
0x00, 0x00, 0x01, 0x6C, 0x00, 0x00, 0x00, 0x0A, 0x00, 0x00, 0x00, 0x06, 0x00, 0x00, 0x00, 0x06,
0x00, 0x00, 0x00, 0x09, 0x00, 0x00, 0x00, 0x00, 0x00, 0x00, 0x00, 0x00, 0x00, 0x00, 0x01, 0x6D,
0x00, 0x00, 0x00, 0x08, 0x00, 0x00, 0x00, 0x04, 0x00, 0x00, 0x00, 0x05, 0x00, 0x00, 0x00, 0x07,
0x00, 0x00, 0x00, 0x00, 0x00, 0x00, 0x00, 0x00, 0x00, 0x00, 0x01, 0x6E, 0x00, 0x00, 0x00, 0x0B,
0x00, 0x00, 0x00, 0x06, 0x00, 0x00, 0x00, 0x06, 0x00, 0x00, 0x00, 0x0A, 0x00, 0x00, 0x00, 0x00,
0x00, 0x00, 0x00, 0x00, 0x00, 0x00, 0x01, 0x6F, 0x00, 0x00, 0x00, 0x09, 0x00, 0x00, 0x00, 0x04,
0x00, 0x00, 0x00, 0x05, 0x00, 0x00, 0x00, 0x08, 0x00, 0x00, 0x00, 0x00, 0x00, 0x00, 0x00, 0x00,
0x00, 0x00, 0x01, 0x70, 0x00, 0x00, 0x00, 0x0A, 0x00, 0x00, 0x00, 0x06, 0x00, 0x00, 0x00, 0x06,
0x00, 0x00, 0x00, 0x09, 0x00, 0x00, 0x00, 0x00, 0x00, 0x00, 0x00, 0x00, 0x00, 0x00, 0x01, 0x71,
0x00, 0x00, 0x00, 0x09, 0x00, 0x00, 0x00, 0x04, 0x00, 0x00, 0x00, 0x05, 0x00, 0x00, 0x00, 0x08,
0x00, 0x00, 0x00, 0x00, 0x00, 0x00, 0x00, 0x00, 0x00, 0x00, 0x01, 0x72, 0x00, 0x00, 0x00, 0x09,
0x00, 0x00, 0x00, 0x06, 0x00, 0x00, 0x00, 0x06, 0x00, 0x00, 0x00, 0x07, 0x00, 0x00, 0x00, 0x00,
0x00, 0x00, 0x00, 0x00, 0x00, 0x00, 0x01, 0x73, 0x00, 0x00, 0x00, 0x08, 0x00, 0x00, 0x00, 0x05,
0x00, 0x00, 0x00, 0x05, 0x00, 0x00, 0x00, 0x06, 0x00, 0x00, 0x00, 0x00, 0x00, 0x00, 0x00, 0x00,
0x00, 0x00, 0x01, 0x74, 0x00, 0x00, 0x00, 0x09, 0x00, 0x00, 0x00, 0x08, 0x00, 0x00, 0x00, 0x08,
0x00, 0x00, 0x00, 0x09, 0x00, 0x00, 0x00, 0x00, 0x00, 0x00, 0x00, 0x00, 0x00, 0x00, 0x01, 0x75,
0x00, 0x00, 0x00, 0x08, 0x00, 0x00, 0x00, 0x06, 0x00, 0x00, 0x00, 0x06, 0x00, 0x00, 0x00, 0x08,
0x00, 0x00, 0x00, 0x00, 0x00, 0x00, 0x00, 0x00, 0x00, 0x00, 0x01, 0x76, 0x00, 0x00, 0x00, 0x09,
0x00, 0x00, 0x00, 0x06, 0x00, 0x00, 0x00, 0x05, 0x00, 0x00, 0x00, 0x09, 0x00, 0x00, 0x00, 0x00,
0x00, 0x00, 0x00, 0x00, 0x00, 0x00, 0x01, 0x77, 0x00, 0x00, 0x00, 0x0A, 0x00, 0x00, 0x00, 0x04,
0x00, 0x00, 0x00, 0x04, 0x00, 0x00, 0x00, 0x08, 0x00, 0x00, 0x00, 0x00, 0x00, 0x00, 0x00, 0x00,
0x00, 0x00, 0x01, 0x78, 0x00, 0x00, 0x00, 0x0A, 0x00, 0x00, 0x00, 0x06, 0x00, 0x00, 0x00, 0x05,
0x00, 0x00, 0x00, 0x0A, 0x00, 0x00, 0x00, 0x00, 0x00, 0x00, 0x00, 0x00, 0x00, 0x00, 0x01, 0x79,
0x00, 0x00, 0x00, 0x09, 0x00, 0x00, 0x00, 0x05, 0x00, 0x00, 0x00, 0x05, 0x00, 0x00, 0x00, 0x09,
0x00, 0x00, 0x00, 0x00, 0x00, 0x00, 0x00, 0x00, 0x00, 0x00, 0x01, 0x7A, 0x00, 0x00, 0x00, 0x08,
0x00, 0x00, 0x00, 0x04, 0x00, 0x00, 0x00, 0x04, 0x00, 0x00, 0x00, 0x08, 0x00, 0x00, 0x00, 0x00,
0x00, 0x00, 0x00, 0x00, 0x00, 0x00, 0x01, 0x7B, 0x00, 0x00, 0x00, 0x0A, 0x00, 0x00, 0x00, 0x05,
0x00, 0x00, 0x00, 0x05, 0x00, 0x00, 0x00, 0x0A, 0x00, 0x00, 0x00, 0x00, 0x00, 0x00, 0x00, 0x00,
0x00, 0x00, 0x01, 0x7C, 0x00, 0x00, 0x00, 0x08, 0x00, 0x00, 0x00, 0x04, 0x00, 0x00, 0x00, 0x04,
0x00, 0x00, 0x00, 0x08, 0x00, 0x00, 0x00, 0x00, 0x00, 0x00, 0x00, 0x00, 0x00, 0x00, 0x01, 0x7D,
0x00, 0x00, 0x00, 0x09, 0x00, 0x00, 0x00, 0x05, 0x00, 0x00, 0x00, 0x05, 0x00, 0x00, 0x00, 0x09,
0x00, 0x00, 0x00, 0x00, 0x00, 0x00, 0x00, 0x00, 0x00, 0x00, 0x01, 0x7E, 0x00, 0x00, 0x00, 0x08,
0x00, 0x00, 0x00, 0x04, 0x00, 0x00, 0x00, 0x04, 0x00, 0x00, 0x00, 0x08, 0x00, 0x00, 0x00, 0x00,
0x00, 0x00, 0x00, 0x00, 0x00, 0x00, 0x01, 0x7F, 0x00, 0x00, 0x00, 0x08, 0x00, 0x00, 0x00, 0x03,
0x00, 0x00, 0x00, 0x02, 0x00, 0x00, 0x00, 0x08, 0x00, 0x00, 0x00, 0x00, 0x00, 0x00, 0x00, 0x00,
0x55, 0x9C, 0x57, 0xAA, 0x4B, 0x9D, 0x3E, 0x8F, 0x32, 0x82, 0x14, 0x32, 0x54, 0xAC, 0x8A, 0x6A,
0x71, 0x9D, 0x77, 0x81, 0x74, 0x35, 0x5A, 0x00, 0x3A, 0x82, 0x8A, 0x2E, 0x00, 0x73, 0x51, 0xBF,
0x04, 0x65, 0xEC, 0xCE, 0xEE, 0x56, 0x00, 0xC2, 0x3B, 0x85, 0x00, 0x85, 0xDE, 0xB9, 0xB6, 0x04,
0x78, 0x86, 0xC3, 0x43, 0x02, 0x8F, 0x34, 0xC4, 0x00, 0x00, 0x00, 0x00, 0x1E, 0x00, 0x00, 0x0C,
0x91, 0x02, 0x21, 0xC9, 0xD7, 0xA4, 0x4E, 0x9F, 0x80, 0x61, 0x07, 0x91, 0xE5, 0x5C, 0x33, 0x2A,
0x91, 0xDD, 0x44, 0xC2, 0xBF, 0xC1, 0x00, 0x2C, 0xA1, 0x0C, 0x00, 0x00, 0x3E, 0x00, 0x3B, 0xB0,
0x99, 0x00, 0x02, 0x95, 0x04, 0x87, 0x2B, 0xB5, 0x02, 0x65, 0x50, 0x00, 0x7A, 0x3B, 0xB9, 0x14,
0x9E, 0x00, 0x00, 0x15, 0x8F, 0x56, 0x94, 0x32, 0x71, 0x30, 0x00, 0x00, 0x3A, 0x7A, 0x87, 0x45,
0xB8, 0x00, 0x04, 0xA9, 0x06, 0x9D, 0x14, 0xB4, 0x00, 0x71, 0x42, 0x00, 0x5F, 0x9C, 0xA4, 0x00,
0x00, 0x00, 0x00, 0x00, 0x16, 0x03, 0x00, 0x60, 0xC4, 0xA2, 0x00, 0x00, 0x00, 0xCD, 0x05, 0xC6,
0x05, 0x00, 0x00, 0xB3, 0x74, 0xAB, 0x00, 0x00, 0x14, 0xC7, 0xE5, 0x0E, 0x58, 0x00, 0x80, 0x5B,
0x69, 0x93, 0xC8, 0x00, 0x95, 0x46, 0x00, 0xB7, 0xA1, 0x00, 0x30, 0xCE, 0xA4, 0xB2, 0xD0, 0x1C,
0x00, 0x07, 0x15, 0x00, 0x00, 0x00, 0x90, 0x26, 0xA5, 0x29, 0x7A, 0x09, 0x00, 0x08, 0x2A, 0x00,
0x8E, 0x24, 0x18, 0xB4, 0x00, 0x65, 0x71, 0x00, 0x8E, 0x4B, 0x00, 0x93, 0x46, 0x00, 0x72, 0x65,
0x00, 0x2A, 0xA7, 0x00, 0x00, 0xA9, 0x12, 0x00, 0x1B, 0x3C, 0x32, 0x00, 0x00, 0x66, 0x4E, 0x00,
0x0A, 0xC3, 0x00, 0x00, 0xB6, 0x21, 0x00, 0x8F, 0x4A, 0x00, 0x8A, 0x4F, 0x00, 0xAB, 0x2D, 0x03,
0xCD, 0x02, 0x4E, 0x6E, 0x00, 0x54, 0x03, 0x00, 0x35, 0x8C, 0x3C, 0x6C, 0xFD, 0x9B, 0x2C, 0x83,
0x31, 0x00, 0x01, 0x16, 0x00, 0x00, 0x00, 0x08, 0xCC, 0x00, 0x00, 0x00, 0x08, 0xCC, 0x00, 0x00,
0x7A, 0xD9, 0xF8, 0xD8, 0x4A, 0x00, 0x08, 0xCC, 0x00, 0x00, 0x00, 0x08, 0xCC, 0x00, 0x00, 0x07,
0x0D, 0x5C, 0xA4, 0x1E, 0x6B, 0x13, 0x0C, 0x2C, 0x30, 0x1E, 0xB9, 0xCC, 0x80, 0x07, 0x0D, 0x5C,
0xA4, 0x00, 0x28, 0x16, 0x00, 0x97, 0x1D, 0x00, 0xB4, 0x00, 0x05, 0xAF, 0x00, 0x31, 0x83, 0x00,
0x64, 0x50, 0x00, 0x96, 0x1E, 0x00, 0xB4, 0x00, 0x00, 0x57, 0x00, 0x00, 0x0D, 0xBC, 0xC8, 0x69,
0x00, 0x62, 0x78, 0x04, 0xD5, 0x02, 0x8D, 0x46, 0x00, 0xB9, 0x1D, 0x98, 0x3C, 0x00, 0xB0, 0x28,
0x8F, 0x43, 0x00, 0xB6, 0x1E, 0x6B, 0x6C, 0x01, 0xD2, 0x05, 0x16, 0xCD, 0xB5, 0x87, 0x00, 0x00,
0x06, 0x16, 0x00, 0x00, 0x16, 0x61, 0xB8, 0x00, 0x00, 0x34, 0x64, 0xE1, 0x00, 0x00, 0x00, 0x00,
0xD4, 0x00, 0x00, 0x00, 0x00, 0xD4, 0x00, 0x00, 0x00, 0x00, 0xD4, 0x00, 0x00, 0x00, 0x00, 0xD4,
0x00, 0x00, 0x5E, 0xBC, 0xF5, 0xBC, 0x55, 0x17, 0xC0, 0xCB, 0x8B, 0x00, 0x7A, 0x74, 0x01, 0xD9,
0x0E, 0x45, 0x2A, 0x05, 0xDE, 0x05, 0x00, 0x00, 0x86, 0x7B, 0x00, 0x00, 0x66, 0xAD, 0x02, 0x00,
0x32, 0xC6, 0x07, 0x00, 0x00, 0x90, 0xEA, 0xD8, 0xD8, 0x1B, 0x17, 0xBD, 0xC7, 0x79, 0x00, 0x78,
0x65, 0x02, 0xDA, 0x05, 0x0B, 0x06, 0x08, 0xD1, 0x02, 0x00, 0x45, 0xD7, 0x7D, 0x00, 0x03, 0x01,
0x04, 0xCC, 0x11, 0x9B, 0x40, 0x00, 0xC1, 0x1D, 0x35, 0xCC, 0xB0, 0xA7, 0x00, 0x00, 0x08, 0x16,
0x00, 0x00, 0x00, 0x28, 0xAE, 0x00, 0x00, 0x00, 0x79, 0x63, 0x81, 0x00, 0x01, 0xCC, 0x2E, 0xAC,
0x00, 0x44, 0x8E, 0x28, 0xAC, 0x00, 0xB8, 0x81, 0x83, 0xCF, 0x29, 0x40, 0x50, 0x6C, 0xC6, 0x1E,
0x00, 0x00, 0x28, 0xAC, 0x00, 0x2F, 0xDA, 0xD8, 0xCA, 0x00, 0x45, 0x80, 0x00, 0x00, 0x00, 0x52,
0x8A, 0x6A, 0x2B, 0x00, 0x5F, 0xC6, 0x59, 0xDD, 0x0D, 0x13, 0x0B, 0x00, 0xA8, 0x38, 0x86, 0x5C,
0x00, 0xBA, 0x27, 0x21, 0xCF, 0xAC, 0xA7, 0x00, 0x00, 0x06, 0x18, 0x00, 0x00, 0x07, 0xB2, 0xCA,
0x68, 0x00, 0x58, 0x77, 0x05, 0xD4, 0x00, 0x87, 0x56, 0x48, 0x42, 0x00, 0x97, 0xC5, 0x7B, 0xC7,
0x01, 0x91, 0x5F, 0x00, 0xBE, 0x1E, 0x6C, 0x6A, 0x00, 0xC7, 0x14, 0x13, 0xC8, 0xB0, 0x99, 0x00,
0x00, 0x04, 0x19, 0x00, 0x00, 0x91, 0xD8, 0xD8, 0xDB, 0x2B, 0x00, 0x00, 0x21, 0xB0, 0x00, 0x00,
0x00, 0xA3, 0x2E, 0x00, 0x00, 0x18, 0xB7, 0x00, 0x00, 0x00, 0x6C, 0x67, 0x00, 0x00, 0x00, 0xA9,
0x32, 0x00, 0x00, 0x00, 0xCA, 0x1D, 0x00, 0x00, 0x0F, 0xBB, 0xC8, 0x6F, 0x00, 0x65, 0x73, 0x02,
0xD6, 0x01, 0x5C, 0x82, 0x08, 0xD4, 0x00, 0x15, 0xEB, 0xD9, 0x93, 0x00, 0x7E, 0x61, 0x03, 0xCD,
0x11, 0x8C, 0x4C, 0x00, 0xC0, 0x1C, 0x2D, 0xCF, 0xAD, 0xAA, 0x00, 0x00, 0x08, 0x1B, 0x00, 0x00,
0x15, 0xBE, 0xC5, 0x64, 0x00, 0x7C, 0x60, 0x03, 0xD2, 0x03, 0x90, 0x47, 0x00, 0xCB, 0x1D, 0x50,
0xB3, 0x5E, 0xF8, 0x27, 0x0C, 0x5B, 0x5C, 0xBA, 0x1B, 0x5B, 0x7B, 0x00, 0xC8, 0x02, 0x10, 0xCB,
0xB3, 0x7D, 0x00, 0x00, 0x06, 0x16, 0x00, 0x00, 0x18, 0x2C, 0x4B, 0x85, 0x00, 0x00, 0x00, 0x00,
0x07, 0x0D, 0x5C, 0xA4, 0x18, 0x2C, 0x4B, 0x85, 0x00, 0x00, 0x00, 0x00, 0x07, 0x0D, 0x5C, 0xA4,
0x1E, 0x6B, 0x13, 0x0C, 0x00, 0x00, 0x00, 0x00, 0x01, 0x00, 0x00, 0x21, 0x9C, 0x52, 0x1D, 0x9A,
0xCA, 0x4D, 0x00, 0x90, 0xB5, 0x07, 0x00, 0x00, 0x14, 0x88, 0xD3, 0x62, 0x04, 0x00, 0x00, 0x14,
0x86, 0x4F, 0x02, 0x04, 0x04, 0x04, 0x01, 0x75, 0xD0, 0xD0, 0xD0, 0x48, 0x00, 0x00, 0x00, 0x00,
0x00, 0x77, 0xD4, 0xD4, 0xD4, 0x49, 0x7D, 0x82, 0x10, 0x00, 0x00, 0x05, 0x67, 0xD3, 0x80, 0x0F,
0x00, 0x00, 0x19, 0xDA, 0x5C, 0x0C, 0x7D, 0xD6, 0x6E, 0x09, 0x74, 0x6E, 0x08, 0x00, 0x00, 0x15,
0xC1, 0xD2, 0x82, 0x00, 0x7A, 0x77, 0x03, 0xE3, 0x0E, 0x3A, 0x24, 0x08, 0xE4, 0x08, 0x00, 0x00,
0xA0, 0x79, 0x00, 0x00, 0x0F, 0xDB, 0x01, 0x00, 0x00, 0x07, 0x3A, 0x00, 0x00, 0x00, 0x28, 0xD8,
0x00, 0x00, 0x00, 0x12, 0x8D, 0x8F, 0x8C, 0x95, 0x56, 0x00, 0x02, 0xA5, 0x1B, 0x0F, 0x2E, 0x03,
0x72, 0x4B, 0x47, 0x57, 0x15, 0xC8, 0x86, 0x9D, 0x02, 0x99, 0x7E, 0x1A, 0x10, 0x30, 0x1F, 0xBF,
0x00, 0x94, 0x8A, 0x0C, 0x21, 0xC4, 0x8D, 0xC2, 0x00, 0x93, 0x76, 0x1F, 0x5A, 0x75, 0x1F, 0xC7,
0x19, 0x84, 0x35, 0x6C, 0x16, 0xAF, 0x8E, 0x97, 0x97, 0x0F, 0x00, 0x8A, 0x58, 0x0F, 0x15, 0x1D,
0x00, 0x00, 0x00, 0x00, 0x44, 0x7F, 0x79, 0x27, 0x00, 0x00, 0x00, 0x04, 0xCF, 0x60, 0x00, 0x00,
0x00, 0x42, 0xB1, 0xBA, 0x00, 0x00, 0x00, 0x96, 0x3E, 0xD5, 0x12, 0x00, 0x01, 0xD2, 0x03, 0x8E,
0x5E, 0x00, 0x38, 0xC9, 0x54, 0x86, 0xAF, 0x00, 0x8A, 0x9C, 0x78, 0x78, 0xE3, 0x0B, 0xD3, 0x0D,
0x00, 0x00, 0x9F, 0x52, 0x4C, 0xD5, 0xCC, 0xCC, 0x5C, 0x00, 0x58, 0x88, 0x00, 0x18, 0xEB, 0x01,
0x58, 0x88, 0x00, 0x1D, 0xD2, 0x00, 0x58, 0xE8, 0xCC, 0xEC, 0x61, 0x00, 0x58, 0x88, 0x00, 0x0C,
0xDA, 0x13, 0x58, 0x88, 0x00, 0x03, 0xD6, 0x24, 0x58, 0xE8, 0xCC, 0xD7, 0x8C, 0x00, 0x00, 0x70,
0xD5, 0xD6, 0x93, 0x02, 0x36, 0xC6, 0x07, 0x02, 0xB0, 0x55, 0x7D, 0x6A, 0x00, 0x00, 0x43, 0x4F,
0x91, 0x59, 0x00, 0x00, 0x00, 0x00, 0x81, 0x66, 0x00, 0x00, 0x2B, 0x3B, 0x43, 0xB5, 0x01, 0x00,
0x92, 0x60, 0x00, 0x93, 0xCD, 0xC1, 0xB8, 0x08, 0x00, 0x00, 0x0E, 0x16, 0x00, 0x00, 0x41, 0xD5,
0xCD, 0xC1, 0x42, 0x00, 0x4C, 0x94, 0x00, 0x24, 0xDC, 0x15, 0x4C, 0x94, 0x00, 0x00, 0x90, 0x59,
0x4C, 0x94, 0x00, 0x00, 0x7D, 0x6D, 0x4C, 0x94, 0x00, 0x00, 0x8F, 0x59, 0x4C, 0x94, 0x00, 0x13,
0xDA, 0x1A, 0x4C, 0xEA, 0xCD, 0xD6, 0x59, 0x00, 0x41, 0xD5, 0xCC, 0xCC, 0xBF, 0x4C, 0x94, 0x00,
0x00, 0x00, 0x4C, 0x94, 0x00, 0x00, 0x00, 0x4C, 0xEA, 0xCC, 0xCC, 0x62, 0x4C, 0x94, 0x00, 0x00,
0x00, 0x4C, 0x94, 0x00, 0x00, 0x00, 0x4C, 0xEA, 0xCC, 0xCC, 0xC9, 0x41, 0xD5, 0xCC, 0xCC, 0x86,
0x4C, 0x94, 0x00, 0x00, 0x00, 0x4C, 0x94, 0x00, 0x00, 0x00, 0x4C, 0xEA, 0xCC, 0xCC, 0x3C, 0x4C,
0x94, 0x00, 0x00, 0x00, 0x4C, 0x94, 0x00, 0x00, 0x00, 0x4C, 0x94, 0x00, 0x00, 0x00, 0x00, 0x5A,
0xD3, 0xD5, 0xB1, 0x11, 0x23, 0xD5, 0x11, 0x00, 0x75, 0x8F, 0x6D, 0x7C, 0x00, 0x00, 0x18, 0x5A,
0x81, 0x69, 0x00, 0x89, 0x90, 0x6A, 0x72, 0x76, 0x00, 0x32, 0x5B, 0xBC, 0x32, 0xC6, 0x04, 0x00,
0x69, 0xBC, 0x00, 0x81, 0xD3, 0xBB, 0xA9, 0xB0, 0x00, 0x00, 0x0C, 0x16, 0x00, 0x00, 0x41, 0x7F,
0x00, 0x00, 0x90, 0x30, 0x4C, 0x94, 0x00, 0x00, 0xA8, 0x38, 0x4C, 0x94, 0x00, 0x00, 0xA8, 0x38,
0x4C, 0xEA, 0xCC, 0xCC, 0xEE, 0x38, 0x4C, 0x94, 0x00, 0x00, 0xA8, 0x38, 0x4C, 0x94, 0x00, 0x00,
0xA8, 0x38, 0x4C, 0x94, 0x00, 0x00, 0xA8, 0x38, 0x41, 0x7F, 0x4C, 0x94, 0x4C, 0x94, 0x4C, 0x94,
0x4C, 0x94, 0x4C, 0x94, 0x4C, 0x94, 0x00, 0x00, 0x60, 0x64, 0x00, 0x00, 0x70, 0x74, 0x00, 0x00,
0x70, 0x74, 0x00, 0x00, 0x70, 0x74, 0x12, 0x00, 0x70, 0x74, 0xDC, 0x0B, 0x78, 0x70, 0x82, 0xCC,
0xD9, 0x27, 0x00, 0x15, 0x09, 0x00, 0x41, 0x7F, 0x00, 0x15, 0xB7, 0x0E, 0x4C, 0x94, 0x02, 0xB5,
0x46, 0x00, 0x4C, 0x94, 0x79, 0x87, 0x00, 0x00, 0x4C, 0xCB, 0xE7, 0x86, 0x00, 0x00, 0x4C, 0xDA,
0x19, 0xD3, 0x18, 0x00, 0x4C, 0x94, 0x00, 0x66, 0x90, 0x00, 0x4C, 0x94, 0x00, 0x06, 0xDA, 0x1E,
0x41, 0x7F, 0x00, 0x00, 0x00, 0x4C, 0x94, 0x00, 0x00, 0x00, 0x4C, 0x94, 0x00, 0x00, 0x00, 0x4C,
0x94, 0x00, 0x00, 0x00, 0x4C, 0x94, 0x00, 0x00, 0x00, 0x4C, 0x94, 0x00, 0x00, 0x00, 0x4C, 0xEA,
0xCC, 0xCC, 0x4D, 0x53, 0xDA, 0x10, 0x00, 0x36, 0xDB, 0x2D, 0x60, 0xE4, 0x52, 0x00, 0x7E, 0xE5,
0x34, 0x60, 0xAE, 0x97, 0x00, 0xB9, 0xB4, 0x34, 0x60, 0x70, 0xD4, 0x0E, 0xB5, 0xAC, 0x34, 0x60,
0x68, 0xBA, 0x6E, 0x72, 0xAC, 0x34, 0x60, 0x68, 0x72, 0xCE, 0x2D, 0xAC, 0x34, 0x60, 0x68, 0x2C,
0xE5, 0x01, 0xAC, 0x34, 0x41, 0x9C, 0x00, 0x00, 0x7C, 0x30, 0x4C, 0xF9, 0x43, 0x00, 0x90, 0x38,
0x4C, 0xA2, 0xD1, 0x05, 0x90, 0x38, 0x4C, 0x7C, 0x92, 0x73, 0x90, 0x38, 0x4C, 0x7C, 0x11, 0xDD,
0xA5, 0x38, 0x4C, 0x7C, 0x00, 0x65, 0xF7, 0x38, 0x4C, 0x7C, 0x00, 0x02, 0xCD, 0x38, 0x00, 0x5A,
0xD3, 0xD6, 0xA1, 0x09, 0x24, 0xD5, 0x11, 0x00, 0x88, 0x81, 0x6D, 0x7C, 0x00, 0x00, 0x1C, 0xCD,
0x81, 0x69, 0x00, 0x00, 0x09, 0xE0, 0x70, 0x78, 0x00, 0x00, 0x17, 0xD1, 0x2F, 0xCA, 0x05, 0x00,
0x6F, 0x90, 0x00, 0x7B, 0xD3, 0xBD, 0xC2, 0x12, 0x00, 0x00, 0x0B, 0x17, 0x00, 0x00, 0x41, 0xD5,
0xCC, 0xCC, 0x67, 0x00, 0x4C, 0x94, 0x00, 0x0D, 0xDD, 0x18, 0x4C, 0x94, 0x00, 0x00, 0xCB, 0x26,
0x4C, 0xD8, 0xA0, 0xB9, 0xAC, 0x00, 0x4C, 0xA7, 0x2C, 0x21, 0x00, 0x00, 0x4C, 0x94, 0x00, 0x00,
0x00, 0x00, 0x4C, 0x94, 0x00, 0x00, 0x00, 0x00, 0x00, 0x5A, 0xD3, 0xD6, 0xA1, 0x09, 0x24, 0xD5,
0x11, 0x00, 0x88, 0x81, 0x6D, 0x7C, 0x00, 0x00, 0x1C, 0xCD, 0x81, 0x69, 0x00, 0x00, 0x09, 0xE0,
0x70, 0x78, 0x00, 0x00, 0x17, 0xD2, 0x2F, 0xCA, 0x05, 0x00, 0x6F, 0x91, 0x00, 0x7B, 0xD3, 0xBD,
0xC8, 0x12, 0x00, 0x00, 0x0B, 0x59, 0xC5, 0x16, 0x00, 0x00, 0x00, 0x00, 0x26, 0x21, 0x41, 0xD5,
0xCC, 0xCE, 0xA0, 0x0B, 0x4C, 0x94, 0x00, 0x01, 0x97, 0x6C, 0x4C, 0x94, 0x00, 0x00, 0x8B, 0x72,
0x4C, 0xEA, 0xCC, 0xD7, 0xBE, 0x0F, 0x4C, 0x94, 0x00, 0x5B, 0x98, 0x00, 0x4C, 0x94, 0x00, 0x07,
0xDF, 0x11, 0x4C, 0x94, 0x00, 0x00, 0x85, 0x75, 0x0D, 0xB0, 0xD4, 0xD3, 0x46, 0x00, 0x66, 0x97,
0x00, 0x2A, 0xD1, 0x00, 0x51, 0xCE, 0x27, 0x01, 0x0E, 0x00, 0x01, 0x6C, 0xD9, 0xCA, 0x40, 0x00,
0x15, 0x0C, 0x00, 0x47, 0xEB, 0x02, 0x8B, 0x6A, 0x00, 0x08, 0xEA, 0x05, 0x22, 0xD3, 0xB9, 0xD6,
0x78, 0x00, 0x00, 0x01, 0x19, 0x0A, 0x00, 0x00, 0xA6, 0xCC, 0xDA, 0xCC, 0xA6, 0x00, 0x00, 0xE0,
0x00, 0x00, 0x00, 0x00, 0xE0, 0x00, 0x00, 0x00, 0x00, 0xE0, 0x00, 0x00, 0x00, 0x00, 0xE0, 0x00,
0x00, 0x00, 0x00, 0xE0, 0x00, 0x00, 0x00, 0x00, 0xE0, 0x00, 0x00, 0x41, 0x7F, 0x00, 0x00, 0x90,
0x30, 0x4C, 0x94, 0x00, 0x00, 0xA8, 0x38, 0x4C, 0x94, 0x00, 0x00, 0xA8, 0x38, 0x4C, 0x94, 0x00,
0x00, 0xA8, 0x38, 0x4C, 0x94, 0x00, 0x00, 0xA8, 0x38, 0x33, 0xBA, 0x00, 0x01, 0xCE, 0x1F, 0x01,
0xA3, 0xC8, 0xCD, 0x90, 0x00, 0x00, 0x00, 0x13, 0x10, 0x00, 0x00, 0xAE, 0x26, 0x00, 0x00, 0x80,
0x38, 0x82, 0x70, 0x00, 0x00, 0xCE, 0x07, 0x34, 0xBB, 0x00, 0x28, 0xAB, 0x00, 0x01, 0xDE, 0x0B,
0x74, 0x5E, 0x00, 0x00, 0x96, 0x4F, 0xBD, 0x13, 0x00, 0x00, 0x4A, 0xA8, 0xBE, 0x00, 0x00, 0x00,
0x07, 0xF3, 0x72, 0x00, 0x00, 0xB2, 0x1B, 0x00, 0xAA, 0x83, 0x00, 0x37, 0x77, 0x98, 0x55, 0x00,
0xC2, 0xC2, 0x00, 0x76, 0x53, 0x5C, 0x8E, 0x19, 0xA1, 0xD8, 0x00, 0xAE, 0x18, 0x21, 0xC5, 0x45,
0x73, 0xBA, 0x1E, 0xC2, 0x00, 0x00, 0xDD, 0x76, 0x46, 0x8C, 0x69, 0xA1, 0x00, 0x00, 0xA8, 0xC9,
0x18, 0x5E, 0xC9, 0x65, 0x00, 0x00, 0x6E, 0xE9, 0x00, 0x2E, 0xFF, 0x2A, 0x00, 0x6F, 0x77, 0x00,
0x0E, 0xB8, 0x09, 0x0D, 0xDA, 0x21, 0x91, 0x5E, 0x00, 0x00, 0x56, 0xCA, 0xBC, 0x01, 0x00, 0x00,
0x03, 0xE9, 0x62, 0x00, 0x00, 0x00, 0x6C, 0xA4, 0xD9, 0x0A, 0x00, 0x18, 0xCE, 0x0A, 0x84, 0x85,
0x00, 0xA6, 0x4A, 0x00, 0x0A, 0xDA, 0x28, 0x97, 0x3E, 0x00, 0x00, 0x95, 0x24, 0x2F, 0xC7, 0x01,
0x32, 0xA2, 0x00, 0x00, 0x9E, 0x5A, 0xB5, 0x20, 0x00, 0x00, 0x1C, 0xE6, 0x8C, 0x00, 0x00, 0x00,
0x00, 0xB5, 0x32, 0x00, 0x00, 0x00, 0x00, 0xB4, 0x30, 0x00, 0x00, 0x00, 0x00, 0xB4, 0x30, 0x00,
0x00, 0x7A, 0xCC, 0xCC, 0xD5, 0x8D, 0x00, 0x00, 0x05, 0xD5, 0x2B, 0x00, 0x00, 0x71, 0x94, 0x00,
0x00, 0x13, 0xDE, 0x13, 0x00, 0x00, 0x96, 0x6D, 0x00, 0x00, 0x2B, 0xD3, 0x05, 0x00, 0x00, 0xB0,
0xE7, 0xCC, 0xCC, 0xA3, 0x2D, 0x58, 0x07, 0x84, 0x79, 0x06, 0x84, 0x40, 0x00, 0x84, 0x40, 0x00,
0x84, 0x40, 0x00, 0x84, 0x40, 0x00, 0x84, 0x40, 0x00, 0x84, 0x40, 0x00, 0x84, 0x49, 0x01, 0x50,
0x9C, 0x0C, 0x3B, 0x00, 0x00, 0xB0, 0x00, 0x00, 0x9E, 0x13, 0x00, 0x6C, 0x47, 0x00, 0x3A, 0x7B,
0x00, 0x0A, 0xAC, 0x00, 0x00, 0xB8, 0x00, 0x00, 0xA2, 0x16, 0x00, 0x3D, 0x1D, 0x46, 0x46, 0x3D,
0xC6, 0x00, 0xC4, 0x00, 0xC4, 0x00, 0xC4, 0x00, 0xC4, 0x00, 0xC4, 0x00, 0xC4, 0x0A, 0xC4, 0x7C,
0x7C, 0x00, 0xA2, 0x88, 0x00, 0x16, 0xBB, 0xCD, 0x05, 0x6A, 0x6E, 0x8E, 0x4C, 0xC1, 0x1F, 0x3E,
0xA6, 0x0E, 0x00, 0x01, 0x0D, 0x4C, 0x4C, 0x4C, 0x4C, 0x2A, 0x3C, 0x3C, 0x3C, 0x3C, 0x21, 0x36,
0x01, 0x6B, 0x61, 0x00, 0x11, 0x00, 0x3B, 0x57, 0x0F, 0x00, 0x4F, 0xB6, 0x75, 0xB0, 0x00, 0x22,
0x1E, 0x1A, 0xD0, 0x00, 0x43, 0xD0, 0xA3, 0xD0, 0x00, 0xA2, 0x40, 0x16, 0xD0, 0x00, 0x69, 0xC7,
0xAD, 0xD3, 0x41, 0x00, 0x14, 0x04, 0x07, 0x03, 0x18, 0x19, 0x00, 0x00, 0x00, 0x68, 0x6C, 0x00,
0x00, 0x00, 0x68, 0x79, 0x57, 0x16, 0x00, 0x68, 0xD3, 0x6C, 0xC5, 0x00, 0x68, 0x7B, 0x00, 0xC2,
0x17, 0x68, 0x6D, 0x00, 0xB5, 0x26, 0x68, 0x88, 0x00, 0xCC, 0x0F, 0x68, 0xBB, 0xAF, 0xA4, 0x00,
0x00, 0x00, 0x16, 0x01, 0x00, 0x00, 0x3A, 0x53, 0x06, 0x49, 0xBA, 0x8C, 0x8A, 0x94, 0x46, 0x12,
0x83, 0xA1, 0x39, 0x00, 0x00, 0x89, 0x53, 0x17, 0xAE, 0x2C, 0xD1, 0xC0, 0x58, 0x00, 0x09, 0x13,
0x00, 0x00, 0x00, 0x00, 0x31, 0x00, 0x00, 0x00, 0xD0, 0x00, 0x3C, 0x3B, 0xD0, 0x3F, 0xBE, 0x80,
0xED, 0x89, 0x52, 0x00, 0xDF, 0x96, 0x45, 0x00, 0xD1, 0x7D, 0x5D, 0x05, 0xE7, 0x25, 0xD3, 0xAD,
0xCC, 0x00, 0x0B, 0x0B, 0x00, 0x00, 0x2A, 0x59, 0x15, 0x00, 0x33, 0xC8, 0x69, 0xCC, 0x00, 0x82,
0x71, 0x20, 0xCD, 0x16, 0x91, 0xB9, 0x9C, 0x9C, 0x14, 0x76, 0x68, 0x00, 0x9A, 0x10, 0x1A, 0xCE,
0xAB, 0xAC, 0x00, 0x00, 0x04, 0x19, 0x00, 0x00, 0x04, 0x46, 0x11, 0x60, 0xA6, 0x1B, 0x93, 0x8B,
0x13, 0xAB, 0xAB, 0x22, 0x74, 0x60, 0x00, 0x74, 0x60, 0x00, 0x74, 0x60, 0x00, 0x74, 0x60, 0x00,
0x00, 0x00, 0x00, 0x0A, 0x0A, 0x00, 0x37, 0x50, 0xAA, 0x32, 0x44, 0xB4, 0x67, 0xB8, 0x00, 0x76,
0x5E, 0x00, 0xD9, 0x00, 0x2B, 0xD2, 0x9F, 0x95, 0x00, 0x8B, 0x6F, 0x1F, 0x00, 0x00, 0x79, 0xDF,
0xC8, 0xCF, 0x2A, 0xD3, 0x09, 0x00, 0x74, 0x6B, 0x69, 0xBB, 0xB4, 0xAA, 0x14, 0x18, 0x19, 0x00,
0x00, 0x68, 0x6C, 0x00, 0x00, 0x68, 0x75, 0x57, 0x21, 0x68, 0xD0, 0x69, 0xD0, 0x68, 0x75, 0x00,
0xD0, 0x68, 0x6C, 0x00, 0xD0, 0x68, 0x6C, 0x00, 0xD0, 0x68, 0x6C, 0x00, 0xD0, 0x00, 0x33, 0x00,
0x9B, 0x12, 0x25, 0x44, 0x8C, 0x44, 0x8C, 0x44, 0x8C, 0x44, 0x8C, 0x44, 0x8C, 0x00, 0x33, 0x00,
0x00, 0x9B, 0x00, 0x00, 0x22, 0x15, 0x00, 0x80, 0x50, 0x00, 0x80, 0x50, 0x00, 0x80, 0x50, 0x00,
0x80, 0x50, 0x00, 0x80, 0x50, 0x00, 0x83, 0x4E, 0x41, 0xB7, 0x16, 0x18, 0x19, 0x00, 0x00, 0x00,
0x68, 0x6C, 0x00, 0x00, 0x00, 0x68, 0x6C, 0x01, 0x3E, 0x00, 0x68, 0x6C, 0x68, 0x7D, 0x00, 0x68,
0x91, 0xBA, 0x03, 0x00, 0x68, 0xE8, 0xC2, 0x01, 0x00, 0x68, 0x71, 0x90, 0x52, 0x00, 0x68, 0x6C,
0x19, 0xCD, 0x03, 0x1E, 0x13, 0x80, 0x50, 0x80, 0x50, 0x80, 0x50, 0x80, 0x50, 0x80, 0x50, 0x80,
0x50, 0x80, 0x50, 0x1C, 0x1C, 0x57, 0x18, 0x3E, 0x3C, 0x00, 0x68, 0xC6, 0x74, 0xE9, 0x79, 0xD3,
0x20, 0x68, 0x75, 0x00, 0xD9, 0x00, 0x98, 0x3C, 0x68, 0x6C, 0x00, 0xD0, 0x00, 0x98, 0x3C, 0x68,
0x6C, 0x00, 0xD0, 0x00, 0x98, 0x3C, 0x68, 0x6C, 0x00, 0xD0, 0x00, 0x98, 0x3C, 0x1C, 0x1B, 0x57,
0x21, 0x68, 0xC9, 0x69, 0xD0, 0x68, 0x75, 0x00, 0xD0, 0x68, 0x6C, 0x00, 0xD0, 0x68, 0x6C, 0x00,
0xD0, 0x68, 0x6C, 0x00, 0xD0, 0x00, 0x30, 0x56, 0x0E, 0x00, 0x37, 0xC3, 0x6F, 0xBF, 0x00, 0x87,
0x53, 0x00, 0xC3, 0x17, 0x95, 0x45, 0x00, 0xB5, 0x25, 0x7B, 0x61, 0x00, 0xCE, 0x0E, 0x1E, 0xCE,
0xB3, 0x95, 0x00, 0x00, 0x06, 0x16, 0x00, 0x00, 0x1C, 0x1E, 0x56, 0x15, 0x00, 0x68, 0xC8, 0x6C,
0xC7, 0x00, 0x68, 0x7B, 0x00, 0xC2, 0x18, 0x68, 0x6D, 0x00, 0xB5, 0x26, 0x68, 0x88, 0x00, 0xCC,
0x0E, 0x68, 0xD5, 0xAF, 0xA1, 0x00, 0x68, 0x6C, 0x18, 0x01, 0x00, 0x4C, 0x4F, 0x00, 0x00, 0x00,
0x00, 0x3B, 0x3D, 0x2C, 0x3F, 0xBE, 0x7E, 0xE4, 0x88, 0x52, 0x00, 0xDF, 0x96, 0x45, 0x00, 0xD1,
0x7C, 0x5D, 0x05, 0xE7, 0x24, 0xD3, 0xAF, 0xE5, 0x00, 0x0B, 0x0B, 0xD0, 0x00, 0x00, 0x00, 0x99,
0x1C, 0x24, 0x3B, 0x68, 0xD2, 0x61, 0x68, 0x76, 0x00, 0x68, 0x6C, 0x00, 0x68, 0x6C, 0x00, 0x68,
0x6C, 0x00, 0x00, 0x44, 0x4D, 0x02, 0x63, 0xA3, 0xA0, 0x73, 0x79, 0x96, 0x1F, 0x26, 0x0A, 0x83,
0xDF, 0x51, 0x6C, 0x26, 0x3A, 0xAC, 0x56, 0xCA, 0xC5, 0x5E, 0x00, 0x0E, 0x0F, 0x00, 0x34, 0x4B,
0x00, 0x7E, 0x90, 0x09, 0x9E, 0xAF, 0x0F, 0x68, 0x68, 0x00, 0x68, 0x68, 0x00, 0x68, 0x68, 0x00,
0x43, 0xCE, 0x13, 0x00, 0x0E, 0x00, 0x1C, 0x1D, 0x00, 0x37, 0x68, 0x6C, 0x00, 0xD0, 0x68, 0x6C,
0x00, 0xD0, 0x68, 0x6C, 0x00, 0xD0, 0x67, 0x70, 0x05, 0xE4, 0x32, 0xD9, 0xB0, 0xCB, 0x00, 0x10,
0x09, 0x00, 0x3B, 0x02, 0x00, 0x38, 0xB0, 0x34, 0x0C, 0xC6, 0x67, 0x76, 0x4B, 0x82, 0x1D, 0xBC,
0x90, 0x39, 0x00, 0xCB, 0xC7, 0x03, 0x00, 0x89, 0xA5, 0x00, 0x3D, 0x00, 0x23, 0x21, 0x00, 0x3A,
0xCB, 0x14, 0x9C, 0x98, 0x1C, 0xB7, 0x8C, 0x4C, 0xA5, 0xB8, 0x53, 0x77, 0x4D, 0x88, 0xA4, 0xBE,
0x8E, 0x37, 0x12, 0xD7, 0x80, 0x9A, 0xCA, 0x04, 0x00, 0xD0, 0x53, 0x6A, 0xB7, 0x00, 0x36, 0x0E,
0x02, 0x3D, 0x72, 0x85, 0x5F, 0x87, 0x06, 0xD0, 0xC9, 0x0C, 0x00, 0x8F, 0xAC, 0x00, 0x1D, 0xBD,
0xBE, 0x34, 0xA5, 0x3B, 0x39, 0xC1, 0x3B, 0x03, 0x00, 0x37, 0xAD, 0x39, 0x08, 0xC7, 0x5E, 0x80,
0x3C, 0x8B, 0x13, 0xC5, 0x7B, 0x46, 0x00, 0xBF, 0xC3, 0x09, 0x00, 0x72, 0xBB, 0x00, 0x00, 0x7B,
0x65, 0x00, 0x66, 0xA1, 0x05, 0x00, 0x27, 0x44, 0x44, 0x30, 0x45, 0x78, 0xC8, 0x7D, 0x00, 0x13,
0xD3, 0x0A, 0x00, 0x91, 0x5E, 0x00, 0x24, 0xC6, 0x02, 0x00, 0xA2, 0xDB, 0xBC, 0x9C, 0x00, 0x1E,
0x2D, 0x01, 0xCB, 0x26, 0x08, 0xBD, 0x00, 0x08, 0xB4, 0x00, 0x5B, 0x8F, 0x00, 0x84, 0x68, 0x00,
0x09, 0xB2, 0x00, 0x08, 0xBB, 0x00, 0x03, 0xCC, 0x05, 0x00, 0x4E, 0x50, 0x14, 0x1B, 0x54, 0x74,
0x54, 0x74, 0x54, 0x74, 0x54, 0x74, 0x54, 0x74, 0x54, 0x74, 0x54, 0x74, 0x54, 0x74, 0x3E, 0x55,
0x3E, 0x0D, 0x00, 0x4A, 0xA6, 0x00, 0x01, 0xC3, 0x00, 0x00, 0xBA, 0x00, 0x00, 0xB8, 0x31, 0x00,
0x9A, 0x53, 0x00, 0xB7, 0x00, 0x00, 0xC2, 0x00, 0x1C, 0xB8, 0x00, 0x71, 0x2A, 0x00, 0x42, 0xB9,
0x67, 0x3B, 0x47, 0x5E, 0x34, 0x81, 0xB3, 0x23, 0x00, 0x40, 0x04, 0xC3, 0x0D, 0x5C, 0x00, 0xBA,
0x00, 0xD4, 0x00, 0xE6, 0x06, 0xF2, 0x12, 0x96, 0x11, 0x00, 0x00, 0x1E, 0x00, 0x00, 0x00, 0x0A,
0x92, 0x02, 0x00, 0x1A, 0xD0, 0xD5, 0xB3, 0x00, 0x6C, 0x71, 0x80, 0xB9, 0x07, 0x82, 0x58, 0x80,
0x00, 0x00, 0x72, 0x69, 0x80, 0x94, 0x05, 0x26, 0xCF, 0xC3, 0xB8, 0x00, 0x00, 0x21, 0xA2, 0x0B,
0x00, 0x00, 0x00, 0x3E, 0x00, 0x00, 0x00, 0x90, 0xC4, 0xA1, 0x00, 0x0D, 0xC7, 0x00, 0xBF, 0x16,
0x18, 0xBC, 0x00, 0x11, 0x03, 0x9C, 0xED, 0xB8, 0x0B, 0x00, 0x18, 0xB7, 0x00, 0x00, 0x00, 0x18,
0xAC, 0x00, 0x00, 0x00, 0x94, 0xEE, 0xCC, 0xCC, 0x1A, 0x77, 0xA8, 0xB6, 0x86, 0x48, 0xAC, 0x2A,
0x00, 0x99, 0x40, 0xB1, 0x00, 0x00, 0x42, 0x6F, 0xAB, 0x18, 0x00, 0x7F, 0x46, 0x95, 0xBB, 0xB5,
0xAB, 0x51, 0x00, 0x00, 0x05, 0x00, 0x00, 0xAC, 0x25, 0x00, 0x6D, 0x48, 0x55, 0x9A, 0x06, 0xC4,
0x04, 0x02, 0xD1, 0x77, 0x6B, 0x00, 0x7B, 0xD2, 0xFC, 0xAD, 0x33, 0x42, 0x72, 0xD1, 0x58, 0x1C,
0x3C, 0x6C, 0xCF, 0x50, 0x19, 0x00, 0x28, 0xB8, 0x00, 0x00, 0x14, 0x1B, 0x54, 0x74, 0x54, 0x74,
0x54, 0x74, 0x2F, 0x41, 0x05, 0x07, 0x54, 0x74, 0x54, 0x74, 0x54, 0x74, 0x3E, 0x55, 0x06, 0xB5,
0xC6, 0x81, 0x00, 0x31, 0xAC, 0x02, 0x95, 0x00, 0x0A, 0xD9, 0x5E, 0x01, 0x00, 0x21, 0xA6, 0xA5,
0xA1, 0x00, 0x45, 0x9F, 0x01, 0xD7, 0x03, 0x07, 0xBC, 0x9C, 0xA4, 0x00, 0x00, 0x01, 0x6B, 0xB9,
0x00, 0x25, 0x97, 0x07, 0xDD, 0x00, 0x02, 0x95, 0xBC, 0x5A, 0x00, 0x35, 0x1E, 0x17, 0xA1, 0x5C,
0x45, 0x00, 0x70, 0x7C, 0x7C, 0x77, 0x01, 0x57, 0x3C, 0x74, 0x78, 0x38, 0x5F, 0x7C, 0x66, 0x3C,
0x3D, 0x5C, 0x78, 0x78, 0x8A, 0x0E, 0x00, 0x00, 0x74, 0x7A, 0x66, 0x39, 0x35, 0x5A, 0x76, 0x64,
0x2C, 0x79, 0x7D, 0x29, 0x6B, 0x04, 0x80, 0x6B, 0x68, 0x85, 0x06, 0x00, 0x00, 0x10, 0x13, 0x00,
0x00, 0x11, 0x50, 0x0F, 0x7A, 0x45, 0x8A, 0x5D, 0x91, 0x94, 0xA6, 0x4E, 0xA5, 0x29, 0x45, 0x41,
0x00, 0x09, 0x28, 0x2A, 0x07, 0x00, 0x95, 0x5D, 0xB0, 0x00, 0x3E, 0xB3, 0xBC, 0x38, 0x00, 0x0C,
0xC7, 0x76, 0x7A, 0x00, 0x00, 0x3A, 0x55, 0x88, 0x06, 0x53, 0x88, 0x88, 0x88, 0x2F, 0x3F, 0x68,
0x68, 0xB2, 0x58, 0x00, 0x00, 0x00, 0x7C, 0x58, 0x00, 0x00, 0x00, 0x04, 0x03, 0x2C, 0x30, 0x1E,
0xB9, 0xCC, 0x80, 0x00, 0x70, 0x7C, 0x7C, 0x77, 0x01, 0x57, 0x54, 0x80, 0x74, 0x3A, 0x5F, 0x7C,
0x3C, 0x5D, 0x4E, 0x5D, 0x78, 0x78, 0x3C, 0xB2, 0xAE, 0x25, 0x74, 0x7A, 0x3C, 0x58, 0x6E, 0x2E,
0x76, 0x64, 0x44, 0x2D, 0x09, 0x65, 0x6B, 0x04, 0x80, 0x6B, 0x68, 0x85, 0x06, 0x00, 0x00, 0x10,
0x13, 0x00, 0x00, 0x1A, 0xB8, 0xB8, 0x42, 0x1D, 0x9F, 0xA0, 0x15, 0x55, 0x3C, 0x4A, 0x48, 0x09,
0x85, 0x84, 0x06, 0x00, 0x00, 0x8A, 0x1F, 0x00, 0x00, 0x00, 0xB0, 0x28, 0x00, 0x30, 0xD8, 0xF4,
0xDF, 0x98, 0x00, 0x00, 0xB0, 0x28, 0x00, 0x00, 0x00, 0x81, 0x1D, 0x00, 0x2E, 0xD4, 0xD4, 0xD4,
0x95, 0x6C, 0xB1, 0x41, 0x4B, 0x5D, 0x54, 0x36, 0x8F, 0x00, 0x69, 0x94, 0x44, 0x74, 0xAD, 0x44,
0x26, 0x92, 0x43, 0x51, 0x4A, 0x6D, 0x56, 0x9C, 0x2A, 0x0D, 0x29, 0x96, 0x36, 0x10, 0x00, 0x1C,
0x1D, 0x00, 0x37, 0x68, 0x6C, 0x00, 0xD0, 0x68, 0x6C, 0x00, 0xD0, 0x68, 0x6C, 0x00, 0xD0, 0x68,
0x6E, 0x05, 0xE4, 0x68, 0xDE, 0xB0, 0xCB, 0x68, 0x7B, 0x09, 0x00, 0x4C, 0x4F, 0x00, 0x00, 0x1B,
0xBA, 0xBD, 0xC6, 0x1D, 0xA4, 0xFF, 0x84, 0xA8, 0x00, 0xC8, 0xFF, 0x84, 0xA8, 0x00, 0x7C, 0xFF,
0x84, 0xA8, 0x00, 0x02, 0x6E, 0x84, 0xA8, 0x00, 0x00, 0x20, 0x84, 0xA8, 0x00, 0x00, 0x20, 0x84,
0xA8, 0x00, 0x00, 0x20, 0x84, 0xA8, 0x00, 0x00, 0x18, 0x61, 0x7B, 0x00, 0x5F, 0xA1, 0x0C, 0x15,
0x0C, 0x04, 0x60, 0x75, 0x8A, 0x8A, 0x43, 0x9B, 0x00, 0x00, 0xA4, 0x00, 0x00, 0xA4, 0x00, 0x53,
0x9F, 0x41, 0x0E, 0x4F, 0x0C, 0x93, 0x48, 0x90, 0xA0, 0x00, 0x9C, 0x97, 0x39, 0x92, 0x12, 0x5B,
0x12, 0x24, 0x0E, 0x2E, 0x00, 0x30, 0xA2, 0xA3, 0x2D, 0x00, 0xA8, 0x71, 0xCE, 0x09, 0xC6, 0x79,
0x79, 0x4C, 0x44, 0x89, 0x03, 0x43, 0x9B, 0x00, 0x00, 0x03, 0x96, 0x01, 0x00, 0xA4, 0x00, 0x00,
0x68, 0x35, 0x00, 0x00, 0xA4, 0x00, 0x13, 0x8A, 0x00, 0x00, 0x53, 0x9F, 0x41, 0x87, 0x27, 0xAA,
0x15, 0x00, 0x00, 0x2F, 0x70, 0x63, 0x96, 0x34, 0x00, 0x00, 0x9B, 0x06, 0xA5, 0xC8, 0x6B, 0x00,
0x57, 0x48, 0x00, 0x00, 0x4A, 0x22, 0x00, 0x14, 0x00, 0x00, 0x00, 0x00, 0x00, 0x43, 0x9B, 0x00,
0x00, 0x03, 0x96, 0x01, 0x00, 0xA4, 0x00, 0x00, 0x68, 0x35, 0x00, 0x00, 0xA4, 0x00, 0x13, 0x8A,
0x00, 0x00, 0x53, 0x9F, 0x41, 0x87, 0x83, 0xB1, 0x41, 0x00, 0x00, 0x2F, 0x70, 0x4B, 0x5D, 0x54,
0x00, 0x00, 0x9B, 0x06, 0x36, 0x8F, 0x00, 0x00, 0x57, 0x48, 0x00, 0x69, 0x94, 0x44, 0x00, 0x14,
0x00, 0x00, 0x00, 0x00, 0x00, 0x74, 0xAD, 0x44, 0x00, 0x03, 0x96, 0x01, 0x26, 0x92, 0x43, 0x00,
0x68, 0x35, 0x00, 0x51, 0x4A, 0x6D, 0x13, 0x8A, 0x00, 0x00, 0x56, 0x9C, 0x2A, 0x87, 0x27, 0xAA,
0x15, 0x00, 0x00, 0x2F, 0x70, 0x63, 0x96, 0x34, 0x00, 0x00, 0x9B, 0x06, 0xA5, 0xC8, 0x6B, 0x00,
0x57, 0x48, 0x00, 0x00, 0x4A, 0x22, 0x00, 0x14, 0x00, 0x00, 0x00, 0x00, 0x00, 0x00, 0x04, 0x40,
0x00, 0x00, 0x00, 0x0D, 0xC3, 0x00, 0x00, 0x00, 0x00, 0x66, 0x00, 0x00, 0x00, 0x28, 0xCF, 0x00,
0x00, 0x06, 0xCF, 0x41, 0x00, 0x00, 0x40, 0xAC, 0x00, 0x5F, 0x3C, 0x31, 0xCD, 0x18, 0xC6, 0x35,
0x00, 0x6A, 0xB2, 0x6B, 0x00, 0x00, 0x7E, 0x49, 0x00, 0x00, 0x00, 0x00, 0x00, 0x10, 0x00, 0x00,
0x00, 0x00, 0x04, 0xCF, 0x60, 0x00, 0x00, 0x00, 0x42, 0xB1, 0xBA, 0x00, 0x00, 0x00, 0x96, 0x3E,
0xD5, 0x12, 0x00, 0x01, 0xD2, 0x03, 0x8E, 0x5E, 0x00, 0x38, 0xC9, 0x54, 0x86, 0xAF, 0x00, 0x8A,
0x9C, 0x78, 0x78, 0xE3, 0x0B, 0xD3, 0x0D, 0x00, 0x00, 0x9F, 0x52, 0x00, 0x00, 0x8B, 0x54, 0x00,
0x00, 0x00, 0x00, 0x13, 0x00, 0x00, 0x00, 0x00, 0x04, 0xCF, 0x60, 0x00, 0x00, 0x00, 0x42, 0xB1,
0xBA, 0x00, 0x00, 0x00, 0x96, 0x3E, 0xD5, 0x12, 0x00, 0x01, 0xD2, 0x03, 0x8E, 0x5E, 0x00, 0x38,
0xC9, 0x54, 0x86, 0xAF, 0x00, 0x8A, 0x9C, 0x78, 0x78, 0xE3, 0x0B, 0xD3, 0x0D, 0x00, 0x00, 0x9F,
0x52, 0x00, 0x79, 0xBA, 0x17, 0x00, 0x00, 0x00, 0x19, 0x0C, 0x0E, 0x00, 0x00, 0x00, 0x04, 0xCF,
0x60, 0x00, 0x00, 0x00, 0x42, 0xB1, 0xBA, 0x00, 0x00, 0x00, 0x96, 0x3E, 0xD5, 0x12, 0x00, 0x01,
0xD2, 0x03, 0x8E, 0x5E, 0x00, 0x38, 0xC9, 0x54, 0x86, 0xAF, 0x00, 0x8A, 0x9C, 0x78, 0x78, 0xE3,
0x0B, 0xD3, 0x0D, 0x00, 0x00, 0x9F, 0x52, 0x00, 0xA5, 0xA2, 0x6F, 0x00, 0x00, 0x00, 0x08, 0x06,
0x01, 0x00, 0x00, 0x00, 0x04, 0xCF, 0x60, 0x00, 0x00, 0x00, 0x42, 0xB1, 0xBA, 0x00, 0x00, 0x00,
0x96, 0x3E, 0xD5, 0x12, 0x00, 0x01, 0xD2, 0x03, 0x8E, 0x5E, 0x00, 0x38, 0xC9, 0x54, 0x86, 0xAF,
0x00, 0x8A, 0x9C, 0x78, 0x78, 0xE3, 0x0B, 0xD3, 0x0D, 0x00, 0x00, 0x9F, 0x52, 0x00, 0x00, 0x35,
0x1E, 0x17, 0x00, 0x00, 0x00, 0xA1, 0x5C, 0x45, 0x00, 0x00, 0x00, 0x00, 0x00, 0x00, 0x00, 0x00,
0x04, 0xCF, 0x60, 0x00, 0x00, 0x00, 0x42, 0xB1, 0xBA, 0x00, 0x00, 0x00, 0x96, 0x3E, 0xD5, 0x12,
0x00, 0x01, 0xD2, 0x03, 0x8E, 0x5E, 0x00, 0x38, 0xC9, 0x54, 0x86, 0xAF, 0x00, 0x8A, 0x9C, 0x78,
0x78, 0xE3, 0x0B, 0xD3, 0x0D, 0x00, 0x00, 0x9F, 0x52, 0x00, 0x00, 0x5A, 0x51, 0x00, 0x00, 0x00,
0x00, 0x98, 0x97, 0x00, 0x00, 0x00, 0x00, 0x36, 0x2F, 0x00, 0x00, 0x00, 0x04, 0xCF, 0x60, 0x00,
0x00, 0x00, 0x42, 0xB1, 0xBA, 0x00, 0x00, 0x00, 0x96, 0x3E, 0xD5, 0x12, 0x00, 0x01, 0xD2, 0x03,
0x8E, 0x5E, 0x00, 0x38, 0xC9, 0x54, 0x86, 0xAF, 0x00, 0x8A, 0x9C, 0x78, 0x78, 0xE3, 0x0B, 0xD3,
0x0D, 0x00, 0x00, 0x9F, 0x52, 0x00, 0x00, 0x53, 0xDB, 0xCE, 0xCC, 0xCC, 0x9C, 0x00, 0x00, 0xB7,
0xB7, 0x3A, 0x00, 0x00, 0x00, 0x00, 0x2C, 0x9E, 0x74, 0x75, 0x00, 0x00, 0x00, 0x00, 0x94, 0x3A,
0x3D, 0xF0, 0xCC, 0xCC, 0x43, 0x0C, 0xDF, 0x54, 0x5E, 0xE7, 0x00, 0x00, 0x00, 0x67, 0xA8, 0x78,
0x78, 0xDE, 0x22, 0x00, 0x00, 0xCA, 0x15, 0x00, 0x00, 0x94, 0xDA, 0xCC, 0xA9, 0x00, 0x70, 0xD5,
0xD6, 0x93, 0x02, 0x36, 0xC6, 0x07, 0x02, 0xB0, 0x55, 0x7D, 0x6A, 0x00, 0x00, 0x43, 0x4F, 0x91,
0x59, 0x00, 0x00, 0x00, 0x00, 0x81, 0x66, 0x00, 0x00, 0x2B, 0x3B, 0x43, 0xB5, 0x01, 0x00, 0x92,
0x60, 0x00, 0x93, 0xCD, 0xC1, 0xB8, 0x08, 0x00, 0x00, 0x66, 0x8B, 0x00, 0x00, 0x00, 0x00, 0x8A,
0x8A, 0x00, 0x00, 0x00, 0x00, 0x7E, 0x49, 0x00, 0x00, 0x00, 0x00, 0x10, 0x00, 0x41, 0xD5, 0xCC,
0xCC, 0xBF, 0x4C, 0x94, 0x00, 0x00, 0x00, 0x4C, 0x94, 0x00, 0x00, 0x00, 0x4C, 0xEA, 0xCC, 0xCC,
0x62, 0x4C, 0x94, 0x00, 0x00, 0x00, 0x4C, 0x94, 0x00, 0x00, 0x00, 0x4C, 0xEA, 0xCC, 0xCC, 0xC9,
0x00, 0x00, 0x8B, 0x54, 0x00, 0x00, 0x00, 0x13, 0x00, 0x00, 0x41, 0xD5, 0xCC, 0xCC, 0xBF, 0x4C,
0x94, 0x00, 0x00, 0x00, 0x4C, 0x94, 0x00, 0x00, 0x00, 0x4C, 0xEA, 0xCC, 0xCC, 0x62, 0x4C, 0x94,
0x00, 0x00, 0x00, 0x4C, 0x94, 0x00, 0x00, 0x00, 0x4C, 0xEA, 0xCC, 0xCC, 0xC9, 0x00, 0x00, 0x79,
0xBA, 0x17, 0x00, 0x00, 0x19, 0x0C, 0x0E, 0x41, 0xD5, 0xCC, 0xCC, 0xBF, 0x4C, 0x94, 0x00, 0x00,
0x00, 0x4C, 0x94, 0x00, 0x00, 0x00, 0x4C, 0xEA, 0xCC, 0xCC, 0x62, 0x4C, 0x94, 0x00, 0x00, 0x00,
0x4C, 0x94, 0x00, 0x00, 0x00, 0x4C, 0xEA, 0xCC, 0xCC, 0xC9, 0x00, 0x00, 0x35, 0x1E, 0x17, 0x00,
0x00, 0xA1, 0x5C, 0x45, 0x00, 0x00, 0x00, 0x00, 0x00, 0x41, 0xD5, 0xCC, 0xCC, 0xBF, 0x4C, 0x94,
0x00, 0x00, 0x00, 0x4C, 0x94, 0x00, 0x00, 0x00, 0x4C, 0xEA, 0xCC, 0xCC, 0x62, 0x4C, 0x94, 0x00,
0x00, 0x00, 0x4C, 0x94, 0x00, 0x00, 0x00, 0x4C, 0xEA, 0xCC, 0xCC, 0xC9, 0x7E, 0x49, 0x00, 0x10,
0x41, 0x7F, 0x4C, 0x94, 0x4C, 0x94, 0x4C, 0x94, 0x4C, 0x94, 0x4C, 0x94, 0x4C, 0x94, 0x8B, 0x54,
0x13, 0x00, 0x41, 0x7F, 0x4C, 0x94, 0x4C, 0x94, 0x4C, 0x94, 0x4C, 0x94, 0x4C, 0x94, 0x4C, 0x94,
0x79, 0xBA, 0x17, 0x19, 0x0C, 0x0E, 0x41, 0x7F, 0x00, 0x4C, 0x94, 0x00, 0x4C, 0x94, 0x00, 0x4C,
0x94, 0x00, 0x4C, 0x94, 0x00, 0x4C, 0x94, 0x00, 0x4C, 0x94, 0x00, 0x35, 0x1E, 0x17, 0xA1, 0x5C,
0x45, 0x00, 0x00, 0x00, 0x41, 0x7F, 0x00, 0x4C, 0x94, 0x00, 0x4C, 0x94, 0x00, 0x4C, 0x94, 0x00,
0x4C, 0x94, 0x00, 0x4C, 0x94, 0x00, 0x4C, 0x94, 0x00, 0x41, 0xD5, 0xCD, 0xC1, 0x42, 0x00, 0x4C,
0x94, 0x00, 0x24, 0xDC, 0x15, 0x4C, 0x94, 0x00, 0x00, 0x90, 0x59, 0xB9, 0xDA, 0xA4, 0x1A, 0x7D,
0x6D, 0x4C, 0x94, 0x00, 0x00, 0x8F, 0x59, 0x4C, 0x94, 0x00, 0x13, 0xDA, 0x1A, 0x4C, 0xEA, 0xCD,
0xD6, 0x59, 0x00, 0x00, 0x00, 0xA5, 0xA2, 0x6F, 0x00, 0x00, 0x00, 0x08, 0x06, 0x01, 0x00, 0x41,
0x9C, 0x00, 0x00, 0x7C, 0x30, 0x4C, 0xF9, 0x43, 0x00, 0x90, 0x38, 0x4C, 0xA2, 0xD1, 0x05, 0x90,
0x38, 0x4C, 0x7C, 0x92, 0x73, 0x90, 0x38, 0x4C, 0x7C, 0x11, 0xDD, 0xA5, 0x38, 0x4C, 0x7C, 0x00,
0x65, 0xF7, 0x38, 0x4C, 0x7C, 0x00, 0x02, 0xCD, 0x38, 0x00, 0x00, 0x7E, 0x49, 0x00, 0x00, 0x00,
0x00, 0x00, 0x10, 0x00, 0x00, 0x00, 0x5A, 0xD3, 0xD6, 0xA1, 0x09, 0x24, 0xD5, 0x11, 0x00, 0x88,
0x81, 0x6D, 0x7C, 0x00, 0x00, 0x1C, 0xCD, 0x81, 0x69, 0x00, 0x00, 0x09, 0xE0, 0x70, 0x78, 0x00,
0x00, 0x17, 0xD1, 0x2F, 0xCA, 0x05, 0x00, 0x6F, 0x90, 0x00, 0x7B, 0xD3, 0xBD, 0xC2, 0x12, 0x00,
0x00, 0x0B, 0x17, 0x00, 0x00, 0x00, 0x00, 0x00, 0x8B, 0x54, 0x00, 0x00, 0x00, 0x00, 0x13, 0x00,
0x00, 0x00, 0x5A, 0xD3, 0xD6, 0xA1, 0x09, 0x24, 0xD5, 0x11, 0x00, 0x88, 0x81, 0x6D, 0x7C, 0x00,
0x00, 0x1C, 0xCD, 0x81, 0x69, 0x00, 0x00, 0x09, 0xE0, 0x70, 0x78, 0x00, 0x00, 0x17, 0xD1, 0x2F,
0xCA, 0x05, 0x00, 0x6F, 0x90, 0x00, 0x7B, 0xD3, 0xBD, 0xC2, 0x12, 0x00, 0x00, 0x0B, 0x17, 0x00,
0x00, 0x00, 0x00, 0x79, 0xBA, 0x17, 0x00, 0x00, 0x00, 0x19, 0x0C, 0x0E, 0x00, 0x00, 0x5A, 0xD3,
0xD6, 0xA1, 0x09, 0x24, 0xD5, 0x11, 0x00, 0x88, 0x81, 0x6D, 0x7C, 0x00, 0x00, 0x1C, 0xCD, 0x81,
0x69, 0x00, 0x00, 0x09, 0xE0, 0x70, 0x78, 0x00, 0x00, 0x17, 0xD1, 0x2F, 0xCA, 0x05, 0x00, 0x6F,
0x90, 0x00, 0x7B, 0xD3, 0xBD, 0xC2, 0x12, 0x00, 0x00, 0x0B, 0x17, 0x00, 0x00, 0x00, 0x00, 0xA5,
0xA2, 0x6F, 0x00, 0x00, 0x00, 0x08, 0x06, 0x01, 0x00, 0x00, 0x5A, 0xD3, 0xD6, 0xA1, 0x09, 0x24,
0xD5, 0x11, 0x00, 0x88, 0x81, 0x6D, 0x7C, 0x00, 0x00, 0x1C, 0xCD, 0x81, 0x69, 0x00, 0x00, 0x09,
0xE0, 0x70, 0x78, 0x00, 0x00, 0x17, 0xD1, 0x2F, 0xCA, 0x05, 0x00, 0x6F, 0x90, 0x00, 0x7B, 0xD3,
0xBD, 0xC2, 0x12, 0x00, 0x00, 0x0B, 0x17, 0x00, 0x00, 0x00, 0x00, 0x35, 0x1E, 0x17, 0x00, 0x00,
0x00, 0xA1, 0x5C, 0x45, 0x00, 0x00, 0x00, 0x00, 0x00, 0x00, 0x00, 0x00, 0x5A, 0xD3, 0xD6, 0xA1,
0x09, 0x24, 0xD5, 0x11, 0x00, 0x88, 0x81, 0x6D, 0x7C, 0x00, 0x00, 0x1C, 0xCD, 0x81, 0x69, 0x00,
0x00, 0x09, 0xE0, 0x70, 0x78, 0x00, 0x00, 0x17, 0xD1, 0x2F, 0xCA, 0x05, 0x00, 0x6F, 0x90, 0x00,
0x7B, 0xD3, 0xBD, 0xC2, 0x12, 0x00, 0x00, 0x0B, 0x17, 0x00, 0x00, 0x3E, 0x2D, 0x00, 0x37, 0x32,
0x26, 0xD1, 0x63, 0xCE, 0x1E, 0x00, 0x5A, 0xFF, 0x47, 0x00, 0x38, 0xD1, 0x4C, 0xD1, 0x2D, 0x2D,
0x1F, 0x00, 0x26, 0x23, 0x00, 0x00, 0x00, 0x00, 0x00, 0x26, 0x00, 0x5A, 0xD3, 0xD6, 0xB1, 0x71,
0x24, 0xD5, 0x11, 0x04, 0xD8, 0x81, 0x6D, 0x7C, 0x00, 0x73, 0x4F, 0xCD, 0x81, 0x69, 0x1F, 0x85,
0x09, 0xE0, 0x70, 0x78, 0x98, 0x0D, 0x17, 0xD1, 0x2F, 0xE9, 0x55, 0x00, 0x6F, 0x90, 0x0E, 0xCE,
0xD3, 0xBD, 0xC2, 0x12, 0x25, 0x19, 0x0B, 0x17, 0x00, 0x00, 0x00, 0x00, 0x7E, 0x49, 0x00, 0x00,
0x00, 0x00, 0x00, 0x10, 0x00, 0x00, 0x41, 0x7F, 0x00, 0x00, 0x90, 0x30, 0x4C, 0x94, 0x00, 0x00,
0xA8, 0x38, 0x4C, 0x94, 0x00, 0x00, 0xA8, 0x38, 0x4C, 0x94, 0x00, 0x00, 0xA8, 0x38, 0x4C, 0x94,
0x00, 0x00, 0xA8, 0x38, 0x33, 0xBA, 0x00, 0x01, 0xCE, 0x1F, 0x01, 0xA3, 0xC8, 0xCD, 0x90, 0x00,
0x00, 0x00, 0x13, 0x10, 0x00, 0x00, 0x00, 0x00, 0x8B, 0x54, 0x00, 0x00, 0x00, 0x00, 0x13, 0x00,
0x00, 0x00, 0x41, 0x7F, 0x00, 0x00, 0x90, 0x30, 0x4C, 0x94, 0x00, 0x00, 0xA8, 0x38, 0x4C, 0x94,
0x00, 0x00, 0xA8, 0x38, 0x4C, 0x94, 0x00, 0x00, 0xA8, 0x38, 0x4C, 0x94, 0x00, 0x00, 0xA8, 0x38,
0x33, 0xBA, 0x00, 0x01, 0xCE, 0x1F, 0x01, 0xA3, 0xC8, 0xCD, 0x90, 0x00, 0x00, 0x00, 0x13, 0x10,
0x00, 0x00, 0x00, 0x00, 0x79, 0xBA, 0x17, 0x00, 0x00, 0x00, 0x19, 0x0C, 0x0E, 0x00, 0x41, 0x7F,
0x00, 0x00, 0x90, 0x30, 0x4C, 0x94, 0x00, 0x00, 0xA8, 0x38, 0x4C, 0x94, 0x00, 0x00, 0xA8, 0x38,
0x4C, 0x94, 0x00, 0x00, 0xA8, 0x38, 0x4C, 0x94, 0x00, 0x00, 0xA8, 0x38, 0x33, 0xBA, 0x00, 0x01,
0xCE, 0x1F, 0x01, 0xA3, 0xC8, 0xCD, 0x90, 0x00, 0x00, 0x00, 0x13, 0x10, 0x00, 0x00, 0x00, 0x00,
0x35, 0x1E, 0x17, 0x00, 0x00, 0x00, 0xA1, 0x5C, 0x45, 0x00, 0x00, 0x00, 0x00, 0x00, 0x00, 0x00,
0x41, 0x7F, 0x00, 0x00, 0x90, 0x30, 0x4C, 0x94, 0x00, 0x00, 0xA8, 0x38, 0x4C, 0x94, 0x00, 0x00,
0xA8, 0x38, 0x4C, 0x94, 0x00, 0x00, 0xA8, 0x38, 0x4C, 0x94, 0x00, 0x00, 0xA8, 0x38, 0x33, 0xBA,
0x00, 0x01, 0xCE, 0x1F, 0x01, 0xA3, 0xC8, 0xCD, 0x90, 0x00, 0x00, 0x00, 0x13, 0x10, 0x00, 0x00,
0x00, 0x00, 0x8B, 0x54, 0x00, 0x00, 0x00, 0x00, 0x13, 0x00, 0x00, 0x00, 0x97, 0x3E, 0x00, 0x00,
0x95, 0x24, 0x2F, 0xC7, 0x01, 0x32, 0xA2, 0x00, 0x00, 0x9E, 0x5A, 0xB5, 0x20, 0x00, 0x00, 0x1C,
0xE6, 0x8C, 0x00, 0x00, 0x00, 0x00, 0xB5, 0x32, 0x00, 0x00, 0x00, 0x00, 0xB4, 0x30, 0x00, 0x00,
0x00, 0x00, 0xB4, 0x30, 0x00, 0x00, 0x41, 0x7F, 0x00, 0x00, 0x00, 0x00, 0x4C, 0xCA, 0x80, 0x76,
0x20, 0x00, 0x4C, 0xB4, 0x4C, 0x63, 0xDE, 0x0A, 0x4C, 0x94, 0x00, 0x00, 0xC0, 0x2C, 0x4C, 0xB1,
0x44, 0x5E, 0xDE, 0x09, 0x4C, 0xCD, 0x88, 0x7D, 0x21, 0x00, 0x4C, 0x94, 0x00, 0x00, 0x00, 0x00,
0x00, 0x1D, 0x51, 0x1F, 0x00, 0x2D, 0xCB, 0x6A, 0xCF, 0x28, 0x78, 0x5B, 0x00, 0x75, 0x64, 0x80,
0x58, 0x43, 0xC1, 0x22, 0x80, 0x60, 0x85, 0xC2, 0x22, 0x80, 0x50, 0x00, 0x4B, 0x91, 0x80, 0x50,
0x00, 0x65, 0x87, 0x80, 0x68, 0xC0, 0xC0, 0x16, 0x00, 0x36, 0x01, 0x00, 0x00, 0x00, 0x6B, 0x61,
0x00, 0x00, 0x00, 0x3B, 0x68, 0x0F, 0x00, 0x4F, 0xB6, 0x75, 0xB0, 0x00, 0x22, 0x1E, 0x1A, 0xD0,
0x00, 0x43, 0xD0, 0xA3, 0xD0, 0x00, 0xA2, 0x40, 0x16, 0xD0, 0x00, 0x69, 0xC7, 0xAD, 0xD3, 0x41,
0x00, 0x14, 0x04, 0x07, 0x03, 0x00, 0x00, 0x0D, 0x29, 0x00, 0x00, 0x00, 0x96, 0x36, 0x00, 0x00,
0x3B, 0x67, 0x0F, 0x00, 0x4F, 0xB6, 0x75, 0xB0, 0x00, 0x22, 0x1E, 0x1A, 0xD0, 0x00, 0x43, 0xD0,
0xA3, 0xD0, 0x00, 0xA2, 0x40, 0x16, 0xD0, 0x00, 0x69, 0xC7, 0xAD, 0xD3, 0x41, 0x00, 0x14, 0x04,
0x07, 0x03, 0x00, 0x0C, 0x28, 0x00, 0x00, 0x00, 0x96, 0xBB, 0x22, 0x00, 0x00, 0x55, 0x62, 0x1D,
0x00, 0x4F, 0xB6, 0x75, 0xB0, 0x00, 0x22, 0x1E, 0x1A, 0xD0, 0x00, 0x43, 0xD0, 0xA3, 0xD0, 0x00,
0xA2, 0x40, 0x16, 0xD0, 0x00, 0x69, 0xC7, 0xAD, 0xD3, 0x41, 0x00, 0x14, 0x04, 0x07, 0x03, 0x00,
0x20, 0x14, 0x25, 0x00, 0x00, 0xA1, 0xA4, 0x8E, 0x00, 0x00, 0x3B, 0x57, 0x0F, 0x00, 0x4F, 0xB6,
0x75, 0xB0, 0x00, 0x22, 0x1E, 0x1A, 0xD0, 0x00, 0x43, 0xD0, 0xA3, 0xD0, 0x00, 0xA2, 0x40, 0x16,
0xD0, 0x00, 0x69, 0xC7, 0xAD, 0xD3, 0x41, 0x00, 0x14, 0x04, 0x07, 0x03, 0x00, 0x35, 0x1E, 0x17,
0x00, 0x00, 0xA1, 0x5C, 0x45, 0x00, 0x00, 0x3B, 0x57, 0x0F, 0x00, 0x4F, 0xB6, 0x75, 0xB0, 0x00,
0x22, 0x1E, 0x1A, 0xD0, 0x00, 0x43, 0xD0, 0xA3, 0xD0, 0x00, 0xA2, 0x40, 0x16, 0xD0, 0x00, 0x69,
0xC7, 0xAD, 0xD3, 0x41, 0x00, 0x14, 0x04, 0x07, 0x03, 0x00, 0x57, 0x4F, 0x00, 0x00, 0x00, 0x87,
0x87, 0x00, 0x00, 0x00, 0x71, 0x86, 0x0F, 0x00, 0x4F, 0xB6, 0x75, 0xB0, 0x00, 0x22, 0x1E, 0x1A,
0xD0, 0x00, 0x43, 0xD0, 0xA3, 0xD0, 0x00, 0xA2, 0x40, 0x16, 0xD0, 0x00, 0x69, 0xC7, 0xAD, 0xD3,
0x41, 0x00, 0x14, 0x04, 0x07, 0x03, 0x00, 0x37, 0x57, 0x13, 0x47, 0x4B, 0x02, 0x43, 0xBE, 0x6E,
0xF3, 0x91, 0x9B, 0x78, 0x1F, 0x22, 0x18, 0xEF, 0x24, 0x3D, 0xBA, 0x36, 0xD1, 0xA6, 0xF3, 0x9C,
0x9C, 0x77, 0x92, 0x50, 0x09, 0xF6, 0x0F, 0x18, 0x93, 0x58, 0xCB, 0xBF, 0x97, 0xC8, 0xC4, 0x55,
0x00, 0x10, 0x0B, 0x00, 0x0E, 0x10, 0x00, 0x00, 0x3A, 0x53, 0x06, 0x49, 0xBA, 0x8C, 0x8A, 0x94,
0x46, 0x12, 0x83, 0xA1, 0x39, 0x00, 0x00, 0x89, 0x53, 0x17, 0xAE, 0x2C, 0xD1, 0xC0, 0x58, 0x00,
0x64, 0x88, 0x00, 0x00, 0x8A, 0x8A, 0x00, 0x00, 0x36, 0x01, 0x00, 0x00, 0x00, 0x6B, 0x61, 0x00,
0x00, 0x00, 0x2A, 0x6A, 0x15, 0x00, 0x33, 0xC8, 0x69, 0xCC, 0x00, 0x82, 0x71, 0x20, 0xCD, 0x16,
0x91, 0xB9, 0x9C, 0x9C, 0x14, 0x76, 0x68, 0x00, 0x9A, 0x10, 0x1A, 0xCE, 0xAB, 0xAC, 0x00, 0x00,
0x04, 0x19, 0x00, 0x00, 0x00, 0x00, 0x0D, 0x29, 0x00, 0x00, 0x00, 0x96, 0x36, 0x00, 0x00, 0x2A,
0x69, 0x15, 0x00, 0x33, 0xC8, 0x69, 0xCC, 0x00, 0x82, 0x71, 0x20, 0xCD, 0x16, 0x91, 0xB9, 0x9C,
0x9C, 0x14, 0x76, 0x68, 0x00, 0x9A, 0x10, 0x1A, 0xCE, 0xAB, 0xAC, 0x00, 0x00, 0x04, 0x19, 0x00,
0x00, 0x00, 0x0C, 0x28, 0x00, 0x00, 0x00, 0x96, 0xBB, 0x22, 0x00, 0x00, 0x44, 0x64, 0x23, 0x00,
0x33, 0xC8, 0x69, 0xCC, 0x00, 0x82, 0x71, 0x20, 0xCD, 0x16, 0x91, 0xB9, 0x9C, 0x9C, 0x14, 0x76,
0x68, 0x00, 0x9A, 0x10, 0x1A, 0xCE, 0xAB, 0xAC, 0x00, 0x00, 0x04, 0x19, 0x00, 0x00, 0x00, 0x35,
0x1E, 0x17, 0x00, 0x00, 0xA1, 0x5C, 0x45, 0x00, 0x00, 0x2A, 0x59, 0x15, 0x00, 0x33, 0xC8, 0x69,
0xCC, 0x00, 0x82, 0x71, 0x20, 0xCD, 0x16, 0x91, 0xB9, 0x9C, 0x9C, 0x14, 0x76, 0x68, 0x00, 0x9A,
0x10, 0x1A, 0xCE, 0xAB, 0xAC, 0x00, 0x00, 0x04, 0x19, 0x00, 0x00, 0x36, 0x01, 0x6B, 0x61, 0x12,
0x36, 0x44, 0x8C, 0x44, 0x8C, 0x44, 0x8C, 0x44, 0x8C, 0x44, 0x8C, 0x00, 0x0D, 0x29, 0x00, 0x96,
0x36, 0x12, 0x35, 0x00, 0x44, 0x8C, 0x00, 0x44, 0x8C, 0x00, 0x44, 0x8C, 0x00, 0x44, 0x8C, 0x00,
0x44, 0x8C, 0x00, 0x0C, 0x28, 0x00, 0x96, 0xBB, 0x22, 0x2C, 0x30, 0x0E, 0x44, 0x8C, 0x00, 0x44,
0x8C, 0x00, 0x44, 0x8C, 0x00, 0x44, 0x8C, 0x00, 0x44, 0x8C, 0x00, 0x35, 0x1E, 0x17, 0xA1, 0x5C,
0x45, 0x12, 0x25, 0x00, 0x44, 0x8C, 0x00, 0x44, 0x8C, 0x00, 0x44, 0x8C, 0x00, 0x44, 0x8C, 0x00,
0x44, 0x8C, 0x00, 0x00, 0x2E, 0x0A, 0x00, 0x00, 0x0A, 0xC3, 0xD8, 0x6A, 0x00, 0x00, 0x33, 0xBB,
0x64, 0x00, 0x37, 0xC3, 0x6F, 0xD5, 0x00, 0x87, 0x53, 0x00, 0xC3, 0x17, 0x96, 0x45, 0x00, 0xB5,
0x25, 0x7B, 0x61, 0x00, 0xCE, 0x0E, 0x1E, 0xCE, 0xB3, 0x95, 0x00, 0x00, 0x06, 0x16, 0x00, 0x00,
0x00, 0x20, 0x14, 0x25, 0x00, 0xA1, 0xA4, 0x8E, 0x1C, 0x1B, 0x57, 0x21, 0x68, 0xC9, 0x69, 0xD0,
0x68, 0x75, 0x00, 0xD0, 0x68, 0x6C, 0x00, 0xD0, 0x68, 0x6C, 0x00, 0xD0, 0x68, 0x6C, 0x00, 0xD0,
0x00, 0x36, 0x01, 0x00, 0x00, 0x00, 0x6B, 0x61, 0x00, 0x00, 0x00, 0x30, 0x67, 0x0E, 0x00, 0x37,
0xC3, 0x6F, 0xBF, 0x00, 0x87, 0x53, 0x00, 0xC3, 0x17, 0x95, 0x45, 0x00, 0xB5, 0x25, 0x7B, 0x61,
0x00, 0xCE, 0x0E, 0x1E, 0xCE, 0xB3, 0x95, 0x00, 0x00, 0x06, 0x16, 0x00, 0x00, 0x00, 0x00, 0x0D,
0x29, 0x00, 0x00, 0x00, 0x96, 0x36, 0x00, 0x00, 0x30, 0x66, 0x0E, 0x00, 0x37, 0xC3, 0x6F, 0xBF,
0x00, 0x87, 0x53, 0x00, 0xC3, 0x17, 0x95, 0x45, 0x00, 0xB5, 0x25, 0x7B, 0x61, 0x00, 0xCE, 0x0E,
0x1E, 0xCE, 0xB3, 0x95, 0x00, 0x00, 0x06, 0x16, 0x00, 0x00, 0x00, 0x0C, 0x28, 0x00, 0x00, 0x00,
0x96, 0xBB, 0x22, 0x00, 0x00, 0x4A, 0x61, 0x1C, 0x00, 0x37, 0xC3, 0x6F, 0xBF, 0x00, 0x87, 0x53,
0x00, 0xC3, 0x17, 0x95, 0x45, 0x00, 0xB5, 0x25, 0x7B, 0x61, 0x00, 0xCE, 0x0E, 0x1E, 0xCE, 0xB3,
0x95, 0x00, 0x00, 0x06, 0x16, 0x00, 0x00, 0x00, 0x20, 0x14, 0x25, 0x00, 0x00, 0xA1, 0xA4, 0x8E,
0x00, 0x00, 0x30, 0x56, 0x0E, 0x00, 0x37, 0xC3, 0x6F, 0xBF, 0x00, 0x87, 0x53, 0x00, 0xC3, 0x17,
0x95, 0x45, 0x00, 0xB5, 0x25, 0x7B, 0x61, 0x00, 0xCE, 0x0E, 0x1E, 0xCE, 0xB3, 0x95, 0x00, 0x00,
0x06, 0x16, 0x00, 0x00, 0x00, 0x35, 0x1E, 0x17, 0x00, 0x00, 0xA1, 0x5C, 0x45, 0x00, 0x00, 0x30,
0x56, 0x0E, 0x00, 0x37, 0xC3, 0x6F, 0xBF, 0x00, 0x87, 0x53, 0x00, 0xC3, 0x17, 0x95, 0x45, 0x00,
0xB5, 0x25, 0x7B, 0x61, 0x00, 0xCE, 0x0E, 0x1E, 0xCE, 0xB3, 0x95, 0x00, 0x00, 0x06, 0x16, 0x00,
0x00, 0x00, 0x00, 0x69, 0x18, 0x00, 0x00, 0x00, 0x00, 0x37, 0x0D, 0x00, 0x00, 0x7A, 0xD8, 0xD8,
0xD8, 0xD8, 0x0B, 0x00, 0x00, 0x48, 0x10, 0x00, 0x00, 0x00, 0x00, 0x55, 0x13, 0x00, 0x00, 0x00,
0x30, 0x56, 0x51, 0x00, 0x37, 0xC3, 0xAE, 0xC1, 0x00, 0x87, 0x5C, 0x85, 0xC3, 0x17, 0x95, 0xB5,
0x1F, 0xB5, 0x25, 0x7B, 0x98, 0x00, 0xCE, 0x0E, 0x82, 0xCE, 0xB3, 0x95, 0x00, 0x2D, 0x06, 0x16,
0x00, 0x00, 0x00, 0x36, 0x01, 0x00, 0x00, 0x6B, 0x61, 0x00, 0x1C, 0x1D, 0x11, 0x37, 0x68, 0x6C,
0x00, 0xD0, 0x68, 0x6C, 0x00, 0xD0, 0x68, 0x6C, 0x00, 0xD0, 0x67, 0x70, 0x05, 0xE4, 0x32, 0xD9,
0xB0, 0xCB, 0x00, 0x10, 0x09, 0x00, 0x00, 0x00, 0x0D, 0x29, 0x00, 0x00, 0x96, 0x36, 0x1C, 0x1D,
0x10, 0x37, 0x68, 0x6C, 0x00, 0xD0, 0x68, 0x6C, 0x00, 0xD0, 0x68, 0x6C, 0x00, 0xD0, 0x67, 0x70,
0x05, 0xE4, 0x32, 0xD9, 0xB0, 0xCB, 0x00, 0x10, 0x09, 0x00, 0x00, 0x0C, 0x28, 0x00, 0x00, 0x96,
0xBB, 0x22, 0x1C, 0x37, 0x0B, 0x45, 0x68, 0x6C, 0x00, 0xD0, 0x68, 0x6C, 0x00, 0xD0, 0x68, 0x6C,
0x00, 0xD0, 0x67, 0x70, 0x05, 0xE4, 0x32, 0xD9, 0xB0, 0xCB, 0x00, 0x10, 0x09, 0x00, 0x00, 0x35,
0x1E, 0x17, 0x00, 0xA1, 0x5C, 0x45, 0x1C, 0x1D, 0x00, 0x37, 0x68, 0x6C, 0x00, 0xD0, 0x68, 0x6C,
0x00, 0xD0, 0x68, 0x6C, 0x00, 0xD0, 0x67, 0x70, 0x05, 0xE4, 0x32, 0xD9, 0xB0, 0xCB, 0x00, 0x10,
0x09, 0x00, 0x00, 0x0D, 0x29, 0x00, 0x00, 0x96, 0x36, 0x00, 0x3B, 0x13, 0x00, 0x37, 0xAD, 0x39,
0x08, 0xC7, 0x5E, 0x80, 0x3C, 0x8B, 0x13, 0xC5, 0x7B, 0x46, 0x00, 0xBF, 0xC3, 0x09, 0x00, 0x72,
0xBB, 0x00, 0x00, 0x7B, 0x65, 0x00, 0x66, 0xA1, 0x05, 0x00, 0x18, 0x19, 0x00, 0x00, 0x00, 0x68,
0x6C, 0x00, 0x00, 0x00, 0x68, 0x7A, 0x56, 0x15, 0x00, 0x68, 0xD3, 0x6C, 0xC7, 0x00, 0x68, 0x7B,
0x00, 0xC2, 0x18, 0x68, 0x6D, 0x00, 0xB5, 0x26, 0x68, 0x88, 0x00, 0xCC, 0x0E, 0x68, 0xD5, 0xAF,
0xA1, 0x00, 0x68, 0x6C, 0x18, 0x01, 0x00, 0x4C, 0x4F, 0x00, 0x00, 0x00, 0x00, 0x35, 0x1E, 0x17,
0x00, 0xA1, 0x5C, 0x45, 0x3B, 0x03, 0x00, 0x37, 0xAD, 0x39, 0x08, 0xC7, 0x5E, 0x80, 0x3C, 0x8B,
0x13, 0xC5, 0x7B, 0x46, 0x00, 0xBF, 0xC3, 0x09, 0x00, 0x72, 0xBB, 0x00, 0x00, 0x7B, 0x65, 0x00,
0x66, 0xA1, 0x05, 0x00, 0x00, 0xB4, 0xB4, 0x5A, 0x00, 0x00, 0x00, 0x04, 0x04, 0x02, 0x00, 0x00,
0x00, 0x04, 0xCF, 0x60, 0x00, 0x00, 0x00, 0x42, 0xB1, 0xBA, 0x00, 0x00, 0x00, 0x96, 0x3E, 0xD5,
0x12, 0x00, 0x01, 0xD2, 0x03, 0x8E, 0x5E, 0x00, 0x38, 0xC9, 0x54, 0x86, 0xAF, 0x00, 0x8A, 0x9C,
0x78, 0x78, 0xE3, 0x0B, 0xD3, 0x0D, 0x00, 0x00, 0x9F, 0x52, 0x1A, 0xB8, 0xB8, 0x42, 0x00, 0x00,
0x3B, 0x57, 0x0F, 0x00, 0x4F, 0xB6, 0x75, 0xB0, 0x00, 0x22, 0x1E, 0x1A, 0xD0, 0x00, 0x43, 0xD0,
0xA3, 0xD0, 0x00, 0xA2, 0x40, 0x16, 0xD0, 0x00, 0x69, 0xC7, 0xAD, 0xD3, 0x41, 0x00, 0x14, 0x04,
0x07, 0x03, 0x00, 0x9F, 0xA3, 0x3E, 0x00, 0x00, 0x00, 0x04, 0x10, 0x00, 0x00, 0x00, 0x00, 0x04,
0xCF, 0x60, 0x00, 0x00, 0x00, 0x42, 0xB1, 0xBA, 0x00, 0x00, 0x00, 0x96, 0x3E, 0xD5, 0x12, 0x00,
0x01, 0xD2, 0x03, 0x8E, 0x5E, 0x00, 0x38, 0xC9, 0x54, 0x86, 0xAF, 0x00, 0x8A, 0x9C, 0x78, 0x78,
0xE3, 0x0B, 0xD3, 0x0D, 0x00, 0x00, 0x9F, 0x52, 0x00, 0x9A, 0x9C, 0x3D, 0x00, 0x00, 0x42, 0x6E,
0x0F, 0x00, 0x4F, 0xB6, 0x75, 0xB0, 0x00, 0x22, 0x1E, 0x1A, 0xD0, 0x00, 0x43, 0xD0, 0xA3, 0xD0,
0x00, 0xA2, 0x40, 0x16, 0xD0, 0x00, 0x69, 0xC7, 0xAD, 0xD3, 0x41, 0x00, 0x14, 0x04, 0x07, 0x03,
0x00, 0x04, 0xCF, 0x60, 0x00, 0x00, 0x00, 0x42, 0xB1, 0xBA, 0x00, 0x00, 0x00, 0x96, 0x3E, 0xD5,
0x12, 0x00, 0x01, 0xD2, 0x03, 0x8E, 0x5E, 0x00, 0x38, 0xC9, 0x54, 0x86, 0xAF, 0x00, 0x8A, 0x9C,
0x78, 0x78, 0xE3, 0x0B, 0xD3, 0x0D, 0x00, 0x00, 0x9F, 0x53, 0x00, 0x00, 0x00, 0x00, 0xAD, 0x09,
0x00, 0x00, 0x00, 0x00, 0xB5, 0x54, 0x00, 0x3B, 0x57, 0x0F, 0x00, 0x4F, 0xB6, 0x75, 0xB0, 0x00,
0x22, 0x1E, 0x1A, 0xD0, 0x00, 0x43, 0xD0, 0xA3, 0xD0, 0x00, 0xA2, 0x40, 0x16, 0xD0, 0x00, 0x69,
0xC7, 0xAD, 0xD4, 0x41, 0x00, 0x14, 0x04, 0xB8, 0x04, 0x00, 0x00, 0x00, 0xA5, 0x53, 0x00, 0x00,
0x8B, 0x54, 0x00, 0x00, 0x00, 0x00, 0x13, 0x00, 0x00, 0x00, 0x00, 0x70, 0xD5, 0xD6, 0x93, 0x02,
0x36, 0xC6, 0x07, 0x02, 0xB0, 0x55, 0x7D, 0x6A, 0x00, 0x00, 0x43, 0x4F, 0x91, 0x59, 0x00, 0x00,
0x00, 0x00, 0x81, 0x66, 0x00, 0x00, 0x2B, 0x3B, 0x43, 0xB5, 0x01, 0x00, 0x92, 0x60, 0x00, 0x93,
0xCD, 0xC1, 0xB8, 0x08, 0x00, 0x00, 0x0E, 0x16, 0x00, 0x00, 0x00, 0x0D, 0x29, 0x00, 0x00, 0x96,
0x36, 0x00, 0x00, 0x4A, 0x53, 0x06, 0x49, 0xBA, 0x8C, 0x8A, 0x94, 0x46, 0x12, 0x83, 0xA1, 0x39,
0x00, 0x00, 0x89, 0x53, 0x17, 0xAE, 0x2C, 0xD1, 0xC0, 0x58, 0x00, 0x09, 0x13, 0x00, 0x00, 0x00,
0x79, 0xBA, 0x17, 0x00, 0x00, 0x00, 0x19, 0x0C, 0x0E, 0x00, 0x00, 0x70, 0xD5, 0xD6, 0x93, 0x02,
0x36, 0xC6, 0x07, 0x02, 0xB0, 0x55, 0x7D, 0x6A, 0x00, 0x00, 0x43, 0x4F, 0x91, 0x59, 0x00, 0x00,
0x00, 0x00, 0x81, 0x66, 0x00, 0x00, 0x2B, 0x3B, 0x43, 0xB5, 0x01, 0x00, 0x92, 0x60, 0x00, 0x93,
0xCD, 0xC1, 0xB8, 0x08, 0x00, 0x00, 0x0E, 0x16, 0x00, 0x00, 0x00, 0x0C, 0x28, 0x00, 0x00, 0x96,
0xBB, 0x22, 0x00, 0x54, 0x5E, 0x14, 0x49, 0xBA, 0x8C, 0x8A, 0x94, 0x46, 0x12, 0x83, 0xA1, 0x39,
0x00, 0x00, 0x89, 0x53, 0x17, 0xAE, 0x2C, 0xD1, 0xC0, 0x58, 0x00, 0x09, 0x13, 0x00, 0x00, 0x00,
0x00, 0x35, 0x00, 0x00, 0x00, 0x00, 0x00, 0xA1, 0x00, 0x00, 0x00, 0x00, 0x00, 0x00, 0x00, 0x00,
0x00, 0x70, 0xD5, 0xD6, 0x93, 0x02, 0x36, 0xC6, 0x07, 0x02, 0xB0, 0x55, 0x7D, 0x6A, 0x00, 0x00,
0x43, 0x4F, 0x91, 0x59, 0x00, 0x00, 0x00, 0x00, 0x81, 0x66, 0x00, 0x00, 0x2B, 0x3B, 0x43, 0xB5,
0x01, 0x00, 0x92, 0x60, 0x00, 0x93, 0xCD, 0xC1, 0xB8, 0x08, 0x00, 0x00, 0x0E, 0x16, 0x00, 0x00,
0x00, 0x00, 0x33, 0x00, 0x00, 0x00, 0x9B, 0x00, 0x00, 0x3A, 0x53, 0x06, 0x49, 0xBA, 0x8C, 0x8A,
0x94, 0x46, 0x12, 0x83, 0xA1, 0x39, 0x00, 0x00, 0x89, 0x53, 0x17, 0xAE, 0x2C, 0xD1, 0xC0, 0x58,
0x00, 0x09, 0x13, 0x00, 0x00, 0x00, 0x91, 0xB1, 0x26, 0x00, 0x00, 0x00, 0x07, 0x16, 0x00, 0x00,
0x00, 0x70, 0xD5, 0xD6, 0x93, 0x02, 0x36, 0xC6, 0x07, 0x02, 0xB0, 0x55, 0x7D, 0x6A, 0x00, 0x00,
0x43, 0x4F, 0x91, 0x59, 0x00, 0x00, 0x00, 0x00, 0x81, 0x66, 0x00, 0x00, 0x2B, 0x3B, 0x43, 0xB5,
0x01, 0x00, 0x92, 0x60, 0x00, 0x93, 0xCD, 0xC1, 0xB8, 0x08, 0x00, 0x00, 0x0E, 0x16, 0x00, 0x00,
0x00, 0x30, 0x18, 0x18, 0x00, 0x8E, 0xC0, 0x14, 0x00, 0x41, 0x68, 0x06, 0x49, 0xBA, 0x8C, 0x8A,
0x94, 0x46, 0x12, 0x83, 0xA1, 0x39, 0x00, 0x00, 0x89, 0x53, 0x17, 0xAE, 0x2C, 0xD1, 0xC0, 0x58,
0x00, 0x09, 0x13, 0x00, 0x00, 0x00, 0x91, 0xB1, 0x26, 0x00, 0x00, 0x00, 0x07, 0x16, 0x00, 0x00,
0x41, 0xD5, 0xCD, 0xC1, 0x42, 0x00, 0x4C, 0x94, 0x00, 0x24, 0xDC, 0x15, 0x4C, 0x94, 0x00, 0x00,
0x90, 0x59, 0x4C, 0x94, 0x00, 0x00, 0x7D, 0x6D, 0x4C, 0x94, 0x00, 0x00, 0x8F, 0x59, 0x4C, 0x94,
0x00, 0x13, 0xDA, 0x1A, 0x4C, 0xEA, 0xCD, 0xD6, 0x59, 0x00, 0x00, 0x00, 0x00, 0x31, 0x2C, 0x00,
0x00, 0x00, 0xD0, 0xA8, 0x00, 0x3C, 0x3B, 0xD0, 0x4D, 0x3F, 0xBE, 0x80, 0xED, 0x00, 0x89, 0x52,
0x00, 0xDF, 0x00, 0x96, 0x45, 0x00, 0xD1, 0x00, 0x7D, 0x5D, 0x05, 0xE7, 0x00, 0x25, 0xD3, 0xAD,
0xCC, 0x00, 0x00, 0x0B, 0x0B, 0x00, 0x00, 0x41, 0xD5, 0xCD, 0xC1, 0x42, 0x00, 0x4C, 0x94, 0x00,
0x24, 0xDC, 0x15, 0x4C, 0x94, 0x00, 0x00, 0x90, 0x59, 0xB9, 0xDA, 0xA4, 0x1A, 0x7D, 0x6D, 0x4C,
0x94, 0x00, 0x00, 0x8F, 0x59, 0x4C, 0x94, 0x00, 0x13, 0xDA, 0x1A, 0x4C, 0xEA, 0xCD, 0xD6, 0x59,
0x00, 0x00, 0x00, 0x00, 0x31, 0x00, 0x00, 0x00, 0x80, 0xEA, 0x48, 0x00, 0x3C, 0x66, 0xDC, 0x18,
0x3F, 0xBE, 0x80, 0xED, 0x00, 0x89, 0x52, 0x00, 0xDF, 0x00, 0x96, 0x45, 0x00, 0xD1, 0x00, 0x7D,
0x5D, 0x05, 0xE7, 0x00, 0x25, 0xD3, 0xAD, 0xCC, 0x00, 0x00, 0x0B, 0x0B, 0x00, 0x00, 0x00, 0x00,
0xB4, 0xB4, 0x5A, 0x00, 0x00, 0x04, 0x04, 0x02, 0x41, 0xD5, 0xCC, 0xCC, 0xBF, 0x4C, 0x94, 0x00,
0x00, 0x00, 0x4C, 0x94, 0x00, 0x00, 0x00, 0x4C, 0xEA, 0xCC, 0xCC, 0x62, 0x4C, 0x94, 0x00, 0x00,
0x00, 0x4C, 0x94, 0x00, 0x00, 0x00, 0x4C, 0xEA, 0xCC, 0xCC, 0xC9, 0x1A, 0xB8, 0xB8, 0x42, 0x00,
0x00, 0x2A, 0x59, 0x15, 0x00, 0x33, 0xC8, 0x69, 0xCC, 0x00, 0x82, 0x71, 0x20, 0xCD, 0x16, 0x91,
0xB9, 0x9C, 0x9C, 0x14, 0x76, 0x68, 0x00, 0x9A, 0x10, 0x1A, 0xCE, 0xAB, 0xAC, 0x00, 0x00, 0x04,
0x19, 0x00, 0x00, 0x00, 0x00, 0x9F, 0xA3, 0x3E, 0x00, 0x00, 0x04, 0x10, 0x00, 0x41, 0xD5, 0xCC,
0xCC, 0xBF, 0x4C, 0x94, 0x00, 0x00, 0x00, 0x4C, 0x94, 0x00, 0x00, 0x00, 0x4C, 0xEA, 0xCC, 0xCC,
0x62, 0x4C, 0x94, 0x00, 0x00, 0x00, 0x4C, 0x94, 0x00, 0x00, 0x00, 0x4C, 0xEA, 0xCC, 0xCC, 0xC9,
0x00, 0x9A, 0x9C, 0x3D, 0x00, 0x00, 0x31, 0x70, 0x15, 0x00, 0x33, 0xC8, 0x69, 0xCC, 0x00, 0x82,
0x71, 0x20, 0xCD, 0x16, 0x91, 0xB9, 0x9C, 0x9C, 0x14, 0x76, 0x68, 0x00, 0x9A, 0x10, 0x1A, 0xCE,
0xAB, 0xAC, 0x00, 0x00, 0x04, 0x19, 0x00, 0x00, 0x00, 0x00, 0x35, 0x00, 0x00, 0x00, 0x00, 0xA1,
0x00, 0x00, 0x00, 0x00, 0x00, 0x00, 0x00, 0x41, 0xD5, 0xCC, 0xCC, 0xBF, 0x4C, 0x94, 0x00, 0x00,
0x00, 0x4C, 0x94, 0x00, 0x00, 0x00, 0x4C, 0xEA, 0xCC, 0xCC, 0x62, 0x4C, 0x94, 0x00, 0x00, 0x00,
0x4C, 0x94, 0x00, 0x00, 0x00, 0x4C, 0xEA, 0xCC, 0xCC, 0xC9, 0x00, 0x00, 0x33, 0x00, 0x00, 0x00,
0x00, 0x9B, 0x00, 0x00, 0x00, 0x2A, 0x59, 0x15, 0x00, 0x33, 0xC8, 0x69, 0xCC, 0x00, 0x82, 0x71,
0x20, 0xCD, 0x16, 0x91, 0xB9, 0x9C, 0x9C, 0x14, 0x76, 0x68, 0x00, 0x9A, 0x10, 0x1A, 0xCE, 0xAB,
0xAC, 0x00, 0x00, 0x04, 0x19, 0x00, 0x00, 0x41, 0xD5, 0xCC, 0xCC, 0xBF, 0x00, 0x4C, 0x94, 0x00,
0x00, 0x00, 0x00, 0x4C, 0x94, 0x00, 0x00, 0x00, 0x00, 0x4C, 0xEA, 0xCC, 0xCC, 0x62, 0x00, 0x4C,
0x94, 0x00, 0x00, 0x00, 0x00, 0x4C, 0x94, 0x00, 0x00, 0x00, 0x00, 0x4C, 0xEA, 0xCC, 0xCC, 0xCA,
0x03, 0x00, 0x00, 0x00, 0x00, 0xAD, 0x09, 0x00, 0x00, 0x00, 0x00, 0xB5, 0x54, 0x00, 0x2A, 0x59,
0x15, 0x00, 0x33, 0xC8, 0x69, 0xCC, 0x00, 0x82, 0x71, 0x20, 0xCD, 0x16, 0x91, 0xB9, 0x9C, 0x9C,
0x14, 0x76, 0x68, 0x00, 0x9A, 0x10, 0x1A, 0xCE, 0xAB, 0xAD, 0x00, 0x00, 0x04, 0xC3, 0x01, 0x00,
0x00, 0x00, 0xA5, 0x53, 0x00, 0x00, 0x00, 0x91, 0xB1, 0x26, 0x00, 0x00, 0x07, 0x16, 0x00, 0x41,
0xD5, 0xCC, 0xCC, 0xBF, 0x4C, 0x94, 0x00, 0x00, 0x00, 0x4C, 0x94, 0x00, 0x00, 0x00, 0x4C, 0xEA,
0xCC, 0xCC, 0x62, 0x4C, 0x94, 0x00, 0x00, 0x00, 0x4C, 0x94, 0x00, 0x00, 0x00, 0x4C, 0xEA, 0xCC,
0xCC, 0xC9, 0x00, 0x30, 0x18, 0x18, 0x00, 0x00, 0x8E, 0xC0, 0x14, 0x00, 0x00, 0x31, 0x6E, 0x15,
0x00, 0x33, 0xC8, 0x69, 0xCC, 0x00, 0x82, 0x71, 0x20, 0xCD, 0x16, 0x91, 0xB9, 0x9C, 0x9C, 0x14,
0x76, 0x68, 0x00, 0x9A, 0x10, 0x1A, 0xCE, 0xAB, 0xAC, 0x00, 0x00, 0x04, 0x19, 0x00, 0x00, 0x00,
0x00, 0x79, 0xBA, 0x17, 0x00, 0x00, 0x00, 0x19, 0x0C, 0x0E, 0x00, 0x00, 0x5A, 0xD3, 0xD5, 0xB1,
0x11, 0x23, 0xD5, 0x11, 0x00, 0x75, 0x8F, 0x6D, 0x7C, 0x00, 0x00, 0x18, 0x5A, 0x81, 0x69, 0x00,
0x89, 0x90, 0x6A, 0x72, 0x76, 0x00, 0x32, 0x5B, 0xBC, 0x32, 0xC6, 0x04, 0x00, 0x69, 0xBC, 0x00,
0x81, 0xD3, 0xBB, 0xA9, 0xB0, 0x00, 0x00, 0x0C, 0x16, 0x00, 0x00, 0x00, 0x07, 0x27, 0x00, 0x00,
0x00, 0x7A, 0xBB, 0x24, 0x0A, 0x00, 0x4E, 0x5B, 0xB6, 0x32, 0x44, 0xB4, 0x67, 0xB8, 0x00, 0x76,
0x5E, 0x00, 0xD9, 0x00, 0x2B, 0xD2, 0x9F, 0x95, 0x00, 0x8B, 0x6F, 0x1F, 0x00, 0x00, 0x79, 0xDF,
0xC8, 0xCF, 0x2A, 0xD3, 0x09, 0x00, 0x74, 0x6B, 0x69, 0xBB, 0xB4, 0xAA, 0x14, 0x00, 0x00, 0x9F,
0xA3, 0x3E, 0x00, 0x00, 0x00, 0x04, 0x10, 0x00, 0x00, 0x00, 0x5A, 0xD3, 0xD5, 0xB1, 0x11, 0x23,
0xD5, 0x11, 0x00, 0x75, 0x8F, 0x6D, 0x7C, 0x00, 0x00, 0x18, 0x5A, 0x81, 0x69, 0x00, 0x89, 0x90,
0x6A, 0x72, 0x76, 0x00, 0x32, 0x5B, 0xBC, 0x32, 0xC6, 0x04, 0x00, 0x69, 0xBC, 0x00, 0x81, 0xD3,
0xBB, 0xA9, 0xB0, 0x00, 0x00, 0x0C, 0x16, 0x00, 0x00, 0x00, 0x9A, 0x9C, 0x47, 0x0A, 0x00, 0x3E,
0x67, 0xAA, 0x32, 0x44, 0xB4, 0x67, 0xB8, 0x00, 0x76, 0x5E, 0x00, 0xD9, 0x00, 0x2B, 0xD2, 0x9F,
0x95, 0x00, 0x8B, 0x6F, 0x1F, 0x00, 0x00, 0x79, 0xDF, 0xC8, 0xCF, 0x2A, 0xD3, 0x09, 0x00, 0x74,
0x6B, 0x69, 0xBB, 0xB4, 0xAA, 0x14, 0x00, 0x00, 0x00, 0x35, 0x00, 0x00, 0x00, 0x00, 0x00, 0xA1,
0x00, 0x00, 0x00, 0x00, 0x00, 0x00, 0x00, 0x00, 0x00, 0x5A, 0xD3, 0xD5, 0xB1, 0x11, 0x23, 0xD5,
0x11, 0x00, 0x75, 0x8F, 0x6D, 0x7C, 0x00, 0x00, 0x18, 0x5A, 0x81, 0x69, 0x00, 0x89, 0x90, 0x6A,
0x72, 0x76, 0x00, 0x32, 0x5B, 0xBC, 0x32, 0xC6, 0x04, 0x00, 0x69, 0xBC, 0x00, 0x81, 0xD3, 0xBB,
0xA9, 0xB0, 0x00, 0x00, 0x0C, 0x16, 0x00, 0x00, 0x00, 0x00, 0x33, 0x00, 0x00, 0x00, 0x00, 0x9B,
0x0A, 0x0A, 0x00, 0x37, 0x50, 0xAA, 0x32, 0x44, 0xB4, 0x67, 0xB8, 0x00, 0x76, 0x5E, 0x00, 0xD9,
0x00, 0x2B, 0xD2, 0x9F, 0x95, 0x00, 0x8B, 0x6F, 0x1F, 0x00, 0x00, 0x79, 0xDF, 0xC8, 0xCF, 0x2A,
0xD3, 0x09, 0x00, 0x74, 0x6B, 0x69, 0xBB, 0xB4, 0xAA, 0x14, 0x00, 0x5A, 0xD3, 0xD5, 0xB1, 0x11,
0x23, 0xD5, 0x11, 0x00, 0x75, 0x8F, 0x6D, 0x7C, 0x00, 0x00, 0x18, 0x5A, 0x81, 0x69, 0x00, 0x89,
0x90, 0x6A, 0x72, 0x76, 0x00, 0x32, 0x5B, 0xBC, 0x32, 0xC6, 0x04, 0x00, 0x69, 0xBC, 0x00, 0x81,
0xD3, 0xBB, 0xA9, 0xB0, 0x00, 0x00, 0x0C, 0x32, 0x00, 0x00, 0x00, 0x00, 0x00, 0xCA, 0x00, 0x00,
0x00, 0x00, 0x00, 0x2C, 0x00, 0x00, 0x00, 0x00, 0x6D, 0x00, 0x00, 0x00, 0x00, 0x9B, 0x0A, 0x0A,
0x00, 0x37, 0x50, 0xAA, 0x32, 0x44, 0xB4, 0x67, 0xB8, 0x00, 0x76, 0x5E, 0x00, 0xD9, 0x00, 0x2B,
0xD2, 0x9F, 0x95, 0x00, 0x8B, 0x6F, 0x1F, 0x00, 0x00, 0x79, 0xDF, 0xC8, 0xCF, 0x2A, 0xD3, 0x09,
0x00, 0x74, 0x6B, 0x69, 0xBB, 0xB4, 0xAA, 0x14, 0x00, 0x00, 0x79, 0xBA, 0x17, 0x00, 0x00, 0x00,
0x19, 0x0C, 0x0E, 0x00, 0x41, 0x7F, 0x00, 0x00, 0x90, 0x30, 0x4C, 0x94, 0x00, 0x00, 0xA8, 0x38,
0x4C, 0x94, 0x00, 0x00, 0xA8, 0x38, 0x4C, 0xEA, 0xCC, 0xCC, 0xEE, 0x38, 0x4C, 0x94, 0x00, 0x00,
0xA8, 0x38, 0x4C, 0x94, 0x00, 0x00, 0xA8, 0x38, 0x4C, 0x94, 0x00, 0x00, 0xA8, 0x38, 0x79, 0xBA,
0x17, 0x00, 0x31, 0x25, 0x0E, 0x00, 0x68, 0x6C, 0x00, 0x00, 0x68, 0x75, 0x57, 0x21, 0x68, 0xD0,
0x69, 0xD0, 0x68, 0x75, 0x00, 0xD0, 0x68, 0x6C, 0x00, 0xD0, 0x68, 0x6C, 0x00, 0xD0, 0x68, 0x6C,
0x00, 0xD0, 0x53, 0x8B, 0x18, 0x18, 0x9C, 0x38, 0xCA, 0xE1, 0xB0, 0xB0, 0xE6, 0x6D, 0x4C, 0x94,
0x00, 0x00, 0xA8, 0x38, 0x4C, 0xEA, 0xCC, 0xCC, 0xEE, 0x38, 0x4C, 0x94, 0x00, 0x00, 0xA8, 0x38,
0x4C, 0x94, 0x00, 0x00, 0xA8, 0x38, 0x4C, 0x94, 0x00, 0x00, 0xA8, 0x38, 0x18, 0x19, 0x00, 0x00,
0xC3, 0xC5, 0x4A, 0x00, 0x71, 0x7E, 0x5D, 0x21, 0x68, 0xD0, 0x69, 0xD0, 0x68, 0x75, 0x00, 0xD0,
0x68, 0x6C, 0x00, 0xD0, 0x68, 0x6C, 0x00, 0xD0, 0x68, 0x6C, 0x00, 0xD0, 0xA5, 0xA2, 0x6F, 0x08,
0x06, 0x01, 0x41, 0x7F, 0x00, 0x4C, 0x94, 0x00, 0x4C, 0x94, 0x00, 0x4C, 0x94, 0x00, 0x4C, 0x94,
0x00, 0x4C, 0x94, 0x00, 0x4C, 0x94, 0x00, 0x20, 0x14, 0x25, 0xA1, 0xA4, 0x8E, 0x12, 0x25, 0x00,
0x44, 0x8C, 0x00, 0x44, 0x8C, 0x00, 0x44, 0x8C, 0x00, 0x44, 0x8C, 0x00, 0x44, 0x8C, 0x00, 0xB4,
0xB4, 0x5A, 0x04, 0x04, 0x02, 0x41, 0x7F, 0x00, 0x4C, 0x94, 0x00, 0x4C, 0x94, 0x00, 0x4C, 0x94,
0x00, 0x4C, 0x94, 0x00, 0x4C, 0x94, 0x00, 0x4C, 0x94, 0x00, 0x1A, 0xB8, 0xB8, 0x42, 0x00, 0x12,
0x25, 0x00, 0x00, 0x44, 0x8C, 0x00, 0x00, 0x44, 0x8C, 0x00, 0x00, 0x44, 0x8C, 0x00, 0x00, 0x44,
0x8C, 0x00, 0x00, 0x44, 0x8C, 0x00, 0x9F, 0xA3, 0x3E, 0x04, 0x10, 0x00, 0x41, 0x7F, 0x00, 0x4C,
0x94, 0x00, 0x4C, 0x94, 0x00, 0x4C, 0x94, 0x00, 0x4C, 0x94, 0x00, 0x4C, 0x94, 0x00, 0x4C, 0x94,
0x00, 0x9A, 0x9C, 0x3D, 0x19, 0x3C, 0x00, 0x44, 0x8C, 0x00, 0x44, 0x8C, 0x00, 0x44, 0x8C, 0x00,
0x44, 0x8C, 0x00, 0x44, 0x8C, 0x00, 0x41, 0x7F, 0x4C, 0x94, 0x4C, 0x94, 0x4C, 0x94, 0x4C, 0x94,
0x4C, 0x94, 0x4D, 0x94, 0xAD, 0x09, 0xB5, 0x54, 0x00, 0x33, 0x00, 0x9B, 0x12, 0x25, 0x44, 0x8C,
0x44, 0x8C, 0x44, 0x8C, 0x44, 0x8C, 0x48, 0x8C, 0xB6, 0x01, 0xA5, 0x53, 0x00, 0x35, 0x00, 0xA1,
0x00, 0x00, 0x41, 0x7F, 0x4C, 0x94, 0x4C, 0x94, 0x4C, 0x94, 0x4C, 0x94, 0x4C, 0x94, 0x4C, 0x94,
0x12, 0x25, 0x44, 0x8C, 0x44, 0x8C, 0x44, 0x8C, 0x44, 0x8C, 0x44, 0x8C, 0x41, 0x7F, 0x00, 0x00,
0x60, 0x64, 0x4C, 0x94, 0x00, 0x00, 0x70, 0x74, 0x4C, 0x94, 0x00, 0x00, 0x70, 0x74, 0x4C, 0x94,
0x00, 0x00, 0x70, 0x74, 0x4C, 0x94, 0x12, 0x00, 0x70, 0x74, 0x4C, 0x94, 0xDC, 0x0B, 0x78, 0x70,
0x4C, 0x94, 0x82, 0xCC, 0xD9, 0x27, 0x00, 0x00, 0x00, 0x15, 0x09, 0x00, 0x00, 0x33, 0x00, 0x33,
0x00, 0x9B, 0x00, 0x9B, 0x12, 0x25, 0x22, 0x15, 0x44, 0x8C, 0x80, 0x50, 0x44, 0x8C, 0x80, 0x50,
0x44, 0x8C, 0x80, 0x50, 0x44, 0x8C, 0x80, 0x50, 0x44, 0x8C, 0x80, 0x50, 0x00, 0x00, 0x83, 0x4E,
0x00, 0x41, 0xB7, 0x16, 0x00, 0x00, 0x79, 0xBA, 0x17, 0x00, 0x00, 0x19, 0x0C, 0x0E, 0x00, 0x00,
0x60, 0x64, 0x00, 0x00, 0x00, 0x70, 0x74, 0x00, 0x00, 0x00, 0x70, 0x74, 0x00, 0x00, 0x00, 0x70,
0x74, 0x00, 0x12, 0x00, 0x70, 0x74, 0x00, 0xDC, 0x0B, 0x78, 0x70, 0x00, 0x82, 0xCC, 0xD9, 0x27,
0x00, 0x00, 0x15, 0x09, 0x00, 0x00, 0x00, 0x0C, 0x28, 0x00, 0x00, 0x96, 0xBB, 0x22, 0x00, 0x3C,
0x20, 0x0E, 0x00, 0x80, 0x50, 0x00, 0x00, 0x80, 0x50, 0x00, 0x00, 0x80, 0x50, 0x00, 0x00, 0x80,
0x50, 0x00, 0x00, 0x80, 0x50, 0x00, 0x00, 0x83, 0x4E, 0x00, 0x41, 0xB7, 0x16, 0x00, 0x41, 0x7F,
0x00, 0x15, 0xB7, 0x0E, 0x4C, 0x94, 0x02, 0xB5, 0x46, 0x00, 0x4C, 0x94, 0x79, 0x87, 0x00, 0x00,
0x4C, 0xCB, 0xE7, 0x86, 0x00, 0x00, 0x4C, 0xDA, 0x19, 0xD3, 0x18, 0x00, 0x4C, 0x94, 0x00, 0x66,
0x90, 0x00, 0x4C, 0x94, 0x00, 0x06, 0xDA, 0x1E, 0x00, 0x00, 0x1C, 0x00, 0x00, 0x00, 0x00, 0x00,
0xCA, 0x00, 0x00, 0x00, 0x00, 0x00, 0x2C, 0x00, 0x00, 0x00, 0x18, 0x19, 0x00, 0x00, 0x00, 0x68,
0x6C, 0x00, 0x00, 0x00, 0x68, 0x6C, 0x01, 0x3E, 0x00, 0x68, 0x6C, 0x68, 0x7D, 0x00, 0x68, 0x91,
0xBA, 0x03, 0x00, 0x68, 0xE8, 0xC2, 0x01, 0x00, 0x68, 0x71, 0x90, 0x52, 0x00, 0x68, 0x6C, 0x19,
0xCD, 0x03, 0x00, 0x00, 0x1B, 0x00, 0x00, 0x00, 0x00, 0xC4, 0x00, 0x00, 0x00, 0x00, 0x2D, 0x00,
0x00, 0x1C, 0x1D, 0x01, 0x3E, 0x00, 0x68, 0x6C, 0x68, 0x7D, 0x00, 0x68, 0x91, 0xBA, 0x03, 0x00,
0x68, 0xE8, 0xC2, 0x01, 0x00, 0x68, 0x71, 0x90, 0x52, 0x00, 0x68, 0x6C, 0x19, 0xCD, 0x03, 0x8B,
0x54, 0x00, 0x00, 0x00, 0x13, 0x00, 0x00, 0x00, 0x00, 0x41, 0x7F, 0x00, 0x00, 0x00, 0x4C, 0x94,
0x00, 0x00, 0x00, 0x4C, 0x94, 0x00, 0x00, 0x00, 0x4C, 0x94, 0x00, 0x00, 0x00, 0x4C, 0x94, 0x00,
0x00, 0x00, 0x4C, 0x94, 0x00, 0x00, 0x00, 0x4C, 0xEA, 0xCC, 0xCC, 0x4D, 0x8B, 0x54, 0x31, 0x13,
0x80, 0x50, 0x80, 0x50, 0x80, 0x50, 0x80, 0x50, 0x80, 0x50, 0x80, 0x50, 0x80, 0x50, 0x41, 0x7F,
0x00, 0x00, 0x00, 0x4C, 0x94, 0x00, 0x00, 0x00, 0x4C, 0x94, 0x00, 0x00, 0x00, 0x4C, 0x94, 0x00,
0x00, 0x00, 0x4C, 0x94, 0x00, 0x00, 0x00, 0x4C, 0x94, 0x00, 0x00, 0x00, 0x4C, 0xEA, 0xCC, 0xCC,
0x4D, 0x00, 0x00, 0x1C, 0x00, 0x00, 0x00, 0x00, 0xCA, 0x00, 0x00, 0x00, 0x00, 0x2C, 0x00, 0x00,
0x1E, 0x13, 0x80, 0x50, 0x80, 0x50, 0x80, 0x50, 0x80, 0x50, 0x80, 0x50, 0x80, 0x50, 0x80, 0x50,
0x1B, 0x00, 0xC4, 0x00, 0x2D, 0x00, 0x00, 0x00, 0x00, 0x2C, 0x00, 0x41, 0x7F, 0x00, 0xA8, 0x00,
0x4C, 0x94, 0x00, 0x4D, 0x00, 0x4C, 0x94, 0x00, 0x00, 0x00, 0x4C, 0x94, 0x00, 0x00, 0x00, 0x4C,
0x94, 0x00, 0x00, 0x00, 0x4C, 0x94, 0x00, 0x00, 0x00, 0x4C, 0xEA, 0xCC, 0xCC, 0x4D, 0x1E, 0x13,
0x2C, 0x80, 0x50, 0xA8, 0x80, 0x50, 0x4D, 0x80, 0x50, 0x00, 0x80, 0x50, 0x00, 0x80, 0x50, 0x00,
0x80, 0x50, 0x00, 0x80, 0x50, 0x00, 0x41, 0x7F, 0x00, 0x00, 0x00, 0x4C, 0x94, 0x00, 0x00, 0x00,
0x4C, 0x94, 0x0D, 0x4F, 0x00, 0x4C, 0x94, 0x17, 0x8D, 0x00, 0x4C, 0x94, 0x00, 0x00, 0x00, 0x4C,
0x94, 0x00, 0x00, 0x00, 0x4C, 0xEA, 0xCC, 0xCC, 0x4D, 0x1E, 0x13, 0x00, 0x80, 0x50, 0x00, 0x80,
0x50, 0x00, 0x80, 0x5D, 0x4F, 0x80, 0x67, 0x8D, 0x80, 0x50, 0x00, 0x80, 0x50, 0x00, 0x80, 0x50,
0x00, 0x41, 0x7F, 0x00, 0x00, 0x00, 0x4C, 0x94, 0x01, 0x13, 0x00, 0x4C, 0x98, 0x8E, 0x2E, 0x00,
0x4C, 0xDD, 0x2C, 0x00, 0x00, 0xBF, 0x94, 0x00, 0x00, 0x00, 0x5A, 0x94, 0x00, 0x00, 0x00, 0x4C,
0xEA, 0xCC, 0xCC, 0x4D, 0x00, 0x1E, 0x13, 0x00, 0x00, 0x80, 0x50, 0x00, 0x00, 0x80, 0x50, 0x00,
0x00, 0x80, 0x76, 0x1D, 0x00, 0x84, 0xAD, 0x06, 0x21, 0xD7, 0x50, 0x00, 0x04, 0x80, 0x50, 0x00,
0x00, 0x80, 0x50, 0x00, 0x00, 0x00, 0x8B, 0x54, 0x00, 0x00, 0x00, 0x00, 0x13, 0x00, 0x00, 0x00,
0x41, 0x9C, 0x00, 0x00, 0x7C, 0x30, 0x4C, 0xF9, 0x43, 0x00, 0x90, 0x38, 0x4C, 0xA2, 0xD1, 0x05,
0x90, 0x38, 0x4C, 0x7C, 0x92, 0x73, 0x90, 0x38, 0x4C, 0x7C, 0x11, 0xDD, 0xA5, 0x38, 0x4C, 0x7C,
0x00, 0x65, 0xF7, 0x38, 0x4C, 0x7C, 0x00, 0x02, 0xCD, 0x38, 0x00, 0x00, 0x0D, 0x29, 0x00, 0x00,
0x96, 0x36, 0x1C, 0x1B, 0x67, 0x21, 0x68, 0xC9, 0x69, 0xD0, 0x68, 0x75, 0x00, 0xD0, 0x68, 0x6C,
0x00, 0xD0, 0x68, 0x6C, 0x00, 0xD0, 0x68, 0x6C, 0x00, 0xD0, 0x41, 0x9C, 0x00, 0x00, 0x7C, 0x30,
0x4C, 0xF9, 0x43, 0x00, 0x90, 0x38, 0x4C, 0xA2, 0xD1, 0x05, 0x90, 0x38, 0x4C, 0x7C, 0x92, 0x73,
0x90, 0x38, 0x4C, 0x7C, 0x11, 0xDD, 0xA5, 0x38, 0x4C, 0x7C, 0x00, 0x65, 0xF7, 0x38, 0x4C, 0x7C,
0x00, 0x02, 0xCD, 0x38, 0x00, 0x00, 0x00, 0x1C, 0x00, 0x00, 0x00, 0x00, 0x00, 0xCA, 0x00, 0x00,
0x00, 0x00, 0x00, 0x2C, 0x00, 0x00, 0x1C, 0x1B, 0x57, 0x21, 0x68, 0xC9, 0x69, 0xD0, 0x68, 0x75,
0x00, 0xD0, 0x68, 0x6C, 0x00, 0xD0, 0x68, 0x6C, 0x00, 0xD0, 0x68, 0x6C, 0x00, 0xD0, 0x00, 0x00,
0x1B, 0x00, 0x00, 0x00, 0xC4, 0x00, 0x00, 0x00, 0x2D, 0x00, 0x00, 0x00, 0x91, 0xB1, 0x26, 0x00,
0x00, 0x00, 0x07, 0x16, 0x00, 0x00, 0x41, 0x9C, 0x00, 0x00, 0x7C, 0x30, 0x4C, 0xF9, 0x43, 0x00,
0x90, 0x38, 0x4C, 0xA2, 0xD1, 0x05, 0x90, 0x38, 0x4C, 0x7C, 0x92, 0x73, 0x90, 0x38, 0x4C, 0x7C,
0x11, 0xDD, 0xA5, 0x38, 0x4C, 0x7C, 0x00, 0x65, 0xF7, 0x38, 0x4C, 0x7C, 0x00, 0x02, 0xCD, 0x38,
0x00, 0x30, 0x18, 0x18, 0x00, 0x8E, 0xC0, 0x14, 0x1C, 0x22, 0x6C, 0x21, 0x68, 0xC9, 0x69, 0xD0,
0x68, 0x75, 0x00, 0xD0, 0x68, 0x6C, 0x00, 0xD0, 0x68, 0x6C, 0x00, 0xD0, 0x68, 0x6C, 0x00, 0xD0,
0x3C, 0x00, 0x00, 0x00, 0xDC, 0x00, 0x00, 0x00, 0x80, 0x1B, 0x57, 0x21, 0x68, 0xC9, 0x69, 0xD0,
0x68, 0x75, 0x00, 0xD0, 0x68, 0x6C, 0x00, 0xD0, 0x68, 0x6C, 0x00, 0xD0, 0x68, 0x6C, 0x00, 0xD0,
0x41, 0x9C, 0x00, 0x00, 0x83, 0x30, 0x4C, 0xF9, 0x43, 0x00, 0x95, 0x38, 0x4C, 0xA2, 0xD1, 0x05,
0x94, 0x38, 0x4C, 0x7C, 0x91, 0x73, 0x92, 0x38, 0x4C, 0x7C, 0x0F, 0xDC, 0xA5, 0x38, 0x4C, 0x7C,
0x00, 0x63, 0xF7, 0x38, 0x4C, 0x7C, 0x00, 0x02, 0xCC, 0x38, 0x00, 0x00, 0x00, 0x00, 0x9B, 0x36,
0x00, 0x00, 0x00, 0x54, 0xB0, 0x0B, 0x1C, 0x1B, 0x57, 0x21, 0x68, 0xC9, 0x69, 0xD0, 0x68, 0x75,
0x00, 0xD0, 0x68, 0x6C, 0x00, 0xD0, 0x68, 0x6C, 0x00, 0xD0, 0x68, 0x6C, 0x00, 0xD0, 0x00, 0x00,
0x00, 0xD1, 0x00, 0x00, 0x83, 0x8C, 0x00, 0x00, 0xB4, 0xB4, 0x5A, 0x00, 0x00, 0x00, 0x04, 0x04,
0x02, 0x00, 0x00, 0x5A, 0xD3, 0xD6, 0xA1, 0x09, 0x24, 0xD5, 0x11, 0x00, 0x88, 0x81, 0x6D, 0x7C,
0x00, 0x00, 0x1C, 0xCD, 0x81, 0x69, 0x00, 0x00, 0x09, 0xE0, 0x70, 0x78, 0x00, 0x00, 0x17, 0xD1,
0x2F, 0xCA, 0x05, 0x00, 0x6F, 0x90, 0x00, 0x7B, 0xD3, 0xBD, 0xC2, 0x12, 0x00, 0x00, 0x0B, 0x17,
0x00, 0x00, 0x1A, 0xB8, 0xB8, 0x42, 0x00, 0x00, 0x30, 0x56, 0x0E, 0x00, 0x37, 0xC3, 0x6F, 0xBF,
0x00, 0x87, 0x53, 0x00, 0xC3, 0x17, 0x95, 0x45, 0x00, 0xB5, 0x25, 0x7B, 0x61, 0x00, 0xCE, 0x0E,
0x1E, 0xCE, 0xB3, 0x95, 0x00, 0x00, 0x06, 0x16, 0x00, 0x00, 0x00, 0x00, 0x9F, 0xA3, 0x3E, 0x00,
0x00, 0x00, 0x04, 0x10, 0x00, 0x00, 0x00, 0x5A, 0xD3, 0xD6, 0xA1, 0x09, 0x24, 0xD5, 0x11, 0x00,
0x88, 0x81, 0x6D, 0x7C, 0x00, 0x00, 0x1C, 0xCD, 0x81, 0x69, 0x00, 0x00, 0x09, 0xE0, 0x70, 0x78,
0x00, 0x00, 0x17, 0xD1, 0x2F, 0xCA, 0x05, 0x00, 0x6F, 0x90, 0x00, 0x7B, 0xD3, 0xBD, 0xC2, 0x12,
0x00, 0x00, 0x0B, 0x17, 0x00, 0x00, 0x00, 0x9A, 0x9C, 0x3D, 0x00, 0x00, 0x37, 0x6D, 0x0E, 0x00,
0x37, 0xC3, 0x6F, 0xBF, 0x00, 0x87, 0x53, 0x00, 0xC3, 0x17, 0x95, 0x45, 0x00, 0xB5, 0x25, 0x7B,
0x61, 0x00, 0xCE, 0x0E, 0x1E, 0xCE, 0xB3, 0x95, 0x00, 0x00, 0x06, 0x16, 0x00, 0x00, 0x00, 0x00,
0x96, 0x84, 0x6E, 0x00, 0x00, 0x00, 0x10, 0x10, 0x01, 0x00, 0x00, 0x5A, 0xD3, 0xD6, 0xA1, 0x09,
0x24, 0xD5, 0x11, 0x00, 0x88, 0x81, 0x6D, 0x7C, 0x00, 0x00, 0x1C, 0xCD, 0x81, 0x69, 0x00, 0x00,
0x09, 0xE0, 0x70, 0x78, 0x00, 0x00, 0x17, 0xD1, 0x2F, 0xCA, 0x05, 0x00, 0x6F, 0x90, 0x00, 0x7B,
0xD3, 0xBD, 0xC2, 0x12, 0x00, 0x00, 0x0B, 0x17, 0x00, 0x00, 0x00, 0x18, 0x24, 0x31, 0x00, 0x00,
0xA7, 0x88, 0x6B, 0x00, 0x00, 0x40, 0x65, 0x0F, 0x00, 0x37, 0xC3, 0x6F, 0xBF, 0x00, 0x87, 0x53,
0x00, 0xC3, 0x17, 0x95, 0x45, 0x00, 0xB5, 0x25, 0x7B, 0x61, 0x00, 0xCE, 0x0E, 0x1E, 0xCE, 0xB3,
0x95, 0x00, 0x00, 0x06, 0x16, 0x00, 0x00, 0x00, 0x82, 0xD9, 0xBE, 0xBB, 0xCE, 0xCC, 0xA0, 0x33,
0xC8, 0x05, 0x29, 0xFC, 0x20, 0x00, 0x00, 0x71, 0x78, 0x00, 0x00, 0xD1, 0x20, 0x00, 0x00, 0x82,
0x68, 0x00, 0x00, 0xC1, 0xD3, 0xCC, 0x43, 0x74, 0x75, 0x00, 0x00, 0xCD, 0x20, 0x00, 0x00, 0x3F,
0xB8, 0x00, 0x1A, 0xF9, 0x20, 0x00, 0x00, 0x00, 0xA6, 0xC9, 0xC9, 0xDD, 0xD3, 0xCC, 0xAC, 0x00,
0x00, 0x15, 0x06, 0x00, 0x00, 0x00, 0x00, 0x00, 0x25, 0x59, 0x16, 0x28, 0x5A, 0x18, 0x00, 0x1F,
0xCF, 0x67, 0xD6, 0xCA, 0x67, 0xD1, 0x02, 0x67, 0x73, 0x00, 0x9F, 0x76, 0x20, 0xC6, 0x1E, 0x75,
0x65, 0x00, 0x91, 0xBC, 0x9C, 0x9C, 0x18, 0x5B, 0x83, 0x00, 0xAF, 0x6D, 0x00, 0x95, 0x17, 0x0E,
0xCC, 0xAB, 0xB9, 0xCF, 0xAA, 0xB1, 0x00, 0x00, 0x03, 0x19, 0x00, 0x04, 0x1A, 0x01, 0x00, 0x00,
0x00, 0x8B, 0x54, 0x00, 0x00, 0x00, 0x00, 0x13, 0x00, 0x00, 0x00, 0x41, 0xD5, 0xCC, 0xCE, 0xA0,
0x0B, 0x4C, 0x94, 0x00, 0x01, 0x97, 0x6C, 0x4C, 0x94, 0x00, 0x00, 0x8B, 0x72, 0x4C, 0xEA, 0xCC,
0xD7, 0xBE, 0x0F, 0x4C, 0x94, 0x00, 0x5B, 0x98, 0x00, 0x4C, 0x94, 0x00, 0x07, 0xDF, 0x11, 0x4C,
0x94, 0x00, 0x00, 0x85, 0x75, 0x00, 0x0D, 0x29, 0x00, 0x96, 0x36, 0x1C, 0x34, 0x3B, 0x68, 0xD2,
0x61, 0x68, 0x76, 0x00, 0x68, 0x6C, 0x00, 0x68, 0x6C, 0x00, 0x68, 0x6C, 0x00, 0x41, 0xD5, 0xCC,
0xCE, 0xA0, 0x0B, 0x4C, 0x94, 0x00, 0x01, 0x97, 0x6C, 0x4C, 0x94, 0x00, 0x00, 0x8B, 0x72, 0x4C,
0xEA, 0xCC, 0xD7, 0xBE, 0x0F, 0x4C, 0x94, 0x00, 0x5B, 0x98, 0x00, 0x4C, 0x94, 0x00, 0x07, 0xDF,
0x11, 0x4C, 0x94, 0x00, 0x00, 0x85, 0x75, 0x00, 0x00, 0x00, 0x1C, 0x00, 0x00, 0x00, 0x00, 0x00,
0xCA, 0x00, 0x00, 0x00, 0x00, 0x00, 0x2C, 0x00, 0x00, 0x1C, 0x24, 0x3B, 0x68, 0xD2, 0x61, 0x68,
0x76, 0x00, 0x68, 0x6C, 0x00, 0x68, 0x6C, 0x00, 0x68, 0x6C, 0x00, 0x00, 0x1B, 0x00, 0x00, 0xC4,
0x00, 0x00, 0x2D, 0x00, 0x00, 0x00, 0x91, 0xB1, 0x26, 0x00, 0x00, 0x00, 0x07, 0x16, 0x00, 0x00,
0x41, 0xD5, 0xCC, 0xCE, 0xA0, 0x0B, 0x4C, 0x94, 0x00, 0x01, 0x97, 0x6C, 0x4C, 0x94, 0x00, 0x00,
0x8B, 0x72, 0x4C, 0xEA, 0xCC, 0xD7, 0xBE, 0x0F, 0x4C, 0x94, 0x00, 0x5B, 0x98, 0x00, 0x4C, 0x94,
0x00, 0x07, 0xDF, 0x11, 0x4C, 0x94, 0x00, 0x00, 0x85, 0x75, 0x30, 0x18, 0x18, 0x8E, 0xC0, 0x14,
0x23, 0x39, 0x3B, 0x68, 0xD2, 0x61, 0x68, 0x76, 0x00, 0x68, 0x6C, 0x00, 0x68, 0x6C, 0x00, 0x68,
0x6C, 0x00, 0x00, 0x00, 0x8B, 0x54, 0x00, 0x00, 0x00, 0x00, 0x13, 0x00, 0x00, 0x00, 0x0D, 0xB0,
0xD4, 0xD3, 0x46, 0x00, 0x66, 0x97, 0x00, 0x2A, 0xD1, 0x00, 0x51, 0xCE, 0x27, 0x01, 0x0E, 0x00,
0x01, 0x6C, 0xD9, 0xCA, 0x40, 0x00, 0x15, 0x0C, 0x00, 0x47, 0xEB, 0x02, 0x8B, 0x6A, 0x00, 0x08,
0xEA, 0x05, 0x22, 0xD3, 0xB9, 0xD6, 0x78, 0x00, 0x00, 0x01, 0x19, 0x0A, 0x00, 0x00, 0x00, 0x0D,
0x29, 0x00, 0x00, 0x96, 0x36, 0x00, 0x00, 0x54, 0x4D, 0x02, 0x63, 0xA3, 0xA0, 0x73, 0x79, 0x96,
0x1F, 0x26, 0x0A, 0x83, 0xDF, 0x51, 0x6C, 0x26, 0x3A, 0xAC, 0x56, 0xCA, 0xC5, 0x5E, 0x00, 0x0E,
0x0F, 0x00, 0x00, 0x79, 0xBA, 0x17, 0x00, 0x00, 0x00, 0x19, 0x0C, 0x0E, 0x00, 0x00, 0x0D, 0xB0,
0xD4, 0xD3, 0x46, 0x00, 0x66, 0x97, 0x00, 0x2A, 0xD1, 0x00, 0x51, 0xCE, 0x27, 0x01, 0x0E, 0x00,
0x01, 0x6C, 0xD9, 0xCA, 0x40, 0x00, 0x15, 0x0C, 0x00, 0x47, 0xEB, 0x02, 0x8B, 0x6A, 0x00, 0x08,
0xEA, 0x05, 0x22, 0xD3, 0xB9, 0xD6, 0x78, 0x00, 0x00, 0x01, 0x19, 0x0A, 0x00, 0x00, 0x00, 0x0C,
0x28, 0x00, 0x00, 0x96, 0xBB, 0x22, 0x00, 0x5E, 0x58, 0x10, 0x63, 0xA3, 0xA0, 0x73, 0x79, 0x96,
0x1F, 0x26, 0x0A, 0x83, 0xDF, 0x51, 0x6C, 0x26, 0x3A, 0xAC, 0x56, 0xCA, 0xC5, 0x5E, 0x00, 0x0E,
0x0F, 0x00, 0x0D, 0xB0, 0xD4, 0xD3, 0x46, 0x00, 0x66, 0x97, 0x00, 0x2A, 0xD1, 0x00, 0x51, 0xCE,
0x27, 0x01, 0x0E, 0x00, 0x01, 0x6C, 0xD9, 0xCA, 0x40, 0x00, 0x15, 0x0C, 0x00, 0x47, 0xEB, 0x02,
0x8B, 0x6A, 0x00, 0x08, 0xEA, 0x05, 0x22, 0xD3, 0xB9, 0xD6, 0x78, 0x00, 0x00, 0x01, 0x6E, 0x7F,
0x00, 0x00, 0x00, 0x00, 0x8A, 0x8A, 0x00, 0x00, 0x00, 0x44, 0x4D, 0x02, 0x63, 0xA3, 0xA0, 0x73,
0x79, 0x96, 0x1F, 0x26, 0x0A, 0x83, 0xDF, 0x51, 0x6C, 0x26, 0x3A, 0xAC, 0x56, 0xCA, 0xC5, 0x5E,
0x00, 0x66, 0x85, 0x00, 0x00, 0x8A, 0x8A, 0x00, 0x00, 0x91, 0xB1, 0x26, 0x00, 0x00, 0x00, 0x07,
0x16, 0x00, 0x00, 0x00, 0x0D, 0xB0, 0xD4, 0xD3, 0x46, 0x00, 0x66, 0x97, 0x00, 0x2A, 0xD1, 0x00,
0x51, 0xCE, 0x27, 0x01, 0x0E, 0x00, 0x01, 0x6C, 0xD9, 0xCA, 0x40, 0x00, 0x15, 0x0C, 0x00, 0x47,
0xEB, 0x02, 0x8B, 0x6A, 0x00, 0x08, 0xEA, 0x05, 0x22, 0xD3, 0xB9, 0xD6, 0x78, 0x00, 0x00, 0x01,
0x19, 0x0A, 0x00, 0x00, 0x00, 0x30, 0x18, 0x18, 0x00, 0x8E, 0xC0, 0x14, 0x00, 0x4B, 0x62, 0x02,
0x63, 0xA3, 0xA0, 0x73, 0x79, 0x96, 0x1F, 0x26, 0x0A, 0x83, 0xDF, 0x51, 0x6C, 0x26, 0x3A, 0xAC,
0x56, 0xCA, 0xC5, 0x5E, 0x00, 0x0E, 0x0F, 0x00, 0xA6, 0xCC, 0xDA, 0xCC, 0xA6, 0x00, 0x00, 0xE0,
0x00, 0x00, 0x00, 0x00, 0xE0, 0x00, 0x00, 0x00, 0x00, 0xE0, 0x00, 0x00, 0x00, 0x00, 0xE0, 0x00,
0x00, 0x00, 0x00, 0xE0, 0x00, 0x00, 0x00, 0x00, 0xE4, 0x04, 0x00, 0x00, 0x00, 0x60, 0x75, 0x00,
0x00, 0x00, 0x8A, 0x8A, 0x00, 0x34, 0x4B, 0x00, 0x7E, 0x90, 0x09, 0x9E, 0xAF, 0x0F, 0x68, 0x68,
0x00, 0x68, 0x68, 0x00, 0x68, 0x68, 0x00, 0x4F, 0xCF, 0x13, 0x60, 0x84, 0x00, 0x8A, 0x8A, 0x00,
0x00, 0x91, 0xB1, 0x26, 0x00, 0x00, 0x07, 0x16, 0x00, 0x00, 0xA6, 0xCC, 0xDA, 0xCC, 0xA6, 0x00,
0x00, 0xE0, 0x00, 0x00, 0x00, 0x00, 0xE0, 0x00, 0x00, 0x00, 0x00, 0xE0, 0x00, 0x00, 0x00, 0x00,
0xE0, 0x00, 0x00, 0x00, 0x00, 0xE0, 0x00, 0x00, 0x00, 0x00, 0xE0, 0x00, 0x00, 0x00, 0x00, 0x2C,
0x34, 0x4B, 0xA8, 0x7E, 0x90, 0x55, 0x9E, 0xAF, 0x0F, 0x68, 0x68, 0x00, 0x68, 0x68, 0x00, 0x68,
0x68, 0x00, 0x43, 0xCE, 0x13, 0x00, 0x0E, 0x00, 0xA6, 0xCC, 0xDA, 0xCC, 0xA6, 0x00, 0x00, 0xE0,
0x00, 0x00, 0x00, 0x00, 0xE0, 0x00, 0x00, 0x47, 0xBC, 0xF8, 0xBC, 0x47, 0x00, 0x00, 0xE0, 0x00,
0x00, 0x00, 0x00, 0xE0, 0x00, 0x00, 0x00, 0x00, 0xE0, 0x00, 0x00, 0x34, 0x4B, 0x00, 0x7E, 0x90,
0x09, 0x9E, 0xAF, 0x0F, 0x9F, 0xB2, 0x08, 0x7E, 0x85, 0x03, 0x68, 0x68, 0x00, 0x43, 0xCE, 0x13,
0x00, 0x0E, 0x00, 0x00, 0x00, 0xA5, 0xA2, 0x6F, 0x00, 0x00, 0x00, 0x08, 0x06, 0x01, 0x00, 0x41,
0x7F, 0x00, 0x00, 0x90, 0x30, 0x4C, 0x94, 0x00, 0x00, 0xA8, 0x38, 0x4C, 0x94, 0x00, 0x00, 0xA8,
0x38, 0x4C, 0x94, 0x00, 0x00, 0xA8, 0x38, 0x4C, 0x94, 0x00, 0x00, 0xA8, 0x38, 0x33, 0xBA, 0x00,
0x01, 0xCE, 0x1F, 0x01, 0xA3, 0xC8, 0xCD, 0x90, 0x00, 0x00, 0x00, 0x13, 0x10, 0x00, 0x00, 0x00,
0x20, 0x14, 0x25, 0x00, 0xA1, 0xA4, 0x8E, 0x1C, 0x1D, 0x00, 0x37, 0x68, 0x6C, 0x00, 0xD0, 0x68,
0x6C, 0x00, 0xD0, 0x68, 0x6C, 0x00, 0xD0, 0x67, 0x70, 0x05, 0xE4, 0x32, 0xD9, 0xB0, 0xCB, 0x00,
0x10, 0x09, 0x00, 0x00, 0x00, 0xB4, 0xB4, 0x5A, 0x00, 0x00, 0x00, 0x04, 0x04, 0x02, 0x00, 0x41,
0x7F, 0x00, 0x00, 0x90, 0x30, 0x4C, 0x94, 0x00, 0x00, 0xA8, 0x38, 0x4C, 0x94, 0x00, 0x00, 0xA8,
0x38, 0x4C, 0x94, 0x00, 0x00, 0xA8, 0x38, 0x4C, 0x94, 0x00, 0x00, 0xA8, 0x38, 0x33, 0xBA, 0x00,
0x01, 0xCE, 0x1F, 0x01, 0xA3, 0xC8, 0xCD, 0x90, 0x00, 0x00, 0x00, 0x13, 0x10, 0x00, 0x00, 0x1A,
0xB8, 0xB8, 0x42, 0x1C, 0x1D, 0x00, 0x37, 0x68, 0x6C, 0x00, 0xD0, 0x68, 0x6C, 0x00, 0xD0, 0x68,
0x6C, 0x00, 0xD0, 0x67, 0x70, 0x05, 0xE4, 0x32, 0xD9, 0xB0, 0xCB, 0x00, 0x10, 0x09, 0x00, 0x00,
0x00, 0x9F, 0xA3, 0x3E, 0x00, 0x00, 0x00, 0x04, 0x10, 0x00, 0x00, 0x41, 0x7F, 0x00, 0x00, 0x90,
0x30, 0x4C, 0x94, 0x00, 0x00, 0xA8, 0x38, 0x4C, 0x94, 0x00, 0x00, 0xA8, 0x38, 0x4C, 0x94, 0x00,
0x00, 0xA8, 0x38, 0x4C, 0x94, 0x00, 0x00, 0xA8, 0x38, 0x33, 0xBA, 0x00, 0x01, 0xCE, 0x1F, 0x01,
0xA3, 0xC8, 0xCD, 0x90, 0x00, 0x00, 0x00, 0x13, 0x10, 0x00, 0x00, 0x00, 0x9A, 0x9C, 0x3D, 0x1C,
0x24, 0x17, 0x37, 0x68, 0x6C, 0x00, 0xD0, 0x68, 0x6C, 0x00, 0xD0, 0x68, 0x6C, 0x00, 0xD0, 0x67,
0x70, 0x05, 0xE4, 0x32, 0xD9, 0xB0, 0xCB, 0x00, 0x10, 0x09, 0x00, 0x00, 0x00, 0x5A, 0x51, 0x00,
0x00, 0x00, 0x00, 0x98, 0x97, 0x00, 0x00, 0x00, 0x00, 0x36, 0x2F, 0x00, 0x00, 0x41, 0x7F, 0x00,
0x00, 0x90, 0x30, 0x4C, 0x94, 0x00, 0x00, 0xA8, 0x38, 0x4C, 0x94, 0x00, 0x00, 0xA8, 0x38, 0x4C,
0x94, 0x00, 0x00, 0xA8, 0x38, 0x4C, 0x94, 0x00, 0x00, 0xA8, 0x38, 0x33, 0xBA, 0x00, 0x01, 0xCE,
0x1F, 0x01, 0xA3, 0xC8, 0xCD, 0x90, 0x00, 0x00, 0x00, 0x13, 0x10, 0x00, 0x00, 0x00, 0x57, 0x4F,
0x00, 0x00, 0x87, 0x87, 0x00, 0x1C, 0x53, 0x2F, 0x37, 0x68, 0x6C, 0x00, 0xD0, 0x68, 0x6C, 0x00,
0xD0, 0x68, 0x6C, 0x00, 0xD0, 0x67, 0x70, 0x05, 0xE4, 0x32, 0xD9, 0xB0, 0xCB, 0x00, 0x10, 0x09,
0x00, 0x00, 0x00, 0x96, 0x84, 0x6E, 0x00, 0x00, 0x00, 0x10, 0x10, 0x01, 0x00, 0x41, 0x7F, 0x00,
0x00, 0x90, 0x30, 0x4C, 0x94, 0x00, 0x00, 0xA8, 0x38, 0x4C, 0x94, 0x00, 0x00, 0xA8, 0x38, 0x4C,
0x94, 0x00, 0x00, 0xA8, 0x38, 0x4C, 0x94, 0x00, 0x00, 0xA8, 0x38, 0x33, 0xBA, 0x00, 0x01, 0xCE,
0x1F, 0x01, 0xA3, 0xC8, 0xCD, 0x90, 0x00, 0x00, 0x00, 0x13, 0x10, 0x00, 0x00, 0x00, 0x18, 0x24,
0x31, 0x00, 0xA7, 0x88, 0x6B, 0x1C, 0x2D, 0x0F, 0x38, 0x68, 0x6C, 0x00, 0xD0, 0x68, 0x6C, 0x00,
0xD0, 0x68, 0x6C, 0x00, 0xD0, 0x67, 0x70, 0x05, 0xE4, 0x32, 0xD9, 0xB0, 0xCB, 0x00, 0x10, 0x09,
0x00, 0x41, 0x7F, 0x00, 0x00, 0x90, 0x30, 0x4C, 0x94, 0x00, 0x00, 0xA8, 0x38, 0x4C, 0x94, 0x00,
0x00, 0xA8, 0x38, 0x4C, 0x94, 0x00, 0x00, 0xA8, 0x38, 0x4C, 0x94, 0x00, 0x00, 0xA8, 0x38, 0x33,
0xBA, 0x00, 0x01, 0xCE, 0x1F, 0x01, 0xA3, 0xC8, 0xCF, 0x93, 0x00, 0x00, 0x00, 0x13, 0xBB, 0x09,
0x00, 0x00, 0x00, 0x00, 0xB5, 0x54, 0x00, 0x1C, 0x1D, 0x00, 0x37, 0x00, 0x68, 0x6C, 0x00, 0xD0,
0x00, 0x68, 0x6C, 0x00, 0xD0, 0x00, 0x68, 0x6C, 0x00, 0xD0, 0x00, 0x67, 0x70, 0x05, 0xE4, 0x00,
0x32, 0xD9, 0xB0, 0xCF, 0x01, 0x00, 0x10, 0x09, 0xB6, 0x01, 0x00, 0x00, 0x00, 0xA5, 0x53, 0x00,
0x00, 0x00, 0x79, 0xBA, 0x17, 0x00, 0x00, 0x00, 0x00, 0x00, 0x19, 0x0C, 0x0E, 0x00, 0x00, 0xB2,
0x1B, 0x00, 0xAA, 0x83, 0x00, 0x37, 0x77, 0x98, 0x55, 0x00, 0xC2, 0xC2, 0x00, 0x76, 0x53, 0x5C,
0x8E, 0x19, 0xA1, 0xD8, 0x00, 0xAE, 0x18, 0x21, 0xC5, 0x45, 0x73, 0xBA, 0x1E, 0xC2, 0x00, 0x00,
0xDD, 0x76, 0x46, 0x8C, 0x69, 0xA1, 0x00, 0x00, 0xA8, 0xC9, 0x18, 0x5E, 0xC9, 0x65, 0x00, 0x00,
0x6E, 0xE9, 0x00, 0x2E, 0xFF, 0x2A, 0x00, 0x00, 0x00, 0x0C, 0x28, 0x00, 0x00, 0x00, 0x00, 0x96,
0xBB, 0x22, 0x00, 0x3D, 0x00, 0x3D, 0x2C, 0x0E, 0x3A, 0xCB, 0x14, 0x9C, 0x98, 0x1C, 0xB7, 0x8C,
0x4C, 0xA5, 0xB8, 0x53, 0x77, 0x4D, 0x88, 0xA4, 0xBE, 0x8E, 0x37, 0x12, 0xD7, 0x80, 0x9A, 0xCA,
0x04, 0x00, 0xD0, 0x53, 0x6A, 0xB7, 0x00, 0x00, 0x79, 0xBA, 0x17, 0x00, 0x00, 0x00, 0x19, 0x0C,
0x0E, 0x00, 0x00, 0x97, 0x3E, 0x00, 0x00, 0x95, 0x24, 0x2F, 0xC7, 0x01, 0x32, 0xA2, 0x00, 0x00,
0x9E, 0x5A, 0xB5, 0x20, 0x00, 0x00, 0x1C, 0xE6, 0x8C, 0x00, 0x00, 0x00, 0x00, 0xB5, 0x32, 0x00,
0x00, 0x00, 0x00, 0xB4, 0x30, 0x00, 0x00, 0x00, 0x00, 0xB4, 0x30, 0x00, 0x00, 0x00, 0x0C, 0x28,
0x00, 0x00, 0x96, 0xBB, 0x22, 0x3B, 0x1D, 0x0B, 0x45, 0xAD, 0x39, 0x08, 0xC7, 0x5E, 0x80, 0x3C,
0x8B, 0x13, 0xC5, 0x7B, 0x46, 0x00, 0xBF, 0xC3, 0x09, 0x00, 0x72, 0xBB, 0x00, 0x00, 0x7B, 0x65,
0x00, 0x66, 0xA1, 0x05, 0x00, 0x00, 0x00, 0x35, 0x1E, 0x17, 0x00, 0x00, 0x00, 0xA1, 0x5C, 0x45,
0x00, 0x00, 0x00, 0x00, 0x00, 0x00, 0x00, 0x97, 0x3E, 0x00, 0x00, 0x95, 0x24, 0x2F, 0xC7, 0x01,
0x32, 0xA2, 0x00, 0x00, 0x9E, 0x5A, 0xB5, 0x20, 0x00, 0x00, 0x1C, 0xE6, 0x8C, 0x00, 0x00, 0x00,
0x00, 0xB5, 0x32, 0x00, 0x00, 0x00, 0x00, 0xB4, 0x30, 0x00, 0x00, 0x00, 0x00, 0xB4, 0x30, 0x00,
0x00, 0x00, 0x00, 0x8B, 0x54, 0x00, 0x00, 0x00, 0x13, 0x00, 0x00, 0x7A, 0xCC, 0xCC, 0xD5, 0x8D,
0x00, 0x00, 0x05, 0xD5, 0x2B, 0x00, 0x00, 0x71, 0x94, 0x00, 0x00, 0x13, 0xDE, 0x13, 0x00, 0x00,
0x96, 0x6D, 0x00, 0x00, 0x2B, 0xD3, 0x05, 0x00, 0x00, 0xB0, 0xE7, 0xCC, 0xCC, 0xA3, 0x00, 0x0D,
0x29, 0x00, 0x00, 0x96, 0x36, 0x00, 0x27, 0x54, 0x44, 0x30, 0x45, 0x78, 0xC8, 0x7D, 0x00, 0x13,
0xD3, 0x0A, 0x00, 0x91, 0x5E, 0x00, 0x24, 0xC6, 0x02, 0x00, 0xA2, 0xDB, 0xBC, 0x9C, 0x00, 0x00,
0x35, 0x00, 0x00, 0x00, 0x00, 0xA1, 0x00, 0x00, 0x00, 0x00, 0x00, 0x00, 0x00, 0x7A, 0xCC, 0xCC,
0xD5, 0x8D, 0x00, 0x00, 0x05, 0xD5, 0x2B, 0x00, 0x00, 0x71, 0x94, 0x00, 0x00, 0x13, 0xDE, 0x13,
0x00, 0x00, 0x96, 0x6D, 0x00, 0x00, 0x2B, 0xD3, 0x05, 0x00, 0x00, 0xB0, 0xE7, 0xCC, 0xCC, 0xA3,
0x00, 0x00, 0x33, 0x00, 0x00, 0x00, 0x9B, 0x00, 0x27, 0x44, 0x44, 0x30, 0x45, 0x78, 0xC8, 0x7D,
0x00, 0x13, 0xD3, 0x0A, 0x00, 0x91, 0x5E, 0x00, 0x24, 0xC6, 0x02, 0x00, 0xA2, 0xDB, 0xBC, 0x9C,
0x00, 0x91, 0xB1, 0x26, 0x00, 0x00, 0x07, 0x16, 0x00, 0x00, 0x7A, 0xCC, 0xCC, 0xD5, 0x8D, 0x00,
0x00, 0x05, 0xD5, 0x2B, 0x00, 0x00, 0x71, 0x94, 0x00, 0x00, 0x13, 0xDE, 0x13, 0x00, 0x00, 0x96,
0x6D, 0x00, 0x00, 0x2B, 0xD3, 0x05, 0x00, 0x00, 0xB0, 0xE7, 0xCC, 0xCC, 0xA3, 0x00, 0x30, 0x18,
0x18, 0x00, 0x8E, 0xC0, 0x14, 0x27, 0x4B, 0x59, 0x30, 0x45, 0x78, 0xC8, 0x7D, 0x00, 0x13, 0xD3,
0x0A, 0x00, 0x91, 0x5E, 0x00, 0x24, 0xC6, 0x02, 0x00, 0xA2, 0xDB, 0xBC, 0x9C, 0x04, 0x46, 0x11,
0x60, 0xA6, 0x1B, 0x93, 0x60, 0x00, 0xAB, 0x60, 0x00, 0x74, 0x60, 0x00, 0x74, 0x60, 0x00, 0x74,
0x60, 0x00, 0x74, 0x60, 0x00, 0x00, 0x16, 0x41, 0x72, 0x63, 0x68, 0x69, 0x76, 0x6F, 0x20, 0x4E,
0x61, 0x72, 0x72, 0x6F, 0x77, 0x20, 0x52, 0x65, 0x67, 0x75, 0x6C, 0x61, 0x72, 0x00, 0x15, 0x41,
0x72, 0x63, 0x68, 0x69, 0x76, 0x6F, 0x4E, 0x61, 0x72, 0x72, 0x6F, 0x77, 0x2D, 0x52, 0x65, 0x67,
0x75, 0x6C, 0x61, 0x72, 0x01, 
};
