#include <pgmspace.h>

const uint8_t ArchivoNarrowRegular8[] PROGMEM = {
0x00, 0x00, 0x01, 0x3E, 0x00, 0x00, 0x00, 0x0B, 0x00, 0x00, 0x00, 0x10, 0x00, 0x00, 0x00, 0x00,
0x00, 0x00, 0x00, 0x0C, 0x00, 0x00, 0x00, 0x03, 0x00, 0x00, 0x00, 0x21, 0x00, 0x00, 0x00, 0x0B,
0x00, 0x00, 0x00, 0x03, 0x00, 0x00, 0x00, 0x04, 0x00, 0x00, 0x00, 0x0B, 0x00, 0x00, 0x00, 0x00,
0x00, 0x00, 0x00, 0x00, 0x00, 0x00, 0x00, 0x22, 0x00, 0x00, 0x00, 0x05, 0x00, 0x00, 0x00, 0x05,
0x00, 0x00, 0x00, 0x05, 0x00, 0x00, 0x00, 0x0B, 0x00, 0x00, 0x00, 0x00, 0x00, 0x00, 0x00, 0x00,
0x00, 0x00, 0x00, 0x23, 0x00, 0x00, 0x00, 0x0C, 0x00, 0x00, 0x00, 0x08, 0x00, 0x00, 0x00, 0x07,
0x00, 0x00, 0x00, 0x0C, 0x00, 0x00, 0x00, 0x00, 0x00, 0x00, 0x00, 0x00, 0x00, 0x00, 0x00, 0x24,
0x00, 0x00, 0x00, 0x0D, 0x00, 0x00, 0x00, 0x07, 0x00, 0x00, 0x00, 0x07, 0x00, 0x00, 0x00, 0x0C,
0x00, 0x00, 0x00, 0x00, 0x00, 0x00, 0x00, 0x00, 0x00, 0x00, 0x00, 0x25, 0x00, 0x00, 0x00, 0x0D,
0x00, 0x00, 0x00, 0x0C, 0x00, 0x00, 0x00, 0x0C, 0x00, 0x00, 0x00, 0x0C, 0x00, 0x00, 0x00, 0x00,
0x00, 0x00, 0x00, 0x00, 0x00, 0x00, 0x00, 0x26, 0x00, 0x00, 0x00, 0x0D, 0x00, 0x00, 0x00, 0x09,
0x00, 0x00, 0x00, 0x09, 0x00, 0x00, 0x00, 0x0C, 0x00, 0x00, 0x00, 0x00, 0x00, 0x00, 0x00, 0x00,
0x00, 0x00, 0x00, 0x27, 0x00, 0x00, 0x00, 0x05, 0x00, 0x00, 0x00, 0x02, 0x00, 0x00, 0x00, 0x03,
0x00, 0x00, 0x00, 0x0B, 0x00, 0x00, 0x00, 0x00, 0x00, 0x00, 0x00, 0x00, 0x00, 0x00, 0x00, 0x28,
0x00, 0x00, 0x00, 0x0F, 0x00, 0x00, 0x00, 0x05, 0x00, 0x00, 0x00, 0x04, 0x00, 0x00, 0x00, 0x0C,
0x00, 0x00, 0x00, 0x00, 0x00, 0x00, 0x00, 0x00, 0x00, 0x00, 0x00, 0x29, 0x00, 0x00, 0x00, 0x0F,
0x00, 0x00, 0x00, 0x04, 0x00, 0x00, 0x00, 0x04, 0x00, 0x00, 0x00, 0x0C, 0x00, 0x00, 0x00, 0x00,
0x00, 0x00, 0x00, 0x00, 0x00, 0x00, 0x00, 0x2A, 0x00, 0x00, 0x00, 0x05, 0x00, 0x00, 0x00, 0x05,
0x00, 0x00, 0x00, 0x05, 0x00, 0x00, 0x00, 0x0B, 0x00, 0x00, 0x00, 0x00, 0x00, 0x00, 0x00, 0x00,
0x00, 0x00, 0x00, 0x2B, 0x00, 0x00, 0x00, 0x09, 0x00, 0x00, 0x00, 0x07, 0x00, 0x00, 0x00, 0x08,
0x00, 0x00, 0x00, 0x09, 0x00, 0x00, 0x00, 0x00, 0x00, 0x00, 0x00, 0x00, 0x00, 0x00, 0x00, 0x2C,
0x00, 0x00, 0x00, 0x04, 0x00, 0x00, 0x00, 0x02, 0x00, 0x00, 0x00, 0x04, 0x00, 0x00, 0x00, 0x02,
0x00, 0x00, 0x00, 0x01, 0x00, 0x00, 0x00, 0x00, 0x00, 0x00, 0x00, 0x2D, 0x00, 0x00, 0x00, 0x03,
0x00, 0x00, 0x00, 0x05, 0x00, 0x00, 0x00, 0x04, 0x00, 0x00, 0x00, 0x06, 0x00, 0x00, 0x00, 0x00,
0x00, 0x00, 0x00, 0x00, 0x00, 0x00, 0x00, 0x2E, 0x00, 0x00, 0x00, 0x02, 0x00, 0x00, 0x00, 0x02,
0x00, 0x00, 0x00, 0x04, 0x00, 0x00, 0x00, 0x02, 0x00, 0x00, 0x00, 0x01, 0x00, 0x00, 0x00, 0x00,
0x00, 0x00, 0x00, 0x2F, 0x00, 0x00, 0x00, 0x0D, 0x00, 0x00, 0x00, 0x04, 0x00, 0x00, 0x00, 0x04,
0x00, 0x00, 0x00, 0x0C, 0x00, 0x00, 0x00, 0x00, 0x00, 0x00, 0x00, 0x00, 0x00, 0x00, 0x00, 0x30,
0x00, 0x00, 0x00, 0x0D, 0x00, 0x00, 0x00, 0x07, 0x00, 0x00, 0x00, 0x07, 0x00, 0x00, 0x00, 0x0C,
0x00, 0x00, 0x00, 0x00, 0x00, 0x00, 0x00, 0x00, 0x00, 0x00, 0x00, 0x31, 0x00, 0x00, 0x00, 0x0B,
0x00, 0x00, 0x00, 0x08, 0x00, 0x00, 0x00, 0x07, 0x00, 0x00, 0x00, 0x0B, 0x00, 0x00, 0x00, 0x00,
0x00, 0x00, 0x00, 0x00, 0x00, 0x00, 0x00, 0x32, 0x00, 0x00, 0x00, 0x0C, 0x00, 0x00, 0x00, 0x07,
0x00, 0x00, 0x00, 0x07, 0x00, 0x00, 0x00, 0x0C, 0x00, 0x00, 0x00, 0x00, 0x00, 0x00, 0x00, 0x00,
0x00, 0x00, 0x00, 0x33, 0x00, 0x00, 0x00, 0x0D, 0x00, 0x00, 0x00, 0x07, 0x00, 0x00, 0x00, 0x07,
0x00, 0x00, 0x00, 0x0C, 0x00, 0x00, 0x00, 0x00, 0x00, 0x00, 0x00, 0x00, 0x00, 0x00, 0x00, 0x34,
0x00, 0x00, 0x00, 0x0C, 0x00, 0x00, 0x00, 0x07, 0x00, 0x00, 0x00, 0x07, 0x00, 0x00, 0x00, 0x0C,
0x00, 0x00, 0x00, 0x00, 0x00, 0x00, 0x00, 0x00, 0x00, 0x00, 0x00, 0x35, 0x00, 0x00, 0x00, 0x0C,
0x00, 0x00, 0x00, 0x07, 0x00, 0x00, 0x00, 0x07, 0x00, 0x00, 0x00, 0x0B, 0x00, 0x00, 0x00, 0x00,
0x00, 0x00, 0x00, 0x00, 0x00, 0x00, 0x00, 0x36, 0x00, 0x00, 0x00, 0x0D, 0x00, 0x00, 0x00, 0x07,
0x00, 0x00, 0x00, 0x07, 0x00, 0x00, 0x00, 0x0C, 0x00, 0x00, 0x00, 0x00, 0x00, 0x00, 0x00, 0x00,
0x00, 0x00, 0x00, 0x37, 0x00, 0x00, 0x00, 0x0B, 0x00, 0x00, 0x00, 0x07, 0x00, 0x00, 0x00, 0x07,
0x00, 0x00, 0x00, 0x0B, 0x00, 0x00, 0x00, 0x00, 0x00, 0x00, 0x00, 0x00, 0x00, 0x00, 0x00, 0x38,
0x00, 0x00, 0x00, 0x0D, 0x00, 0x00, 0x00, 0x07, 0x00, 0x00, 0x00, 0x07, 0x00, 0x00, 0x00, 0x0C,
0x00, 0x00, 0x00, 0x00, 0x00, 0x00, 0x00, 0x00, 0x00, 0x00, 0x00, 0x39, 0x00, 0x00, 0x00, 0x0D,
0x00, 0x00, 0x00, 0x07, 0x00, 0x00, 0x00, 0x07, 0x00, 0x00, 0x00, 0x0C, 0x00, 0x00, 0x00, 0x00,
0x00, 0x00, 0x00, 0x00, 0x00, 0x00, 0x00, 0x3A, 0x00, 0x00, 0x00, 0x09, 0x00, 0x00, 0x00, 0x02,
0x00, 0x00, 0x00, 0x04, 0x00, 0x00, 0x00, 0x09, 0x00, 0x00, 0x00, 0x01, 0x00, 0x00, 0x00, 0x00,
0x00, 0x00, 0x00, 0x3B, 0x00, 0x00, 0x00, 0x0B, 0x00, 0x00, 0x00, 0x02, 0x00, 0x00, 0x00, 0x04,
0x00, 0x00, 0x00, 0x09, 0x00, 0x00, 0x00, 0x01, 0x00, 0x00, 0x00, 0x00, 0x00, 0x00, 0x00, 0x3C,
0x00, 0x00, 0x00, 0x09, 0x00, 0x00, 0x00, 0x07, 0x00, 0x00, 0x00, 0x08, 0x00, 0x00, 0x00, 0x09,
0x00, 0x00, 0x00, 0x00, 0x00, 0x00, 0x00, 0x00, 0x00, 0x00, 0x00, 0x3D, 0x00, 0x00, 0x00, 0x06,
0x00, 0x00, 0x00, 0x07, 0x00, 0x00, 0x00, 0x08, 0x00, 0x00, 0x00, 0x07, 0x00, 0x00, 0x00, 0x00,
0x00, 0x00, 0x00, 0x00, 0x00, 0x00, 0x00, 0x3E, 0x00, 0x00, 0x00, 0x09, 0x00, 0x00, 0x00, 0x07,
0x00, 0x00, 0x00, 0x08, 0x00, 0x00, 0x00, 0x09, 0x00, 0x00, 0x00, 0x00, 0x00, 0x00, 0x00, 0x00,
0x00, 0x00, 0x00, 0x3F, 0x00, 0x00, 0x00, 0x0C, 0x00, 0x00, 0x00, 0x07, 0x00, 0x00, 0x00, 0x07,
0x00, 0x00, 0x00, 0x0C, 0x00, 0x00, 0x00, 0x00, 0x00, 0x00, 0x00, 0x00, 0x00, 0x00, 0x00, 0x40,
0x00, 0x00, 0x00, 0x0F, 0x00, 0x00, 0x00, 0x0D, 0x00, 0x00, 0x00, 0x0D, 0x00, 0x00, 0x00, 0x0C,
0x00, 0x00, 0x00, 0x00, 0x00, 0x00, 0x00, 0x00, 0x00, 0x00, 0x00, 0x41, 0x00, 0x00, 0x00, 0x0B,
0x00, 0x00, 0x00, 0x09, 0x00, 0x00, 0x00, 0x09, 0x00, 0x00, 0x00, 0x0B, 0x00, 0x00, 0x00, 0x00,
0x00, 0x00, 0x00, 0x00, 0x00, 0x00, 0x00, 0x42, 0x00, 0x00, 0x00, 0x0B, 0x00, 0x00, 0x00, 0x08,
0x00, 0x00, 0x00, 0x09, 0x00, 0x00, 0x00, 0x0B, 0x00, 0x00, 0x00, 0x01, 0x00, 0x00, 0x00, 0x00,
0x00, 0x00, 0x00, 0x43, 0x00, 0x00, 0x00, 0x0D, 0x00, 0x00, 0x00, 0x09, 0x00, 0x00, 0x00, 0x09,
0x00, 0x00, 0x00, 0x0C, 0x00, 0x00, 0x00, 0x00, 0x00, 0x00, 0x00, 0x00, 0x00, 0x00, 0x00, 0x44,
0x00, 0x00, 0x00, 0x0B, 0x00, 0x00, 0x00, 0x08, 0x00, 0x00, 0x00, 0x09, 0x00, 0x00, 0x00, 0x0B,
0x00, 0x00, 0x00, 0x01, 0x00, 0x00, 0x00, 0x00, 0x00, 0x00, 0x00, 0x45, 0x00, 0x00, 0x00, 0x0B,
0x00, 0x00, 0x00, 0x07, 0x00, 0x00, 0x00, 0x09, 0x00, 0x00, 0x00, 0x0B, 0x00, 0x00, 0x00, 0x01,
0x00, 0x00, 0x00, 0x00, 0x00, 0x00, 0x00, 0x46, 0x00, 0x00, 0x00, 0x0B, 0x00, 0x00, 0x00, 0x07,
0x00, 0x00, 0x00, 0x08, 0x00, 0x00, 0x00, 0x0B, 0x00, 0x00, 0x00, 0x01, 0x00, 0x00, 0x00, 0x00,
0x00, 0x00, 0x00, 0x47, 0x00, 0x00, 0x00, 0x0D, 0x00, 0x00, 0x00, 0x0A, 0x00, 0x00, 0x00, 0x0A,
0x00, 0x00, 0x00, 0x0C, 0x00, 0x00, 0x00, 0x00, 0x00, 0x00, 0x00, 0x00, 0x00, 0x00, 0x00, 0x48,
0x00, 0x00, 0x00, 0x0B, 0x00, 0x00, 0x00, 0x08, 0x00, 0x00, 0x00, 0x09, 0x00, 0x00, 0x00, 0x0B,
0x00, 0x00, 0x00, 0x01, 0x00, 0x00, 0x00, 0x00, 0x00, 0x00, 0x00, 0x49, 0x00, 0x00, 0x00, 0x0B,
0x00, 0x00, 0x00, 0x02, 0x00, 0x00, 0x00, 0x04, 0x00, 0x00, 0x00, 0x0B, 0x00, 0x00, 0x00, 0x01,
0x00, 0x00, 0x00, 0x00, 0x00, 0x00, 0x00, 0x4A, 0x00, 0x00, 0x00, 0x0C, 0x00, 0x00, 0x00, 0x06,
0x00, 0x00, 0x00, 0x07, 0x00, 0x00, 0x00, 0x0B, 0x00, 0x00, 0x00, 0x00, 0x00, 0x00, 0x00, 0x00,
0x00, 0x00, 0x00, 0x4B, 0x00, 0x00, 0x00, 0x0B, 0x00, 0x00, 0x00, 0x08, 0x00, 0x00, 0x00, 0x09,
0x00, 0x00, 0x00, 0x0B, 0x00, 0x00, 0x00, 0x01, 0x00, 0x00, 0x00, 0x00, 0x00, 0x00, 0x00, 0x4C,
0x00, 0x00, 0x00, 0x0B, 0x00, 0x00, 0x00, 0x07, 0x00, 0x00, 0x00, 0x07, 0x00, 0x00, 0x00, 0x0B,
0x00, 0x00, 0x00, 0x01, 0x00, 0x00, 0x00, 0x00, 0x00, 0x00, 0x00, 0x4D, 0x00, 0x00, 0x00, 0x0B,
0x00, 0x00, 0x00, 0x0A, 0x00, 0x00, 0x00, 0x0B, 0x00, 0x00, 0x00, 0x0B, 0x00, 0x00, 0x00, 0x00,
0x00, 0x00, 0x00, 0x00, 0x00, 0x00, 0x00, 0x4E, 0x00, 0x00, 0x00, 0x0B, 0x00, 0x00, 0x00, 0x08,
0x00, 0x00, 0x00, 0x09, 0x00, 0x00, 0x00, 0x0B, 0x00, 0x00, 0x00, 0x01, 0x00, 0x00, 0x00, 0x00,
0x00, 0x00, 0x00, 0x4F, 0x00, 0x00, 0x00, 0x0D, 0x00, 0x00, 0x00, 0x0A, 0x00, 0x00, 0x00, 0x0A,
0x00, 0x00, 0x00, 0x0C, 0x00, 0x00, 0x00, 0x00, 0x00, 0x00, 0x00, 0x00, 0x00, 0x00, 0x00, 0x50,
0x00, 0x00, 0x00, 0x0B, 0x00, 0x00, 0x00, 0x08, 0x00, 0x00, 0x00, 0x09, 0x00, 0x00, 0x00, 0x0B,
0x00, 0x00, 0x00, 0x01, 0x00, 0x00, 0x00, 0x00, 0x00, 0x00, 0x00, 0x51, 0x00, 0x00, 0x00, 0x0E,
0x00, 0x00, 0x00, 0x0A, 0x00, 0x00, 0x00, 0x0A, 0x00, 0x00, 0x00, 0x0C, 0x00, 0x00, 0x00, 0x00,
0x00, 0x00, 0x00, 0x00, 0x00, 0x00, 0x00, 0x52, 0x00, 0x00, 0x00, 0x0B, 0x00, 0x00, 0x00, 0x09,
0x00, 0x00, 0x00, 0x09, 0x00, 0x00, 0x00, 0x0B, 0x00, 0x00, 0x00, 0x01, 0x00, 0x00, 0x00, 0x00,
0x00, 0x00, 0x00, 0x53, 0x00, 0x00, 0x00, 0x0D, 0x00, 0x00, 0x00, 0x09, 0x00, 0x00, 0x00, 0x09,
0x00, 0x00, 0x00, 0x0C, 0x00, 0x00, 0x00, 0x00, 0x00, 0x00, 0x00, 0x00, 0x00, 0x00, 0x00, 0x54,
0x00, 0x00, 0x00, 0x0B, 0x00, 0x00, 0x00, 0x08, 0x00, 0x00, 0x00, 0x08, 0x00, 0x00, 0x00, 0x0B,
0x00, 0x00, 0x00, 0x00, 0x00, 0x00, 0x00, 0x00, 0x00, 0x00, 0x00, 0x55, 0x00, 0x00, 0x00, 0x0C,
0x00, 0x00, 0x00, 0x08, 0x00, 0x00, 0x00, 0x09, 0x00, 0x00, 0x00, 0x0B, 0x00, 0x00, 0x00, 0x01,
0x00, 0x00, 0x00, 0x00, 0x00, 0x00, 0x00, 0x56, 0x00, 0x00, 0x00, 0x0B, 0x00, 0x00, 0x00, 0x09,
0x00, 0x00, 0x00, 0x09, 0x00, 0x00, 0x00, 0x0B, 0x00, 0x00, 0x00, 0x00, 0x00, 0x00, 0x00, 0x00,
0x00, 0x00, 0x00, 0x57, 0x00, 0x00, 0x00, 0x0B, 0x00, 0x00, 0x00, 0x0D, 0x00, 0x00, 0x00, 0x0C,
0x00, 0x00, 0x00, 0x0B, 0x00, 0x00, 0x00, 0x00, 0x00, 0x00, 0x00, 0x00, 0x00, 0x00, 0x00, 0x58,
0x00, 0x00, 0x00, 0x0B, 0x00, 0x00, 0x00, 0x09, 0x00, 0x00, 0x00, 0x09, 0x00, 0x00, 0x00, 0x0B,
0x00, 0x00, 0x00, 0x00, 0x00, 0x00, 0x00, 0x00, 0x00, 0x00, 0x00, 0x59, 0x00, 0x00, 0x00, 0x0B,
0x00, 0x00, 0x00, 0x09, 0x00, 0x00, 0x00, 0x09, 0x00, 0x00, 0x00, 0x0B, 0x00, 0x00, 0x00, 0x00,
0x00, 0x00, 0x00, 0x00, 0x00, 0x00, 0x00, 0x5A, 0x00, 0x00, 0x00, 0x0B, 0x00, 0x00, 0x00, 0x08,
0x00, 0x00, 0x00, 0x08, 0x00, 0x00, 0x00, 0x0B, 0x00, 0x00, 0x00, 0x00, 0x00, 0x00, 0x00, 0x00,
0x00, 0x00, 0x00, 0x5B, 0x00, 0x00, 0x00, 0x0F, 0x00, 0x00, 0x00, 0x04, 0x00, 0x00, 0x00, 0x04,
0x00, 0x00, 0x00, 0x0C, 0x00, 0x00, 0x00, 0x00, 0x00, 0x00, 0x00, 0x00, 0x00, 0x00, 0x00, 0x5C,
0x00, 0x00, 0x00, 0x0D, 0x00, 0x00, 0x00, 0x04, 0x00, 0x00, 0x00, 0x04, 0x00, 0x00, 0x00, 0x0C,
0x00, 0x00, 0x00, 0x00, 0x00, 0x00, 0x00, 0x00, 0x00, 0x00, 0x00, 0x5D, 0x00, 0x00, 0x00, 0x0F,
0x00, 0x00, 0x00, 0x03, 0x00, 0x00, 0x00, 0x04, 0x00, 0x00, 0x00, 0x0C, 0x00, 0x00, 0x00, 0x00,
0x00, 0x00, 0x00, 0x00, 0x00, 0x00, 0x00, 0x5E, 0x00, 0x00, 0x00, 0x07, 0x00, 0x00, 0x00, 0x07,
0x00, 0x00, 0x00, 0x06, 0x00, 0x00, 0x00, 0x0B, 0x00, 0x00, 0x00, 0x00, 0x00, 0x00, 0x00, 0x00,
0x00, 0x00, 0x00, 0x5F, 0x00, 0x00, 0x00, 0x01, 0x00, 0x00, 0x00, 0x08, 0x00, 0x00, 0x00, 0x07,
0xFF, 0xFF, 0xFF, 0xFF, 0x00, 0x00, 0x00, 0x00, 0x00, 0x00, 0x00, 0x00, 0x00, 0x00, 0x00, 0x60,
0x00, 0x00, 0x00, 0x03, 0x00, 0x00, 0x00, 0x03, 0x00, 0x00, 0x00, 0x00, 0x00, 0x00, 0x00, 0x0C,
0x00, 0x00, 0x00, 0x00, 0x00, 0x00, 0x00, 0x00, 0x00, 0x00, 0x00, 0x61, 0x00, 0x00, 0x00, 0x0A,
0x00, 0x00, 0x00, 0x08, 0x00, 0x00, 0x00, 0x07, 0x00, 0x00, 0x00, 0x09, 0x00, 0x00, 0x00, 0x00,
0x00, 0x00, 0x00, 0x00, 0x00, 0x00, 0x00, 0x62, 0x00, 0x00, 0x00, 0x0D, 0x00, 0x00, 0x00, 0x07,
0x00, 0x00, 0x00, 0x07, 0x00, 0x00, 0x00, 0x0C, 0x00, 0x00, 0x00, 0x00, 0x00, 0x00, 0x00, 0x00,
0x00, 0x00, 0x00, 0x63, 0x00, 0x00, 0x00, 0x0A, 0x00, 0x00, 0x00, 0x07, 0x00, 0x00, 0x00, 0x07,
0x00, 0x00, 0x00, 0x09, 0x00, 0x00, 0x00, 0x00, 0x00, 0x00, 0x00, 0x00, 0x00, 0x00, 0x00, 0x64,
0x00, 0x00, 0x00, 0x0D, 0x00, 0x00, 0x00, 0x07, 0x00, 0x00, 0x00, 0x07, 0x00, 0x00, 0x00, 0x0C,
0x00, 0x00, 0x00, 0x00, 0x00, 0x00, 0x00, 0x00, 0x00, 0x00, 0x00, 0x65, 0x00, 0x00, 0x00, 0x0A,
0x00, 0x00, 0x00, 0x07, 0x00, 0x00, 0x00, 0x07, 0x00, 0x00, 0x00, 0x09, 0x00, 0x00, 0x00, 0x00,
0x00, 0x00, 0x00, 0x00, 0x00, 0x00, 0x00, 0x66, 0x00, 0x00, 0x00, 0x0C, 0x00, 0x00, 0x00, 0x04,
0x00, 0x00, 0x00, 0x04, 0x00, 0x00, 0x00, 0x0C, 0x00, 0x00, 0x00, 0x00, 0x00, 0x00, 0x00, 0x00,
0x00, 0x00, 0x00, 0x67, 0x00, 0x00, 0x00, 0x0D, 0x00, 0x00, 0x00, 0x08, 0x00, 0x00, 0x00, 0x07,
0x00, 0x00, 0x00, 0x0A, 0x00, 0x00, 0x00, 0x00, 0x00, 0x00, 0x00, 0x00, 0x00, 0x00, 0x00, 0x68,
0x00, 0x00, 0x00, 0x0C, 0x00, 0x00, 0x00, 0x07, 0x00, 0x00, 0x00, 0x07, 0x00, 0x00, 0x00, 0x0C,
0x00, 0x00, 0x00, 0x00, 0x00, 0x00, 0x00, 0x00, 0x00, 0x00, 0x00, 0x69, 0x00, 0x00, 0x00, 0x0C,
0x00, 0x00, 0x00, 0x02, 0x00, 0x00, 0x00, 0x04, 0x00, 0x00, 0x00, 0x0C, 0x00, 0x00, 0x00, 0x01,
0x00, 0x00, 0x00, 0x00, 0x00, 0x00, 0x00, 0x6A, 0x00, 0x00, 0x00, 0x0F, 0x00, 0x00, 0x00, 0x04,
0x00, 0x00, 0x00, 0x03, 0x00, 0x00, 0x00, 0x0C, 0xFF, 0xFF, 0xFF, 0xFF, 0x00, 0x00, 0x00, 0x00,
0x00, 0x00, 0x00, 0x6B, 0x00, 0x00, 0x00, 0x0C, 0x00, 0x00, 0x00, 0x07, 0x00, 0x00, 0x00, 0x07,
0x00, 0x00, 0x00, 0x0C, 0x00, 0x00, 0x00, 0x00, 0x00, 0x00, 0x00, 0x00, 0x00, 0x00, 0x00, 0x6C,
0x00, 0x00, 0x00, 0x0C, 0x00, 0x00, 0x00, 0x03, 0x00, 0x00, 0x00, 0x03, 0x00, 0x00, 0x00, 0x0C,
0x00, 0x00, 0x00, 0x00, 0x00, 0x00, 0x00, 0x00, 0x00, 0x00, 0x00, 0x6D, 0x00, 0x00, 0x00, 0x09,
0x00, 0x00, 0x00, 0x0A, 0x00, 0x00, 0x00, 0x0B, 0x00, 0x00, 0x00, 0x09, 0x00, 0x00, 0x00, 0x00,
0x00, 0x00, 0x00, 0x00, 0x00, 0x00, 0x00, 0x6E, 0x00, 0x00, 0x00, 0x09, 0x00, 0x00, 0x00, 0x07,
0x00, 0x00, 0x00, 0x07, 0x00, 0x00, 0x00, 0x09, 0x00, 0x00, 0x00, 0x00, 0x00, 0x00, 0x00, 0x00,
0x00, 0x00, 0x00, 0x6F, 0x00, 0x00, 0x00, 0x0A, 0x00, 0x00, 0x00, 0x07, 0x00, 0x00, 0x00, 0x07,
0x00, 0x00, 0x00, 0x09, 0x00, 0x00, 0x00, 0x00, 0x00, 0x00, 0x00, 0x00, 0x00, 0x00, 0x00, 0x70,
0x00, 0x00, 0x00, 0x0C, 0x00, 0x00, 0x00, 0x07, 0x00, 0x00, 0x00, 0x07, 0x00, 0x00, 0x00, 0x09,
0x00, 0x00, 0x00, 0x00, 0x00, 0x00, 0x00, 0x00, 0x00, 0x00, 0x00, 0x71, 0x00, 0x00, 0x00, 0x0C,
0x00, 0x00, 0x00, 0x07, 0x00, 0x00, 0x00, 0x07, 0x00, 0x00, 0x00, 0x09, 0x00, 0x00, 0x00, 0x00,
0x00, 0x00, 0x00, 0x00, 0x00, 0x00, 0x00, 0x72, 0x00, 0x00, 0x00, 0x09, 0x00, 0x00, 0x00, 0x05,
0x00, 0x00, 0x00, 0x04, 0x00, 0x00, 0x00, 0x09, 0x00, 0x00, 0x00, 0x00, 0x00, 0x00, 0x00, 0x00,
0x00, 0x00, 0x00, 0x73, 0x00, 0x00, 0x00, 0x0A, 0x00, 0x00, 0x00, 0x06, 0x00, 0x00, 0x00, 0x07,
0x00, 0x00, 0x00, 0x09, 0x00, 0x00, 0x00, 0x00, 0x00, 0x00, 0x00, 0x00, 0x00, 0x00, 0x00, 0x74,
0x00, 0x00, 0x00, 0x0C, 0x00, 0x00, 0x00, 0x04, 0x00, 0x00, 0x00, 0x04, 0x00, 0x00, 0x00, 0x0B,
0x00, 0x00, 0x00, 0x00, 0x00, 0x00, 0x00, 0x00, 0x00, 0x00, 0x00, 0x75, 0x00, 0x00, 0x00, 0x0A,
0x00, 0x00, 0x00, 0x07, 0x00, 0x00, 0x00, 0x07, 0x00, 0x00, 0x00, 0x09, 0x00, 0x00, 0x00, 0x00,
0x00, 0x00, 0x00, 0x00, 0x00, 0x00, 0x00, 0x76, 0x00, 0x00, 0x00, 0x09, 0x00, 0x00, 0x00, 0x07,
0x00, 0x00, 0x00, 0x07, 0x00, 0x00, 0x00, 0x09, 0x00, 0x00, 0x00, 0x00, 0x00, 0x00, 0x00, 0x00,
0x00, 0x00, 0x00, 0x77, 0x00, 0x00, 0x00, 0x09, 0x00, 0x00, 0x00, 0x0A, 0x00, 0x00, 0x00, 0x09,
0x00, 0x00, 0x00, 0x09, 0x00, 0x00, 0x00, 0x00, 0x00, 0x00, 0x00, 0x00, 0x00, 0x00, 0x00, 0x78,
0x00, 0x00, 0x00, 0x09, 0x00, 0x00, 0x00, 0x07, 0x00, 0x00, 0x00, 0x07, 0x00, 0x00, 0x00, 0x09,
0x00, 0x00, 0x00, 0x00, 0x00, 0x00, 0x00, 0x00, 0x00, 0x00, 0x00, 0x79, 0x00, 0x00, 0x00, 0x0C,
0x00, 0x00, 0x00, 0x07, 0x00, 0x00, 0x00, 0x07, 0x00, 0x00, 0x00, 0x09, 0x00, 0x00, 0x00, 0x00,
0x00, 0x00, 0x00, 0x00, 0x00, 0x00, 0x00, 0x7A, 0x00, 0x00, 0x00, 0x09, 0x00, 0x00, 0x00, 0x07,
0x00, 0x00, 0x00, 0x07, 0x00, 0x00, 0x00, 0x09, 0x00, 0x00, 0x00, 0x00, 0x00, 0x00, 0x00, 0x00,
0x00, 0x00, 0x00, 0x7B, 0x00, 0x00, 0x00, 0x0F, 0x00, 0x00, 0x00, 0x05, 0x00, 0x00, 0x00, 0x04,
0x00, 0x00, 0x00, 0x0C, 0x00, 0x00, 0x00, 0x00, 0x00, 0x00, 0x00, 0x00, 0x00, 0x00, 0x00, 0x7C,
0x00, 0x00, 0x00, 0x0F, 0x00, 0x00, 0x00, 0x02, 0x00, 0x00, 0x00, 0x03, 0x00, 0x00, 0x00, 0x0C,
0x00, 0x00, 0x00, 0x01, 0x00, 0x00, 0x00, 0x00, 0x00, 0x00, 0x00, 0x7D, 0x00, 0x00, 0x00, 0x0F,
0x00, 0x00, 0x00, 0x05, 0x00, 0x00, 0x00, 0x04, 0x00, 0x00, 0x00, 0x0C, 0x00, 0x00, 0x00, 0x00,
0x00, 0x00, 0x00, 0x00, 0x00, 0x00, 0x00, 0x7E, 0x00, 0x00, 0x00, 0x04, 0x00, 0x00, 0x00, 0x08,
0x00, 0x00, 0x00, 0x08, 0x00, 0x00, 0x00, 0x07, 0x00, 0x00, 0x00, 0x00, 0x00, 0x00, 0x00, 0x00,
0x00, 0x00, 0x00, 0xA0, 0x00, 0x00, 0x00, 0x01, 0x00, 0x00, 0x00, 0x01, 0x00, 0x00, 0x00, 0x04,
0x00, 0x00, 0x00, 0x20, 0xFF, 0xFF, 0xFF, 0xF0, 0x00, 0x00, 0x00, 0x00, 0x00, 0x00, 0x00, 0xA1,
0x00, 0x00, 0x00, 0x0C, 0x00, 0x00, 0x00, 0x03, 0x00, 0x00, 0x00, 0x04, 0x00, 0x00, 0x00, 0x09,
0x00, 0x00, 0x00, 0x01, 0x00, 0x00, 0x00, 0x00, 0x00, 0x00, 0x00, 0xA2, 0x00, 0x00, 0x00, 0x0D,
0x00, 0x00, 0x00, 0x07, 0x00, 0x00, 0x00, 0x07, 0x00, 0x00, 0x00, 0x0C, 0x00, 0x00, 0x00, 0x00,
0x00, 0x00, 0x00, 0x00, 0x00, 0x00, 0x00, 0xA3, 0x00, 0x00, 0x00, 0x0C, 0x00, 0x00, 0x00, 0x07,
0x00, 0x00, 0x00, 0x07, 0x00, 0x00, 0x00, 0x0C, 0x00, 0x00, 0x00, 0x00, 0x00, 0x00, 0x00, 0x00,
0x00, 0x00, 0x00, 0xA4, 0x00, 0x00, 0x00, 0x09, 0x00, 0x00, 0x00, 0x09, 0x00, 0x00, 0x00, 0x07,
0x00, 0x00, 0x00, 0x0A, 0xFF, 0xFF, 0xFF, 0xFF, 0x00, 0x00, 0x00, 0x00, 0x00, 0x00, 0x00, 0xA5,
0x00, 0x00, 0x00, 0x0B, 0x00, 0x00, 0x00, 0x08, 0x00, 0x00, 0x00, 0x07, 0x00, 0x00, 0x00, 0x0B,
0x00, 0x00, 0x00, 0x00, 0x00, 0x00, 0x00, 0x00, 0x00, 0x00, 0x00, 0xA6, 0x00, 0x00, 0x00, 0x0F,
0x00, 0x00, 0x00, 0x02, 0x00, 0x00, 0x00, 0x03, 0x00, 0x00, 0x00, 0x0C, 0x00, 0x00, 0x00, 0x01,
0x00, 0x00, 0x00, 0x00, 0x00, 0x00, 0x00, 0xA7, 0x00, 0x00, 0x00, 0x0F, 0x00, 0x00, 0x00, 0x06,
0x00, 0x00, 0x00, 0x07, 0x00, 0x00, 0x00, 0x0C, 0x00, 0x00, 0x00, 0x01, 0x00, 0x00, 0x00, 0x00,
0x00, 0x00, 0x00, 0xA8, 0x00, 0x00, 0x00, 0x02, 0x00, 0x00, 0x00, 0x04, 0x00, 0x00, 0x00, 0x00,
0x00, 0x00, 0x00, 0x0C, 0x00, 0x00, 0x00, 0x00, 0x00, 0x00, 0x00, 0x00, 0x00, 0x00, 0x00, 0xA9,
0x00, 0x00, 0x00, 0x0D, 0x00, 0x00, 0x00, 0x0A, 0x00, 0x00, 0x00, 0x0A, 0x00, 0x00, 0x00, 0x0C,
0x00, 0x00, 0x00, 0x00, 0x00, 0x00, 0x00, 0x00, 0x00, 0x00, 0x00, 0xAA, 0x00, 0x00, 0x00, 0x07,
0x00, 0x00, 0x00, 0x05, 0x00, 0x00, 0x00, 0x05, 0x00, 0x00, 0x00, 0x0C, 0x00, 0x00, 0x00, 0x00,
0x00, 0x00, 0x00, 0x00, 0x00, 0x00, 0x00, 0xAB, 0x00, 0x00, 0x00, 0x07, 0x00, 0x00, 0x00, 0x07,
0x00, 0x00, 0x00, 0x07, 0x00, 0x00, 0x00, 0x09, 0x00, 0x00, 0x00, 0x00, 0x00, 0x00, 0x00, 0x00,
0x00, 0x00, 0x00, 0xAC, 0x00, 0x00, 0x00, 0x05, 0x00, 0x00, 0x00, 0x07, 0x00, 0x00, 0x00, 0x08,
0x00, 0x00, 0x00, 0x08, 0x00, 0x00, 0x00, 0x00, 0x00, 0x00, 0x00, 0x00, 0x00, 0x00, 0x00, 0xAD,
0x00, 0x00, 0x00, 0x03, 0x00, 0x00, 0x00, 0x05, 0x00, 0x00, 0x00, 0x04, 0x00, 0x00, 0x00, 0x06,
0x00, 0x00, 0x00, 0x00, 0x00, 0x00, 0x00, 0x00, 0x00, 0x00, 0x00, 0xAE, 0x00, 0x00, 0x00, 0x0D,
0x00, 0x00, 0x00, 0x0A, 0x00, 0x00, 0x00, 0x0A, 0x00, 0x00, 0x00, 0x0C, 0x00, 0x00, 0x00, 0x00,
0x00, 0x00, 0x00, 0x00, 0x00, 0x00, 0x00, 0xAF, 0x00, 0x00, 0x00, 0x02, 0x00, 0x00, 0x00, 0x05,
0x00, 0x00, 0x00, 0x07, 0x00, 0x00, 0x00, 0x0B, 0x00, 0x00, 0x00, 0x01, 0x00, 0x00, 0x00, 0x00,
0x00, 0x00, 0x00, 0xB0, 0x00, 0x00, 0x00, 0x06, 0x00, 0x00, 0x00, 0x05, 0x00, 0x00, 0x00, 0x06,
0x00, 0x00, 0x00, 0x0C, 0x00, 0x00, 0x00, 0x01, 0x00, 0x00, 0x00, 0x00, 0x00, 0x00, 0x00, 0xB1,
0x00, 0x00, 0x00, 0x0A, 0x00, 0x00, 0x00, 0x07, 0x00, 0x00, 0x00, 0x09, 0x00, 0x00, 0x00, 0x0A,
0x00, 0x00, 0x00, 0x01, 0x00, 0x00, 0x00, 0x00, 0x00, 0x00, 0x00, 0xB2, 0x00, 0x00, 0x00, 0x07,
0x00, 0x00, 0x00, 0x04, 0x00, 0x00, 0x00, 0x04, 0x00, 0x00, 0x00, 0x0D, 0x00, 0x00, 0x00, 0x00,
0x00, 0x00, 0x00, 0x00, 0x00, 0x00, 0x00, 0xB3, 0x00, 0x00, 0x00, 0x07, 0x00, 0x00, 0x00, 0x04,
0x00, 0x00, 0x00, 0x04, 0x00, 0x00, 0x00, 0x0D, 0x00, 0x00, 0x00, 0x00, 0x00, 0x00, 0x00, 0x00,
0x00, 0x00, 0x00, 0xB4, 0x00, 0x00, 0x00, 0x03, 0x00, 0x00, 0x00, 0x03, 0x00, 0x00, 0x00, 0x00,
0x00, 0x00, 0x00, 0x0C, 0x00, 0x00, 0x00, 0x00, 0x00, 0x00, 0x00, 0x00, 0x00, 0x00, 0x00, 0xB5,
0x00, 0x00, 0x00, 0x0C, 0x00, 0x00, 0x00, 0x07, 0x00, 0x00, 0x00, 0x07, 0x00, 0x00, 0x00, 0x09,
0x00, 0x00, 0x00, 0x00, 0x00, 0x00, 0x00, 0x00, 0x00, 0x00, 0x00, 0xB6, 0x00, 0x00, 0x00, 0x0E,
0x00, 0x00, 0x00, 0x07, 0x00, 0x00, 0x00, 0x07, 0x00, 0x00, 0x00, 0x0B, 0x00, 0x00, 0x00, 0x00,
0x00, 0x00, 0x00, 0x00, 0x00, 0x00, 0x00, 0xB7, 0x00, 0x00, 0x00, 0x03, 0x00, 0x00, 0x00, 0x02,
0x00, 0x00, 0x00, 0x04, 0x00, 0x00, 0x00, 0x07, 0x00, 0x00, 0x00, 0x01, 0x00, 0x00, 0x00, 0x00,
0x00, 0x00, 0x00, 0xB8, 0x00, 0x00, 0x00, 0x04, 0x00, 0x00, 0x00, 0x04, 0x00, 0x00, 0x00, 0x00,
0x00, 0x00, 0x00, 0x01, 0x00, 0x00, 0x00, 0x00, 0x00, 0x00, 0x00, 0x00, 0x00, 0x00, 0x00, 0xB9,
0x00, 0x00, 0x00, 0x07, 0x00, 0x00, 0x00, 0x04, 0x00, 0x00, 0x00, 0x04, 0x00, 0x00, 0x00, 0x0D,
0x00, 0x00, 0x00, 0x00, 0x00, 0x00, 0x00, 0x00, 0x00, 0x00, 0x00, 0xBA, 0x00, 0x00, 0x00, 0x07,
0x00, 0x00, 0x00, 0x05, 0x00, 0x00, 0x00, 0x05, 0x00, 0x00, 0x00, 0x0C, 0x00, 0x00, 0x00, 0x00,
0x00, 0x00, 0x00, 0x00, 0x00, 0x00, 0x00, 0xBB, 0x00, 0x00, 0x00, 0x07, 0x00, 0x00, 0x00, 0x07,
0x00, 0x00, 0x00, 0x07, 0x00, 0x00, 0x00, 0x09, 0x00, 0x00, 0x00, 0x00, 0x00, 0x00, 0x00, 0x00,
0x00, 0x00, 0x00, 0xBC, 0x00, 0x00, 0x00, 0x0D, 0x00, 0x00, 0x00, 0x0C, 0x00, 0x00, 0x00, 0x0B,
0x00, 0x00, 0x00, 0x0C, 0x00, 0x00, 0x00, 0x00, 0x00, 0x00, 0x00, 0x00, 0x00, 0x00, 0x00, 0xBD,
0x00, 0x00, 0x00, 0x0D, 0x00, 0x00, 0x00, 0x0B, 0x00, 0x00, 0x00, 0x0B, 0x00, 0x00, 0x00, 0x0C,
0x00, 0x00, 0x00, 0x00, 0x00, 0x00, 0x00, 0x00, 0x00, 0x00, 0x00, 0xBE, 0x00, 0x00, 0x00, 0x0D,
0x00, 0x00, 0x00, 0x0C, 0x00, 0x00, 0x00, 0x0B, 0x00, 0x00, 0x00, 0x0C, 0x00, 0x00, 0x00, 0x00,
0x00, 0x00, 0x00, 0x00, 0x00, 0x00, 0x00, 0xBF, 0x00, 0x00, 0x00, 0x0C, 0x00, 0x00, 0x00, 0x06,
0x00, 0x00, 0x00, 0x08, 0x00, 0x00, 0x00, 0x09, 0x00, 0x00, 0x00, 0x01, 0x00, 0x00, 0x00, 0x00,
0x00, 0x00, 0x00, 0xC0, 0x00, 0x00, 0x00, 0x0F, 0x00, 0x00, 0x00, 0x09, 0x00, 0x00, 0x00, 0x09,
0x00, 0x00, 0x00, 0x0F, 0x00, 0x00, 0x00, 0x00, 0x00, 0x00, 0x00, 0x00, 0x00, 0x00, 0x00, 0xC1,
0x00, 0x00, 0x00, 0x0F, 0x00, 0x00, 0x00, 0x09, 0x00, 0x00, 0x00, 0x09, 0x00, 0x00, 0x00, 0x0F,
0x00, 0x00, 0x00, 0x00, 0x00, 0x00, 0x00, 0x00, 0x00, 0x00, 0x00, 0xC2, 0x00, 0x00, 0x00, 0x0F,
0x00, 0x00, 0x00, 0x09, 0x00, 0x00, 0x00, 0x09, 0x00, 0x00, 0x00, 0x0F, 0x00, 0x00, 0x00, 0x00,
0x00, 0x00, 0x00, 0x00, 0x00, 0x00, 0x00, 0xC3, 0x00, 0x00, 0x00, 0x0F, 0x00, 0x00, 0x00, 0x09,
0x00, 0x00, 0x00, 0x09, 0x00, 0x00, 0x00, 0x0F, 0x00, 0x00, 0x00, 0x00, 0x00, 0x00, 0x00, 0x00,
0x00, 0x00, 0x00, 0xC4, 0x00, 0x00, 0x00, 0x0F, 0x00, 0x00, 0x00, 0x09, 0x00, 0x00, 0x00, 0x09,
0x00, 0x00, 0x00, 0x0F, 0x00, 0x00, 0x00, 0x00, 0x00, 0x00, 0x00, 0x00, 0x00, 0x00, 0x00, 0xC5,
0x00, 0x00, 0x00, 0x10, 0x00, 0x00, 0x00, 0x09, 0x00, 0x00, 0x00, 0x09, 0x00, 0x00, 0x00, 0x10,
0x00, 0x00, 0x00, 0x00, 0x00, 0x00, 0x00, 0x00, 0x00, 0x00, 0x00, 0xC6, 0x00, 0x00, 0x00, 0x0B,
0x00, 0x00, 0x00, 0x0D, 0x00, 0x00, 0x00, 0x0D, 0x00, 0x00, 0x00, 0x0B, 0x00, 0x00, 0x00, 0x00,
0x00, 0x00, 0x00, 0x00, 0x00, 0x00, 0x00, 0xC7, 0x00, 0x00, 0x00, 0x0F, 0x00, 0x00, 0x00, 0x09,
0x00, 0x00, 0x00, 0x09, 0x00, 0x00, 0x00, 0x0C, 0x00, 0x00, 0x00, 0x00, 0x00, 0x00, 0x00, 0x00,
0x00, 0x00, 0x00, 0xC8, 0x00, 0x00, 0x00, 0x0F, 0x00, 0x00, 0x00, 0x07, 0x00, 0x00, 0x00, 0x09,
0x00, 0x00, 0x00, 0x0F, 0x00, 0x00, 0x00, 0x01, 0x00, 0x00, 0x00, 0x00, 0x00, 0x00, 0x00, 0xC9,
0x00, 0x00, 0x00, 0x0F, 0x00, 0x00, 0x00, 0x07, 0x00, 0x00, 0x00, 0x09, 0x00, 0x00, 0x00, 0x0F,
0x00, 0x00, 0x00, 0x01, 0x00, 0x00, 0x00, 0x00, 0x00, 0x00, 0x00, 0xCA, 0x00, 0x00, 0x00, 0x0F,
0x00, 0x00, 0x00, 0x07, 0x00, 0x00, 0x00, 0x09, 0x00, 0x00, 0x00, 0x0F, 0x00, 0x00, 0x00, 0x01,
0x00, 0x00, 0x00, 0x00, 0x00, 0x00, 0x00, 0xCB, 0x00, 0x00, 0x00, 0x0F, 0x00, 0x00, 0x00, 0x07,
0x00, 0x00, 0x00, 0x09, 0x00, 0x00, 0x00, 0x0F, 0x00, 0x00, 0x00, 0x01, 0x00, 0x00, 0x00, 0x00,
0x00, 0x00, 0x00, 0xCC, 0x00, 0x00, 0x00, 0x0F, 0x00, 0x00, 0x00, 0x03, 0x00, 0x00, 0x00, 0x04,
0x00, 0x00, 0x00, 0x0F, 0x00, 0x00, 0x00, 0x00, 0x00, 0x00, 0x00, 0x00, 0x00, 0x00, 0x00, 0xCD,
0x00, 0x00, 0x00, 0x0F, 0x00, 0x00, 0x00, 0x03, 0x00, 0x00, 0x00, 0x04, 0x00, 0x00, 0x00, 0x0F,
0x00, 0x00, 0x00, 0x01, 0x00, 0x00, 0x00, 0x00, 0x00, 0x00, 0x00, 0xCE, 0x00, 0x00, 0x00, 0x0F,
0x00, 0x00, 0x00, 0x04, 0x00, 0x00, 0x00, 0x04, 0x00, 0x00, 0x00, 0x0F, 0x00, 0x00, 0x00, 0x00,
0x00, 0x00, 0x00, 0x00, 0x00, 0x00, 0x00, 0xCF, 0x00, 0x00, 0x00, 0x0F, 0x00, 0x00, 0x00, 0x04,
0x00, 0x00, 0x00, 0x04, 0x00, 0x00, 0x00, 0x0F, 0x00, 0x00, 0x00, 0x00, 0x00, 0x00, 0x00, 0x00,
0x00, 0x00, 0x00, 0xD0, 0x00, 0x00, 0x00, 0x0B, 0x00, 0x00, 0x00, 0x09, 0x00, 0x00, 0x00, 0x09,
0x00, 0x00, 0x00, 0x0B, 0x00, 0x00, 0x00, 0x00, 0x00, 0x00, 0x00, 0x00, 0x00, 0x00, 0x00, 0xD1,
0x00, 0x00, 0x00, 0x0F, 0x00, 0x00, 0x00, 0x08, 0x00, 0x00, 0x00, 0x09, 0x00, 0x00, 0x00, 0x0F,
0x00, 0x00, 0x00, 0x01, 0x00, 0x00, 0x00, 0x00, 0x00, 0x00, 0x00, 0xD2, 0x00, 0x00, 0x00, 0x10,
0x00, 0x00, 0x00, 0x0A, 0x00, 0x00, 0x00, 0x0A, 0x00, 0x00, 0x00, 0x0F, 0x00, 0x00, 0x00, 0x00,
0x00, 0x00, 0x00, 0x00, 0x00, 0x00, 0x00, 0xD3, 0x00, 0x00, 0x00, 0x10, 0x00, 0x00, 0x00, 0x0A,
0x00, 0x00, 0x00, 0x0A, 0x00, 0x00, 0x00, 0x0F, 0x00, 0x00, 0x00, 0x00, 0x00, 0x00, 0x00, 0x00,
0x00, 0x00, 0x00, 0xD4, 0x00, 0x00, 0x00, 0x10, 0x00, 0x00, 0x00, 0x0A, 0x00, 0x00, 0x00, 0x0A,
0x00, 0x00, 0x00, 0x0F, 0x00, 0x00, 0x00, 0x00, 0x00, 0x00, 0x00, 0x00, 0x00, 0x00, 0x00, 0xD5,
0x00, 0x00, 0x00, 0x10, 0x00, 0x00, 0x00, 0x0A, 0x00, 0x00, 0x00, 0x0A, 0x00, 0x00, 0x00, 0x0F,
0x00, 0x00, 0x00, 0x00, 0x00, 0x00, 0x00, 0x00, 0x00, 0x00, 0x00, 0xD6, 0x00, 0x00, 0x00, 0x10,
0x00, 0x00, 0x00, 0x0A, 0x00, 0x00, 0x00, 0x0A, 0x00, 0x00, 0x00, 0x0F, 0x00, 0x00, 0x00, 0x00,
0x00, 0x00, 0x00, 0x00, 0x00, 0x00, 0x00, 0xD7, 0x00, 0x00, 0x00, 0x08, 0x00, 0x00, 0x00, 0x08,
0x00, 0x00, 0x00, 0x08, 0x00, 0x00, 0x00, 0x08, 0x00, 0x00, 0x00, 0x00, 0x00, 0x00, 0x00, 0x00,
0x00, 0x00, 0x00, 0xD8, 0x00, 0x00, 0x00, 0x0D, 0x00, 0x00, 0x00, 0x0A, 0x00, 0x00, 0x00, 0x0A,
0x00, 0x00, 0x00, 0x0C, 0x00, 0x00, 0x00, 0x00, 0x00, 0x00, 0x00, 0x00, 0x00, 0x00, 0x00, 0xD9,
0x00, 0x00, 0x00, 0x10, 0x00, 0x00, 0x00, 0x08, 0x00, 0x00, 0x00, 0x09, 0x00, 0x00, 0x00, 0x0F,
0x00, 0x00, 0x00, 0x01, 0x00, 0x00, 0x00, 0x00, 0x00, 0x00, 0x00, 0xDA, 0x00, 0x00, 0x00, 0x10,
0x00, 0x00, 0x00, 0x08, 0x00, 0x00, 0x00, 0x09, 0x00, 0x00, 0x00, 0x0F, 0x00, 0x00, 0x00, 0x01,
0x00, 0x00, 0x00, 0x00, 0x00, 0x00, 0x00, 0xDB, 0x00, 0x00, 0x00, 0x10, 0x00, 0x00, 0x00, 0x08,
0x00, 0x00, 0x00, 0x09, 0x00, 0x00, 0x00, 0x0F, 0x00, 0x00, 0x00, 0x01, 0x00, 0x00, 0x00, 0x00,
0x00, 0x00, 0x00, 0xDC, 0x00, 0x00, 0x00, 0x10, 0x00, 0x00, 0x00, 0x08, 0x00, 0x00, 0x00, 0x09,
0x00, 0x00, 0x00, 0x0F, 0x00, 0x00, 0x00, 0x01, 0x00, 0x00, 0x00, 0x00, 0x00, 0x00, 0x00, 0xDD,
0x00, 0x00, 0x00, 0x0F, 0x00, 0x00, 0x00, 0x09, 0x00, 0x00, 0x00, 0x09, 0x00, 0x00, 0x00, 0x0F,
0x00, 0x00, 0x00, 0x00, 0x00, 0x00, 0x00, 0x00, 0x00, 0x00, 0x00, 0xDE, 0x00, 0x00, 0x00, 0x0B,
0x00, 0x00, 0x00, 0x08, 0x00, 0x00, 0x00, 0x09, 0x00, 0x00, 0x00, 0x0B, 0x00, 0x00, 0x00, 0x01,
0x00, 0x00, 0x00, 0x00, 0x00, 0x00, 0x00, 0xDF, 0x00, 0x00, 0x00, 0x0C, 0x00, 0x00, 0x00, 0x08,
0x00, 0x00, 0x00, 0x08, 0x00, 0x00, 0x00, 0x0C, 0x00, 0x00, 0x00, 0x00, 0x00, 0x00, 0x00, 0x00,
0x00, 0x00, 0x00, 0xE0, 0x00, 0x00, 0x00, 0x0D, 0x00, 0x00, 0x00, 0x08, 0x00, 0x00, 0x00, 0x07,
0x00, 0x00, 0x00, 0x0C, 0x00, 0x00, 0x00, 0x00, 0x00, 0x00, 0x00, 0x00, 0x00, 0x00, 0x00, 0xE1,
0x00, 0x00, 0x00, 0x0D, 0x00, 0x00, 0x00, 0x08, 0x00, 0x00, 0x00, 0x07, 0x00, 0x00, 0x00, 0x0C,
0x00, 0x00, 0x00, 0x00, 0x00, 0x00, 0x00, 0x00, 0x00, 0x00, 0x00, 0xE2, 0x00, 0x00, 0x00, 0x0D,
0x00, 0x00, 0x00, 0x08, 0x00, 0x00, 0x00, 0x07, 0x00, 0x00, 0x00, 0x0C, 0x00, 0x00, 0x00, 0x00,
0x00, 0x00, 0x00, 0x00, 0x00, 0x00, 0x00, 0xE3, 0x00, 0x00, 0x00, 0x0D, 0x00, 0x00, 0x00, 0x08,
0x00, 0x00, 0x00, 0x07, 0x00, 0x00, 0x00, 0x0C, 0x00, 0x00, 0x00, 0x00, 0x00, 0x00, 0x00, 0x00,
0x00, 0x00, 0x00, 0xE4, 0x00, 0x00, 0x00, 0x0D, 0x00, 0x00, 0x00, 0x08, 0x00, 0x00, 0x00, 0x07,
0x00, 0x00, 0x00, 0x0C, 0x00, 0x00, 0x00, 0x00, 0x00, 0x00, 0x00, 0x00, 0x00, 0x00, 0x00, 0xE5,
0x00, 0x00, 0x00, 0x0E, 0x00, 0x00, 0x00, 0x08, 0x00, 0x00, 0x00, 0x07, 0x00, 0x00, 0x00, 0x0D,
0x00, 0x00, 0x00, 0x00, 0x00, 0x00, 0x00, 0x00, 0x00, 0x00, 0x00, 0xE6, 0x00, 0x00, 0x00, 0x0A,
0x00, 0x00, 0x00, 0x0B, 0x00, 0x00, 0x00, 0x0C, 0x00, 0x00, 0x00, 0x09, 0x00, 0x00, 0x00, 0x00,
0x00, 0x00, 0x00, 0x00, 0x00, 0x00, 0x00, 0xE7, 0x00, 0x00, 0x00, 0x0C, 0x00, 0x00, 0x00, 0x07,
0x00, 0x00, 0x00, 0x07, 0x00, 0x00, 0x00, 0x09, 0x00, 0x00, 0x00, 0x00, 0x00, 0x00, 0x00, 0x00,
0x00, 0x00, 0x00, 0xE8, 0x00, 0x00, 0x00, 0x0D, 0x00, 0x00, 0x00, 0x07, 0x00, 0x00, 0x00, 0x07,
0x00, 0x00, 0x00, 0x0C, 0x00, 0x00, 0x00, 0x00, 0x00, 0x00, 0x00, 0x00, 0x00, 0x00, 0x00, 0xE9,
0x00, 0x00, 0x00, 0x0D, 0x00, 0x00, 0x00, 0x07, 0x00, 0x00, 0x00, 0x07, 0x00, 0x00, 0x00, 0x0C,
0x00, 0x00, 0x00, 0x00, 0x00, 0x00, 0x00, 0x00, 0x00, 0x00, 0x00, 0xEA, 0x00, 0x00, 0x00, 0x0D,
0x00, 0x00, 0x00, 0x07, 0x00, 0x00, 0x00, 0x07, 0x00, 0x00, 0x00, 0x0C, 0x00, 0x00, 0x00, 0x00,
0x00, 0x00, 0x00, 0x00, 0x00, 0x00, 0x00, 0xEB, 0x00, 0x00, 0x00, 0x0D, 0x00, 0x00, 0x00, 0x07,
0x00, 0x00, 0x00, 0x07, 0x00, 0x00, 0x00, 0x0C, 0x00, 0x00, 0x00, 0x00, 0x00, 0x00, 0x00, 0x00,
0x00, 0x00, 0x00, 0xEC, 0x00, 0x00, 0x00, 0x0C, 0x00, 0x00, 0x00, 0x03, 0x00, 0x00, 0x00, 0x04,
0x00, 0x00, 0x00, 0x0C, 0x00, 0x00, 0x00, 0x00, 0x00, 0x00, 0x00, 0x00, 0x00, 0x00, 0x00, 0xED,
0x00, 0x00, 0x00, 0x0C, 0x00, 0x00, 0x00, 0x03, 0x00, 0x00, 0x00, 0x04, 0x00, 0x00, 0x00, 0x0C,
0x00, 0x00, 0x00, 0x01, 0x00, 0x00, 0x00, 0x00, 0x00, 0x00, 0x00, 0xEE, 0x00, 0x00, 0x00, 0x0C,
0x00, 0x00, 0x00, 0x04, 0x00, 0x00, 0x00, 0x04, 0x00, 0x00, 0x00, 0x0C, 0x00, 0x00, 0x00, 0x00,
0x00, 0x00, 0x00, 0x00, 0x00, 0x00, 0x00, 0xEF, 0x00, 0x00, 0x00, 0x0C, 0x00, 0x00, 0x00, 0x04,
0x00, 0x00, 0x00, 0x04, 0x00, 0x00, 0x00, 0x0C, 0x00, 0x00, 0x00, 0x00, 0x00, 0x00, 0x00, 0x00,
0x00, 0x00, 0x00, 0xF0, 0x00, 0x00, 0x00, 0x0D, 0x00, 0x00, 0x00, 0x07, 0x00, 0x00, 0x00, 0x07,
0x00, 0x00, 0x00, 0x0C, 0x00, 0x00, 0x00, 0x00, 0x00, 0x00, 0x00, 0x00, 0x00, 0x00, 0x00, 0xF1,
0x00, 0x00, 0x00, 0x0C, 0x00, 0x00, 0x00, 0x07, 0x00, 0x00, 0x00, 0x07, 0x00, 0x00, 0x00, 0x0C,
0x00, 0x00, 0x00, 0x00, 0x00, 0x00, 0x00, 0x00, 0x00, 0x00, 0x00, 0xF2, 0x00, 0x00, 0x00, 0x0D,
0x00, 0x00, 0x00, 0x07, 0x00, 0x00, 0x00, 0x07, 0x00, 0x00, 0x00, 0x0C, 0x00, 0x00, 0x00, 0x00,
0x00, 0x00, 0x00, 0x00, 0x00, 0x00, 0x00, 0xF3, 0x00, 0x00, 0x00, 0x0D, 0x00, 0x00, 0x00, 0x07,
0x00, 0x00, 0x00, 0x07, 0x00, 0x00, 0x00, 0x0C, 0x00, 0x00, 0x00, 0x00, 0x00, 0x00, 0x00, 0x00,
0x00, 0x00, 0x00, 0xF4, 0x00, 0x00, 0x00, 0x0D, 0x00, 0x00, 0x00, 0x07, 0x00, 0x00, 0x00, 0x07,
0x00, 0x00, 0x00, 0x0C, 0x00, 0x00, 0x00, 0x00, 0x00, 0x00, 0x00, 0x00, 0x00, 0x00, 0x00, 0xF5,
0x00, 0x00, 0x00, 0x0D, 0x00, 0x00, 0x00, 0x07, 0x00, 0x00, 0x00, 0x07, 0x00, 0x00, 0x00, 0x0C,
0x00, 0x00, 0x00, 0x00, 0x00, 0x00, 0x00, 0x00, 0x00, 0x00, 0x00, 0xF6, 0x00, 0x00, 0x00, 0x0D,
0x00, 0x00, 0x00, 0x07, 0x00, 0x00, 0x00, 0x07, 0x00, 0x00, 0x00, 0x0C, 0x00, 0x00, 0x00, 0x00,
0x00, 0x00, 0x00, 0x00, 0x00, 0x00, 0x00, 0xF7, 0x00, 0x00, 0x00, 0x08, 0x00, 0x00, 0x00, 0x09,
0x00, 0x00, 0x00, 0x09, 0x00, 0x00, 0x00, 0x08, 0x00, 0x00, 0x00, 0x00, 0x00, 0x00, 0x00, 0x00,
0x00, 0x00, 0x00, 0xF8, 0x00, 0x00, 0x00, 0x0A, 0x00, 0x00, 0x00, 0x07, 0x00, 0x00, 0x00, 0x07,
0x00, 0x00, 0x00, 0x09, 0x00, 0x00, 0x00, 0x00, 0x00, 0x00, 0x00, 0x00, 0x00, 0x00, 0x00, 0xF9,
0x00, 0x00, 0x00, 0x0D, 0x00, 0x00, 0x00, 0x07, 0x00, 0x00, 0x00, 0x07, 0x00, 0x00, 0x00, 0x0C,
0x00, 0x00, 0x00, 0x00, 0x00, 0x00, 0x00, 0x00, 0x00, 0x00, 0x00, 0xFA, 0x00, 0x00, 0x00, 0x0D,
0x00, 0x00, 0x00, 0x07, 0x00, 0x00, 0x00, 0x07, 0x00, 0x00, 0x00, 0x0C, 0x00, 0x00, 0x00, 0x00,
0x00, 0x00, 0x00, 0x00, 0x00, 0x00, 0x00, 0xFB, 0x00, 0x00, 0x00, 0x0D, 0x00, 0x00, 0x00, 0x07,
0x00, 0x00, 0x00, 0x07, 0x00, 0x00, 0x00, 0x0C, 0x00, 0x00, 0x00, 0x00, 0x00, 0x00, 0x00, 0x00,
0x00, 0x00, 0x00, 0xFC, 0x00, 0x00, 0x00, 0x0D, 0x00, 0x00, 0x00, 0x07, 0x00, 0x00, 0x00, 0x07,
0x00, 0x00, 0x00, 0x0C, 0x00, 0x00, 0x00, 0x00, 0x00, 0x00, 0x00, 0x00, 0x00, 0x00, 0x00, 0xFD,
0x00, 0x00, 0x00, 0x0F, 0x00, 0x00, 0x00, 0x07, 0x00, 0x00, 0x00, 0x07, 0x00, 0x00, 0x00, 0x0C,
0x00, 0x00, 0x00, 0x00, 0x00, 0x00, 0x00, 0x00, 0x00, 0x00, 0x00, 0xFE, 0x00, 0x00, 0x00, 0x0F,
0x00, 0x00, 0x00, 0x07, 0x00, 0x00, 0x00, 0x07, 0x00, 0x00, 0x00, 0x0C, 0x00, 0x00, 0x00, 0x00,
0x00, 0x00, 0x00, 0x00, 0x00, 0x00, 0x00, 0xFF, 0x00, 0x00, 0x00, 0x0F, 0x00, 0x00, 0x00, 0x07,
0x00, 0x00, 0x00, 0x07, 0x00, 0x00, 0x00, 0x0C, 0x00, 0x00, 0x00, 0x00, 0x00, 0x00, 0x00, 0x00,
0x00, 0x00, 0x01, 0x00, 0x00, 0x00, 0x00, 0x0E, 0x00, 0x00, 0x00, 0x09, 0x00, 0x00, 0x00, 0x09,
0x00, 0x00, 0x00, 0x0E, 0x00, 0x00, 0x00, 0x00, 0x00, 0x00, 0x00, 0x00, 0x00, 0x00, 0x01, 0x01,
0x00, 0x00, 0x00, 0x0C, 0x00, 0x00, 0x00, 0x08, 0x00, 0x00, 0x00, 0x07, 0x00, 0x00, 0x00, 0x0B,
0x00, 0x00, 0x00, 0x00, 0x00, 0x00, 0x00, 0x00, 0x00, 0x00, 0x01, 0x02, 0x00, 0x00, 0x00, 0x0E,
0x00, 0x00, 0x00, 0x09, 0x00, 0x00, 0x00, 0x09, 0x00, 0x00, 0x00, 0x0E, 0x00, 0x00, 0x00, 0x00,
0x00, 0x00, 0x00, 0x00, 0x00, 0x00, 0x01, 0x03, 0x00, 0x00, 0x00, 0x0C, 0x00, 0x00, 0x00, 0x08,
0x00, 0x00, 0x00, 0x07, 0x00, 0x00, 0x00, 0x0B, 0x00, 0x00, 0x00, 0x00, 0x00, 0x00, 0x00, 0x00,
0x00, 0x00, 0x01, 0x04, 0x00, 0x00, 0x00, 0x0F, 0x00, 0x00, 0x00, 0x0A, 0x00, 0x00, 0x00, 0x09,
0x00, 0x00, 0x00, 0x0B, 0x00, 0x00, 0x00, 0x00, 0x00, 0x00, 0x00, 0x00, 0x00, 0x00, 0x01, 0x05,
0x00, 0x00, 0x00, 0x0C, 0x00, 0x00, 0x00, 0x08, 0x00, 0x00, 0x00, 0x07, 0x00, 0x00, 0x00, 0x09,
0x00, 0x00, 0x00, 0x00, 0x00, 0x00, 0x00, 0x00, 0x00, 0x00, 0x01, 0x06, 0x00, 0x00, 0x00, 0x10,
0x00, 0x00, 0x00, 0x09, 0x00, 0x00, 0x00, 0x09, 0x00, 0x00, 0x00, 0x0F, 0x00, 0x00, 0x00, 0x00,
0x00, 0x00, 0x00, 0x00, 0x00, 0x00, 0x01, 0x07, 0x00, 0x00, 0x00, 0x0D, 0x00, 0x00, 0x00, 0x07,
0x00, 0x00, 0x00, 0x07, 0x00, 0x00, 0x00, 0x0C, 0x00, 0x00, 0x00, 0x00, 0x00, 0x00, 0x00, 0x00,
0x00, 0x00, 0x01, 0x08, 0x00, 0x00, 0x00, 0x10, 0x00, 0x00, 0x00, 0x09, 0x00, 0x00, 0x00, 0x09,
0x00, 0x00, 0x00, 0x0F, 0x00, 0x00, 0x00, 0x00, 0x00, 0x00, 0x00, 0x00, 0x00, 0x00, 0x01, 0x09,
0x00, 0x00, 0x00, 0x0D, 0x00, 0x00, 0x00, 0x07, 0x00, 0x00, 0x00, 0x07, 0x00, 0x00, 0x00, 0x0C,
0x00, 0x00, 0x00, 0x00, 0x00, 0x00, 0x00, 0x00, 0x00, 0x00, 0x01, 0x0A, 0x00, 0x00, 0x00, 0x10,
0x00, 0x00, 0x00, 0x09, 0x00, 0x00, 0x00, 0x09, 0x00, 0x00, 0x00, 0x0F, 0x00, 0x00, 0x00, 0x00,
0x00, 0x00, 0x00, 0x00, 0x00, 0x00, 0x01, 0x0B, 0x00, 0x00, 0x00, 0x0D, 0x00, 0x00, 0x00, 0x07,
0x00, 0x00, 0x00, 0x07, 0x00, 0x00, 0x00, 0x0C, 0x00, 0x00, 0x00, 0x00, 0x00, 0x00, 0x00, 0x00,
0x00, 0x00, 0x01, 0x0C, 0x00, 0x00, 0x00, 0x10, 0x00, 0x00, 0x00, 0x09, 0x00, 0x00, 0x00, 0x09,
0x00, 0x00, 0x00, 0x0F, 0x00, 0x00, 0x00, 0x00, 0x00, 0x00, 0x00, 0x00, 0x00, 0x00, 0x01, 0x0D,
0x00, 0x00, 0x00, 0x0D, 0x00, 0x00, 0x00, 0x07, 0x00, 0x00, 0x00, 0x07, 0x00, 0x00, 0x00, 0x0C,
0x00, 0x00, 0x00, 0x00, 0x00, 0x00, 0x00, 0x00, 0x00, 0x00, 0x01, 0x0E, 0x00, 0x00, 0x00, 0x0F,
0x00, 0x00, 0x00, 0x08, 0x00, 0x00, 0x00, 0x09, 0x00, 0x00, 0x00, 0x0F, 0x00, 0x00, 0x00, 0x01,
0x00, 0x00, 0x00, 0x00, 0x00, 0x00, 0x01, 0x0F, 0x00, 0x00, 0x00, 0x0D, 0x00, 0x00, 0x00, 0x09,
0x00, 0x00, 0x00, 0x07, 0x00, 0x00, 0x00, 0x0C, 0x00, 0x00, 0x00, 0x00, 0x00, 0x00, 0x00, 0x00,
0x00, 0x00, 0x01, 0x10, 0x00, 0x00, 0x00, 0x0B, 0x00, 0x00, 0x00, 0x09, 0x00, 0x00, 0x00, 0x09,
0x00, 0x00, 0x00, 0x0B, 0x00, 0x00, 0x00, 0x00, 0x00, 0x00, 0x00, 0x00, 0x00, 0x00, 0x01, 0x11,
0x00, 0x00, 0x00, 0x0D, 0x00, 0x00, 0x00, 0x08, 0x00, 0x00, 0x00, 0x07, 0x00, 0x00, 0x00, 0x0C,
0x00, 0x00, 0x00, 0x00, 0x00, 0x00, 0x00, 0x00, 0x00, 0x00, 0x01, 0x12, 0x00, 0x00, 0x00, 0x0E,
0x00, 0x00, 0x00, 0x07, 0x00, 0x00, 0x00, 0x09, 0x00, 0x00, 0x00, 0x0E, 0x00, 0x00, 0x00, 0x01,
0x00, 0x00, 0x00, 0x00, 0x00, 0x00, 0x01, 0x13, 0x00, 0x00, 0x00, 0x0C, 0x00, 0x00, 0x00, 0x07,
0x00, 0x00, 0x00, 0x07, 0x00, 0x00, 0x00, 0x0B, 0x00, 0x00, 0x00, 0x00, 0x00, 0x00, 0x00, 0x00,
0x00, 0x00, 0x01, 0x14, 0x00, 0x00, 0x00, 0x0E, 0x00, 0x00, 0x00, 0x07, 0x00, 0x00, 0x00, 0x09,
0x00, 0x00, 0x00, 0x0E, 0x00, 0x00, 0x00, 0x01, 0x00, 0x00, 0x00, 0x00, 0x00, 0x00, 0x01, 0x15,
0x00, 0x00, 0x00, 0x0C, 0x00, 0x00, 0x00, 0x07, 0x00, 0x00, 0x00, 0x07, 0x00, 0x00, 0x00, 0x0B,
0x00, 0x00, 0x00, 0x00, 0x00, 0x00, 0x00, 0x00, 0x00, 0x00, 0x01, 0x16, 0x00, 0x00, 0x00, 0x0F,
0x00, 0x00, 0x00, 0x07, 0x00, 0x00, 0x00, 0x09, 0x00, 0x00, 0x00, 0x0F, 0x00, 0x00, 0x00, 0x01,
0x00, 0x00, 0x00, 0x00, 0x00, 0x00, 0x01, 0x17, 0x00, 0x00, 0x00, 0x0D, 0x00, 0x00, 0x00, 0x07,
0x00, 0x00, 0x00, 0x07, 0x00, 0x00, 0x00, 0x0C, 0x00, 0x00, 0x00, 0x00, 0x00, 0x00, 0x00, 0x00,
0x00, 0x00, 0x01, 0x18, 0x00, 0x00, 0x00, 0x0F, 0x00, 0x00, 0x00, 0x08, 0x00, 0x00, 0x00, 0x09,
0x00, 0x00, 0x00, 0x0B, 0x00, 0x00, 0x00, 0x01, 0x00, 0x00, 0x00, 0x00, 0x00, 0x00, 0x01, 0x19,
0x00, 0x00, 0x00, 0x0C, 0x00, 0x00, 0x00, 0x07, 0x00, 0x00, 0x00, 0x07, 0x00, 0x00, 0x00, 0x09,
0x00, 0x00, 0x00, 0x00, 0x00, 0x00, 0x00, 0x00, 0x00, 0x00, 0x01, 0x1A, 0x00, 0x00, 0x00, 0x0F,
0x00, 0x00, 0x00, 0x07, 0x00, 0x00, 0x00, 0x09, 0x00, 0x00, 0x00, 0x0F, 0x00, 0x00, 0x00, 0x01,
0x00, 0x00, 0x00, 0x00, 0x00, 0x00, 0x01, 0x1B, 0x00, 0x00, 0x00, 0x0D, 0x00, 0x00, 0x00, 0x07,
0x00, 0x00, 0x00, 0x07, 0x00, 0x00, 0x00, 0x0C, 0x00, 0x00, 0x00, 0x00, 0x00, 0x00, 0x00, 0x00,
0x00, 0x00, 0x01, 0x1C, 0x00, 0x00, 0x00, 0x10, 0x00, 0x00, 0x00, 0x0A, 0x00, 0x00, 0x00, 0x0A,
0x00, 0x00, 0x00, 0x0F, 0x00, 0x00, 0x00, 0x00, 0x00, 0x00, 0x00, 0x00, 0x00, 0x00, 0x01, 0x1D,
0x00, 0x00, 0x00, 0x0F, 0x00, 0x00, 0x00, 0x08, 0x00, 0x00, 0x00, 0x07, 0x00, 0x00, 0x00, 0x0C,
0x00, 0x00, 0x00, 0x00, 0x00, 0x00, 0x00, 0x00, 0x00, 0x00, 0x01, 0x1E, 0x00, 0x00, 0x00, 0x0F,
0x00, 0x00, 0x00, 0x0A, 0x00, 0x00, 0x00, 0x0A, 0x00, 0x00, 0x00, 0x0E, 0x00, 0x00, 0x00, 0x00,
0x00, 0x00, 0x00, 0x00, 0x00, 0x00, 0x01, 0x1F, 0x00, 0x00, 0x00, 0x0E, 0x00, 0x00, 0x00, 0x08,
0x00, 0x00, 0x00, 0x07, 0x00, 0x00, 0x00, 0x0B, 0x00, 0x00, 0x00, 0x00, 0x00, 0x00, 0x00, 0x00,
0x00, 0x00, 0x01, 0x20, 0x00, 0x00, 0x00, 0x10, 0x00, 0x00, 0x00, 0x0A, 0x00, 0x00, 0x00, 0x0A,
0x00, 0x00, 0x00, 0x0F, 0x00, 0x00, 0x00, 0x00, 0x00, 0x00, 0x00, 0x00, 0x00, 0x00, 0x01, 0x21,
0x00, 0x00, 0x00, 0x0F, 0x00, 0x00, 0x00, 0x08, 0x00, 0x00, 0x00, 0x07, 0x00, 0x00, 0x00, 0x0C,
0x00, 0x00, 0x00, 0x00, 0x00, 0x00, 0x00, 0x00, 0x00, 0x00, 0x01, 0x22, 0x00, 0x00, 0x00, 0x10,
0x00, 0x00, 0x00, 0x0A, 0x00, 0x00, 0x00, 0x0A, 0x00, 0x00, 0x00, 0x0C, 0x00, 0x00, 0x00, 0x00,
0x00, 0x00, 0x00, 0x00, 0x00, 0x00, 0x01, 0x23, 0x00, 0x00, 0x00, 0x10, 0x00, 0x00, 0x00, 0x08,
0x00, 0x00, 0x00, 0x07, 0x00, 0x00, 0x00, 0x0D, 0x00, 0x00, 0x00, 0x00, 0x00, 0x00, 0x00, 0x00,
0x00, 0x00, 0x01, 0x24, 0x00, 0x00, 0x00, 0x0F, 0x00, 0x00, 0x00, 0x08, 0x00, 0x00, 0x00, 0x09,
0x00, 0x00, 0x00, 0x0F, 0x00, 0x00, 0x00, 0x01, 0x00, 0x00, 0x00, 0x00, 0x00, 0x00, 0x01, 0x25,
0x00, 0x00, 0x00, 0x0F, 0x00, 0x00, 0x00, 0x07, 0x00, 0x00, 0x00, 0x07, 0x00, 0x00, 0x00, 0x0F,
0x00, 0x00, 0x00, 0x00, 0x00, 0x00, 0x00, 0x00, 0x00, 0x00, 0x01, 0x26, 0x00, 0x00, 0x00, 0x0B,
0x00, 0x00, 0x00, 0x09, 0x00, 0x00, 0x00, 0x09, 0x00, 0x00, 0x00, 0x0B, 0x00, 0x00, 0x00, 0x00,
0x00, 0x00, 0x00, 0x00, 0x00, 0x00, 0x01, 0x27, 0x00, 0x00, 0x00, 0x0C, 0x00, 0x00, 0x00, 0x07,
0x00, 0x00, 0x00, 0x07, 0x00, 0x00, 0x00, 0x0C, 0x00, 0x00, 0x00, 0x00, 0x00, 0x00, 0x00, 0x00,
0x00, 0x00, 0x01, 0x28, 0x00, 0x00, 0x00, 0x0F, 0x00, 0x00, 0x00, 0x05, 0x00, 0x00, 0x00, 0x04,
0x00, 0x00, 0x00, 0x0F, 0x00, 0x00, 0x00, 0x00, 0x00, 0x00, 0x00, 0x00, 0x00, 0x00, 0x01, 0x29,
0x00, 0x00, 0x00, 0x0C, 0x00, 0x00, 0x00, 0x05, 0x00, 0x00, 0x00, 0x04, 0x00, 0x00, 0x00, 0x0C,
0xFF, 0xFF, 0xFF, 0xFF, 0x00, 0x00, 0x00, 0x00, 0x00, 0x00, 0x01, 0x2A, 0x00, 0x00, 0x00, 0x0E,
0x00, 0x00, 0x00, 0x04, 0x00, 0x00, 0x00, 0x04, 0x00, 0x00, 0x00, 0x0E, 0x00, 0x00, 0x00, 0x00,
0x00, 0x00, 0x00, 0x00, 0x00, 0x00, 0x01, 0x2B, 0x00, 0x00, 0x00, 0x0B, 0x00, 0x00, 0x00, 0x05,
0x00, 0x00, 0x00, 0x04, 0x00, 0x00, 0x00, 0x0B, 0x00, 0x00, 0x00, 0x00, 0x00, 0x00, 0x00, 0x00,
0x00, 0x00, 0x01, 0x2C, 0x00, 0x00, 0x00, 0x0E, 0x00, 0x00, 0x00, 0x04, 0x00, 0x00, 0x00, 0x04,
0x00, 0x00, 0x00, 0x0E, 0x00, 0x00, 0x00, 0x00, 0x00, 0x00, 0x00, 0x00, 0x00, 0x00, 0x01, 0x2D,
0x00, 0x00, 0x00, 0x0B, 0x00, 0x00, 0x00, 0x04, 0x00, 0x00, 0x00, 0x04, 0x00, 0x00, 0x00, 0x0B,
0x00, 0x00, 0x00, 0x00, 0x00, 0x00, 0x00, 0x00, 0x00, 0x00, 0x01, 0x2E, 0x00, 0x00, 0x00, 0x0F,
0x00, 0x00, 0x00, 0x03, 0x00, 0x00, 0x00, 0x04, 0x00, 0x00, 0x00, 0x0B, 0x00, 0x00, 0x00, 0x00,
0x00, 0x00, 0x00, 0x00, 0x00, 0x00, 0x01, 0x2F, 0x00, 0x00, 0x00, 0x0F, 0x00, 0x00, 0x00, 0x03,
0x00, 0x00, 0x00, 0x04, 0x00, 0x00, 0x00, 0x0C, 0x00, 0x00, 0x00, 0x01, 0x00, 0x00, 0x00, 0x00,
0x00, 0x00, 0x01, 0x30, 0x00, 0x00, 0x00, 0x0F, 0x00, 0x00, 0x00, 0x02, 0x00, 0x00, 0x00, 0x04,
0x00, 0x00, 0x00, 0x0F, 0x00, 0x00, 0x00, 0x01, 0x00, 0x00, 0x00, 0x00, 0x00, 0x00, 0x01, 0x31,
0x00, 0x00, 0x00, 0x09, 0x00, 0x00, 0x00, 0x02, 0x00, 0x00, 0x00, 0x04, 0x00, 0x00, 0x00, 0x09,
0x00, 0x00, 0x00, 0x01, 0x00, 0x00, 0x00, 0x00, 0x00, 0x00, 0x01, 0x32, 0x00, 0x00, 0x00, 0x0C,
0x00, 0x00, 0x00, 0x09, 0x00, 0x00, 0x00, 0x0A, 0x00, 0x00, 0x00, 0x0B, 0x00, 0x00, 0x00, 0x01,
0x00, 0x00, 0x00, 0x00, 0x00, 0x00, 0x01, 0x33, 0x00, 0x00, 0x00, 0x0F, 0x00, 0x00, 0x00, 0x06,
0x00, 0x00, 0x00, 0x07, 0x00, 0x00, 0x00, 0x0C, 0x00, 0x00, 0x00, 0x01, 0x00, 0x00, 0x00, 0x00,
0x00, 0x00, 0x01, 0x34, 0x00, 0x00, 0x00, 0x10, 0x00, 0x00, 0x00, 0x07, 0x00, 0x00, 0x00, 0x07,
0x00, 0x00, 0x00, 0x0F, 0x00, 0x00, 0x00, 0x00, 0x00, 0x00, 0x00, 0x00, 0x00, 0x00, 0x01, 0x35,
0x00, 0x00, 0x00, 0x0F, 0x00, 0x00, 0x00, 0x04, 0x00, 0x00, 0x00, 0x03, 0x00, 0x00, 0x00, 0x0C,
0xFF, 0xFF, 0xFF, 0xFF, 0x00, 0x00, 0x00, 0x00, 0x00, 0x00, 0x01, 0x36, 0x00, 0x00, 0x00, 0x0F,
0x00, 0x00, 0x00, 0x08, 0x00, 0x00, 0x00, 0x09, 0x00, 0x00, 0x00, 0x0B, 0x00, 0x00, 0x00, 0x01,
0x00, 0x00, 0x00, 0x00, 0x00, 0x00, 0x01, 0x37, 0x00, 0x00, 0x00, 0x10, 0x00, 0x00, 0x00, 0x07,
0x00, 0x00, 0x00, 0x07, 0x00, 0x00, 0x00, 0x0C, 0x00, 0x00, 0x00, 0x00, 0x00, 0x00, 0x00, 0x00,
0x00, 0x00, 0x01, 0x38, 0x00, 0x00, 0x00, 0x09, 0x00, 0x00, 0x00, 0x07, 0x00, 0x00, 0x00, 0x07,
0x00, 0x00, 0x00, 0x09, 0x00, 0x00, 0x00, 0x00, 0x00, 0x00, 0x00, 0x00, 0x00, 0x00, 0x01, 0x39,
0x00, 0x00, 0x00, 0x0F, 0x00, 0x00, 0x00, 0x07, 0x00, 0x00, 0x00, 0x07, 0x00, 0x00, 0x00, 0x0F,
0x00, 0x00, 0x00, 0x01, 0x00, 0x00, 0x00, 0x00, 0x00, 0x00, 0x01, 0x3A, 0x00, 0x00, 0x00, 0x0F,
0x00, 0x00, 0x00, 0x03, 0x00, 0x00, 0x00, 0x03, 0x00, 0x00, 0x00, 0x0F, 0x00, 0x00, 0x00, 0x00,
0x00, 0x00, 0x00, 0x00, 0x00, 0x00, 0x01, 0x3B, 0x00, 0x00, 0x00, 0x0F, 0x00, 0x00, 0x00, 0x07,
0x00, 0x00, 0x00, 0x07, 0x00, 0x00, 0x00, 0x0B, 0x00, 0x00, 0x00, 0x01, 0x00, 0x00, 0x00, 0x00,
0x00, 0x00, 0x01, 0x3C, 0x00, 0x00, 0x00, 0x10, 0x00, 0x00, 0x00, 0x03, 0x00, 0x00, 0x00, 0x03,
0x00, 0x00, 0x00, 0x0C, 0x00, 0x00, 0x00, 0x00, 0x00, 0x00, 0x00, 0x00, 0x00, 0x00, 0x01, 0x3D,
0x00, 0x00, 0x00, 0x0C, 0x00, 0x00, 0x00, 0x07, 0x00, 0x00, 0x00, 0x07, 0x00, 0x00, 0x00, 0x0C,
0x00, 0x00, 0x00, 0x01, 0x00, 0x00, 0x00, 0x00, 0x00, 0x00, 0x01, 0x3E, 0x00, 0x00, 0x00, 0x0C,
0x00, 0x00, 0x00, 0x05, 0x00, 0x00, 0x00, 0x03, 0x00, 0x00, 0x00, 0x0C, 0x00, 0x00, 0x00, 0x00,
0x00, 0x00, 0x00, 0x00, 0x00, 0x00, 0x01, 0x3F, 0x00, 0x00, 0x00, 0x0B, 0x00, 0x00, 0x00, 0x07,
0x00, 0x00, 0x00, 0x07, 0x00, 0x00, 0x00, 0x0B, 0x00, 0x00, 0x00, 0x01, 0x00, 0x00, 0x00, 0x00,
0x00, 0x00, 0x01, 0x40, 0x00, 0x00, 0x00, 0x0C, 0x00, 0x00, 0x00, 0x04, 0x00, 0x00, 0x00, 0x03,
0x00, 0x00, 0x00, 0x0C, 0x00, 0x00, 0x00, 0x00, 0x00, 0x00, 0x00, 0x00, 0x00, 0x00, 0x01, 0x41,
0x00, 0x00, 0x00, 0x0B, 0x00, 0x00, 0x00, 0x08, 0x00, 0x00, 0x00, 0x07, 0x00, 0x00, 0x00, 0x0B,
0x00, 0x00, 0x00, 0x00, 0x00, 0x00, 0x00, 0x00, 0x00, 0x00, 0x01, 0x42, 0x00, 0x00, 0x00, 0x0C,
0x00, 0x00, 0x00, 0x05, 0x00, 0x00, 0x00, 0x03, 0x00, 0x00, 0x00, 0x0C, 0xFF, 0xFF, 0xFF, 0xFF,
0x00, 0x00, 0x00, 0x00, 0x00, 0x00, 0x01, 0x43, 0x00, 0x00, 0x00, 0x0F, 0x00, 0x00, 0x00, 0x08,
0x00, 0x00, 0x00, 0x09, 0x00, 0x00, 0x00, 0x0F, 0x00, 0x00, 0x00, 0x01, 0x00, 0x00, 0x00, 0x00,
0x00, 0x00, 0x01, 0x44, 0x00, 0x00, 0x00, 0x0C, 0x00, 0x00, 0x00, 0x07, 0x00, 0x00, 0x00, 0x07,
0x00, 0x00, 0x00, 0x0C, 0x00, 0x00, 0x00, 0x00, 0x00, 0x00, 0x00, 0x00, 0x00, 0x00, 0x01, 0x45,
0x00, 0x00, 0x00, 0x0F, 0x00, 0x00, 0x00, 0x08, 0x00, 0x00, 0x00, 0x09, 0x00, 0x00, 0x00, 0x0B,
0x00, 0x00, 0x00, 0x01, 0x00, 0x00, 0x00, 0x00, 0x00, 0x00, 0x01, 0x46, 0x00, 0x00, 0x00, 0x0D,
0x00, 0x00, 0x00, 0x07, 0x00, 0x00, 0x00, 0x07, 0x00, 0x00, 0x00, 0x09, 0x00, 0x00, 0x00, 0x00,
0x00, 0x00, 0x00, 0x00, 0x00, 0x00, 0x01, 0x47, 0x00, 0x00, 0x00, 0x0F, 0x00, 0x00, 0x00, 0x08,
0x00, 0x00, 0x00, 0x09, 0x00, 0x00, 0x00, 0x0F, 0x00, 0x00, 0x00, 0x01, 0x00, 0x00, 0x00, 0x00,
0x00, 0x00, 0x01, 0x48, 0x00, 0x00, 0x00, 0x0C, 0x00, 0x00, 0x00, 0x07, 0x00, 0x00, 0x00, 0x07,
0x00, 0x00, 0x00, 0x0C, 0x00, 0x00, 0x00, 0x00, 0x00, 0x00, 0x00, 0x00, 0x00, 0x00, 0x01, 0x49,
0x00, 0x00, 0x00, 0x0B, 0x00, 0x00, 0x00, 0x07, 0x00, 0x00, 0x00, 0x07, 0x00, 0x00, 0x00, 0x0B,
0x00, 0x00, 0x00, 0x00, 0x00, 0x00, 0x00, 0x00, 0x00, 0x00, 0x01, 0x4A, 0x00, 0x00, 0x00, 0x0E,
0x00, 0x00, 0x00, 0x08, 0x00, 0x00, 0x00, 0x09, 0x00, 0x00, 0x00, 0x0B, 0x00, 0x00, 0x00, 0x01,
0x00, 0x00, 0x00, 0x00, 0x00, 0x00, 0x01, 0x4B, 0x00, 0x00, 0x00, 0x0C, 0x00, 0x00, 0x00, 0x07,
0x00, 0x00, 0x00, 0x07, 0x00, 0x00, 0x00, 0x09, 0x00, 0x00, 0x00, 0x00, 0x00, 0x00, 0x00, 0x00,
0x00, 0x00, 0x01, 0x4C, 0x00, 0x00, 0x00, 0x0F, 0x00, 0x00, 0x00, 0x0A, 0x00, 0x00, 0x00, 0x0A,
0x00, 0x00, 0x00, 0x0E, 0x00, 0x00, 0x00, 0x00, 0x00, 0x00, 0x00, 0x00, 0x00, 0x00, 0x01, 0x4D,
0x00, 0x00, 0x00, 0x0C, 0x00, 0x00, 0x00, 0x07, 0x00, 0x00, 0x00, 0x07, 0x00, 0x00, 0x00, 0x0B,
0x00, 0x00, 0x00, 0x00, 0x00, 0x00, 0x00, 0x00, 0x00, 0x00, 0x01, 0x4E, 0x00, 0x00, 0x00, 0x0F,
0x00, 0x00, 0x00, 0x0A, 0x00, 0x00, 0x00, 0x0A, 0x00, 0x00, 0x00, 0x0E, 0x00, 0x00, 0x00, 0x00,
0x00, 0x00, 0x00, 0x00, 0x00, 0x00, 0x01, 0x4F, 0x00, 0x00, 0x00, 0x0C, 0x00, 0x00, 0x00, 0x07,
0x00, 0x00, 0x00, 0x07, 0x00, 0x00, 0x00, 0x0B, 0x00, 0x00, 0x00, 0x00, 0x00, 0x00, 0x00, 0x00,
0x00, 0x00, 0x01, 0x50, 0x00, 0x00, 0x00, 0x10, 0x00, 0x00, 0x00, 0x0A, 0x00, 0x00, 0x00, 0x0A,
0x00, 0x00, 0x00, 0x0F, 0x00, 0x00, 0x00, 0x00, 0x00, 0x00, 0x00, 0x00, 0x00, 0x00, 0x01, 0x51,
0x00, 0x00, 0x00, 0x0D, 0x00, 0x00, 0x00, 0x07, 0x00, 0x00, 0x00, 0x07, 0x00, 0x00, 0x00, 0x0C,
0x00, 0x00, 0x00, 0x00, 0x00, 0x00, 0x00, 0x00, 0x00, 0x00, 0x01, 0x52, 0x00, 0x00, 0x00, 0x0D,
0x00, 0x00, 0x00, 0x0D, 0x00, 0x00, 0x00, 0x0D, 0x00, 0x00, 0x00, 0x0C, 0x00, 0x00, 0x00, 0x00,
0x00, 0x00, 0x00, 0x00, 0x00, 0x00, 0x01, 0x53, 0x00, 0x00, 0x00, 0x0A, 0x00, 0x00, 0x00, 0x0C,
0x00, 0x00, 0x00, 0x0C, 0x00, 0x00, 0x00, 0x09, 0x00, 0x00, 0x00, 0x00, 0x00, 0x00, 0x00, 0x00,
0x00, 0x00, 0x01, 0x54, 0x00, 0x00, 0x00, 0x0F, 0x00, 0x00, 0x00, 0x09, 0x00, 0x00, 0x00, 0x09,
0x00, 0x00, 0x00, 0x0F, 0x00, 0x00, 0x00, 0x01, 0x00, 0x00, 0x00, 0x00, 0x00, 0x00, 0x01, 0x55,
0x00, 0x00, 0x00, 0x0C, 0x00, 0x00, 0x00, 0x05, 0x00, 0x00, 0x00, 0x04, 0x00, 0x00, 0x00, 0x0C,
0x00, 0x00, 0x00, 0x00, 0x00, 0x00, 0x00, 0x00, 0x00, 0x00, 0x01, 0x56, 0x00, 0x00, 0x00, 0x0F,
0x00, 0x00, 0x00, 0x09, 0x00, 0x00, 0x00, 0x09, 0x00, 0x00, 0x00, 0x0B, 0x00, 0x00, 0x00, 0x01,
0x00, 0x00, 0x00, 0x00, 0x00, 0x00, 0x01, 0x57, 0x00, 0x00, 0x00, 0x0D, 0x00, 0x00, 0x00, 0x05,
0x00, 0x00, 0x00, 0x04, 0x00, 0x00, 0x00, 0x09, 0x00, 0x00, 0x00, 0x00, 0x00, 0x00, 0x00, 0x00,
0x00, 0x00, 0x01, 0x58, 0x00, 0x00, 0x00, 0x0F, 0x00, 0x00, 0x00, 0x09, 0x00, 0x00, 0x00, 0x09,
0x00, 0x00, 0x00, 0x0F, 0x00, 0x00, 0x00, 0x01, 0x00, 0x00, 0x00, 0x00, 0x00, 0x00, 0x01, 0x59,
0x00, 0x00, 0x00, 0x0C, 0x00, 0x00, 0x00, 0x05, 0x00, 0x00, 0x00, 0x04, 0x00, 0x00, 0x00, 0x0C,
0x00, 0x00, 0x00, 0x00, 0x00, 0x00, 0x00, 0x00, 0x00, 0x00, 0x01, 0x5A, 0x00, 0x00, 0x00, 0x10,
0x00, 0x00, 0x00, 0x09, 0x00, 0x00, 0x00, 0x09, 0x00, 0x00, 0x00, 0x0F, 0x00, 0x00, 0x00, 0x00,
0x00, 0x00, 0x00, 0x00, 0x00, 0x00, 0x01, 0x5B, 0x00, 0x00, 0x00, 0x0D, 0x00, 0x00, 0x00, 0x06,
0x00, 0x00, 0x00, 0x07, 0x00, 0x00, 0x00, 0x0C, 0x00, 0x00, 0x00, 0x00, 0x00, 0x00, 0x00, 0x00,
0x00, 0x00, 0x01, 0x5C, 0x00, 0x00, 0x00, 0x10, 0x00, 0x00, 0x00, 0x09, 0x00, 0x00, 0x00, 0x09,
0x00, 0x00, 0x00, 0x0F, 0x00, 0x00, 0x00, 0x00, 0x00, 0x00, 0x00, 0x00, 0x00, 0x00, 0x01, 0x5D,
0x00, 0x00, 0x00, 0x0D, 0x00, 0x00, 0x00, 0x06, 0x00, 0x00, 0x00, 0x07, 0x00, 0x00, 0x00, 0x0C,
0x00, 0x00, 0x00, 0x00, 0x00, 0x00, 0x00, 0x00, 0x00, 0x00, 0x01, 0x5E, 0x00, 0x00, 0x00, 0x0F,
0x00, 0x00, 0x00, 0x09, 0x00, 0x00, 0x00, 0x09, 0x00, 0x00, 0x00, 0x0C, 0x00, 0x00, 0x00, 0x00,
0x00, 0x00, 0x00, 0x00, 0x00, 0x00, 0x01, 0x5F, 0x00, 0x00, 0x00, 0x0C, 0x00, 0x00, 0x00, 0x06,
0x00, 0x00, 0x00, 0x07, 0x00, 0x00, 0x00, 0x09, 0x00, 0x00, 0x00, 0x00, 0x00, 0x00, 0x00, 0x00,
0x00, 0x00, 0x01, 0x60, 0x00, 0x00, 0x00, 0x10, 0x00, 0x00, 0x00, 0x09, 0x00, 0x00, 0x00, 0x09,
0x00, 0x00, 0x00, 0x0F, 0x00, 0x00, 0x00, 0x00, 0x00, 0x00, 0x00, 0x00, 0x00, 0x00, 0x01, 0x61,
0x00, 0x00, 0x00, 0x0D, 0x00, 0x00, 0x00, 0x06, 0x00, 0x00, 0x00, 0x07, 0x00, 0x00, 0x00, 0x0C,
0x00, 0x00, 0x00, 0x00, 0x00, 0x00, 0x00, 0x00, 0x00, 0x00, 0x01, 0x62, 0x00, 0x00, 0x00, 0x0E,
0x00, 0x00, 0x00, 0x08, 0x00, 0x00, 0x00, 0x08, 0x00, 0x00, 0x00, 0x0B, 0x00, 0x00, 0x00, 0x00,
0x00, 0x00, 0x00, 0x00, 0x00, 0x00, 0x01, 0x63, 0x00, 0x00, 0x00, 0x0E, 0x00, 0x00, 0x00, 0x05,
0x00, 0x00, 0x00, 0x04, 0x00, 0x00, 0x00, 0x0B, 0x00, 0x00, 0x00, 0x00, 0x00, 0x00, 0x00, 0x00,
0x00, 0x00, 0x01, 0x64, 0x00, 0x00, 0x00, 0x0F, 0x00, 0x00, 0x00, 0x08, 0x00, 0x00, 0x00, 0x08,
0x00, 0x00, 0x00, 0x0F, 0x00, 0x00, 0x00, 0x00, 0x00, 0x00, 0x00, 0x00, 0x00, 0x00, 0x01, 0x65,
0x00, 0x00, 0x00, 0x0D, 0x00, 0x00, 0x00, 0x05, 0x00, 0x00, 0x00, 0x04, 0x00, 0x00, 0x00, 0x0C,
0x00, 0x00, 0x00, 0x00, 0x00, 0x00, 0x00, 0x00, 0x00, 0x00, 0x01, 0x66, 0x00, 0x00, 0x00, 0x0B,
0x00, 0x00, 0x00, 0x08, 0x00, 0x00, 0x00, 0x08, 0x00, 0x00, 0x00, 0x0B, 0x00, 0x00, 0x00, 0x00,
0x00, 0x00, 0x00, 0x00, 0x00, 0x00, 0x01, 0x67, 0x00, 0x00, 0x00, 0x0C, 0x00, 0x00, 0x00, 0x04,
0x00, 0x00, 0x00, 0x04, 0x00, 0x00, 0x00, 0x0B, 0x00, 0x00, 0x00, 0x00, 0x00, 0x00, 0x00, 0x00,
0x00, 0x00, 0x01, 0x68, 0x00, 0x00, 0x00, 0x10, 0x00, 0x00, 0x00, 0x08, 0x00, 0x00, 0x00, 0x09,
0x00, 0x00, 0x00, 0x0F, 0x00, 0x00, 0x00, 0x01, 0x00, 0x00, 0x00, 0x00, 0x00, 0x00, 0x01, 0x69,
0x00, 0x00, 0x00, 0x0D, 0x00, 0x00, 0x00, 0x07, 0x00, 0x00, 0x00, 0x07, 0x00, 0x00, 0x00, 0x0C,
0x00, 0x00, 0x00, 0x00, 0x00, 0x00, 0x00, 0x00, 0x00, 0x00, 0x01, 0x6A, 0x00, 0x00, 0x00, 0x0F,
0x00, 0x00, 0x00, 0x08, 0x00, 0x00, 0x00, 0x09, 0x00, 0x00, 0x00, 0x0E, 0x00, 0x00, 0x00, 0x01,
0x00, 0x00, 0x00, 0x00, 0x00, 0x00, 0x01, 0x6B, 0x00, 0x00, 0x00, 0x0C, 0x00, 0x00, 0x00, 0x07,
0x00, 0x00, 0x00, 0x07, 0x00, 0x00, 0x00, 0x0B, 0x00, 0x00, 0x00, 0x00, 0x00, 0x00, 0x00, 0x00,
0x00, 0x00, 0x01, 0x6C, 0x00, 0x00, 0x00, 0x0F, 0x00, 0x00, 0x00, 0x08, 0x00, 0x00, 0x00, 0x09,
0x00, 0x00, 0x00, 0x0E, 0x00, 0x00, 0x00, 0x01, 0x00, 0x00, 0x00, 0x00, 0x00, 0x00, 0x01, 0x6D,
0x00, 0x00, 0x00, 0x0C, 0x00, 0x00, 0x00, 0x07, 0x00, 0x00, 0x00, 0x07, 0x00, 0x00, 0x00, 0x0B,
0x00, 0x00, 0x00, 0x00, 0x00, 0x00, 0x00, 0x00, 0x00, 0x00, 0x01, 0x6E, 0x00, 0x00, 0x00, 0x11,
0x00, 0x00, 0x00, 0x08, 0x00, 0x00, 0x00, 0x09, 0x00, 0x00, 0x00, 0x10, 0x00, 0x00, 0x00, 0x01,
0x00, 0x00, 0x00, 0x00, 0x00, 0x00, 0x01, 0x6F, 0x00, 0x00, 0x00, 0x0E, 0x00, 0x00, 0x00, 0x07,
0x00, 0x00, 0x00, 0x07, 0x00, 0x00, 0x00, 0x0D, 0x00, 0x00, 0x00, 0x00, 0x00, 0x00, 0x00, 0x00,
0x00, 0x00, 0x01, 0x70, 0x00, 0x00, 0x00, 0x10, 0x00, 0x00, 0x00, 0x08, 0x00, 0x00, 0x00, 0x09,
0x00, 0x00, 0x00, 0x0F, 0x00, 0x00, 0x00, 0x01, 0x00, 0x00, 0x00, 0x00, 0x00, 0x00, 0x01, 0x71,
0x00, 0x00, 0x00, 0x0D, 0x00, 0x00, 0x00, 0x07, 0x00, 0x00, 0x00, 0x07, 0x00, 0x00, 0x00, 0x0C,
0x00, 0x00, 0x00, 0x00, 0x00, 0x00, 0x00, 0x00, 0x00, 0x00, 0x01, 0x72, 0x00, 0x00, 0x00, 0x0F,
0x00, 0x00, 0x00, 0x08, 0x00, 0x00, 0x00, 0x09, 0x00, 0x00, 0x00, 0x0B, 0x00, 0x00, 0x00, 0x01,
0x00, 0x00, 0x00, 0x00, 0x00, 0x00, 0x01, 0x73, 0x00, 0x00, 0x00, 0x0C, 0x00, 0x00, 0x00, 0x08,
0x00, 0x00, 0x00, 0x07, 0x00, 0x00, 0x00, 0x09, 0x00, 0x00, 0x00, 0x00, 0x00, 0x00, 0x00, 0x00,
0x00, 0x00, 0x01, 0x74, 0x00, 0x00, 0x00, 0x0F, 0x00, 0x00, 0x00, 0x0D, 0x00, 0x00, 0x00, 0x0C,
0x00, 0x00, 0x00, 0x0F, 0x00, 0x00, 0x00, 0x00, 0x00, 0x00, 0x00, 0x00, 0x00, 0x00, 0x01, 0x75,
0x00, 0x00, 0x00, 0x0C, 0x00, 0x00, 0x00, 0x0A, 0x00, 0x00, 0x00, 0x09, 0x00, 0x00, 0x00, 0x0C,
0x00, 0x00, 0x00, 0x00, 0x00, 0x00, 0x00, 0x00, 0x00, 0x00, 0x01, 0x76, 0x00, 0x00, 0x00, 0x0F,
0x00, 0x00, 0x00, 0x09, 0x00, 0x00, 0x00, 0x09, 0x00, 0x00, 0x00, 0x0F, 0x00, 0x00, 0x00, 0x00,
0x00, 0x00, 0x00, 0x00, 0x00, 0x00, 0x01, 0x77, 0x00, 0x00, 0x00, 0x0F, 0x00, 0x00, 0x00, 0x07,
0x00, 0x00, 0x00, 0x07, 0x00, 0x00, 0x00, 0x0C, 0x00, 0x00, 0x00, 0x00, 0x00, 0x00, 0x00, 0x00,
0x00, 0x00, 0x01, 0x78, 0x00, 0x00, 0x00, 0x0F, 0x00, 0x00, 0x00, 0x09, 0x00, 0x00, 0x00, 0x09,
0x00, 0x00, 0x00, 0x0F, 0x00, 0x00, 0x00, 0x00, 0x00, 0x00, 0x00, 0x00, 0x00, 0x00, 0x01, 0x79,
0x00, 0x00, 0x00, 0x0F, 0x00, 0x00, 0x00, 0x08, 0x00, 0x00, 0x00, 0x08, 0x00, 0x00, 0x00, 0x0F,
0x00, 0x00, 0x00, 0x00, 0x00, 0x00, 0x00, 0x00, 0x00, 0x00, 0x01, 0x7A, 0x00, 0x00, 0x00, 0x0C,
0x00, 0x00, 0x00, 0x07, 0x00, 0x00, 0x00, 0x07, 0x00, 0x00, 0x00, 0x0C, 0x00, 0x00, 0x00, 0x00,
0x00, 0x00, 0x00, 0x00, 0x00, 0x00, 0x01, 0x7B, 0x00, 0x00, 0x00, 0x0F, 0x00, 0x00, 0x00, 0x08,
0x00, 0x00, 0x00, 0x08, 0x00, 0x00, 0x00, 0x0F, 0x00, 0x00, 0x00, 0x00, 0x00, 0x00, 0x00, 0x00,
0x00, 0x00, 0x01, 0x7C, 0x00, 0x00, 0x00, 0x0C, 0x00, 0x00, 0x00, 0x07, 0x00, 0x00, 0x00, 0x07,
0x00, 0x00, 0x00, 0x0C, 0x00, 0x00, 0x00, 0x00, 0x00, 0x00, 0x00, 0x00, 0x00, 0x00, 0x01, 0x7D,
0x00, 0x00, 0x00, 0x0F, 0x00, 0x00, 0x00, 0x08, 0x00, 0x00, 0x00, 0x08, 0x00, 0x00, 0x00, 0x0F,
0x00, 0x00, 0x00, 0x00, 0x00, 0x00, 0x00, 0x00, 0x00, 0x00, 0x01, 0x7E, 0x00, 0x00, 0x00, 0x0C,
0x00, 0x00, 0x00, 0x07, 0x00, 0x00, 0x00, 0x07, 0x00, 0x00, 0x00, 0x0C, 0x00, 0x00, 0x00, 0x00,
0x00, 0x00, 0x00, 0x00, 0x00, 0x00, 0x01, 0x7F, 0x00, 0x00, 0x00, 0x0C, 0x00, 0x00, 0x00, 0x04,
0x00, 0x00, 0x00, 0x03, 0x00, 0x00, 0x00, 0x0C, 0x00, 0x00, 0x00, 0x00, 0x00, 0x00, 0x00, 0x00,
0x05, 0xF8, 0xB8, 0x00, 0xFA, 0xB2, 0x00, 0xED, 0xA5, 0x00, 0xE0, 0x98, 0x00, 0xD4, 0x8B, 0x00,
0xC7, 0x7F, 0x00, 0xBA, 0x72, 0x00, 0xAE, 0x66, 0x00, 0x2C, 0x18, 0x00, 0xAD, 0x7E, 0x00, 0xEC,
0xAC, 0x65, 0xE1, 0x46, 0xF8, 0x08, 0x68, 0xE8, 0x48, 0xFF, 0x08, 0x60, 0xE0, 0x40, 0xFC, 0x04,
0x38, 0xB8, 0x19, 0xD9, 0x00, 0x0D, 0x4B, 0x00, 0x57, 0x00, 0x00, 0x00, 0x00, 0x24, 0x07, 0x0D,
0x1F, 0x00, 0x00, 0x00, 0x22, 0xFF, 0x14, 0x7D, 0xBB, 0x00, 0x00, 0x00, 0x5B, 0xDA, 0x00, 0xB6,
0x82, 0x00, 0x00, 0x00, 0x96, 0xA1, 0x01, 0xEE, 0x4A, 0x00, 0x2F, 0xC8, 0xF1, 0xE3, 0xCC, 0xFF,
0xD0, 0x13, 0x1A, 0x7B, 0xFF, 0x84, 0xAD, 0xE3, 0x70, 0x0B, 0x00, 0x40, 0xF4, 0x03, 0x98, 0xA0,
0x00, 0x00, 0x11, 0x80, 0xC7, 0x14, 0xD2, 0x76, 0x09, 0x00, 0xDC, 0xFF, 0xFF, 0xFF, 0xFF, 0xFF,
0x74, 0x00, 0x1F, 0xEF, 0x65, 0x5F, 0xF3, 0x25, 0x10, 0x00, 0x22, 0xFF, 0x17, 0x7B, 0xBE, 0x00,
0x00, 0x00, 0x5B, 0xDD, 0x00, 0xB3, 0x85, 0x00, 0x00, 0x00, 0x00, 0x00, 0x00, 0x6E, 0x02, 0x00,
0x00, 0x00, 0x00, 0x00, 0xC4, 0x04, 0x00, 0x00, 0x00, 0x1B, 0xA9, 0xF6, 0xC9, 0x49, 0x00, 0x00,
0xBD, 0xBD, 0xD6, 0x97, 0xF6, 0x12, 0x00, 0xF0, 0x6A, 0xC4, 0x18, 0xB8, 0x29, 0x00, 0xBA, 0xE9,
0xE7, 0x13, 0x00, 0x00, 0x00, 0x12, 0x94, 0xF6, 0xF8, 0x83, 0x00, 0x00, 0x00, 0x00, 0xC4, 0x83,
0xFF, 0x41, 0x20, 0xE8, 0x30, 0xC4, 0x04, 0xF1, 0x63, 0x04, 0xE5, 0xB6, 0xD5, 0x77, 0xFE, 0x2D,
0x00, 0x31, 0xBB, 0xF8, 0xCB, 0x58, 0x00, 0x00, 0x00, 0x00, 0xC4, 0x04, 0x00, 0x00, 0x00, 0x00,
0x00, 0x99, 0x03, 0x00, 0x00, 0x00, 0x01, 0x25, 0x10, 0x00, 0x00, 0x00, 0x00, 0x00, 0x00, 0x00,
0x00, 0x00, 0xB5, 0xDE, 0xEF, 0x45, 0x00, 0x00, 0x00, 0x96, 0x83, 0x00, 0x00, 0x2A, 0xF2, 0x06,
0x6D, 0xB2, 0x00, 0x00, 0x38, 0xE1, 0x0B, 0x00, 0x00, 0x46, 0xD5, 0x00, 0x49, 0xCD, 0x00, 0x03,
0xCE, 0x52, 0x00, 0x00, 0x00, 0x3C, 0xE1, 0x00, 0x56, 0xC4, 0x00, 0x6E, 0xB6, 0x00, 0x00, 0x00,
0x00, 0x0D, 0xF0, 0x74, 0xC0, 0x87, 0x18, 0xE8, 0x22, 0x00, 0x00, 0x00, 0x00, 0x00, 0x36, 0x95,
0x79, 0x09, 0xA7, 0x7B, 0x16, 0x80, 0x86, 0x1E, 0x00, 0x00, 0x00, 0x00, 0x00, 0x42, 0xD9, 0x07,
0xB5, 0xA3, 0x97, 0xCA, 0x00, 0x00, 0x00, 0x00, 0x06, 0xD8, 0x45, 0x00, 0xF7, 0x26, 0x12, 0xFF,
0x0B, 0x00, 0x00, 0x00, 0x7A, 0xA7, 0x00, 0x02, 0xFF, 0x19, 0x05, 0xFF, 0x16, 0x00, 0x00, 0x20,
0xE7, 0x19, 0x00, 0x00, 0xE7, 0x3C, 0x28, 0xF8, 0x04, 0x00, 0x00, 0xB1, 0x6E, 0x00, 0x00, 0x00,
0x76, 0xE7, 0xE3, 0x8E, 0x00, 0x00, 0x00, 0x00, 0x00, 0x00, 0x00, 0x00, 0x00, 0x1C, 0x1F, 0x00,
0x00, 0x00, 0x00, 0x00, 0x10, 0x24, 0x01, 0x00, 0x00, 0x00, 0x00, 0x00, 0x5F, 0xF8, 0xFF, 0xC8,
0x0B, 0x00, 0x00, 0x00, 0x0A, 0xF3, 0x6A, 0x14, 0xEE, 0x62, 0x00, 0x00, 0x00, 0x28, 0xFF, 0x25,
0x00, 0xD4, 0x70, 0x00, 0x00, 0x00, 0x0E, 0xFC, 0x51, 0x47, 0xFA, 0x29, 0x00, 0x00, 0x00, 0x00,
0xB4, 0xEB, 0xF3, 0x5B, 0x00, 0x00, 0x00, 0x00, 0x65, 0xF9, 0xEC, 0xA8, 0x00, 0x21, 0x7F, 0x00,
0x12, 0xF5, 0x63, 0x3B, 0xFC, 0x59, 0x51, 0xF0, 0x00, 0x55, 0xFB, 0x06, 0x00, 0x7E, 0xF2, 0xA6,
0xC2, 0x00, 0x5C, 0xF9, 0x06, 0x00, 0x03, 0xC2, 0xFF, 0x69, 0x00, 0x1F, 0xFB, 0x7C, 0x03, 0x21,
0xC2, 0xFF, 0x8B, 0x00, 0x00, 0x61, 0xF5, 0xFB, 0xFD, 0xA9, 0x63, 0xFF, 0x47, 0x00, 0x00, 0x0C,
0x30, 0x14, 0x00, 0x00, 0x00, 0x00, 0x6D, 0xD9, 0x70, 0xE0, 0x68, 0xD8, 0x41, 0xB1, 0x11, 0x47,
0x00, 0x00, 0x12, 0xA4, 0x03, 0x00, 0x00, 0xA7, 0x74, 0x00, 0x00, 0x37, 0xF5, 0x0F, 0x00, 0x00,
0xA5, 0xA7, 0x00, 0x00, 0x05, 0xF3, 0x60, 0x00, 0x00, 0x30, 0xFF, 0x29, 0x00, 0x00, 0x51, 0xFF,
0x0A, 0x00, 0x00, 0x59, 0xFF, 0x01, 0x00, 0x00, 0x4B, 0xFF, 0x11, 0x00, 0x00, 0x25, 0xFF, 0x36,
0x00, 0x00, 0x01, 0xE5, 0x71, 0x00, 0x00, 0x00, 0x8E, 0xBE, 0x00, 0x00, 0x00, 0x1F, 0xF7, 0x21,
0x00, 0x00, 0x00, 0x7E, 0x94, 0x00, 0x00, 0x00, 0x03, 0x72, 0x03, 0x6C, 0x4F, 0x00, 0x00, 0x1C,
0xE9, 0x17, 0x00, 0x00, 0xA5, 0x96, 0x00, 0x00, 0x47, 0xF6, 0x0F, 0x00, 0x08, 0xF8, 0x57, 0x00,
0x00, 0xC9, 0x90, 0x00, 0x00, 0xAA, 0xB1, 0x00, 0x00, 0xA2, 0xB9, 0x00, 0x00, 0xB1, 0xAB, 0x00,
0x00, 0xD6, 0x84, 0x00, 0x13, 0xFE, 0x46, 0x00, 0x5E, 0xE9, 0x05, 0x00, 0xBF, 0x77, 0x00, 0x36,
0xD7, 0x07, 0x00, 0x52, 0x29, 0x00, 0x00, 0x10, 0x17, 0xEC, 0x1C, 0x17, 0x4F, 0xE0, 0xF0, 0xDF,
0x63, 0x32, 0xCA, 0xFC, 0xD5, 0x40, 0x2C, 0x52, 0xE9, 0x4A, 0x39, 0x00, 0x00, 0x4B, 0x06, 0x00,
0x00, 0x00, 0x00, 0x25, 0x15, 0x00, 0x00, 0x00, 0x00, 0x00, 0xD8, 0x7C, 0x00, 0x00, 0x00, 0x00,
0x00, 0xD8, 0x7C, 0x00, 0x00, 0x00, 0x00, 0x00, 0xD8, 0x7C, 0x00, 0x00, 0x3C, 0xC0, 0xC0, 0xF6,
0xDF, 0xC0, 0xB7, 0x30, 0x98, 0x98, 0xF0, 0xCA, 0x98, 0x91, 0x00, 0x00, 0x00, 0xD8, 0x7C, 0x00,
0x00, 0x00, 0x00, 0x00, 0xD8, 0x7C, 0x00, 0x00, 0x00, 0x00, 0x00, 0xD8, 0x7C, 0x00, 0x00, 0xB6,
0x76, 0xF8, 0x9F, 0x82, 0x65, 0xC7, 0x10, 0x18, 0x1C, 0x1C, 0x1C, 0x05, 0xD8, 0xFF, 0xFF, 0xFF,
0x30, 0x65, 0x78, 0x78, 0x78, 0x17, 0xB6, 0x76, 0xF8, 0xA0, 0x00, 0x00, 0x6B, 0x6F, 0x00, 0x00,
0xB9, 0x64, 0x00, 0x00, 0xED, 0x32, 0x00, 0x20, 0xF9, 0x05, 0x00, 0x53, 0xCC, 0x00, 0x00, 0x86,
0x9A, 0x00, 0x00, 0xBA, 0x66, 0x00, 0x00, 0xED, 0x33, 0x00, 0x21, 0xFA, 0x07, 0x00, 0x54, 0xCE,
0x00, 0x00, 0x87, 0x9B, 0x00, 0x00, 0xBA, 0x69, 0x00, 0x00, 0xB6, 0x2E, 0x00, 0x00, 0x00, 0x00,
0x06, 0x27, 0x10, 0x00, 0x00, 0x00, 0x35, 0xE8, 0xFF, 0xFB, 0x6C, 0x00, 0x00, 0xCB, 0xAE, 0x0B,
0x6C, 0xFA, 0x19, 0x19, 0xFF, 0x39, 0x00, 0x02, 0xEC, 0x63, 0x43, 0xFF, 0x0E, 0x00, 0x00, 0xC2,
0x8E, 0x55, 0xFE, 0x00, 0x00, 0x00, 0xB2, 0xA1, 0x5C, 0xFC, 0x00, 0x00, 0x00, 0xB0, 0xA8, 0x55,
0xFF, 0x01, 0x00, 0x00, 0xB4, 0xA1, 0x43, 0xFF, 0x0F, 0x00, 0x00, 0xC3, 0x8E, 0x1C, 0xFF, 0x36,
0x00, 0x01, 0xE9, 0x65, 0x00, 0xCE, 0xA9, 0x05, 0x64, 0xFB, 0x1B, 0x00, 0x37, 0xEB, 0xFE, 0xFC,
0x70, 0x00, 0x00, 0x00, 0x07, 0x2B, 0x13, 0x00, 0x00, 0x00, 0x02, 0x37, 0x9C, 0xAF, 0x00, 0x00,
0x00, 0x2E, 0xEF, 0xFF, 0xFF, 0xB8, 0x00, 0x00, 0x00, 0x02, 0x08, 0x08, 0x9B, 0xB8, 0x00, 0x00,
0x00, 0x00, 0x00, 0x00, 0x98, 0xB8, 0x00, 0x00, 0x00, 0x00, 0x00, 0x00, 0x98, 0xB8, 0x00, 0x00,
0x00, 0x00, 0x00, 0x00, 0x98, 0xB8, 0x00, 0x00, 0x00, 0x00, 0x00, 0x00, 0x98, 0xB8, 0x00, 0x00,
0x00, 0x00, 0x00, 0x00, 0x98, 0xB8, 0x00, 0x00, 0x00, 0x00, 0x00, 0x00, 0x98, 0xB8, 0x00, 0x00,
0x00, 0x09, 0x2C, 0x2C, 0xAA, 0xC4, 0x2C, 0x2C, 0x06, 0x34, 0xFF, 0xFF, 0xFF, 0xFF, 0xFF, 0xFF,
0x20, 0x00, 0x00, 0x06, 0x27, 0x13, 0x00, 0x00, 0x00, 0x49, 0xEA, 0xFF, 0xFE, 0xA3, 0x03, 0x0B,
0xEF, 0xA5, 0x15, 0x53, 0xFF, 0x5A, 0x3B, 0xFF, 0x33, 0x00, 0x00, 0xE0, 0x88, 0x37, 0xCC, 0x1A,
0x00, 0x05, 0xF2, 0x74, 0x00, 0x00, 0x00, 0x00, 0x68, 0xFC, 0x21, 0x00, 0x00, 0x00, 0x2B, 0xF3,
0x89, 0x00, 0x00, 0x00, 0x1D, 0xE3, 0xBD, 0x05, 0x00, 0x00, 0x0F, 0xD4, 0xCB, 0x0D, 0x00, 0x00,
0x00, 0xA5, 0xE3, 0x16, 0x00, 0x00, 0x00, 0x24, 0xFF, 0x9C, 0x58, 0x58, 0x58, 0x34, 0x59, 0xFF,
0xFF, 0xFF, 0xFF, 0xFF, 0x98, 0x00, 0x00, 0x07, 0x28, 0x0E, 0x00, 0x00, 0x00, 0x4D, 0xEE, 0xFF,
0xFB, 0x7F, 0x00, 0x0B, 0xF0, 0x93, 0x09, 0x5E, 0xFF, 0x38, 0x39, 0xFF, 0x23, 0x00, 0x00, 0xEA,
0x71, 0x08, 0x20, 0x03, 0x00, 0x03, 0xF1, 0x64, 0x00, 0x00, 0x10, 0x2C, 0x90, 0xDD, 0x11, 0x00,
0x00, 0x68, 0xFF, 0xFF, 0x71, 0x00, 0x00, 0x00, 0x02, 0x07, 0x4B, 0xF9, 0x4B, 0x1A, 0x36, 0x00,
0x00, 0x00, 0xBB, 0x9A, 0x62, 0xF5, 0x02, 0x00, 0x00, 0xC0, 0x9F, 0x22, 0xFC, 0x68, 0x01, 0x44,
0xFA, 0x5E, 0x00, 0x67, 0xF5, 0xFD, 0xFE, 0x98, 0x02, 0x00, 0x00, 0x0A, 0x2B, 0x14, 0x00, 0x00,
0x00, 0x00, 0x00, 0x26, 0x15, 0x00, 0x00, 0x00, 0x00, 0x0C, 0xF9, 0x54, 0x00, 0x00, 0x00, 0x00,
0x52, 0xFC, 0x12, 0x61, 0x00, 0x00, 0x00, 0xA9, 0xB6, 0x10, 0xDC, 0x00, 0x00, 0x10, 0xF7, 0x53,
0x5B, 0xE0, 0x00, 0x00, 0x6F, 0xE5, 0x05, 0x70, 0xE0, 0x00, 0x03, 0xDE, 0x71, 0x00, 0x70, 0xE0,
0x00, 0x5F, 0xE3, 0x09, 0x00, 0x70, 0xE0, 0x00, 0xAF, 0xF3, 0xE0, 0xE0, 0xEE, 0xFC, 0xDD, 0x34,
0x4C, 0x4C, 0x4C, 0x9B, 0xEA, 0x4B, 0x00, 0x00, 0x00, 0x00, 0x70, 0xE0, 0x00, 0x00, 0x00, 0x00,
0x00, 0x70, 0xE0, 0x00, 0x00, 0xB1, 0xF8, 0xF8, 0xF8, 0xF8, 0x4A, 0x00, 0xC6, 0xA5, 0x60, 0x60,
0x60, 0x1D, 0x00, 0xD6, 0x62, 0x00, 0x00, 0x00, 0x00, 0x00, 0xE6, 0x52, 0x0E, 0x19, 0x00, 0x00,
0x00, 0xF6, 0xB3, 0xFB, 0xFF, 0xB5, 0x08, 0x06, 0xFF, 0xC0, 0x1F, 0x48, 0xFA, 0x71, 0x02, 0x34,
0x16, 0x00, 0x00, 0xB4, 0xB3, 0x24, 0x68, 0x01, 0x00, 0x00, 0x9B, 0xC0, 0x46, 0xFF, 0x1E, 0x00,
0x00, 0xB7, 0xA9, 0x0A, 0xEC, 0xA1, 0x07, 0x3E, 0xFB, 0x5C, 0x00, 0x43, 0xE9, 0xFC, 0xFE, 0x98,
0x01, 0x00, 0x00, 0x06, 0x29, 0x15, 0x00, 0x00, 0x00, 0x00, 0x03, 0x25, 0x11, 0x00, 0x00, 0x00,
0x26, 0xDC, 0xFF, 0xFB, 0x6A, 0x00, 0x00, 0xB8, 0xAE, 0x0B, 0x74, 0xFA, 0x14, 0x10, 0xFD, 0x3A,
0x00, 0x0B, 0xFF, 0x4E, 0x3B, 0xFF, 0x12, 0x00, 0x00, 0x64, 0x26, 0x52, 0xFF, 0x5C, 0xD6, 0xD0,
0x5A, 0x00, 0x5A, 0xFF, 0xD0, 0x4D, 0x8B, 0xFE, 0x31, 0x58, 0xFF, 0x46, 0x00, 0x01, 0xDD, 0x89,
0x46, 0xFF, 0x1C, 0x00, 0x00, 0xB4, 0xA4, 0x1E, 0xFF, 0x33, 0x00, 0x00, 0xCB, 0x95, 0x00, 0xCB,
0xA6, 0x07, 0x44, 0xFE, 0x47, 0x00, 0x2F, 0xE2, 0xFE, 0xFE, 0x8A, 0x00, 0x00, 0x00, 0x04, 0x28,
0x17, 0x00, 0x00, 0x74, 0xF8, 0xF8, 0xF8, 0xF8, 0xF8, 0xBD, 0x2D, 0x60, 0x60, 0x60, 0x6D, 0xFC,
0x60, 0x00, 0x00, 0x00, 0x00, 0x88, 0xC6, 0x01, 0x00, 0x00, 0x00, 0x1A, 0xF7, 0x3D, 0x00, 0x00,
0x00, 0x00, 0x8D, 0xC1, 0x00, 0x00, 0x00, 0x00, 0x09, 0xEF, 0x57, 0x00, 0x00, 0x00, 0x00, 0x51,
0xF5, 0x08, 0x00, 0x00, 0x00, 0x00, 0x9C, 0xB6, 0x00, 0x00, 0x00, 0x00, 0x00, 0xD9, 0x82, 0x00,
0x00, 0x00, 0x00, 0x04, 0xFC, 0x68, 0x00, 0x00, 0x00, 0x00, 0x14, 0xFF, 0x61, 0x00, 0x00, 0x00,
0x00, 0x00, 0x06, 0x27, 0x11, 0x00, 0x00, 0x00, 0x3E, 0xEA, 0xFF, 0xFB, 0x7A, 0x00, 0x01, 0xDE,
0xA2, 0x0A, 0x5D, 0xFF, 0x2A, 0x1C, 0xFF, 0x37, 0x00, 0x00, 0xE7, 0x68, 0x14, 0xFF, 0x40, 0x00,
0x02, 0xEF, 0x5F, 0x00, 0xB9, 0xC1, 0x3A, 0x8C, 0xF0, 0x15, 0x00, 0x52, 0xFF, 0xFD, 0xFF, 0x9C,
0x00, 0x15, 0xF5, 0x7D, 0x03, 0x3B, 0xFA, 0x55, 0x52, 0xFF, 0x0A, 0x00, 0x00, 0xBD, 0x9E, 0x52,
0xFF, 0x0B, 0x00, 0x00, 0xC0, 0x9E, 0x17, 0xFA, 0x7F, 0x03, 0x3C, 0xFA, 0x5E, 0x00, 0x61, 0xF5,
0xFC, 0xFF, 0xA2, 0x03, 0x00, 0x00, 0x0B, 0x2C, 0x17, 0x00, 0x00, 0x00, 0x00, 0x08, 0x26, 0x0B,
0x00, 0x00, 0x00, 0x45, 0xED, 0xFF, 0xF5, 0x60, 0x00, 0x0B, 0xEC, 0x90, 0x0A, 0x68, 0xF9, 0x1A,
0x46, 0xFF, 0x17, 0x00, 0x01, 0xE7, 0x67, 0x59, 0xFF, 0x01, 0x00, 0x00, 0xD0, 0x91, 0x3D, 0xFF,
0x27, 0x00, 0x07, 0xF1, 0xA4, 0x05, 0xE0, 0xBC, 0x45, 0x9E, 0xFF, 0xA6, 0x00, 0x2E, 0xC5, 0xE7,
0x98, 0xBA, 0x9E, 0x06, 0x60, 0x19, 0x00, 0x00, 0xC4, 0x88, 0x06, 0xFD, 0x54, 0x00, 0x01, 0xE9,
0x5B, 0x00, 0xC2, 0xB7, 0x08, 0x58, 0xF7, 0x14, 0x00, 0x31, 0xE9, 0xFE, 0xF8, 0x63, 0x00, 0x00,
0x00, 0x07, 0x2B, 0x10, 0x00, 0x00, 0x69, 0x44, 0xF8, 0xA0, 0x4E, 0x32, 0x00, 0x00, 0x00, 0x00,
0x00, 0x00, 0x00, 0x00, 0xB6, 0x76, 0xF8, 0xA0, 0x69, 0x44, 0xF8, 0xA0, 0x4E, 0x32, 0x00, 0x00,
0x00, 0x00, 0x00, 0x00, 0x00, 0x00, 0xB6, 0x76, 0xF8, 0x9F, 0x82, 0x65, 0xC7, 0x10, 0x00, 0x00,
0x00, 0x00, 0x00, 0x00, 0x01, 0x00, 0x00, 0x00, 0x00, 0x01, 0x52, 0xC9, 0x00, 0x00, 0x01, 0x50,
0xCF, 0xFC, 0x9B, 0x01, 0x50, 0xCF, 0xFE, 0xA5, 0x26, 0x00, 0x4A, 0xFF, 0xAF, 0x2B, 0x00, 0x00,
0x00, 0x43, 0xFF, 0xCE, 0x4A, 0x00, 0x00, 0x00, 0x00, 0x33, 0xB2, 0xFF, 0xC6, 0x42, 0x00, 0x00,
0x00, 0x00, 0x33, 0xB2, 0xFF, 0xBA, 0x00, 0x00, 0x00, 0x00, 0x00, 0x34, 0xAC, 0x23, 0x70, 0x70,
0x70, 0x70, 0x70, 0x6B, 0x49, 0xE8, 0xE8, 0xE8, 0xE8, 0xE8, 0xDD, 0x00, 0x00, 0x00, 0x00, 0x00,
0x00, 0x00, 0x03, 0x08, 0x08, 0x08, 0x08, 0x08, 0x08, 0x50, 0xFF, 0xFF, 0xFF, 0xFF, 0xFF, 0xF4,
0x18, 0x4C, 0x4C, 0x4C, 0x4C, 0x4C, 0x48, 0x01, 0x00, 0x00, 0x00, 0x00, 0x00, 0x00, 0x4A, 0xA8,
0x2A, 0x00, 0x00, 0x00, 0x00, 0x22, 0xC8, 0xFE, 0xA8, 0x29, 0x00, 0x00, 0x00, 0x00, 0x4D, 0xCF,
0xFD, 0xA4, 0x27, 0x00, 0x00, 0x00, 0x01, 0x54, 0xD8, 0xF6, 0x00, 0x00, 0x00, 0x09, 0x73, 0xEC,
0xEE, 0x00, 0x07, 0x6D, 0xE7, 0xF4, 0x88, 0x14, 0x2C, 0xE2, 0xF4, 0x88, 0x14, 0x00, 0x00, 0x42,
0x88, 0x14, 0x00, 0x00, 0x00, 0x00, 0x00, 0x00, 0x04, 0x25, 0x14, 0x00, 0x00, 0x00, 0x44, 0xE8,
0xFF, 0xFE, 0x92, 0x01, 0x0A, 0xEC, 0xAE, 0x1B, 0x6E, 0xFF, 0x50, 0x42, 0xFF, 0x38, 0x00, 0x02,
0xF3, 0x88, 0x32, 0xA8, 0x18, 0x00, 0x07, 0xF9, 0x7C, 0x00, 0x00, 0x00, 0x00, 0x7F, 0xFF, 0x31,
0x00, 0x00, 0x00, 0x51, 0xFF, 0x7F, 0x00, 0x00, 0x00, 0x00, 0xD1, 0xB9, 0x00, 0x00, 0x00, 0x00,
0x00, 0xEC, 0x7B, 0x00, 0x00, 0x00, 0x00, 0x00, 0x1E, 0x0F, 0x00, 0x00, 0x00, 0x00, 0x09, 0xBC,
0x6A, 0x00, 0x00, 0x00, 0x00, 0x0C, 0xFF, 0x90, 0x00, 0x00, 0x00, 0x00, 0x00, 0x00, 0x00, 0x0E,
0x28, 0x21, 0x05, 0x00, 0x00, 0x00, 0x00, 0x00, 0x00, 0x00, 0x52, 0xC8, 0xDB, 0xBC, 0xC4, 0xE5,
0xA9, 0x26, 0x00, 0x00, 0x00, 0x00, 0x83, 0xC6, 0x31, 0x00, 0x00, 0x00, 0x04, 0x5C, 0xE2, 0x35,
0x00, 0x00, 0x47, 0xCB, 0x09, 0x00, 0x0F, 0x4D, 0x49, 0x09, 0x00, 0x3F, 0xD8, 0x03, 0x00, 0xC1,
0x3C, 0x00, 0x25, 0xEB, 0xC9, 0xDA, 0xD5, 0x06, 0x00, 0xBA, 0x45, 0x0F, 0xE3, 0x00, 0x00, 0x7B,
0xCB, 0x00, 0x0D, 0xFC, 0x37, 0x00, 0x78, 0x7A, 0x36, 0xB9, 0x00, 0x00, 0x0E, 0x13, 0x00, 0x05,
0xF1, 0x40, 0x00, 0x60, 0x90, 0x46, 0xA6, 0x00, 0x00, 0x12, 0xA1, 0xE9, 0xFF, 0xFF, 0x40, 0x00,
0x62, 0x8D, 0x41, 0xAA, 0x00, 0x00, 0x9F, 0xCB, 0x2F, 0x0A, 0xF1, 0x40, 0x00, 0x7E, 0x70, 0x2A,
0xC3, 0x00, 0x00, 0xCC, 0x76, 0x00, 0x1B, 0xFF, 0x40, 0x01, 0xCA, 0x28, 0x04, 0xE8, 0x08, 0x00,
0xA1, 0xD5, 0x6C, 0xC7, 0xF0, 0x9C, 0xA9, 0x9A, 0x00, 0x00, 0x9F, 0x65, 0x00, 0x11, 0x87, 0x9E,
0x3C, 0x49, 0x9E, 0x68, 0x03, 0x00, 0x00, 0x1F, 0xDF, 0x3D, 0x00, 0x00, 0x00, 0x00, 0x00, 0x00,
0x00, 0x00, 0x00, 0x00, 0x00, 0x2F, 0xD0, 0xB8, 0x7E, 0x74, 0x96, 0x93, 0x00, 0x00, 0x00, 0x00,
0x00, 0x00, 0x00, 0x01, 0x37, 0x66, 0x70, 0x53, 0x19, 0x00, 0x00, 0x00, 0x00, 0x00, 0x00, 0x00,
0xAA, 0xF8, 0x6C, 0x00, 0x00, 0x00, 0x00, 0x00, 0x0A, 0xF5, 0xD1, 0xBE, 0x00, 0x00, 0x00, 0x00,
0x00, 0x52, 0xF5, 0x62, 0xFD, 0x15, 0x00, 0x00, 0x00, 0x00, 0xA2, 0xB1, 0x12, 0xFC, 0x62, 0x00,
0x00, 0x00, 0x05, 0xEE, 0x62, 0x00, 0xC0, 0xB2, 0x00, 0x00, 0x00, 0x46, 0xFD, 0x15, 0x00, 0x72,
0xF8, 0x0D, 0x00, 0x00, 0x96, 0xC4, 0x00, 0x00, 0x25, 0xFF, 0x56, 0x00, 0x02, 0xE5, 0xE3, 0xBC,
0xBC, 0xBC, 0xFD, 0xA7, 0x00, 0x3A, 0xFF, 0x95, 0x8C, 0x8C, 0x8C, 0xBE, 0xF3, 0x07, 0x8A, 0xDA,
0x00, 0x00, 0x00, 0x00, 0x36, 0xFF, 0x4A, 0xDA, 0x8B, 0x00, 0x00, 0x00, 0x00, 0x01, 0xE5, 0x9A,
0xEC, 0xF8, 0xF8, 0xF8, 0xF1, 0xAF, 0x19, 0x00, 0xF4, 0x9E, 0x4C, 0x4C, 0x6B, 0xF1, 0xBF, 0x00,
0xF4, 0x74, 0x00, 0x00, 0x00, 0x85, 0xFE, 0x04, 0xF4, 0x74, 0x00, 0x00, 0x00, 0x8A, 0xE9, 0x00,
0xF4, 0x97, 0x40, 0x41, 0x6C, 0xF3, 0x60, 0x00, 0xF4, 0xFF, 0xFF, 0xFF, 0xFF, 0xC5, 0x1A, 0x00,
0xF4, 0x78, 0x08, 0x08, 0x23, 0xC5, 0xD1, 0x03, 0xF4, 0x74, 0x00, 0x00, 0x00, 0x41, 0xFF, 0x37,
0xF4, 0x74, 0x00, 0x00, 0x00, 0x4A, 0xFF, 0x3E, 0xF4, 0x9B, 0x48, 0x48, 0x5D, 0xDD, 0xE4, 0x09,
0xF4, 0xFF, 0xFF, 0xFF, 0xF9, 0xBE, 0x2A, 0x00, 0x00, 0x00, 0x00, 0x04, 0x25, 0x22, 0x02, 0x00,
0x00, 0x00, 0x00, 0x72, 0xEE, 0xFF, 0xFF, 0xE5, 0x56, 0x00, 0x00, 0x66, 0xFF, 0x8B, 0x2F, 0x32,
0xAA, 0xFD, 0x38, 0x01, 0xE3, 0xA5, 0x00, 0x00, 0x00, 0x05, 0xE2, 0xA1, 0x28, 0xFF, 0x4D, 0x00,
0x00, 0x00, 0x00, 0xA6, 0xC5, 0x49, 0xFF, 0x2B, 0x00, 0x00, 0x00, 0x00, 0x00, 0x00, 0x53, 0xFF,
0x24, 0x00, 0x00, 0x00, 0x00, 0x00, 0x00, 0x49, 0xFF, 0x2B, 0x00, 0x00, 0x00, 0x00, 0x00, 0x00,
0x28, 0xFF, 0x4D, 0x00, 0x00, 0x00, 0x00, 0x93, 0xBD, 0x01, 0xE3, 0xA4, 0x00, 0x00, 0x00, 0x02,
0xD6, 0xA4, 0x00, 0x68, 0xFF, 0x87, 0x2B, 0x2E, 0x9F, 0xFF, 0x3F, 0x00, 0x00, 0x75, 0xF1, 0xFF,
0xFF, 0xEC, 0x61, 0x00, 0x00, 0x00, 0x00, 0x06, 0x29, 0x27, 0x04, 0x00, 0x00, 0xD9, 0xF8, 0xF8,
0xF7, 0xDD, 0x81, 0x06, 0x00, 0xE0, 0xAC, 0x4C, 0x50, 0x88, 0xF8, 0xA9, 0x00, 0xE0, 0x88, 0x00,
0x00, 0x00, 0x5D, 0xFF, 0x38, 0xE0, 0x88, 0x00, 0x00, 0x00, 0x03, 0xF1, 0x83, 0xE0, 0x88, 0x00,
0x00, 0x00, 0x00, 0xCE, 0xA5, 0xE0, 0x88, 0x00, 0x00, 0x00, 0x00, 0xC8, 0xAF, 0xE0, 0x88, 0x00,
0x00, 0x00, 0x00, 0xD3, 0xA1, 0xE0, 0x88, 0x00, 0x00, 0x00, 0x07, 0xF5, 0x7A, 0xE0, 0x88, 0x00,
0x00, 0x00, 0x68, 0xFF, 0x2E, 0xE0, 0xAA, 0x48, 0x4C, 0x89, 0xFA, 0xA1, 0x00, 0xE0, 0xFF, 0xFF,
0xFF, 0xE3, 0x82, 0x05, 0x00, 0xD9, 0xF8, 0xF8, 0xF8, 0xF8, 0xF8, 0xDD, 0xE0, 0xAC, 0x4C, 0x4C,
0x4C, 0x4C, 0x44, 0xE0, 0x88, 0x00, 0x00, 0x00, 0x00, 0x00, 0xE0, 0x88, 0x00, 0x00, 0x00, 0x00,
0x00, 0xE0, 0xA6, 0x40, 0x40, 0x40, 0x40, 0x0C, 0xE0, 0xFF, 0xFF, 0xFF, 0xFF, 0xFF, 0x30, 0xE0,
0x8C, 0x08, 0x08, 0x08, 0x08, 0x02, 0xE0, 0x88, 0x00, 0x00, 0x00, 0x00, 0x00, 0xE0, 0x88, 0x00,
0x00, 0x00, 0x00, 0x00, 0xE0, 0xAA, 0x48, 0x48, 0x48, 0x48, 0x47, 0xE0, 0xFF, 0xFF, 0xFF, 0xFF,
0xFF, 0xFC, 0xD9, 0xF8, 0xF8, 0xF8, 0xF8, 0xF8, 0x70, 0xE0, 0xAC, 0x4C, 0x4C, 0x4C, 0x4C, 0x22,
0xE0, 0x88, 0x00, 0x00, 0x00, 0x00, 0x00, 0xE0, 0x88, 0x00, 0x00, 0x00, 0x00, 0x00, 0xE0, 0x99,
0x24, 0x24, 0x24, 0x20, 0x00, 0xE0, 0xFF, 0xFF, 0xFF, 0xFF, 0xE0, 0x00, 0xE0, 0x99, 0x24, 0x24,
0x24, 0x20, 0x00, 0xE0, 0x88, 0x00, 0x00, 0x00, 0x00, 0x00, 0xE0, 0x88, 0x00, 0x00, 0x00, 0x00,
0x00, 0xE0, 0x88, 0x00, 0x00, 0x00, 0x00, 0x00, 0xE0, 0x88, 0x00, 0x00, 0x00, 0x00, 0x00, 0x00,
0x00, 0x00, 0x00, 0x1E, 0x27, 0x08, 0x00, 0x00, 0x00, 0x00, 0x00, 0x4A, 0xDC, 0xFF, 0xFF, 0xF7,
0x90, 0x06, 0x00, 0x00, 0x3C, 0xFC, 0xB3, 0x3A, 0x28, 0x71, 0xF8, 0x94, 0x00, 0x00, 0xBE, 0xCF,
0x03, 0x00, 0x00, 0x00, 0x82, 0xF9, 0x09, 0x0B, 0xFD, 0x70, 0x00, 0x00, 0x00, 0x00, 0x3A, 0xC4,
0x1F, 0x2C, 0xFF, 0x49, 0x00, 0x00, 0x00, 0x00, 0x00, 0x00, 0x00, 0x36, 0xFF, 0x40, 0x00, 0x17,
0xB8, 0xB8, 0xB8, 0xB8, 0x20, 0x2D, 0xFF, 0x47, 0x00, 0x11, 0x84, 0x84, 0xA5, 0xFF, 0x2C, 0x0D,
0xFE, 0x6C, 0x00, 0x00, 0x00, 0x00, 0x52, 0xFF, 0x2C, 0x00, 0xC6, 0xC5, 0x01, 0x00, 0x00, 0x00,
0x90, 0xFF, 0x2C, 0x00, 0x45, 0xFE, 0xA2, 0x31, 0x24, 0x6F, 0xF4, 0xFF, 0x2C, 0x00, 0x00, 0x58,
0xE6, 0xFF, 0xFF, 0xE9, 0x4D, 0xE4, 0x2C, 0x00, 0x00, 0x00, 0x02, 0x25, 0x28, 0x04, 0x00, 0x00,
0x00, 0xD9, 0x84, 0x00, 0x00, 0x00, 0x10, 0xF8, 0x59, 0xE0, 0x88, 0x00, 0x00, 0x00, 0x10, 0xFF,
0x5C, 0xE0, 0x88, 0x00, 0x00, 0x00, 0x10, 0xFF, 0x5C, 0xE0, 0x88, 0x00, 0x00, 0x00, 0x10, 0xFF,
0x5C, 0xE0, 0xA6, 0x40, 0x40, 0x40, 0x4C, 0xFF, 0x5C, 0xE0, 0xFF, 0xFF, 0xFF, 0xFF, 0xFF, 0xFF,
0x5C, 0xE0, 0x8C, 0x08, 0x08, 0x08, 0x18, 0xFF, 0x5C, 0xE0, 0x88, 0x00, 0x00, 0x00, 0x10, 0xFF,
0x5C, 0xE0, 0x88, 0x00, 0x00, 0x00, 0x10, 0xFF, 0x5C, 0xE0, 0x88, 0x00, 0x00, 0x00, 0x10, 0xFF,
0x5C, 0xE0, 0x88, 0x00, 0x00, 0x00, 0x10, 0xFF, 0x5C, 0xD9, 0x84, 0xE0, 0x88, 0xE0, 0x88, 0xE0,
0x88, 0xE0, 0x88, 0xE0, 0x88, 0xE0, 0x88, 0xE0, 0x88, 0xE0, 0x88, 0xE0, 0x88, 0xE0, 0x88, 0x00,
0x00, 0x00, 0x00, 0xDD, 0x80, 0x00, 0x00, 0x00, 0x00, 0xE4, 0x84, 0x00, 0x00, 0x00, 0x00, 0xE4,
0x84, 0x00, 0x00, 0x00, 0x00, 0xE4, 0x84, 0x00, 0x00, 0x00, 0x00, 0xE4, 0x84, 0x00, 0x00, 0x00,
0x00, 0xE4, 0x84, 0x00, 0x00, 0x00, 0x00, 0xE4, 0x84, 0x43, 0x33, 0x00, 0x00, 0xE4, 0x84, 0xC9,
0x9F, 0x00, 0x00, 0xE7, 0x81, 0xA1, 0xDF, 0x2E, 0x4E, 0xFF, 0x58, 0x22, 0xDC, 0xFF, 0xFF, 0xB1,
0x05, 0x00, 0x03, 0x28, 0x1C, 0x00, 0x00, 0xD9, 0x84, 0x00, 0x00, 0x00, 0x7A, 0xEC, 0x23, 0xE0,
0x88, 0x00, 0x00, 0x3E, 0xFC, 0x5C, 0x00, 0xE0, 0x88, 0x00, 0x16, 0xE4, 0x9C, 0x00, 0x00, 0xE0,
0x88, 0x02, 0xB7, 0xD4, 0x09, 0x00, 0x00, 0xE0, 0x88, 0x79, 0xFF, 0x51, 0x00, 0x00, 0x00, 0xE0,
0xC1, 0xFC, 0xEA, 0xB3, 0x00, 0x00, 0x00, 0xE0, 0xFF, 0x83, 0x4A, 0xFF, 0x3A, 0x00, 0x00, 0xE0,
0xAF, 0x01, 0x00, 0xCA, 0xBE, 0x00, 0x00, 0xE0, 0x88, 0x00, 0x00, 0x4A, 0xFF, 0x43, 0x00, 0xE0,
0x88, 0x00, 0x00, 0x01, 0xCB, 0xC8, 0x00, 0xE0, 0x88, 0x00, 0x00, 0x00, 0x4C, 0xFF, 0x4E, 0xD9,
0x84, 0x00, 0x00, 0x00, 0x00, 0x00, 0xE0, 0x88, 0x00, 0x00, 0x00, 0x00, 0x00, 0xE0, 0x88, 0x00,
0x00, 0x00, 0x00, 0x00, 0xE0, 0x88, 0x00, 0x00, 0x00, 0x00, 0x00, 0xE0, 0x88, 0x00, 0x00, 0x00,
0x00, 0x00, 0xE0, 0x88, 0x00, 0x00, 0x00, 0x00, 0x00, 0xE0, 0x88, 0x00, 0x00, 0x00, 0x00, 0x00,
0xE0, 0x88, 0x00, 0x00, 0x00, 0x00, 0x00, 0xE0, 0x88, 0x00, 0x00, 0x00, 0x00, 0x00, 0xE0, 0xAA,
0x48, 0x48, 0x48, 0x48, 0x01, 0xE0, 0xFF, 0xFF, 0xFF, 0xFF, 0xFF, 0x04, 0x04, 0xF8, 0xF8, 0x44,
0x00, 0x00, 0x00, 0x4F, 0xF8, 0xE9, 0x04, 0xFF, 0xEF, 0x8A, 0x00, 0x00, 0x00, 0x96, 0xEF, 0xF0,
0x04, 0xFF, 0xC7, 0xCE, 0x00, 0x00, 0x00, 0xDD, 0xC7, 0xF0, 0x04, 0xFF, 0x8F, 0xFE, 0x15, 0x00,
0x22, 0xFE, 0x8D, 0xF0, 0x04, 0xFF, 0x4E, 0xFB, 0x58, 0x00, 0x68, 0xCD, 0x78, 0xF0, 0x04, 0xFF,
0x40, 0xC2, 0x9D, 0x00, 0xAD, 0x86, 0x78, 0xF0, 0x04, 0xFF, 0x40, 0x7D, 0xE2, 0x03, 0xEF, 0x40,
0x78, 0xF0, 0x04, 0xFF, 0x40, 0x35, 0xFF, 0x54, 0xF4, 0x06, 0x78, 0xF0, 0x04, 0xFF, 0x40, 0x03,
0xED, 0xAB, 0xB4, 0x00, 0x78, 0xF0, 0x04, 0xFF, 0x40, 0x00, 0xAA, 0xEA, 0x6E, 0x00, 0x78, 0xF0,
0x04, 0xFF, 0x40, 0x00, 0x63, 0xFF, 0x28, 0x00, 0x78, 0xF0, 0xD9, 0x9C, 0x00, 0x00, 0x00, 0x00,
0xE1, 0x59, 0xE0, 0xFF, 0x39, 0x00, 0x00, 0x00, 0xE8, 0x5C, 0xE0, 0xEE, 0xCC, 0x02, 0x00, 0x00,
0xE8, 0x5C, 0xE0, 0x90, 0xFF, 0x66, 0x00, 0x00, 0xE8, 0x5C, 0xE0, 0x64, 0xA3, 0xEC, 0x11, 0x00,
0xE8, 0x5C, 0xE0, 0x64, 0x1A, 0xF3, 0x94, 0x00, 0xE8, 0x5C, 0xE0, 0x64, 0x00, 0x77, 0xFD, 0x2F,
0xE8, 0x5C, 0xE0, 0x64, 0x00, 0x06, 0xD9, 0xB3, 0xE4, 0x5C, 0xE0, 0x64, 0x00, 0x00, 0x48, 0xFE,
0xF5, 0x5C, 0xE0, 0x64, 0x00, 0x00, 0x00, 0xB3, 0xFF, 0x5C, 0xE0, 0x64, 0x00, 0x00, 0x00, 0x23,
0xF9, 0x5C, 0x00, 0x00, 0x00, 0x01, 0x1F, 0x25, 0x05, 0x00, 0x00, 0x00, 0x00, 0x00, 0x50, 0xE0,
0xFF, 0xFF, 0xF0, 0x75, 0x00, 0x00, 0x00, 0x41, 0xFD, 0xAC, 0x37, 0x2C, 0x86, 0xFF, 0x72, 0x00,
0x00, 0xC2, 0xCB, 0x03, 0x00, 0x00, 0x00, 0x98, 0xEF, 0x07, 0x0C, 0xFD, 0x6D, 0x00, 0x00, 0x00,
0x00, 0x38, 0xFF, 0x3D, 0x2D, 0xFF, 0x49, 0x00, 0x00, 0x00, 0x00, 0x15, 0xFF, 0x60, 0x36, 0xFF,
0x40, 0x00, 0x00, 0x00, 0x00, 0x0C, 0xFF, 0x6A, 0x2D, 0xFF, 0x49, 0x00, 0x00, 0x00, 0x00, 0x15,
0xFF, 0x61, 0x0C, 0xFD, 0x6D, 0x00, 0x00, 0x00, 0x00, 0x38, 0xFF, 0x3D, 0x00, 0xC2, 0xCA, 0x02,
0x00, 0x00, 0x00, 0x96, 0xEF, 0x07, 0x00, 0x41, 0xFD, 0xAA, 0x32, 0x28, 0x82, 0xFF, 0x72, 0x00,
0x00, 0x00, 0x51, 0xE4, 0xFF, 0xFF, 0xF2, 0x79, 0x01, 0x00, 0x00, 0x00, 0x00, 0x02, 0x23, 0x29,
0x06, 0x00, 0x00, 0x00, 0xD9, 0xF8, 0xF8, 0xF8, 0xF0, 0xB5, 0x26, 0x00, 0xE0, 0xAC, 0x4C, 0x4C,
0x60, 0xDD, 0xDF, 0x05, 0xE0, 0x88, 0x00, 0x00, 0x00, 0x49, 0xFF, 0x3D, 0xE0, 0x88, 0x00, 0x00,
0x00, 0x30, 0xFF, 0x4B, 0xE0, 0x88, 0x00, 0x00, 0x01, 0x96, 0xFC, 0x19, 0xE0, 0xEA, 0xD0, 0xD0,
0xE4, 0xFF, 0x78, 0x00, 0xE0, 0xC0, 0x78, 0x78, 0x6F, 0x2F, 0x00, 0x00, 0xE0, 0x88, 0x00, 0x00,
0x00, 0x00, 0x00, 0x00, 0xE0, 0x88, 0x00, 0x00, 0x00, 0x00, 0x00, 0x00, 0xE0, 0x88, 0x00, 0x00,
0x00, 0x00, 0x00, 0x00, 0xE0, 0x88, 0x00, 0x00, 0x00, 0x00, 0x00, 0x00, 0x00, 0x00, 0x00, 0x01,
0x1F, 0x25, 0x05, 0x00, 0x00, 0x00, 0x00, 0x00, 0x50, 0xE0, 0xFF, 0xFF, 0xF0, 0x75, 0x00, 0x00,
0x00, 0x41, 0xFD, 0xAC, 0x37, 0x2C, 0x86, 0xFF, 0x72, 0x00, 0x00, 0xC2, 0xCB, 0x03, 0x00, 0x00,
0x00, 0x98, 0xEF, 0x07, 0x0C, 0xFD, 0x6D, 0x00, 0x00, 0x00, 0x00, 0x38, 0xFF, 0x3D, 0x2D, 0xFF,
0x49, 0x00, 0x00, 0x00, 0x00, 0x15, 0xFF, 0x60, 0x36, 0xFF, 0x40, 0x00, 0x00, 0x00, 0x00, 0x0C,
0xFF, 0x6A, 0x2D, 0xFF, 0x49, 0x00, 0x00, 0x00, 0x00, 0x15, 0xFF, 0x5F, 0x0C, 0xFD, 0x6D, 0x00,
0x00, 0x00, 0x00, 0x38, 0xFF, 0x3B, 0x00, 0xC2, 0xCA, 0x02, 0x00, 0x00, 0x00, 0x96, 0xEC, 0x06,
0x00, 0x41, 0xFD, 0xAA, 0x32, 0x28, 0x82, 0xFF, 0x6E, 0x00, 0x00, 0x00, 0x51, 0xE4, 0xFF, 0xFF,
0xFA, 0x79, 0x00, 0x00, 0x00, 0x00, 0x00, 0x02, 0x23, 0x6C, 0xFC, 0x7B, 0x00, 0x00, 0x00, 0x00,
0x00, 0x00, 0x00, 0x00, 0x55, 0xF7, 0x8C, 0x01, 0xD9, 0xF8, 0xF8, 0xF8, 0xF6, 0xDC, 0x79, 0x01,
0x00, 0xE0, 0xAC, 0x4C, 0x4C, 0x4F, 0x8E, 0xFF, 0x6B, 0x00, 0xE0, 0x88, 0x00, 0x00, 0x00, 0x00,
0xC1, 0xC0, 0x00, 0xE0, 0x88, 0x00, 0x00, 0x00, 0x00, 0xBA, 0xC6, 0x00, 0xE0, 0x97, 0x20, 0x20,
0x23, 0x69, 0xFD, 0x78, 0x00, 0xE0, 0xFF, 0xFF, 0xFF, 0xFF, 0xFC, 0x91, 0x05, 0x00, 0xE0, 0x9B,
0x28, 0x28, 0x73, 0xFD, 0x21, 0x00, 0x00, 0xE0, 0x88, 0x00, 0x00, 0x0A, 0xEF, 0x8E, 0x00, 0x00,
0xE0, 0x88, 0x00, 0x00, 0x00, 0x8C, 0xF1, 0x0D, 0x00, 0xE0, 0x88, 0x00, 0x00, 0x00, 0x23, 0xFE,
0x6D, 0x00, 0xE0, 0x88, 0x00, 0x00, 0x00, 0x00, 0xB6, 0xDC, 0x02, 0x00, 0x00, 0x00, 0x16, 0x28,
0x0D, 0x00, 0x00, 0x00, 0x00, 0x28, 0xCB, 0xFF, 0xFF, 0xFC, 0xA1, 0x09, 0x00, 0x01, 0xD9, 0xD8,
0x46, 0x25, 0x6B, 0xFC, 0x85, 0x00, 0x19, 0xFF, 0x69, 0x00, 0x00, 0x00, 0xB3, 0xC8, 0x00, 0x0E,
0xFD, 0xAD, 0x04, 0x00, 0x00, 0x12, 0x17, 0x00, 0x00, 0x8E, 0xFF, 0xD8, 0x74, 0x1D, 0x00, 0x00,
0x00, 0x00, 0x01, 0x5D, 0xC8, 0xFF, 0xFE, 0xAD, 0x14, 0x00, 0x00, 0x00, 0x00, 0x00, 0x21, 0x8D,
0xFD, 0xBD, 0x00, 0x25, 0x6C, 0x0C, 0x00, 0x00, 0x00, 0x8B, 0xFF, 0x09, 0x4A, 0xFF, 0x34, 0x00,
0x00, 0x00, 0x7A, 0xFC, 0x05, 0x10, 0xF1, 0xCA, 0x3C, 0x21, 0x55, 0xEC, 0xB7, 0x00, 0x00, 0x3F,
0xD9, 0xFF, 0xFF, 0xFF, 0xBA, 0x1A, 0x00, 0x00, 0x00, 0x00, 0x1D, 0x2D, 0x12, 0x00, 0x00, 0x00,
0xAE, 0xF8, 0xF8, 0xF8, 0xF8, 0xF8, 0xF8, 0xAE, 0x35, 0x4C, 0x4C, 0xCB, 0xCB, 0x4C, 0x4C, 0x35,
0x00, 0x00, 0x00, 0xB4, 0xB4, 0x00, 0x00, 0x00, 0x00, 0x00, 0x00, 0xB4, 0xB4, 0x00, 0x00, 0x00,
0x00, 0x00, 0x00, 0xB4, 0xB4, 0x00, 0x00, 0x00, 0x00, 0x00, 0x00, 0xB4, 0xB4, 0x00, 0x00, 0x00,
0x00, 0x00, 0x00, 0xB4, 0xB4, 0x00, 0x00, 0x00, 0x00, 0x00, 0x00, 0xB4, 0xB4, 0x00, 0x00, 0x00,
0x00, 0x00, 0x00, 0xB4, 0xB4, 0x00, 0x00, 0x00, 0x00, 0x00, 0x00, 0xB4, 0xB4, 0x00, 0x00, 0x00,
0x00, 0x00, 0x00, 0xB4, 0xB4, 0x00, 0x00, 0x00, 0xD9, 0x84, 0x00, 0x00, 0x00, 0x10, 0xF8, 0x59,
0xE0, 0x88, 0x00, 0x00, 0x00, 0x10, 0xFF, 0x5C, 0xE0, 0x88, 0x00, 0x00, 0x00, 0x10, 0xFF, 0x5C,
0xE0, 0x88, 0x00, 0x00, 0x00, 0x10, 0xFF, 0x5C, 0xE0, 0x88, 0x00, 0x00, 0x00, 0x10, 0xFF, 0x5C,
0xE0, 0x88, 0x00, 0x00, 0x00, 0x10, 0xFF, 0x5C, 0xE0, 0x88, 0x00, 0x00, 0x00, 0x10, 0xFF, 0x5C,
0xDD, 0x8A, 0x00, 0x00, 0x00, 0x12, 0xFF, 0x59, 0xC2, 0xB1, 0x00, 0x00, 0x00, 0x39, 0xFF, 0x3E,
0x67, 0xFE, 0x76, 0x25, 0x3C, 0xCF, 0xDF, 0x05, 0x01, 0x89, 0xF8, 0xFF, 0xFF, 0xD3, 0x2C, 0x00,
0x00, 0x00, 0x0A, 0x2A, 0x1D, 0x00, 0x00, 0x00, 0xB4, 0xCD, 0x00, 0x00, 0x00, 0x00, 0x00, 0xDA,
0x76, 0x6E, 0xFF, 0x1D, 0x00, 0x00, 0x00, 0x2C, 0xFF, 0x2E, 0x1F, 0xFF, 0x67, 0x00, 0x00, 0x00,
0x79, 0xDF, 0x00, 0x00, 0xD2, 0xB0, 0x00, 0x00, 0x00, 0xC3, 0x92, 0x00, 0x00, 0x83, 0xF4, 0x06,
0x00, 0x13, 0xFD, 0x42, 0x00, 0x00, 0x35, 0xFF, 0x44, 0x00, 0x5B, 0xF0, 0x05, 0x00, 0x00, 0x01,
0xE6, 0x8E, 0x00, 0xA8, 0xA6, 0x00, 0x00, 0x00, 0x00, 0x9A, 0xD8, 0x04, 0xF0, 0x5A, 0x00, 0x00,
0x00, 0x00, 0x4C, 0xFF, 0x62, 0xFB, 0x10, 0x00, 0x00, 0x00, 0x00, 0x09, 0xF5, 0xEA, 0xBE, 0x00,
0x00, 0x00, 0x00, 0x00, 0x00, 0xAE, 0xFF, 0x6E, 0x00, 0x00, 0x00, 0xB6, 0xB9, 0x00, 0x00, 0x00,
0xCA, 0xF8, 0x4C, 0x00, 0x00, 0x2A, 0xF8, 0x1B, 0x81, 0xF4, 0x03, 0x00, 0x03, 0xF8, 0xE8, 0x7C,
0x00, 0x00, 0x63, 0xE1, 0x00, 0x45, 0xFF, 0x31, 0x00, 0x25, 0xFC, 0xA8, 0xAA, 0x00, 0x00, 0x9C,
0xA6, 0x00, 0x0D, 0xFD, 0x69, 0x00, 0x50, 0xD9, 0x7D, 0xD7, 0x00, 0x00, 0xD3, 0x6C, 0x00, 0x00,
0xCE, 0xA2, 0x00, 0x7B, 0xAD, 0x52, 0xFD, 0x09, 0x0E, 0xFE, 0x30, 0x00, 0x00, 0x93, 0xDC, 0x00,
0xA6, 0x81, 0x22, 0xFF, 0x32, 0x45, 0xF2, 0x03, 0x00, 0x00, 0x58, 0xFF, 0x15, 0xD1, 0x53, 0x01,
0xF4, 0x62, 0x7E, 0xBB, 0x00, 0x00, 0x00, 0x1C, 0xFF, 0x51, 0xF9, 0x26, 0x00, 0xC6, 0x8E, 0xB6,
0x7F, 0x00, 0x00, 0x00, 0x00, 0xE1, 0xA0, 0xF6, 0x02, 0x00, 0x98, 0xB7, 0xE7, 0x43, 0x00, 0x00,
0x00, 0x00, 0xA5, 0xEB, 0xCC, 0x00, 0x00, 0x6A, 0xEC, 0xFD, 0x0D, 0x00, 0x00, 0x00, 0x00, 0x6A,
0xFF, 0x9E, 0x00, 0x00, 0x3A, 0xFF, 0xCE, 0x00, 0x00, 0x00, 0x50, 0xF8, 0x54, 0x00, 0x00, 0x00,
0x76, 0xEB, 0x19, 0x00, 0xBA, 0xE3, 0x0C, 0x00, 0x1F, 0xF5, 0x70, 0x00, 0x00, 0x26, 0xF9, 0x89,
0x00, 0xB0, 0xCD, 0x03, 0x00, 0x00, 0x00, 0x85, 0xFB, 0x79, 0xFD, 0x33, 0x00, 0x00, 0x00, 0x00,
0x0A, 0xE1, 0xFF, 0x94, 0x00, 0x00, 0x00, 0x00, 0x00, 0x00, 0x9F, 0xFF, 0x60, 0x00, 0x00, 0x00,
0x00, 0x00, 0x30, 0xFC, 0xD8, 0xE8, 0x0F, 0x00, 0x00, 0x00, 0x02, 0xC7, 0xB6, 0x1D, 0xF5, 0x91,
0x00, 0x00, 0x00, 0x68, 0xF6, 0x22, 0x00, 0x78, 0xFC, 0x30, 0x00, 0x16, 0xEF, 0x7B, 0x00, 0x00,
0x06, 0xD8, 0xC6, 0x01, 0xA2, 0xD8, 0x06, 0x00, 0x00, 0x00, 0x45, 0xFF, 0x62, 0x97, 0xE1, 0x0C,
0x00, 0x00, 0x00, 0x10, 0xE7, 0x59, 0x1A, 0xF6, 0x7F, 0x00, 0x00, 0x00, 0x86, 0xD0, 0x02, 0x00,
0x81, 0xF3, 0x17, 0x00, 0x1A, 0xF6, 0x44, 0x00, 0x00, 0x0C, 0xE7, 0x96, 0x00, 0x9B, 0xB9, 0x00,
0x00, 0x00, 0x00, 0x66, 0xFB, 0x4F, 0xF9, 0x2D, 0x00, 0x00, 0x00, 0x00, 0x03, 0xD4, 0xFC, 0x9E,
0x00, 0x00, 0x00, 0x00, 0x00, 0x00, 0x5F, 0xFF, 0x27, 0x00, 0x00, 0x00, 0x00, 0x00, 0x00, 0x50,
0xFF, 0x18, 0x00, 0x00, 0x00, 0x00, 0x00, 0x00, 0x50, 0xFF, 0x18, 0x00, 0x00, 0x00, 0x00, 0x00,
0x00, 0x50, 0xFF, 0x18, 0x00, 0x00, 0x00, 0x00, 0x00, 0x00, 0x50, 0xFF, 0x18, 0x00, 0x00, 0x00,
0x55, 0xF8, 0xF8, 0xF8, 0xF8, 0xF8, 0xF8, 0x7E, 0x1A, 0x4C, 0x4C, 0x4C, 0x4C, 0xC5, 0xF3, 0x17,
0x00, 0x00, 0x00, 0x00, 0x2D, 0xFC, 0x78, 0x00, 0x00, 0x00, 0x00, 0x00, 0xBC, 0xDC, 0x07, 0x00,
0x00, 0x00, 0x00, 0x4E, 0xFF, 0x51, 0x00, 0x00, 0x00, 0x00, 0x06, 0xDC, 0xBE, 0x00, 0x00, 0x00,
0x00, 0x00, 0x75, 0xFD, 0x2D, 0x00, 0x00, 0x00, 0x00, 0x16, 0xF1, 0x97, 0x00, 0x00, 0x00, 0x00,
0x00, 0x9A, 0xEF, 0x14, 0x00, 0x00, 0x00, 0x00, 0x30, 0xFD, 0xA8, 0x48, 0x48, 0x48, 0x48, 0x2F,
0xA6, 0xFF, 0xFF, 0xFF, 0xFF, 0xFF, 0xFF, 0xA8, 0x2B, 0xC4, 0xC4, 0x40, 0x38, 0xFF, 0x48, 0x18,
0x38, 0xFF, 0x00, 0x00, 0x38, 0xFF, 0x00, 0x00, 0x38, 0xFF, 0x00, 0x00, 0x38, 0xFF, 0x00, 0x00,
0x38, 0xFF, 0x00, 0x00, 0x38, 0xFF, 0x00, 0x00, 0x38, 0xFF, 0x00, 0x00, 0x38, 0xFF, 0x00, 0x00,
0x38, 0xFF, 0x00, 0x00, 0x38, 0xFF, 0x00, 0x00, 0x38, 0xFF, 0x00, 0x00, 0x38, 0xFF, 0x78, 0x27,
0x20, 0x94, 0x94, 0x31, 0xB2, 0x2B, 0x00, 0x00, 0xBC, 0x65, 0x00, 0x00, 0x89, 0x97, 0x00, 0x00,
0x56, 0xCA, 0x00, 0x00, 0x22, 0xF9, 0x05, 0x00, 0x01, 0xEE, 0x31, 0x00, 0x00, 0xBD, 0x63, 0x00,
0x00, 0x8A, 0x96, 0x00, 0x00, 0x56, 0xCA, 0x00, 0x00, 0x23, 0xF8, 0x05, 0x00, 0x01, 0xF0, 0x2F,
0x00, 0x00, 0xBE, 0x62, 0x00, 0x00, 0x70, 0x71, 0x87, 0xC4, 0xA8, 0x32, 0x8A, 0xDC, 0x00, 0x5C,
0xDC, 0x00, 0x5C, 0xDC, 0x00, 0x5C, 0xDC, 0x00, 0x5C, 0xDC, 0x00, 0x5C, 0xDC, 0x00, 0x5C, 0xDC,
0x00, 0x5C, 0xDC, 0x00, 0x5C, 0xDC, 0x00, 0x5C, 0xDC, 0x00, 0x5C, 0xDC, 0x00, 0x5C, 0xDC, 0x53,
0xA9, 0xDC, 0x66, 0x94, 0x7F, 0x00, 0x04, 0xE4, 0xF7, 0x1F, 0x00, 0x00, 0x00, 0x46, 0xF7, 0xDA,
0x77, 0x00, 0x00, 0x00, 0x9F, 0xB2, 0x82, 0xD2, 0x00, 0x00, 0x07, 0xF1, 0x62, 0x31, 0xFF, 0x2A,
0x00, 0x51, 0xFD, 0x15, 0x00, 0xDE, 0x83, 0x00, 0xAA, 0xC1, 0x00, 0x00, 0x8E, 0xDC, 0x00, 0x43,
0x29, 0x00, 0x00, 0x1B, 0x4C, 0x07, 0xD8, 0xD8, 0xD8, 0xD8, 0xD8, 0xD8, 0xD8, 0x3D, 0x73, 0x5C,
0x00, 0x31, 0xEE, 0x2C, 0x00, 0x45, 0x5B, 0x00, 0x0D, 0x70, 0x98, 0x7B, 0x14, 0x00, 0x00, 0x01,
0xC8, 0xDE, 0x96, 0xDC, 0xCE, 0x00, 0x00, 0x1D, 0xFF, 0x41, 0x00, 0x44, 0xFF, 0x15, 0x00, 0x03,
0x14, 0x03, 0x00, 0x34, 0xFF, 0x1C, 0x00, 0x00, 0x45, 0xB9, 0xE6, 0xF9, 0xFF, 0x1C, 0x00, 0x2D,
0xFD, 0xA4, 0x46, 0x5A, 0xFF, 0x1C, 0x00, 0x6D, 0xF5, 0x02, 0x00, 0x47, 0xFF, 0x1C, 0x00, 0x62,
0xFD, 0x24, 0x15, 0xC5, 0xFF, 0x26, 0x00, 0x0F, 0xD3, 0xFF, 0xFA, 0x74, 0xD9, 0xFC, 0x12, 0x00,
0x02, 0x29, 0x13, 0x00, 0x06, 0x15, 0x00, 0x07, 0x90, 0x26, 0x00, 0x00, 0x00, 0x00, 0x0C, 0xFF,
0x44, 0x00, 0x00, 0x00, 0x00, 0x0C, 0xFF, 0x44, 0x00, 0x00, 0x00, 0x00, 0x0C, 0xFF, 0x55, 0x80,
0x8E, 0x22, 0x00, 0x0C, 0xFF, 0xE8, 0xA4, 0xCD, 0xE5, 0x0C, 0x0C, 0xFF, 0x98, 0x00, 0x0E, 0xF4,
0x61, 0x0C, 0xFF, 0x56, 0x00, 0x00, 0xC6, 0x94, 0x0C, 0xFF, 0x45, 0x00, 0x00, 0xB9, 0xA6, 0x0C,
0xFF, 0x48, 0x00, 0x00, 0xBC, 0xA2, 0x0C, 0xFF, 0x66, 0x00, 0x00, 0xD8, 0x86, 0x0C, 0xFF, 0xCB,
0x0E, 0x44, 0xFF, 0x42, 0x0C, 0xFE, 0x79, 0xFB, 0xFF, 0x9E, 0x00, 0x00, 0x00, 0x00, 0x19, 0x1F,
0x00, 0x00, 0x00, 0x0B, 0x74, 0x98, 0x6A, 0x05, 0x00, 0x00, 0xB7, 0xE5, 0x99, 0xEF, 0x8E, 0x00,
0x29, 0xFF, 0x41, 0x00, 0x77, 0xE9, 0x00, 0x59, 0xFE, 0x06, 0x00, 0x3E, 0xB4, 0x02, 0x6B, 0xF5,
0x00, 0x00, 0x00, 0x00, 0x00, 0x66, 0xF8, 0x00, 0x00, 0x09, 0x20, 0x01, 0x49, 0xFF, 0x14, 0x00,
0x4F, 0xFB, 0x01, 0x0F, 0xF7, 0x80, 0x04, 0xA1, 0xC3, 0x00, 0x00, 0x63, 0xF8, 0xFE, 0xED, 0x36,
0x00, 0x00, 0x00, 0x0F, 0x2C, 0x0A, 0x00, 0x00, 0x00, 0x00, 0x00, 0x00, 0x00, 0x8C, 0x32, 0x00,
0x00, 0x00, 0x00, 0x00, 0xF8, 0x58, 0x00, 0x00, 0x00, 0x00, 0x00, 0xF8, 0x58, 0x00, 0x09, 0x77,
0x91, 0x2F, 0xF8, 0x58, 0x00, 0xA5, 0xEA, 0x9A, 0xD8, 0xFD, 0x58, 0x17, 0xFE, 0x4E, 0x00, 0x4C,
0xFF, 0x58, 0x48, 0xFF, 0x11, 0x00, 0x0A, 0xFF, 0x58, 0x5A, 0xFF, 0x05, 0x00, 0x00, 0xF9, 0x58,
0x56, 0xFF, 0x08, 0x00, 0x00, 0xFC, 0x58, 0x39, 0xFF, 0x24, 0x00, 0x1A, 0xFF, 0x58, 0x07, 0xEF,
0x8D, 0x04, 0x8B, 0xFF, 0x58, 0x00, 0x59, 0xF9, 0xFE, 0xB4, 0xC1, 0x58, 0x00, 0x00, 0x13, 0x28,
0x01, 0x00, 0x00, 0x00, 0x01, 0x56, 0x95, 0x86, 0x23, 0x00, 0x00, 0x8B, 0xF6, 0x9F, 0xCA, 0xEB,
0x15, 0x0F, 0xF9, 0x67, 0x00, 0x0D, 0xF4, 0x6A, 0x3F, 0xFF, 0x21, 0x00, 0x00, 0xCB, 0x91, 0x52,
0xFF, 0xFC, 0xFC, 0xFC, 0xFF, 0x9C, 0x4E, 0xFF, 0x3A, 0x2C, 0x2C, 0x2C, 0x1B, 0x2F, 0xFF, 0x33,
0x00, 0x00, 0xA1, 0x7F, 0x02, 0xE0, 0xAD, 0x0B, 0x2D, 0xF5, 0x5B, 0x00, 0x3C, 0xE6, 0xFE, 0xFF,
0xA5, 0x03, 0x00, 0x00, 0x04, 0x29, 0x1A, 0x00, 0x00, 0x00, 0x55, 0xAD, 0x61, 0x09, 0xF7, 0xA0,
0x43, 0x1F, 0xFF, 0x31, 0x00, 0x70, 0xFF, 0x88, 0x45, 0xAD, 0xFF, 0xCC, 0x7B, 0x20, 0xFF, 0x30,
0x00, 0x20, 0xFF, 0x30, 0x00, 0x20, 0xFF, 0x30, 0x00, 0x20, 0xFF, 0x30, 0x00, 0x20, 0xFF, 0x30,
0x00, 0x20, 0xFF, 0x30, 0x00, 0x20, 0xFF, 0x30, 0x00, 0x00, 0x00, 0x00, 0x00, 0x00, 0x3A, 0xB9,
0x00, 0x00, 0x08, 0x6C, 0x98, 0x70, 0xD0, 0x8F, 0x00, 0x00, 0xB3, 0xDE, 0x83, 0xD0, 0xD8, 0x02,
0x00, 0x1B, 0xFF, 0x3F, 0x00, 0x21, 0xFF, 0x37, 0x00, 0x2A, 0xFF, 0x28, 0x00, 0x0C, 0xFF, 0x49,
0x00, 0x04, 0xDE, 0x8F, 0x0F, 0x77, 0xF9, 0x17, 0x00, 0x01, 0x95, 0xFF, 0xFF, 0xEA, 0x58, 0x00,
0x00, 0x4E, 0xFF, 0x2F, 0x0F, 0x01, 0x00, 0x00, 0x00, 0x35, 0xFD, 0x92, 0x70, 0x70, 0x64, 0x11,
0x00, 0x43, 0xF2, 0xD5, 0xD0, 0xD0, 0xF2, 0xD0, 0x02, 0xBE, 0x9A, 0x00, 0x00, 0x00, 0x48, 0xFF,
0x1E, 0xB1, 0xCB, 0x3D, 0x38, 0x38, 0x93, 0xEB, 0x06, 0x28, 0xC5, 0xE7, 0xE8, 0xE7, 0xC8, 0x3B,
0x00, 0x07, 0x90, 0x26, 0x00, 0x00, 0x00, 0x00, 0x0C, 0xFF, 0x44, 0x00, 0x00, 0x00, 0x00, 0x0C,
0xFF, 0x44, 0x00, 0x00, 0x00, 0x00, 0x0C, 0xFF, 0x4E, 0x79, 0x94, 0x3C, 0x00, 0x0C, 0xFF, 0xDF,
0xA9, 0xC3, 0xF9, 0x1C, 0x0C, 0xFF, 0x91, 0x00, 0x0A, 0xFF, 0x51, 0x0C, 0xFF, 0x4C, 0x00, 0x00,
0xF8, 0x58, 0x0C, 0xFF, 0x44, 0x00, 0x00, 0xF8, 0x58, 0x0C, 0xFF, 0x44, 0x00, 0x00, 0xF8, 0x58,
0x0C, 0xFF, 0x44, 0x00, 0x00, 0xF8, 0x58, 0x0C, 0xFF, 0x44, 0x00, 0x00, 0xF8, 0x58, 0x0C, 0xFF,
0x44, 0x00, 0x00, 0xF8, 0x58, 0x90, 0x34, 0xF4, 0x58, 0x00, 0x00, 0x59, 0x34, 0xD4, 0x7C, 0xD4,
0x7C, 0xD4, 0x7C, 0xD4, 0x7C, 0xD4, 0x7C, 0xD4, 0x7C, 0xD4, 0x7C, 0xD4, 0x7C, 0x00, 0x00, 0x90,
0x34, 0x00, 0x00, 0xF4, 0x58, 0x00, 0x00, 0x00, 0x00, 0x00, 0x16, 0x6C, 0x0C, 0x00, 0x34, 0xFF,
0x1C, 0x00, 0x34, 0xFF, 0x1C, 0x00, 0x34, 0xFF, 0x1C, 0x00, 0x34, 0xFF, 0x1C, 0x00, 0x34, 0xFF,
0x1C, 0x00, 0x34, 0xFF, 0x1C, 0x00, 0x34, 0xFF, 0x1C, 0x00, 0x34, 0xFF, 0x1C, 0x00, 0x34, 0xFF,
0x1C, 0x20, 0x77, 0xFE, 0x0D, 0x87, 0xE1, 0x81, 0x00, 0x07, 0x90, 0x26, 0x00, 0x00, 0x00, 0x00,
0x0C, 0xFF, 0x44, 0x00, 0x00, 0x00, 0x00, 0x0C, 0xFF, 0x44, 0x00, 0x00, 0x00, 0x00, 0x0C, 0xFF,
0x44, 0x00, 0x12, 0x6C, 0x20, 0x0C, 0xFF, 0x44, 0x00, 0xA8, 0xC6, 0x04, 0x0C, 0xFF, 0x44, 0x5A,
0xF2, 0x22, 0x00, 0x0C, 0xFF, 0x61, 0xF0, 0x5C, 0x00, 0x00, 0x0C, 0xFF, 0xEB, 0xFF, 0x36, 0x00,
0x00, 0x0C, 0xFF, 0xCD, 0xB1, 0xBD, 0x00, 0x00, 0x0C, 0xFF, 0x46, 0x2A, 0xFE, 0x42, 0x00, 0x0C,
0xFF, 0x44, 0x00, 0xA8, 0xC9, 0x01, 0x0C, 0xFF, 0x44, 0x00, 0x2A, 0xFE, 0x4F, 0x1D, 0x90, 0x10,
0x34, 0xFF, 0x1C, 0x34, 0xFF, 0x1C, 0x34, 0xFF, 0x1C, 0x34, 0xFF, 0x1C, 0x34, 0xFF, 0x1C, 0x34,
0xFF, 0x1C, 0x34, 0xFF, 0x1C, 0x34, 0xFF, 0x1C, 0x34, 0xFF, 0x1C, 0x34, 0xFF, 0x1C, 0x34, 0xFF,
0x1C, 0x05, 0x6B, 0x10, 0x7F, 0x90, 0x2A, 0x21, 0x8A, 0x86, 0x18, 0x0C, 0xFF, 0xCE, 0xA4, 0xD8,
0xE1, 0xDC, 0x9C, 0xE7, 0xB7, 0x0C, 0xFF, 0x8D, 0x00, 0x41, 0xFF, 0x66, 0x00, 0x69, 0xF1, 0x0C,
0xFF, 0x4B, 0x00, 0x30, 0xFF, 0x27, 0x00, 0x58, 0xF8, 0x0C, 0xFF, 0x44, 0x00, 0x30, 0xFF, 0x20,
0x00, 0x58, 0xF8, 0x0C, 0xFF, 0x44, 0x00, 0x30, 0xFF, 0x20, 0x00, 0x58, 0xF8, 0x0C, 0xFF, 0x44,
0x00, 0x30, 0xFF, 0x20, 0x00, 0x58, 0xF8, 0x0C, 0xFF, 0x44, 0x00, 0x30, 0xFF, 0x20, 0x00, 0x58,
0xF8, 0x0C, 0xFF, 0x44, 0x00, 0x30, 0xFF, 0x20, 0x00, 0x58, 0xF8, 0x05, 0x6B, 0x0E, 0x7A, 0x94,
0x3C, 0x00, 0x0C, 0xFF, 0xCE, 0xA9, 0xC3, 0xF9, 0x1C, 0x0C, 0xFF, 0x91, 0x00, 0x0A, 0xFF, 0x51,
0x0C, 0xFF, 0x4C, 0x00, 0x00, 0xF8, 0x58, 0x0C, 0xFF, 0x44, 0x00, 0x00, 0xF8, 0x58, 0x0C, 0xFF,
0x44, 0x00, 0x00, 0xF8, 0x58, 0x0C, 0xFF, 0x44, 0x00, 0x00, 0xF8, 0x58, 0x0C, 0xFF, 0x44, 0x00,
0x00, 0xF8, 0x58, 0x0C, 0xFF, 0x44, 0x00, 0x00, 0xF8, 0x58, 0x00, 0x03, 0x62, 0x97, 0x7D, 0x15,
0x00, 0x00, 0x98, 0xF1, 0x9C, 0xD8, 0xDB, 0x0A, 0x15, 0xFD, 0x5B, 0x00, 0x16, 0xF9, 0x5E, 0x48,
0xFF, 0x15, 0x00, 0x00, 0xC9, 0x93, 0x5A, 0xFF, 0x05, 0x00, 0x00, 0xB9, 0xA6, 0x56, 0xFF, 0x08,
0x00, 0x00, 0xBD, 0xA2, 0x36, 0xFF, 0x29, 0x00, 0x00, 0xDE, 0x82, 0x04, 0xE7, 0x9D, 0x05, 0x57,
0xFF, 0x37, 0x00, 0x47, 0xEF, 0xFE, 0xFD, 0x83, 0x00, 0x00, 0x00, 0x08, 0x2B, 0x14, 0x00, 0x00,
0x05, 0x6B, 0x12, 0x82, 0x8B, 0x22, 0x00, 0x0C, 0xFF, 0xD0, 0xA4, 0xCD, 0xE7, 0x10, 0x0C, 0xFF,
0x96, 0x00, 0x0E, 0xF4, 0x65, 0x0C, 0xFF, 0x54, 0x00, 0x00, 0xC6, 0x95, 0x0C, 0xFF, 0x45, 0x00,
0x00, 0xB9, 0xA6, 0x0C, 0xFF, 0x48, 0x00, 0x00, 0xBC, 0xA1, 0x0C, 0xFF, 0x66, 0x00, 0x00, 0xD8,
0x83, 0x0C, 0xFF, 0xCB, 0x0E, 0x44, 0xFF, 0x3C, 0x0C, 0xFF, 0xB5, 0xFC, 0xFF, 0x9C, 0x00, 0x0C,
0xFF, 0x44, 0x16, 0x22, 0x00, 0x00, 0x0C, 0xFF, 0x44, 0x00, 0x00, 0x00, 0x00, 0x09, 0xC4, 0x34,
0x00, 0x00, 0x00, 0x00, 0x00, 0x09, 0x77, 0x93, 0x2F, 0x4B, 0x25, 0x00, 0xAB, 0xEA, 0x9A, 0xDA,
0xE2, 0x58, 0x1B, 0xFF, 0x4E, 0x00, 0x49, 0xFF, 0x58, 0x49, 0xFF, 0x11, 0x00, 0x09, 0xFF, 0x58,
0x5A, 0xFF, 0x05, 0x00, 0x00, 0xF9, 0x58, 0x55, 0xFF, 0x08, 0x00, 0x00, 0xFC, 0x58, 0x37, 0xFF,
0x24, 0x00, 0x1A, 0xFF, 0x58, 0x06, 0xEA, 0x8D, 0x04, 0x8B, 0xFF, 0x58, 0x00, 0x55, 0xF9, 0xFE,
0xBA, 0xFA, 0x58, 0x00, 0x00, 0x13, 0x25, 0x00, 0xF8, 0x58, 0x00, 0x00, 0x00, 0x00, 0x00, 0xF8,
0x58, 0x00, 0x00, 0x00, 0x00, 0x00, 0xBE, 0x43, 0x05, 0x6B, 0x1B, 0x92, 0x24, 0x0C, 0xFF, 0xC9,
0xEF, 0x3C, 0x0C, 0xFF, 0xA4, 0x03, 0x00, 0x0C, 0xFF, 0x4C, 0x00, 0x00, 0x0C, 0xFF, 0x44, 0x00,
0x00, 0x0C, 0xFF, 0x44, 0x00, 0x00, 0x0C, 0xFF, 0x44, 0x00, 0x00, 0x0C, 0xFF, 0x44, 0x00, 0x00,
0x0C, 0xFF, 0x44, 0x00, 0x00, 0x00, 0x1A, 0x7E, 0x97, 0x5A, 0x00, 0x0A, 0xE2, 0xC8, 0x9C, 0xFB,
0x6D, 0x40, 0xFF, 0x20, 0x00, 0xAE, 0xBD, 0x2F, 0xFF, 0x88, 0x0E, 0x00, 0x00, 0x00, 0x82, 0xFB,
0xF7, 0x9E, 0x12, 0x00, 0x00, 0x18, 0x79, 0xF6, 0xB0, 0x4B, 0x96, 0x00, 0x00, 0x80, 0xE8, 0x56,
0xFF, 0x40, 0x05, 0xAE, 0xCA, 0x04, 0xAD, 0xFF, 0xFA, 0xEA, 0x3D, 0x00, 0x00, 0x1C, 0x2C, 0x06,
0x00, 0x00, 0x9C, 0x30, 0x00, 0x00, 0xEC, 0x40, 0x00, 0x57, 0xFF, 0x91, 0x2A, 0x9A, 0xFF, 0xD0,
0x4B, 0x10, 0xFF, 0x40, 0x00, 0x10, 0xFF, 0x40, 0x00, 0x10, 0xFF, 0x40, 0x00, 0x10, 0xFF, 0x40,
0x00, 0x10, 0xFF, 0x40, 0x00, 0x09, 0xFF, 0x58, 0x00, 0x00, 0xB4, 0xFF, 0x60, 0x00, 0x04, 0x22,
0x03, 0x05, 0x6C, 0x1D, 0x00, 0x00, 0x69, 0x25, 0x0C, 0xFF, 0x44, 0x00, 0x00, 0xF8, 0x58, 0x0C,
0xFF, 0x44, 0x00, 0x00, 0xF8, 0x58, 0x0C, 0xFF, 0x44, 0x00, 0x00, 0xF8, 0x58, 0x0C, 0xFF, 0x44,
0x00, 0x00, 0xF8, 0x58, 0x0C, 0xFF, 0x44, 0x00, 0x00, 0xF9, 0x58, 0x0B, 0xFF, 0x45, 0x00, 0x11,
0xFF, 0x58, 0x01, 0xF6, 0x81, 0x04, 0x91, 0xFF, 0x58, 0x00, 0x85, 0xFF, 0xFD, 0xA9, 0xC0, 0x58,
0x00, 0x00, 0x1C, 0x21, 0x00, 0x00, 0x00, 0x55, 0x46, 0x00, 0x00, 0x00, 0x68, 0x27, 0x94, 0xD7,
0x00, 0x00, 0x28, 0xFF, 0x28, 0x4C, 0xFF, 0x1C, 0x00, 0x6D, 0xDE, 0x00, 0x0A, 0xF7, 0x5F, 0x00,
0xB1, 0x95, 0x00, 0x00, 0xB8, 0xA3, 0x04, 0xF1, 0x4C, 0x00, 0x00, 0x6E, 0xE9, 0x3B, 0xF8, 0x0A,
0x00, 0x00, 0x24, 0xFF, 0xAF, 0xB9, 0x00, 0x00, 0x00, 0x00, 0xDA, 0xFF, 0x6E, 0x00, 0x00, 0x00,
0x00, 0x91, 0xFF, 0x24, 0x00, 0x00, 0x64, 0x36, 0x00, 0x02, 0x6C, 0x3D, 0x00, 0x00, 0x65, 0x29,
0xC0, 0xA8, 0x00, 0x26, 0xFF, 0xB2, 0x00, 0x18, 0xFF, 0x34, 0x81, 0xE2, 0x00, 0x54, 0xE7, 0xE2,
0x00, 0x51, 0xF1, 0x03, 0x44, 0xFF, 0x1C, 0x82, 0xA5, 0xFF, 0x12, 0x8A, 0xB6, 0x00, 0x0A, 0xFA,
0x56, 0xAF, 0x62, 0xEE, 0x42, 0xC2, 0x77, 0x00, 0x00, 0xC4, 0x8D, 0xDB, 0x32, 0xBF, 0x74, 0xF6,
0x37, 0x00, 0x00, 0x84, 0xBF, 0xF8, 0x09, 0x92, 0xBB, 0xF3, 0x04, 0x00, 0x00, 0x44, 0xF8, 0xD6,
0x00, 0x62, 0xF8, 0xB7, 0x00, 0x00, 0x00, 0x0A, 0xFA, 0xA6, 0x00, 0x32, 0xFF, 0x77, 0x00, 0x00,
0x49, 0x62, 0x00, 0x00, 0x1B, 0x6C, 0x1A, 0x47, 0xFF, 0x46, 0x00, 0xA0, 0xD0, 0x03, 0x00, 0xB7,
0xCA, 0x2E, 0xFC, 0x3E, 0x00, 0x00, 0x2B, 0xFC, 0xE1, 0xA8, 0x00, 0x00, 0x00, 0x00, 0xA3, 0xFF,
0x27, 0x00, 0x00, 0x00, 0x07, 0xDC, 0xFF, 0x7E, 0x00, 0x00, 0x00, 0x78, 0xE1, 0x7A, 0xF4, 0x1A,
0x00, 0x17, 0xF3, 0x5D, 0x08, 0xE2, 0x9E, 0x00, 0x9E, 0xCD, 0x02, 0x00, 0x64, 0xFE, 0x30, 0x54,
0x46, 0x00, 0x00, 0x00, 0x68, 0x28, 0x90, 0xDC, 0x00, 0x00, 0x20, 0xFF, 0x2D, 0x42, 0xFF, 0x24,
0x00, 0x5F, 0xE7, 0x01, 0x04, 0xEE, 0x6E, 0x00, 0x9C, 0xA2, 0x00, 0x00, 0xA6, 0xB7, 0x00, 0xDA,
0x5D, 0x00, 0x00, 0x56, 0xF7, 0x22, 0xFF, 0x18, 0x00, 0x00, 0x0D, 0xFA, 0x9C, 0xD2, 0x00, 0x00,
0x00, 0x00, 0xBA, 0xFD, 0x8D, 0x00, 0x00, 0x00, 0x00, 0x6A, 0xFF, 0x47, 0x00, 0x00, 0x00, 0x00,
0x68, 0xF0, 0x07, 0x00, 0x00, 0x0D, 0x3C, 0xE2, 0x86, 0x00, 0x00, 0x00, 0x53, 0xE3, 0x9F, 0x07,
0x00, 0x00, 0x00, 0x23, 0x6C, 0x6C, 0x6C, 0x6C, 0x64, 0x00, 0x3F, 0xC0, 0xC0, 0xC0, 0xFD, 0xBD,
0x00, 0x00, 0x00, 0x00, 0x4E, 0xFE, 0x30, 0x00, 0x00, 0x00, 0x05, 0xD9, 0xA2, 0x00, 0x00, 0x00,
0x00, 0x6C, 0xF6, 0x1C, 0x00, 0x00, 0x00, 0x0F, 0xEB, 0x82, 0x00, 0x00, 0x00, 0x00, 0x89, 0xE6,
0x0C, 0x00, 0x00, 0x00, 0x1F, 0xF8, 0x87, 0x2C, 0x2C, 0x2C, 0x06, 0x8A, 0xFF, 0xFF, 0xFF, 0xFF,
0xFF, 0x20, 0x00, 0x00, 0x6A, 0xB6, 0x0C, 0x00, 0x46, 0xF5, 0x4A, 0x03, 0x00, 0x71, 0xCB, 0x00,
0x00, 0x00, 0x74, 0xC5, 0x00, 0x00, 0x00, 0x74, 0xBC, 0x00, 0x00, 0x00, 0x75, 0xB1, 0x00, 0x00,
0x3B, 0xCD, 0x81, 0x00, 0x00, 0xB0, 0xD2, 0x1C, 0x00, 0x00, 0x15, 0xAF, 0x94, 0x00, 0x00, 0x00,
0x74, 0xB3, 0x00, 0x00, 0x00, 0x74, 0xBE, 0x00, 0x00, 0x00, 0x74, 0xC6, 0x00, 0x00, 0x00, 0x6E,
0xCF, 0x00, 0x00, 0x00, 0x30, 0xF9, 0x82, 0x06, 0x00, 0x00, 0x34, 0x7E, 0x09, 0x85, 0x32, 0xEC,
0x58, 0xEC, 0x58, 0xEC, 0x58, 0xEC, 0x58, 0xEC, 0x58, 0xEC, 0x58, 0xEC, 0x58, 0xEC, 0x58, 0xEC,
0x58, 0xEC, 0x58, 0xEC, 0x58, 0xEC, 0x58, 0xEC, 0x58, 0xB5, 0x43, 0x83, 0x95, 0x16, 0x00, 0x00,
0x23, 0xB9, 0xA6, 0x00, 0x00, 0x00, 0x6C, 0xD1, 0x00, 0x00, 0x00, 0x65, 0xD4, 0x00, 0x00, 0x00,
0x5A, 0xD4, 0x00, 0x00, 0x00, 0x4D, 0xD5, 0x00, 0x00, 0x00, 0x1F, 0xF5, 0x69, 0x05, 0x00, 0x00,
0x8D, 0xFB, 0x10, 0x00, 0x2D, 0xF0, 0x32, 0x01, 0x00, 0x50, 0xD4, 0x00, 0x00, 0x00, 0x5E, 0xD4,
0x00, 0x00, 0x00, 0x66, 0xD4, 0x00, 0x00, 0x00, 0x6F, 0xCD, 0x00, 0x00, 0x49, 0xD8, 0x8C, 0x00,
0x00, 0x5C, 0x5C, 0x04, 0x00, 0x00, 0x00, 0x00, 0x00, 0x00, 0x00, 0x00, 0x01, 0x04, 0x12, 0xBD,
0xFB, 0xB3, 0x36, 0x1A, 0x98, 0x1C, 0x6E, 0xC3, 0x7C, 0xC4, 0xFF, 0xFF, 0xDA, 0x0A, 0x28, 0x02,
0x00, 0x00, 0x42, 0x64, 0x11, 0x00, 0x00, 0x1E, 0x6C, 0x22, 0x48, 0xFF, 0x50, 0x17, 0x50, 0x19,
0x03, 0xAF, 0x01, 0x0F, 0xFF, 0x0B, 0x1C, 0xFF, 0x19, 0x28, 0xFF, 0x26, 0x35, 0xFF, 0x32, 0x42,
0xFF, 0x40, 0x4E, 0xFF, 0x4D, 0x5B, 0xFF, 0x5A, 0x38, 0x90, 0x38, 0x00, 0x00, 0x00, 0x5C, 0x14,
0x00, 0x00, 0x00, 0x00, 0x00, 0xA4, 0x24, 0x00, 0x00, 0x00, 0x11, 0x9D, 0xF0, 0xD2, 0x5D, 0x00,
0x00, 0xA9, 0xDE, 0xCA, 0x9E, 0xFE, 0x2B, 0x0C, 0xFC, 0x5B, 0xA4, 0x25, 0xEC, 0x70, 0x30, 0xFF,
0x2D, 0xA4, 0x24, 0x5C, 0x36, 0x3C, 0xFF, 0x24, 0xA4, 0x24, 0x00, 0x00, 0x31, 0xFF, 0x2D, 0xA4,
0x24, 0x52, 0x34, 0x0D, 0xFD, 0x59, 0xA4, 0x24, 0xE0, 0x6B, 0x00, 0xAE, 0xDC, 0xC7, 0x96, 0xFA,
0x21, 0x00, 0x13, 0xA3, 0xF3, 0xD3, 0x4F, 0x00, 0x00, 0x00, 0x00, 0xA4, 0x24, 0x00, 0x00, 0x00,
0x00, 0x00, 0x80, 0x1C, 0x00, 0x00, 0x00, 0x00, 0x00, 0x1B, 0x1E, 0x00, 0x00, 0x00, 0x03, 0xAD,
0xFF, 0xFF, 0xC2, 0x0D, 0x00, 0x51, 0xF7, 0x2B, 0x25, 0xF2, 0x6D, 0x00, 0x85, 0xCC, 0x00, 0x00,
0xBB, 0x96, 0x00, 0x8C, 0xC8, 0x00, 0x00, 0x19, 0x16, 0x03, 0x8E, 0xC9, 0x04, 0x04, 0x00, 0x00,
0xB4, 0xFF, 0xFF, 0xFF, 0xE8, 0x00, 0x00, 0x19, 0x9C, 0xC8, 0x24, 0x21, 0x00, 0x00, 0x00, 0x8C,
0xB7, 0x00, 0x00, 0x00, 0x00, 0x00, 0x8C, 0xAC, 0x00, 0x00, 0x00, 0x00, 0x23, 0xAB, 0xBD, 0x44,
0x44, 0x44, 0x29, 0x84, 0xFF, 0xFF, 0xFF, 0xFF, 0xFF, 0x9C, 0x00, 0x07, 0x00, 0x2D, 0x65, 0x47,
0x02, 0x07, 0x00, 0x01, 0xC8, 0xB5, 0xF2, 0xB7, 0xE1, 0xC8, 0xE3, 0x1F, 0x00, 0x6E, 0xE5, 0x1E,
0x00, 0x07, 0xB7, 0xBA, 0x00, 0x00, 0xAE, 0x71, 0x00, 0x00, 0x00, 0x29, 0xF7, 0x06, 0x00, 0xD0,
0x47, 0x00, 0x00, 0x00, 0x01, 0xFF, 0x1C, 0x00, 0xB2, 0x6C, 0x00, 0x00, 0x00, 0x26, 0xF9, 0x07,
0x00, 0x6D, 0xE1, 0x18, 0x00, 0x04, 0xAF, 0xB8, 0x00, 0x01, 0xCB, 0xC0, 0xEE, 0xAA, 0xD8, 0xD1,
0xE8, 0x1D, 0x00, 0x0C, 0x00, 0x37, 0x72, 0x53, 0x05, 0x0C, 0x00, 0xB6, 0xBF, 0x00, 0x00, 0x00,
0x49, 0xEC, 0x11, 0x45, 0xFF, 0x3C, 0x00, 0x00, 0xBF, 0x8D, 0x00, 0x00, 0xC9, 0xB3, 0x00, 0x33,
0xF9, 0x1B, 0x00, 0x00, 0x50, 0xFF, 0x2C, 0xA6, 0x9A, 0x00, 0x00, 0x00, 0x01, 0xD4, 0xBC, 0xF9,
0x23, 0x00, 0x00, 0x8A, 0xE8, 0xF6, 0xFF, 0xFD, 0xE8, 0xCF, 0x00, 0x15, 0x24, 0x32, 0xFF, 0x73,
0x24, 0x20, 0x00, 0x72, 0xC0, 0xC4, 0xFF, 0xD7, 0xC0, 0xAB, 0x00, 0x2D, 0x4C, 0x57, 0xFF, 0x8D,
0x4C, 0x44, 0x00, 0x00, 0x00, 0x10, 0xFF, 0x5C, 0x00, 0x00, 0x00, 0x00, 0x00, 0x10, 0xFF, 0x5C,
0x00, 0x00, 0x00, 0x85, 0x32, 0xEC, 0x58, 0xEC, 0x58, 0xEC, 0x58, 0xEC, 0x58, 0xEC, 0x58, 0x7A,
0x2D, 0x00, 0x00, 0x4A, 0x1C, 0xEC, 0x58, 0xEC, 0x58, 0xEC, 0x58, 0xEC, 0x58, 0xEC, 0x58, 0xB5,
0x43, 0x00, 0x02, 0x24, 0x18, 0x00, 0x00, 0x27, 0xDD, 0xFF, 0xFF, 0x98, 0x00, 0xA5, 0xCE, 0x0B,
0x59, 0xFF, 0x2E, 0xBB, 0xAA, 0x00, 0x0C, 0x70, 0x1F, 0x78, 0xFA, 0x4E, 0x00, 0x00, 0x00, 0x19,
0xF4, 0xFF, 0xAD, 0x1B, 0x00, 0xA9, 0x8A, 0x4A, 0xE4, 0xE1, 0x0F, 0xE4, 0x6A, 0x00, 0x23, 0xF9,
0x60, 0xC4, 0xCD, 0x0C, 0x00, 0xDA, 0x6B, 0x3A, 0xF4, 0xDA, 0x63, 0xEE, 0x1F, 0x00, 0x22, 0xB3,
0xFF, 0x98, 0x00, 0x00, 0x00, 0x00, 0x80, 0xFD, 0x20, 0x86, 0x76, 0x00, 0x1B, 0xFF, 0x46, 0x8E,
0xEB, 0x4E, 0x8B, 0xFB, 0x1A, 0x0D, 0xA2, 0xE3, 0xCD, 0x52, 0x00, 0x90, 0x38, 0x56, 0x73, 0xF4,
0x5F, 0x91, 0xC2, 0x00, 0x00, 0x00, 0x05, 0x26, 0x1D, 0x00, 0x00, 0x00, 0x00, 0x00, 0x02, 0x7F,
0xC8, 0x9B, 0xA7, 0xC8, 0x44, 0x00, 0x00, 0x00, 0x8A, 0x7F, 0x01, 0x00, 0x00, 0x12, 0xBE, 0x38,
0x00, 0x1E, 0xBA, 0x02, 0x89, 0xD5, 0xCF, 0x4A, 0x1A, 0xBB, 0x00, 0x6E, 0x57, 0x5A, 0xB1, 0x05,
0x22, 0xE7, 0x05, 0xAB, 0x19, 0x97, 0x25, 0x9E, 0x53, 0x00, 0x00, 0x6E, 0x0D, 0x79, 0x43, 0xA6,
0x16, 0xAD, 0x45, 0x00, 0x00, 0x00, 0x00, 0x6A, 0x52, 0x9A, 0x25, 0x99, 0x59, 0x00, 0x00, 0x88,
0x12, 0x79, 0x44, 0x6F, 0x56, 0x49, 0xC7, 0x20, 0x44, 0xE0, 0x02, 0xAA, 0x1A, 0x1F, 0xB7, 0x00,
0x65, 0xBE, 0xB0, 0x32, 0x19, 0xBB, 0x00, 0x00, 0x8B, 0x7B, 0x01, 0x00, 0x00, 0x10, 0xBA, 0x38,
0x00, 0x00, 0x02, 0x81, 0xC6, 0x97, 0xA3, 0xC9, 0x45, 0x00, 0x00, 0x00, 0x00, 0x00, 0x07, 0x2A,
0x21, 0x01, 0x00, 0x00, 0x00, 0x0A, 0x94, 0xBF, 0x6E, 0x00, 0x66, 0xAA, 0x1F, 0xE8, 0x14, 0x0D,
0x2C, 0x4D, 0xE0, 0x20, 0x59, 0xDE, 0x8E, 0xE8, 0x20, 0xAB, 0x5A, 0x04, 0xE6, 0x20, 0x74, 0xD9,
0xC1, 0xD2, 0x8E, 0x00, 0x26, 0x14, 0x08, 0x17, 0x00, 0x00, 0x05, 0x69, 0x0E, 0x41, 0x3B, 0x00,
0x00, 0x87, 0xBA, 0x26, 0xF1, 0x2A, 0x00, 0x3F, 0xFA, 0x33, 0xCC, 0x99, 0x00, 0x08, 0xE1, 0xA4,
0x7E, 0xF8, 0x17, 0x00, 0x00, 0xA3, 0xD7, 0x3E, 0xFC, 0x46, 0x00, 0x00, 0x0E, 0xDF, 0x6A, 0x81,
0xD3, 0x03, 0x00, 0x00, 0x3B, 0xE4, 0x12, 0xC7, 0x63, 0x18, 0x40, 0x40, 0x40, 0x40, 0x40, 0x3D,
0x60, 0xFF, 0xFF, 0xFF, 0xFF, 0xFF, 0xF4, 0x17, 0x3C, 0x3C, 0x3C, 0x3C, 0x89, 0xF4, 0x00, 0x00,
0x00, 0x00, 0x00, 0x64, 0xF4, 0x00, 0x00, 0x00, 0x00, 0x00, 0x54, 0xCE, 0x18, 0x1C, 0x1C, 0x1C,
0x05, 0xD8, 0xFF, 0xFF, 0xFF, 0x30, 0x65, 0x78, 0x78, 0x78, 0x17, 0x00, 0x00, 0x00, 0x05, 0x26,
0x1D, 0x00, 0x00, 0x00, 0x00, 0x00, 0x02, 0x7F, 0xC8, 0x9B, 0xA7, 0xC8, 0x44, 0x00, 0x00, 0x00,
0x8A, 0x7F, 0x01, 0x00, 0x00, 0x12, 0xBE, 0x38, 0x00, 0x1E, 0xBA, 0x23, 0xCC, 0xCC, 0xC3, 0x54,
0x1A, 0xBB, 0x00, 0x6E, 0x57, 0x2C, 0xC3, 0x0C, 0x30, 0xEF, 0x04, 0xAB, 0x19, 0x97, 0x25, 0x2C,
0xC0, 0x00, 0x05, 0xEA, 0x06, 0x79, 0x43, 0xA6, 0x16, 0x2C, 0xED, 0xB4, 0xD4, 0x82, 0x00, 0x6A,
0x52, 0x9A, 0x25, 0x2C, 0xCA, 0x28, 0x90, 0x73, 0x00, 0x79, 0x44, 0x6F, 0x56, 0x2C, 0xC0, 0x00,
0x15, 0xDA, 0x06, 0xAA, 0x1A, 0x1F, 0xB7, 0x1C, 0x78, 0x00, 0x00, 0x69, 0x4A, 0xBB, 0x00, 0x00,
0x8B, 0x7B, 0x01, 0x00, 0x00, 0x10, 0xBA, 0x38, 0x00, 0x00, 0x02, 0x81, 0xC6, 0x97, 0xA3, 0xC9,
0x45, 0x00, 0x00, 0x00, 0x00, 0x00, 0x07, 0x2A, 0x21, 0x01, 0x00, 0x00, 0x00, 0x78, 0xC0, 0xC0,
0xC0, 0x48, 0x41, 0x68, 0x68, 0x68, 0x27, 0x00, 0x11, 0x21, 0x00, 0x00, 0x5D, 0xDB, 0xC7, 0xAA,
0x02, 0xDC, 0x0F, 0x00, 0xAC, 0x41, 0xDB, 0x10, 0x00, 0xAE, 0x3F, 0x5A, 0xDA, 0xC7, 0xA6, 0x01,
0x00, 0x10, 0x1D, 0x00, 0x00, 0x00, 0x00, 0x12, 0x40, 0x03, 0x00, 0x00, 0x00, 0x00, 0x48, 0xFF,
0x0C, 0x00, 0x00, 0x00, 0x00, 0x48, 0xFF, 0x0C, 0x00, 0x00, 0x39, 0x4C, 0x7F, 0xFF, 0x54, 0x4C,
0x27, 0xC0, 0xFF, 0xFF, 0xFF, 0xFF, 0xFF, 0x84, 0x09, 0x0C, 0x51, 0xFF, 0x17, 0x0C, 0x06, 0x00,
0x00, 0x48, 0xFF, 0x0C, 0x00, 0x00, 0x00, 0x00, 0x46, 0xF8, 0x0C, 0x00, 0x00, 0x3F, 0x54, 0x54,
0x54, 0x54, 0x54, 0x2B, 0xC0, 0xFF, 0xFF, 0xFF, 0xFF, 0xFF, 0x84, 0x08, 0x97, 0xBC, 0x45, 0x5D,
0xB9, 0x55, 0xD8, 0x3D, 0x4E, 0x44, 0xCD, 0x00, 0x24, 0xE1, 0x3B, 0x12, 0xDB, 0x4A, 0x00, 0x65,
0xFB, 0xDC, 0xD2, 0x05, 0x0C, 0x0C, 0x0B, 0x0D, 0x9F, 0xBE, 0x4C, 0x68, 0xB6, 0x58, 0xD8, 0x14,
0x2A, 0x84, 0xA9, 0x00, 0x22, 0xB1, 0xA1, 0x68, 0x62, 0x15, 0xF4, 0x40, 0xED, 0xDD, 0x9E, 0x00,
0x0F, 0x1F, 0x00, 0x00, 0x74, 0x5B, 0x52, 0xE3, 0x18, 0x74, 0x30, 0x00, 0x05, 0x6C, 0x1D, 0x00,
0x00, 0x69, 0x25, 0x0C, 0xFF, 0x44, 0x00, 0x00, 0xF8, 0x58, 0x0C, 0xFF, 0x44, 0x00, 0x00, 0xF8,
0x58, 0x0C, 0xFF, 0x44, 0x00, 0x00, 0xF8, 0x58, 0x0C, 0xFF, 0x44, 0x00, 0x00, 0xF8, 0x58, 0x0C,
0xFF, 0x44, 0x00, 0x00, 0xF9, 0x58, 0x0C, 0xFF, 0x45, 0x00, 0x11, 0xFF, 0x58, 0x0C, 0xFF, 0x7C,
0x04, 0x91, 0xFF, 0x58, 0x0C, 0xFF, 0xFF, 0xFD, 0xA9, 0xC0, 0x58, 0x0C, 0xFF, 0x5F, 0x21, 0x00,
0x00, 0x00, 0x0C, 0xFF, 0x44, 0x00, 0x00, 0x00, 0x00, 0x09, 0xC4, 0x34, 0x00, 0x00, 0x00, 0x00,
0x00, 0x43, 0xCF, 0xF7, 0xF8, 0xF8, 0xAE, 0x2A, 0xF8, 0xFF, 0xFF, 0x28, 0xF0, 0x00, 0x93, 0xFF,
0xFF, 0xFF, 0x28, 0xF0, 0x00, 0xB6, 0xFF, 0xFF, 0xFF, 0x28, 0xF0, 0x00, 0x95, 0xFF, 0xFF, 0xFF,
0x28, 0xF0, 0x00, 0x2E, 0xFA, 0xFF, 0xFF, 0x28, 0xF0, 0x00, 0x00, 0x4B, 0xDE, 0xFF, 0x28, 0xF0,
0x00, 0x00, 0x00, 0x04, 0xFF, 0x28, 0xF0, 0x00, 0x00, 0x00, 0x04, 0xFF, 0x28, 0xF0, 0x00, 0x00,
0x00, 0x04, 0xFF, 0x28, 0xF0, 0x00, 0x00, 0x00, 0x04, 0xFF, 0x28, 0xF0, 0x00, 0x00, 0x00, 0x04,
0xFF, 0x28, 0xF0, 0x00, 0x00, 0x00, 0x04, 0xFF, 0x28, 0xF0, 0x00, 0x00, 0x00, 0x03, 0xC4, 0x1F,
0xB8, 0x00, 0x62, 0x3F, 0xFC, 0xA0, 0x62, 0x3F, 0x03, 0x24, 0x00, 0x00, 0x2B, 0xDA, 0x31, 0x00,
0x10, 0x78, 0xF7, 0x01, 0xDA, 0xE2, 0x8B, 0x00, 0x00, 0x2C, 0x75, 0x00, 0x38, 0xB4, 0xDC, 0x00,
0x00, 0x24, 0xDC, 0x00, 0x00, 0x24, 0xDC, 0x00, 0x00, 0x24, 0xDC, 0x00, 0x48, 0xE1, 0xFB, 0xCE,
0x04, 0x0C, 0x0C, 0x0B, 0x04, 0x87, 0xBC, 0x64, 0x00, 0x61, 0xB1, 0x27, 0xDB, 0x2A, 0x9B, 0x5D,
0x00, 0x95, 0x63, 0xA5, 0x55, 0x00, 0x8D, 0x6D, 0x86, 0x75, 0x00, 0xB0, 0x4D, 0x24, 0xE1, 0xAE,
0xD0, 0x08, 0x00, 0x0F, 0x31, 0x06, 0x00, 0x1B, 0x61, 0x00, 0x5B, 0x22, 0x00, 0x00, 0x04, 0xD7,
0x67, 0x6E, 0xCD, 0x06, 0x00, 0x00, 0x4D, 0xF5, 0x2C, 0xDB, 0x88, 0x00, 0x00, 0x00, 0xC5, 0xC9,
0x58, 0xFE, 0x38, 0x00, 0x0F, 0xEB, 0x81, 0x8F, 0xDF, 0x0E, 0x00, 0x8A, 0xC8, 0x28, 0xF7, 0x3C,
0x00, 0x20, 0xEA, 0x25, 0xAA, 0x83, 0x00, 0x00, 0x00, 0x00, 0x00, 0x00, 0x00, 0x00, 0x00, 0x06,
0x26, 0x00, 0x00, 0x00, 0x00, 0x2C, 0x75, 0x00, 0x00, 0x00, 0x00, 0x79, 0x84, 0x00, 0x00, 0x00,
0x38, 0xB4, 0xDC, 0x00, 0x00, 0x00, 0x1B, 0xD7, 0x0A, 0x00, 0x00, 0x00, 0x00, 0x24, 0xDC, 0x00,
0x00, 0x00, 0xA5, 0x58, 0x00, 0x00, 0x00, 0x00, 0x00, 0x24, 0xDC, 0x00, 0x00, 0x3C, 0xC1, 0x01,
0x00, 0x00, 0x00, 0x00, 0x00, 0x24, 0xDC, 0x00, 0x03, 0xCC, 0x30, 0x00, 0x00, 0x00, 0x00, 0x00,
0x48, 0xE1, 0xFB, 0xCE, 0x68, 0x97, 0x00, 0x00, 0x4D, 0x8D, 0x00, 0x00, 0x04, 0x0C, 0x0C, 0x1C,
0xDB, 0x14, 0x00, 0x00, 0x9F, 0x87, 0x6F, 0x00, 0x00, 0x00, 0x00, 0x93, 0x6C, 0x00, 0x00, 0x0A,
0xE2, 0x6E, 0x84, 0x00, 0x00, 0x00, 0x2D, 0xCF, 0x04, 0x00, 0x00, 0x6D, 0xA3, 0x96, 0x99, 0x03,
0x00, 0x00, 0xBE, 0x40, 0x00, 0x00, 0x00, 0x8F, 0xCC, 0xE6, 0xE7, 0x0D, 0x00, 0x54, 0xAC, 0x00,
0x00, 0x00, 0x00, 0x00, 0x00, 0x80, 0x84, 0x00, 0x00, 0x21, 0x0F, 0x00, 0x00, 0x00, 0x00, 0x00,
0x00, 0x08, 0x08, 0x00, 0x00, 0x00, 0x00, 0x00, 0x00, 0x00, 0x00, 0x06, 0x26, 0x00, 0x00, 0x00,
0x2C, 0x75, 0x00, 0x00, 0x00, 0x00, 0x79, 0x84, 0x00, 0x00, 0x38, 0xB4, 0xDC, 0x00, 0x00, 0x00,
0x1B, 0xD7, 0x0A, 0x00, 0x00, 0x00, 0x24, 0xDC, 0x00, 0x00, 0x00, 0xA5, 0x58, 0x00, 0x00, 0x00,
0x00, 0x24, 0xDC, 0x00, 0x00, 0x3C, 0xC1, 0x01, 0x00, 0x00, 0x00, 0x00, 0x24, 0xDC, 0x00, 0x03,
0xCC, 0x30, 0x00, 0x00, 0x00, 0x00, 0x48, 0xE1, 0xFB, 0xCE, 0x68, 0x97, 0x00, 0x08, 0x97, 0xBC,
0x45, 0x04, 0x0C, 0x0C, 0x1C, 0xDB, 0x14, 0x00, 0x5D, 0xB9, 0x55, 0xD8, 0x00, 0x00, 0x00, 0x93,
0x6C, 0x00, 0x00, 0x3D, 0x4E, 0x44, 0xCD, 0x00, 0x00, 0x2D, 0xCF, 0x04, 0x00, 0x00, 0x00, 0x24,
0xE1, 0x3B, 0x00, 0x00, 0xBE, 0x40, 0x00, 0x00, 0x00, 0x12, 0xDB, 0x4A, 0x00, 0x00, 0x54, 0xAC,
0x00, 0x00, 0x00, 0x00, 0x65, 0xFB, 0xDC, 0xD2, 0x00, 0x21, 0x0F, 0x00, 0x00, 0x00, 0x00, 0x05,
0x0C, 0x0C, 0x0B, 0x00, 0x00, 0x00, 0x00, 0x00, 0x00, 0x00, 0x06, 0x26, 0x00, 0x00, 0x00, 0x0D,
0x9F, 0xBE, 0x4C, 0x00, 0x00, 0x00, 0x79, 0x84, 0x00, 0x00, 0x00, 0x68, 0xB6, 0x58, 0xD8, 0x00,
0x00, 0x1B, 0xD7, 0x0A, 0x00, 0x00, 0x00, 0x14, 0x2A, 0x84, 0xA9, 0x00, 0x00, 0xA5, 0x58, 0x00,
0x00, 0x00, 0x00, 0x00, 0x22, 0xB1, 0xA1, 0x00, 0x3C, 0xC1, 0x01, 0x00, 0x00, 0x00, 0x00, 0x68,
0x62, 0x15, 0xF4, 0x03, 0xCC, 0x30, 0x00, 0x00, 0x00, 0x00, 0x00, 0x40, 0xED, 0xDD, 0x9E, 0x68,
0x97, 0x00, 0x00, 0x4D, 0x8D, 0x00, 0x00, 0x00, 0x0F, 0x1F, 0x11, 0xDB, 0x14, 0x00, 0x00, 0x9F,
0x87, 0x6F, 0x00, 0x00, 0x00, 0x00, 0x93, 0x6C, 0x00, 0x00, 0x0A, 0xE2, 0x6E, 0x84, 0x00, 0x00,
0x00, 0x2D, 0xCF, 0x04, 0x00, 0x00, 0x6D, 0xA3, 0x96, 0x99, 0x03, 0x00, 0x00, 0xBE, 0x40, 0x00,
0x00, 0x00, 0x8F, 0xCC, 0xE6, 0xE7, 0x0D, 0x00, 0x54, 0xAC, 0x00, 0x00, 0x00, 0x00, 0x00, 0x00,
0x80, 0x84, 0x00, 0x00, 0x21, 0x0F, 0x00, 0x00, 0x00, 0x00, 0x00, 0x00, 0x08, 0x08, 0x00, 0x00,
0x00, 0x60, 0x4C, 0x00, 0x00, 0x00, 0x00, 0xE4, 0xB4, 0x00, 0x00, 0x00, 0x00, 0x47, 0x38, 0x00,
0x00, 0x00, 0x00, 0x6C, 0x51, 0x00, 0x00, 0x00, 0x00, 0xD9, 0x94, 0x00, 0x00, 0x00, 0x4B, 0xFF,
0x56, 0x00, 0x00, 0x27, 0xF1, 0xA5, 0x01, 0x00, 0x00, 0xA5, 0xDF, 0x08, 0x00, 0x0A, 0x13, 0xD9,
0x9C, 0x00, 0x00, 0x7F, 0xF5, 0xCF, 0xB7, 0x00, 0x00, 0xA9, 0xD9, 0x6C, 0xFF, 0xA0, 0x96, 0xFD,
0x6F, 0x00, 0x5E, 0xB4, 0xB4, 0x61, 0x00, 0x00, 0x00, 0x18, 0x0C, 0x00, 0x00, 0x00, 0x00, 0x00,
0x00, 0x00, 0x6A, 0xDD, 0x15, 0x00, 0x00, 0x00, 0x00, 0x00, 0x00, 0x00, 0x4E, 0x54, 0x00, 0x00,
0x00, 0x00, 0x00, 0x00, 0x00, 0x00, 0x00, 0x00, 0x00, 0x00, 0x00, 0x00, 0x00, 0x00, 0xAA, 0xF8,
0x6C, 0x00, 0x00, 0x00, 0x00, 0x00, 0x0A, 0xF5, 0xD1, 0xBE, 0x00, 0x00, 0x00, 0x00, 0x00, 0x52,
0xF5, 0x62, 0xFD, 0x15, 0x00, 0x00, 0x00, 0x00, 0xA2, 0xB1, 0x12, 0xFC, 0x62, 0x00, 0x00, 0x00,
0x05, 0xEE, 0x62, 0x00, 0xC0, 0xB2, 0x00, 0x00, 0x00, 0x46, 0xFD, 0x15, 0x00, 0x72, 0xF8, 0x0D,
0x00, 0x00, 0x96, 0xC4, 0x00, 0x00, 0x25, 0xFF, 0x56, 0x00, 0x02, 0xE5, 0xE3, 0xBC, 0xBC, 0xBC,
0xFD, 0xA7, 0x00, 0x3A, 0xFF, 0x95, 0x8C, 0x8C, 0x8C, 0xBE, 0xF3, 0x07, 0x8A, 0xDA, 0x00, 0x00,
0x00, 0x00, 0x36, 0xFF, 0x4A, 0xDA, 0x8B, 0x00, 0x00, 0x00, 0x00, 0x01, 0xE5, 0x9A, 0x00, 0x00,
0x00, 0x00, 0x14, 0x14, 0x00, 0x00, 0x00, 0x00, 0x00, 0x00, 0x3D, 0xF7, 0x4F, 0x00, 0x00, 0x00,
0x00, 0x00, 0x00, 0x70, 0x49, 0x00, 0x00, 0x00, 0x00, 0x00, 0x00, 0x00, 0x00, 0x00, 0x00, 0x00,
0x00, 0x00, 0x00, 0x00, 0x00, 0xAA, 0xF8, 0x6C, 0x00, 0x00, 0x00, 0x00, 0x00, 0x0A, 0xF5, 0xD1,
0xBE, 0x00, 0x00, 0x00, 0x00, 0x00, 0x52, 0xF5, 0x62, 0xFD, 0x15, 0x00, 0x00, 0x00, 0x00, 0xA2,
0xB1, 0x12, 0xFC, 0x62, 0x00, 0x00, 0x00, 0x05, 0xEE, 0x62, 0x00, 0xC0, 0xB2, 0x00, 0x00, 0x00,
0x46, 0xFD, 0x15, 0x00, 0x72, 0xF8, 0x0D, 0x00, 0x00, 0x96, 0xC4, 0x00, 0x00, 0x25, 0xFF, 0x56,
0x00, 0x02, 0xE5, 0xE3, 0xBC, 0xBC, 0xBC, 0xFD, 0xA7, 0x00, 0x3A, 0xFF, 0x95, 0x8C, 0x8C, 0x8C,
0xBE, 0xF3, 0x07, 0x8A, 0xDA, 0x00, 0x00, 0x00, 0x00, 0x36, 0xFF, 0x4A, 0xDA, 0x8B, 0x00, 0x00,
0x00, 0x00, 0x01, 0xE5, 0x9A, 0x00, 0x00, 0x00, 0x0D, 0x0D, 0x00, 0x00, 0x00, 0x00, 0x00, 0x00,
0x27, 0xED, 0xED, 0x26, 0x00, 0x00, 0x00, 0x00, 0x00, 0x76, 0x57, 0x59, 0x73, 0x00, 0x00, 0x00,
0x00, 0x00, 0x00, 0x00, 0x00, 0x00, 0x00, 0x00, 0x00, 0x00, 0x00, 0x00, 0xAA, 0xF8, 0x6C, 0x00,
0x00, 0x00, 0x00, 0x00, 0x0A, 0xF5, 0xD1, 0xBE, 0x00, 0x00, 0x00, 0x00, 0x00, 0x52, 0xF5, 0x62,
0xFD, 0x15, 0x00, 0x00, 0x00, 0x00, 0xA2, 0xB1, 0x12, 0xFC, 0x62, 0x00, 0x00, 0x00, 0x05, 0xEE,
0x62, 0x00, 0xC0, 0xB2, 0x00, 0x00, 0x00, 0x46, 0xFD, 0x15, 0x00, 0x72, 0xF8, 0x0D, 0x00, 0x00,
0x96, 0xC4, 0x00, 0x00, 0x25, 0xFF, 0x56, 0x00, 0x02, 0xE5, 0xE3, 0xBC, 0xBC, 0xBC, 0xFD, 0xA7,
0x00, 0x3A, 0xFF, 0x95, 0x8C, 0x8C, 0x8C, 0xBE, 0xF3, 0x07, 0x8A, 0xDA, 0x00, 0x00, 0x00, 0x00,
0x36, 0xFF, 0x4A, 0xDA, 0x8B, 0x00, 0x00, 0x00, 0x00, 0x01, 0xE5, 0x9A, 0x00, 0x00, 0x00, 0x00,
0x00, 0x02, 0x01, 0x00, 0x00, 0x00, 0x00, 0xA5, 0xF5, 0xA7, 0xDF, 0x20, 0x00, 0x00, 0x00, 0x00,
0x72, 0x18, 0x65, 0x54, 0x00, 0x00, 0x00, 0x00, 0x00, 0x00, 0x00, 0x00, 0x00, 0x00, 0x00, 0x00,
0x00, 0x00, 0x00, 0xAA, 0xF8, 0x6C, 0x00, 0x00, 0x00, 0x00, 0x00, 0x0A, 0xF5, 0xD1, 0xBE, 0x00,
0x00, 0x00, 0x00, 0x00, 0x52, 0xF5, 0x62, 0xFD, 0x15, 0x00, 0x00, 0x00, 0x00, 0xA2, 0xB1, 0x12,
0xFC, 0x62, 0x00, 0x00, 0x00, 0x05, 0xEE, 0x62, 0x00, 0xC0, 0xB2, 0x00, 0x00, 0x00, 0x46, 0xFD,
0x15, 0x00, 0x72, 0xF8, 0x0D, 0x00, 0x00, 0x96, 0xC4, 0x00, 0x00, 0x25, 0xFF, 0x56, 0x00, 0x02,
0xE5, 0xE3, 0xBC, 0xBC, 0xBC, 0xFD, 0xA7, 0x00, 0x3A, 0xFF, 0x95, 0x8C, 0x8C, 0x8C, 0xBE, 0xF3,
0x07, 0x8A, 0xDA, 0x00, 0x00, 0x00, 0x00, 0x36, 0xFF, 0x4A, 0xDA, 0x8B, 0x00, 0x00, 0x00, 0x00,
0x01, 0xE5, 0x9A, 0x00, 0x00, 0x90, 0x38, 0x56, 0x73, 0x00, 0x00, 0x00, 0x00, 0x00, 0xF4, 0x5F,
0x91, 0xC2, 0x00, 0x00, 0x00, 0x00, 0x00, 0x00, 0x00, 0x00, 0x00, 0x00, 0x00, 0x00, 0x00, 0x00,
0x00, 0x00, 0x00, 0x00, 0x00, 0x00, 0x00, 0x00, 0x00, 0x00, 0xAA, 0xF8, 0x6C, 0x00, 0x00, 0x00,
0x00, 0x00, 0x0A, 0xF5, 0xD1, 0xBE, 0x00, 0x00, 0x00, 0x00, 0x00, 0x52, 0xF5, 0x62, 0xFD, 0x15,
0x00, 0x00, 0x00, 0x00, 0xA2, 0xB1, 0x12, 0xFC, 0x62, 0x00, 0x00, 0x00, 0x05, 0xEE, 0x62, 0x00,
0xC0, 0xB2, 0x00, 0x00, 0x00, 0x46, 0xFD, 0x15, 0x00, 0x72, 0xF8, 0x0D, 0x00, 0x00, 0x96, 0xC4,
0x00, 0x00, 0x25, 0xFF, 0x56, 0x00, 0x02, 0xE5, 0xE3, 0xBC, 0xBC, 0xBC, 0xFD, 0xA7, 0x00, 0x3A,
0xFF, 0x95, 0x8C, 0x8C, 0x8C, 0xBE, 0xF3, 0x07, 0x8A, 0xDA, 0x00, 0x00, 0x00, 0x00, 0x36, 0xFF,
0x4A, 0xDA, 0x8B, 0x00, 0x00, 0x00, 0x00, 0x01, 0xE5, 0x9A, 0x00, 0x00, 0x00, 0x00, 0x08, 0x00,
0x00, 0x00, 0x00, 0x00, 0x00, 0x00, 0x99, 0xCE, 0xA8, 0x00, 0x00, 0x00, 0x00, 0x00, 0x00, 0xD7,
0x00, 0xCE, 0x0B, 0x00, 0x00, 0x00, 0x00, 0x00, 0x87, 0xDA, 0x9A, 0x00, 0x00, 0x00, 0x00, 0x00,
0x00, 0x00, 0x00, 0x00, 0x00, 0x00, 0x00, 0x00, 0x00, 0x00, 0xAA, 0xF8, 0x6C, 0x00, 0x00, 0x00,
0x00, 0x00, 0x0A, 0xF5, 0xD1, 0xBE, 0x00, 0x00, 0x00, 0x00, 0x00, 0x52, 0xF5, 0x62, 0xFD, 0x15,
0x00, 0x00, 0x00, 0x00, 0xA2, 0xB1, 0x12, 0xFC, 0x62, 0x00, 0x00, 0x00, 0x05, 0xEE, 0x62, 0x00,
0xC0, 0xB2, 0x00, 0x00, 0x00, 0x46, 0xFD, 0x15, 0x00, 0x72, 0xF8, 0x0D, 0x00, 0x00, 0x96, 0xC4,
0x00, 0x00, 0x25, 0xFF, 0x56, 0x00, 0x02, 0xE5, 0xE3, 0xBC, 0xBC, 0xBC, 0xFD, 0xA7, 0x00, 0x3A,
0xFF, 0x95, 0x8C, 0x8C, 0x8C, 0xBE, 0xF3, 0x07, 0x8A, 0xDA, 0x00, 0x00, 0x00, 0x00, 0x36, 0xFF,
0x4A, 0xDA, 0x8B, 0x00, 0x00, 0x00, 0x00, 0x01, 0xE5, 0x9A, 0x00, 0x00, 0x00, 0x00, 0xB5, 0xF8,
0xF8, 0xF8, 0xF8, 0xF8, 0xF8, 0xF8, 0x6D, 0x00, 0x00, 0x00, 0x23, 0xF8, 0xDD, 0xBF, 0x4C, 0x4C,
0x4C, 0x4C, 0x4C, 0x21, 0x00, 0x00, 0x00, 0x8B, 0xB1, 0x9E, 0xD6, 0x00, 0x00, 0x00, 0x00, 0x00,
0x00, 0x00, 0x00, 0x08, 0xEC, 0x4D, 0x65, 0xFE, 0x11, 0x00, 0x00, 0x00, 0x00, 0x00, 0x00, 0x00,
0x5C, 0xE5, 0x04, 0x2D, 0xFF, 0x72, 0x40, 0x40, 0x40, 0x2F, 0x00, 0x00, 0x00, 0xC4, 0x85, 0x00,
0x02, 0xF2, 0xFF, 0xFF, 0xFF, 0xFF, 0xBC, 0x00, 0x00, 0x2D, 0xFE, 0x22, 0x00, 0x00, 0xBC, 0xBE,
0x08, 0x08, 0x08, 0x06, 0x00, 0x00, 0x96, 0xF8, 0xBC, 0xBC, 0xBC, 0xE4, 0xF3, 0x03, 0x00, 0x00,
0x00, 0x00, 0x0C, 0xF2, 0xAA, 0x8C, 0x8C, 0x8C, 0xA8, 0xFF, 0x31, 0x00, 0x00, 0x00, 0x00, 0x68,
0xF0, 0x0A, 0x00, 0x00, 0x00, 0x16, 0xFF, 0x8F, 0x48, 0x48, 0x48, 0x26, 0xCF, 0x95, 0x00, 0x00,
0x00, 0x00, 0x00, 0xDD, 0xFF, 0xFF, 0xFF, 0xFF, 0x88, 0x00, 0x00, 0x00, 0x04, 0x25, 0x22, 0x02,
0x00, 0x00, 0x00, 0x00, 0x72, 0xEE, 0xFF, 0xFF, 0xE5, 0x56, 0x00, 0x00, 0x66, 0xFF, 0x8B, 0x2F,
0x32, 0xAA, 0xFD, 0x38, 0x01, 0xE3, 0xA5, 0x00, 0x00, 0x00, 0x05, 0xE2, 0xA1, 0x28, 0xFF, 0x4D,
0x00, 0x00, 0x00, 0x00, 0xA6, 0xC5, 0x49, 0xFF, 0x2B, 0x00, 0x00, 0x00, 0x00, 0x00, 0x00, 0x53,
0xFF, 0x24, 0x00, 0x00, 0x00, 0x00, 0x00, 0x00, 0x49, 0xFF, 0x2B, 0x00, 0x00, 0x00, 0x00, 0x00,
0x00, 0x28, 0xFF, 0x4D, 0x00, 0x00, 0x00, 0x00, 0x93, 0xBD, 0x01, 0xE3, 0xA4, 0x00, 0x00, 0x00,
0x02, 0xD6, 0xA4, 0x00, 0x68, 0xFF, 0x87, 0x2B, 0x2E, 0x9F, 0xFF, 0x3F, 0x00, 0x00, 0x75, 0xF1,
0xFF, 0xFF, 0xEC, 0x61, 0x00, 0x00, 0x00, 0x00, 0x31, 0xE6, 0x58, 0x04, 0x00, 0x00, 0x00, 0x00,
0x00, 0x10, 0x78, 0xF7, 0x01, 0x00, 0x00, 0x00, 0x00, 0x00, 0xDA, 0xE2, 0x8B, 0x00, 0x00, 0x00,
0x00, 0x00, 0x18, 0x0C, 0x00, 0x00, 0x00, 0x00, 0x00, 0x6A, 0xDD, 0x15, 0x00, 0x00, 0x00, 0x00,
0x00, 0x4E, 0x54, 0x00, 0x00, 0x00, 0x00, 0x00, 0x00, 0x00, 0x00, 0x00, 0xD9, 0xF8, 0xF8, 0xF8,
0xF8, 0xF8, 0xDD, 0xE0, 0xAC, 0x4C, 0x4C, 0x4C, 0x4C, 0x44, 0xE0, 0x88, 0x00, 0x00, 0x00, 0x00,
0x00, 0xE0, 0x88, 0x00, 0x00, 0x00, 0x00, 0x00, 0xE0, 0xA6, 0x40, 0x40, 0x40, 0x40, 0x0C, 0xE0,
0xFF, 0xFF, 0xFF, 0xFF, 0xFF, 0x30, 0xE0, 0x8C, 0x08, 0x08, 0x08, 0x08, 0x02, 0xE0, 0x88, 0x00,
0x00, 0x00, 0x00, 0x00, 0xE0, 0x88, 0x00, 0x00, 0x00, 0x00, 0x00, 0xE0, 0xAA, 0x48, 0x48, 0x48,
0x48, 0x47, 0xE0, 0xFF, 0xFF, 0xFF, 0xFF, 0xFF, 0xFC, 0x00, 0x00, 0x00, 0x14, 0x14, 0x00, 0x00,
0x00, 0x00, 0x3D, 0xF7, 0x4F, 0x00, 0x00, 0x00, 0x00, 0x70, 0x49, 0x00, 0x00, 0x00, 0x00, 0x00,
0x00, 0x00, 0x00, 0x00, 0x00, 0xD9, 0xF8, 0xF8, 0xF8, 0xF8, 0xF8, 0xDD, 0xE0, 0xAC, 0x4C, 0x4C,
0x4C, 0x4C, 0x44, 0xE0, 0x88, 0x00, 0x00, 0x00, 0x00, 0x00, 0xE0, 0x88, 0x00, 0x00, 0x00, 0x00,
0x00, 0xE0, 0xA6, 0x40, 0x40, 0x40, 0x40, 0x0C, 0xE0, 0xFF, 0xFF, 0xFF, 0xFF, 0xFF, 0x30, 0xE0,
0x8C, 0x08, 0x08, 0x08, 0x08, 0x02, 0xE0, 0x88, 0x00, 0x00, 0x00, 0x00, 0x00, 0xE0, 0x88, 0x00,
0x00, 0x00, 0x00, 0x00, 0xE0, 0xAA, 0x48, 0x48, 0x48, 0x48, 0x47, 0xE0, 0xFF, 0xFF, 0xFF, 0xFF,
0xFF, 0xFC, 0x00, 0x00, 0x00, 0x0D, 0x0D, 0x00, 0x00, 0x00, 0x00, 0x27, 0xED, 0xED, 0x26, 0x00,
0x00, 0x00, 0x76, 0x57, 0x59, 0x73, 0x00, 0x00, 0x00, 0x00, 0x00, 0x00, 0x00, 0x00, 0xD9, 0xF8,
0xF8, 0xF8, 0xF8, 0xF8, 0xDD, 0xE0, 0xAC, 0x4C, 0x4C, 0x4C, 0x4C, 0x44, 0xE0, 0x88, 0x00, 0x00,
0x00, 0x00, 0x00, 0xE0, 0x88, 0x00, 0x00, 0x00, 0x00, 0x00, 0xE0, 0xA6, 0x40, 0x40, 0x40, 0x40,
0x0C, 0xE0, 0xFF, 0xFF, 0xFF, 0xFF, 0xFF, 0x30, 0xE0, 0x8C, 0x08, 0x08, 0x08, 0x08, 0x02, 0xE0,
0x88, 0x00, 0x00, 0x00, 0x00, 0x00, 0xE0, 0x88, 0x00, 0x00, 0x00, 0x00, 0x00, 0xE0, 0xAA, 0x48,
0x48, 0x48, 0x48, 0x47, 0xE0, 0xFF, 0xFF, 0xFF, 0xFF, 0xFF, 0xFC, 0x00, 0x00, 0x90, 0x38, 0x56,
0x73, 0x00, 0x00, 0x00, 0xF4, 0x5F, 0x91, 0xC2, 0x00, 0x00, 0x00, 0x00, 0x00, 0x00, 0x00, 0x00,
0x00, 0x00, 0x00, 0x00, 0x00, 0x00, 0x00, 0xD9, 0xF8, 0xF8, 0xF8, 0xF8, 0xF8, 0xDD, 0xE0, 0xAC,
0x4C, 0x4C, 0x4C, 0x4C, 0x44, 0xE0, 0x88, 0x00, 0x00, 0x00, 0x00, 0x00, 0xE0, 0x88, 0x00, 0x00,
0x00, 0x00, 0x00, 0xE0, 0xA6, 0x40, 0x40, 0x40, 0x40, 0x0C, 0xE0, 0xFF, 0xFF, 0xFF, 0xFF, 0xFF,
0x30, 0xE0, 0x8C, 0x08, 0x08, 0x08, 0x08, 0x02, 0xE0, 0x88, 0x00, 0x00, 0x00, 0x00, 0x00, 0xE0,
0x88, 0x00, 0x00, 0x00, 0x00, 0x00, 0xE0, 0xAA, 0x48, 0x48, 0x48, 0x48, 0x47, 0xE0, 0xFF, 0xFF,
0xFF, 0xFF, 0xFF, 0xFC, 0x18, 0x0C, 0x00, 0x6A, 0xDD, 0x15, 0x00, 0x4E, 0x54, 0x00, 0x00, 0x00,
0x00, 0xD9, 0x84, 0x00, 0xE0, 0x88, 0x00, 0xE0, 0x88, 0x00, 0xE0, 0x88, 0x00, 0xE0, 0x88, 0x00,
0xE0, 0x88, 0x00, 0xE0, 0x88, 0x00, 0xE0, 0x88, 0x00, 0xE0, 0x88, 0x00, 0xE0, 0x88, 0x00, 0xE0,
0x88, 0x00, 0x14, 0x14, 0x3D, 0xF7, 0x4F, 0x70, 0x49, 0x00, 0x00, 0x00, 0x00, 0xD9, 0x84, 0x00,
0xE0, 0x88, 0x00, 0xE0, 0x88, 0x00, 0xE0, 0x88, 0x00, 0xE0, 0x88, 0x00, 0xE0, 0x88, 0x00, 0xE0,
0x88, 0x00, 0xE0, 0x88, 0x00, 0xE0, 0x88, 0x00, 0xE0, 0x88, 0x00, 0xE0, 0x88, 0x00, 0x00, 0x0D,
0x0D, 0x00, 0x27, 0xED, 0xED, 0x26, 0x76, 0x57, 0x59, 0x73, 0x00, 0x00, 0x00, 0x00, 0x00, 0xD9,
0x84, 0x00, 0x00, 0xE0, 0x88, 0x00, 0x00, 0xE0, 0x88, 0x00, 0x00, 0xE0, 0x88, 0x00, 0x00, 0xE0,
0x88, 0x00, 0x00, 0xE0, 0x88, 0x00, 0x00, 0xE0, 0x88, 0x00, 0x00, 0xE0, 0x88, 0x00, 0x00, 0xE0,
0x88, 0x00, 0x00, 0xE0, 0x88, 0x00, 0x00, 0xE0, 0x88, 0x00, 0x90, 0x38, 0x56, 0x73, 0xF4, 0x5F,
0x91, 0xC2, 0x00, 0x00, 0x00, 0x00, 0x00, 0x00, 0x00, 0x00, 0x00, 0xD9, 0x84, 0x00, 0x00, 0xE0,
0x88, 0x00, 0x00, 0xE0, 0x88, 0x00, 0x00, 0xE0, 0x88, 0x00, 0x00, 0xE0, 0x88, 0x00, 0x00, 0xE0,
0x88, 0x00, 0x00, 0xE0, 0x88, 0x00, 0x00, 0xE0, 0x88, 0x00, 0x00, 0xE0, 0x88, 0x00, 0x00, 0xE0,
0x88, 0x00, 0x00, 0xE0, 0x88, 0x00, 0x00, 0xD9, 0xF8, 0xF8, 0xF7, 0xDD, 0x81, 0x06, 0x00, 0x00,
0xE0, 0xAC, 0x4C, 0x50, 0x88, 0xF8, 0xA9, 0x00, 0x00, 0xE0, 0x88, 0x00, 0x00, 0x00, 0x5D, 0xFF,
0x38, 0x00, 0xE0, 0x88, 0x00, 0x00, 0x00, 0x03, 0xF1, 0x83, 0x2C, 0xE6, 0x9F, 0x30, 0x30, 0x02,
0x00, 0xCE, 0xA5, 0xC3, 0xFB, 0xEB, 0xD4, 0xD4, 0x0A, 0x00, 0xC8, 0xAF, 0x00, 0xE0, 0x88, 0x00,
0x00, 0x00, 0x00, 0xD3, 0xA1, 0x00, 0xE0, 0x88, 0x00, 0x00, 0x00, 0x07, 0xF5, 0x7A, 0x00, 0xE0,
0x88, 0x00, 0x00, 0x00, 0x68, 0xFF, 0x2E, 0x00, 0xE0, 0xAA, 0x48, 0x4C, 0x89, 0xFA, 0xA1, 0x00,
0x00, 0xE0, 0xFF, 0xFF, 0xFF, 0xE3, 0x82, 0x05, 0x00, 0x00, 0x00, 0x00, 0x00, 0x00, 0x02, 0x01,
0x00, 0x00, 0x00, 0xA5, 0xF5, 0xA7, 0xDF, 0x20, 0x00, 0x00, 0x00, 0x72, 0x18, 0x65, 0x54, 0x00,
0x00, 0x00, 0x00, 0x00, 0x00, 0x00, 0x00, 0x00, 0x00, 0xD9, 0x9C, 0x00, 0x00, 0x00, 0x00, 0xE1,
0x59, 0xE0, 0xFF, 0x39, 0x00, 0x00, 0x00, 0xE8, 0x5C, 0xE0, 0xEE, 0xCC, 0x02, 0x00, 0x00, 0xE8,
0x5C, 0xE0, 0x90, 0xFF, 0x66, 0x00, 0x00, 0xE8, 0x5C, 0xE0, 0x64, 0xA3, 0xEC, 0x11, 0x00, 0xE8,
0x5C, 0xE0, 0x64, 0x1A, 0xF3, 0x94, 0x00, 0xE8, 0x5C, 0xE0, 0x64, 0x00, 0x77, 0xFD, 0x2F, 0xE8,
0x5C, 0xE0, 0x64, 0x00, 0x06, 0xD9, 0xB3, 0xE4, 0x5C, 0xE0, 0x64, 0x00, 0x00, 0x48, 0xFE, 0xF5,
0x5C, 0xE0, 0x64, 0x00, 0x00, 0x00, 0xB3, 0xFF, 0x5C, 0xE0, 0x64, 0x00, 0x00, 0x00, 0x23, 0xF9,
0x5C, 0x00, 0x00, 0x00, 0x18, 0x0C, 0x00, 0x00, 0x00, 0x00, 0x00, 0x00, 0x00, 0x00, 0x6A, 0xDD,
0x15, 0x00, 0x00, 0x00, 0x00, 0x00, 0x00, 0x00, 0x00, 0x4E, 0x54, 0x00, 0x00, 0x00, 0x00, 0x00,
0x00, 0x00, 0x01, 0x1F, 0x25, 0x05, 0x00, 0x00, 0x00, 0x00, 0x00, 0x50, 0xE0, 0xFF, 0xFF, 0xF0,
0x75, 0x00, 0x00, 0x00, 0x41, 0xFD, 0xAC, 0x37, 0x2C, 0x86, 0xFF, 0x72, 0x00, 0x00, 0xC2, 0xCB,
0x03, 0x00, 0x00, 0x00, 0x98, 0xEF, 0x07, 0x0C, 0xFD, 0x6D, 0x00, 0x00, 0x00, 0x00, 0x38, 0xFF,
0x3D, 0x2D, 0xFF, 0x49, 0x00, 0x00, 0x00, 0x00, 0x15, 0xFF, 0x60, 0x36, 0xFF, 0x40, 0x00, 0x00,
0x00, 0x00, 0x0C, 0xFF, 0x6A, 0x2D, 0xFF, 0x49, 0x00, 0x00, 0x00, 0x00, 0x15, 0xFF, 0x61, 0x0C,
0xFD, 0x6D, 0x00, 0x00, 0x00, 0x00, 0x38, 0xFF, 0x3D, 0x00, 0xC2, 0xCA, 0x02, 0x00, 0x00, 0x00,
0x96, 0xEF, 0x07, 0x00, 0x41, 0xFD, 0xAA, 0x32, 0x28, 0x82, 0xFF, 0x72, 0x00, 0x00, 0x00, 0x51,
0xE4, 0xFF, 0xFF, 0xF2, 0x79, 0x01, 0x00, 0x00, 0x00, 0x00, 0x02, 0x23, 0x29, 0x06, 0x00, 0x00,
0x00, 0x00, 0x00, 0x00, 0x00, 0x00, 0x14, 0x14, 0x00, 0x00, 0x00, 0x00, 0x00, 0x00, 0x00, 0x3D,
0xF7, 0x4F, 0x00, 0x00, 0x00, 0x00, 0x00, 0x00, 0x00, 0x70, 0x49, 0x00, 0x00, 0x00, 0x00, 0x00,
0x00, 0x00, 0x01, 0x1F, 0x25, 0x05, 0x00, 0x00, 0x00, 0x00, 0x00, 0x50, 0xE0, 0xFF, 0xFF, 0xF0,
0x75, 0x00, 0x00, 0x00, 0x41, 0xFD, 0xAC, 0x37, 0x2C, 0x86, 0xFF, 0x72, 0x00, 0x00, 0xC2, 0xCB,
0x03, 0x00, 0x00, 0x00, 0x98, 0xEF, 0x07, 0x0C, 0xFD, 0x6D, 0x00, 0x00, 0x00, 0x00, 0x38, 0xFF,
0x3D, 0x2D, 0xFF, 0x49, 0x00, 0x00, 0x00, 0x00, 0x15, 0xFF, 0x60, 0x36, 0xFF, 0x40, 0x00, 0x00,
0x00, 0x00, 0x0C, 0xFF, 0x6A, 0x2D, 0xFF, 0x49, 0x00, 0x00, 0x00, 0x00, 0x15, 0xFF, 0x61, 0x0C,
0xFD, 0x6D, 0x00, 0x00, 0x00, 0x00, 0x38, 0xFF, 0x3D, 0x00, 0xC2, 0xCA, 0x02, 0x00, 0x00, 0x00,
0x96, 0xEF, 0x07, 0x00, 0x41, 0xFD, 0xAA, 0x32, 0x28, 0x82, 0xFF, 0x72, 0x00, 0x00, 0x00, 0x51,
0xE4, 0xFF, 0xFF, 0xF2, 0x79, 0x01, 0x00, 0x00, 0x00, 0x00, 0x02, 0x23, 0x29, 0x06, 0x00, 0x00,
0x00, 0x00, 0x00, 0x00, 0x00, 0x0D, 0x0D, 0x00, 0x00, 0x00, 0x00, 0x00, 0x00, 0x00, 0x27, 0xED,
0xED, 0x26, 0x00, 0x00, 0x00, 0x00, 0x00, 0x00, 0x76, 0x57, 0x59, 0x73, 0x00, 0x00, 0x00, 0x00,
0x00, 0x00, 0x01, 0x1F, 0x25, 0x05, 0x00, 0x00, 0x00, 0x00, 0x00, 0x50, 0xE0, 0xFF, 0xFF, 0xF0,
0x75, 0x00, 0x00, 0x00, 0x41, 0xFD, 0xAC, 0x37, 0x2C, 0x86, 0xFF, 0x72, 0x00, 0x00, 0xC2, 0xCB,
0x03, 0x00, 0x00, 0x00, 0x98, 0xEF, 0x07, 0x0C, 0xFD, 0x6D, 0x00, 0x00, 0x00, 0x00, 0x38, 0xFF,
0x3D, 0x2D, 0xFF, 0x49, 0x00, 0x00, 0x00, 0x00, 0x15, 0xFF, 0x60, 0x36, 0xFF, 0x40, 0x00, 0x00,
0x00, 0x00, 0x0C, 0xFF, 0x6A, 0x2D, 0xFF, 0x49, 0x00, 0x00, 0x00, 0x00, 0x15, 0xFF, 0x61, 0x0C,
0xFD, 0x6D, 0x00, 0x00, 0x00, 0x00, 0x38, 0xFF, 0x3D, 0x00, 0xC2, 0xCA, 0x02, 0x00, 0x00, 0x00,
0x96, 0xEF, 0x07, 0x00, 0x41, 0xFD, 0xAA, 0x32, 0x28, 0x82, 0xFF, 0x72, 0x00, 0x00, 0x00, 0x51,
0xE4, 0xFF, 0xFF, 0xF2, 0x79, 0x01, 0x00, 0x00, 0x00, 0x00, 0x02, 0x23, 0x29, 0x06, 0x00, 0x00,
0x00, 0x00, 0x00, 0x00, 0x00, 0x00, 0x00, 0x02, 0x01, 0x00, 0x00, 0x00, 0x00, 0x00, 0xA5, 0xF5,
0xA7, 0xDF, 0x20, 0x00, 0x00, 0x00, 0x00, 0x00, 0x72, 0x18, 0x65, 0x54, 0x00, 0x00, 0x00, 0x00,
0x00, 0x00, 0x01, 0x1F, 0x25, 0x05, 0x00, 0x00, 0x00, 0x00, 0x00, 0x50, 0xE0, 0xFF, 0xFF, 0xF0,
0x75, 0x00, 0x00, 0x00, 0x41, 0xFD, 0xAC, 0x37, 0x2C, 0x86, 0xFF, 0x72, 0x00, 0x00, 0xC2, 0xCB,
0x03, 0x00, 0x00, 0x00, 0x98, 0xEF, 0x07, 0x0C, 0xFD, 0x6D, 0x00, 0x00, 0x00, 0x00, 0x38, 0xFF,
0x3D, 0x2D, 0xFF, 0x49, 0x00, 0x00, 0x00, 0x00, 0x15, 0xFF, 0x60, 0x36, 0xFF, 0x40, 0x00, 0x00,
0x00, 0x00, 0x0C, 0xFF, 0x6A, 0x2D, 0xFF, 0x49, 0x00, 0x00, 0x00, 0x00, 0x15, 0xFF, 0x61, 0x0C,
0xFD, 0x6D, 0x00, 0x00, 0x00, 0x00, 0x38, 0xFF, 0x3D, 0x00, 0xC2, 0xCA, 0x02, 0x00, 0x00, 0x00,
0x96, 0xEF, 0x07, 0x00, 0x41, 0xFD, 0xAA, 0x32, 0x28, 0x82, 0xFF, 0x72, 0x00, 0x00, 0x00, 0x51,
0xE4, 0xFF, 0xFF, 0xF2, 0x79, 0x01, 0x00, 0x00, 0x00, 0x00, 0x02, 0x23, 0x29, 0x06, 0x00, 0x00,
0x00, 0x00, 0x00, 0x00, 0x90, 0x38, 0x56, 0x73, 0x00, 0x00, 0x00, 0x00, 0x00, 0x00, 0xF4, 0x5F,
0x91, 0xC2, 0x00, 0x00, 0x00, 0x00, 0x00, 0x00, 0x00, 0x00, 0x00, 0x00, 0x00, 0x00, 0x00, 0x00,
0x00, 0x00, 0x01, 0x1F, 0x25, 0x05, 0x00, 0x00, 0x00, 0x00, 0x00, 0x50, 0xE0, 0xFF, 0xFF, 0xF0,
0x75, 0x00, 0x00, 0x00, 0x41, 0xFD, 0xAC, 0x37, 0x2C, 0x86, 0xFF, 0x72, 0x00, 0x00, 0xC2, 0xCB,
0x03, 0x00, 0x00, 0x00, 0x98, 0xEF, 0x07, 0x0C, 0xFD, 0x6D, 0x00, 0x00, 0x00, 0x00, 0x38, 0xFF,
0x3D, 0x2D, 0xFF, 0x49, 0x00, 0x00, 0x00, 0x00, 0x15, 0xFF, 0x60, 0x36, 0xFF, 0x40, 0x00, 0x00,
0x00, 0x00, 0x0C, 0xFF, 0x6A, 0x2D, 0xFF, 0x49, 0x00, 0x00, 0x00, 0x00, 0x15, 0xFF, 0x61, 0x0C,
0xFD, 0x6D, 0x00, 0x00, 0x00, 0x00, 0x38, 0xFF, 0x3D, 0x00, 0xC2, 0xCA, 0x02, 0x00, 0x00, 0x00,
0x96, 0xEF, 0x07, 0x00, 0x41, 0xFD, 0xAA, 0x32, 0x28, 0x82, 0xFF, 0x72, 0x00, 0x00, 0x00, 0x51,
0xE4, 0xFF, 0xFF, 0xF2, 0x79, 0x01, 0x00, 0x00, 0x00, 0x00, 0x02, 0x23, 0x29, 0x06, 0x00, 0x00,
0x00, 0x00, 0x35, 0x00, 0x00, 0x00, 0x00, 0x33, 0x00, 0x28, 0xFD, 0x76, 0x00, 0x01, 0x8D, 0xF5,
0x15, 0x00, 0x62, 0xFE, 0x7A, 0x93, 0xF8, 0x4B, 0x00, 0x00, 0x00, 0x62, 0xFF, 0xFA, 0x48, 0x00,
0x00, 0x00, 0x00, 0x85, 0xFD, 0xFE, 0x6A, 0x00, 0x00, 0x00, 0x88, 0xFB, 0x55, 0x6A, 0xFE, 0x6D,
0x00, 0x28, 0xF3, 0x4F, 0x00, 0x00, 0x65, 0xEE, 0x15, 0x00, 0x13, 0x00, 0x00, 0x00, 0x00, 0x14,
0x00, 0x00, 0x00, 0x00, 0x01, 0x1F, 0x25, 0x05, 0x00, 0x6F, 0x24, 0x00, 0x00, 0x50, 0xE0, 0xFF,
0xFF, 0xF0, 0x9E, 0xC0, 0x01, 0x00, 0x41, 0xFD, 0xAC, 0x37, 0x2C, 0x8E, 0xFF, 0x7F, 0x00, 0x00,
0xC2, 0xCB, 0x03, 0x00, 0x00, 0x83, 0xE7, 0xEF, 0x07, 0x0C, 0xFD, 0x6D, 0x00, 0x00, 0x29, 0xD5,
0x40, 0xFF, 0x3D, 0x2D, 0xFF, 0x49, 0x00, 0x01, 0xC1, 0x44, 0x15, 0xFF, 0x60, 0x36, 0xFF, 0x40,
0x00, 0x63, 0xA3, 0x00, 0x0C, 0xFF, 0x6A, 0x2D, 0xFF, 0x49, 0x16, 0xDB, 0x16, 0x00, 0x15, 0xFF,
0x61, 0x0C, 0xFD, 0x6D, 0xA4, 0x63, 0x00, 0x00, 0x38, 0xFF, 0x3D, 0x00, 0xC2, 0xE2, 0xC2, 0x01,
0x00, 0x00, 0x96, 0xEF, 0x07, 0x00, 0x49, 0xFF, 0xB3, 0x32, 0x28, 0x82, 0xFF, 0x72, 0x00, 0x00,
0x85, 0xB3, 0xE4, 0xFF, 0xFF, 0xF2, 0x79, 0x01, 0x00, 0x08, 0x8C, 0x08, 0x02, 0x23, 0x29, 0x06,
0x00, 0x00, 0x00, 0x00, 0x00, 0x18, 0x0C, 0x00, 0x00, 0x00, 0x00, 0x00, 0x00, 0x6A, 0xDD, 0x15,
0x00, 0x00, 0x00, 0x00, 0x00, 0x00, 0x4E, 0x54, 0x00, 0x00, 0x00, 0x00, 0x00, 0x00, 0x00, 0x00,
0x00, 0x00, 0x00, 0xD9, 0x84, 0x00, 0x00, 0x00, 0x10, 0xF8, 0x59, 0xE0, 0x88, 0x00, 0x00, 0x00,
0x10, 0xFF, 0x5C, 0xE0, 0x88, 0x00, 0x00, 0x00, 0x10, 0xFF, 0x5C, 0xE0, 0x88, 0x00, 0x00, 0x00,
0x10, 0xFF, 0x5C, 0xE0, 0x88, 0x00, 0x00, 0x00, 0x10, 0xFF, 0x5C, 0xE0, 0x88, 0x00, 0x00, 0x00,
0x10, 0xFF, 0x5C, 0xE0, 0x88, 0x00, 0x00, 0x00, 0x10, 0xFF, 0x5C, 0xDD, 0x8A, 0x00, 0x00, 0x00,
0x12, 0xFF, 0x59, 0xC2, 0xB1, 0x00, 0x00, 0x00, 0x39, 0xFF, 0x3E, 0x67, 0xFE, 0x76, 0x25, 0x3C,
0xCF, 0xDF, 0x05, 0x01, 0x89, 0xF8, 0xFF, 0xFF, 0xD3, 0x2C, 0x00, 0x00, 0x00, 0x0A, 0x2A, 0x1D,
0x00, 0x00, 0x00, 0x00, 0x00, 0x00, 0x00, 0x14, 0x14, 0x00, 0x00, 0x00, 0x00, 0x00, 0x3D, 0xF7,
0x4F, 0x00, 0x00, 0x00, 0x00, 0x00, 0x70, 0x49, 0x00, 0x00, 0x00, 0x00, 0x00, 0x00, 0x00, 0x00,
0x00, 0x00, 0x00, 0xD9, 0x84, 0x00, 0x00, 0x00, 0x10, 0xF8, 0x59, 0xE0, 0x88, 0x00, 0x00, 0x00,
0x10, 0xFF, 0x5C, 0xE0, 0x88, 0x00, 0x00, 0x00, 0x10, 0xFF, 0x5C, 0xE0, 0x88, 0x00, 0x00, 0x00,
0x10, 0xFF, 0x5C, 0xE0, 0x88, 0x00, 0x00, 0x00, 0x10, 0xFF, 0x5C, 0xE0, 0x88, 0x00, 0x00, 0x00,
0x10, 0xFF, 0x5C, 0xE0, 0x88, 0x00, 0x00, 0x00, 0x10, 0xFF, 0x5C, 0xDD, 0x8A, 0x00, 0x00, 0x00,
0x12, 0xFF, 0x59, 0xC2, 0xB1, 0x00, 0x00, 0x00, 0x39, 0xFF, 0x3E, 0x67, 0xFE, 0x76, 0x25, 0x3C,
0xCF, 0xDF, 0x05, 0x01, 0x89, 0xF8, 0xFF, 0xFF, 0xD3, 0x2C, 0x00, 0x00, 0x00, 0x0A, 0x2A, 0x1D,
0x00, 0x00, 0x00, 0x00, 0x00, 0x00, 0x0D, 0x0D, 0x00, 0x00, 0x00, 0x00, 0x00, 0x27, 0xED, 0xED,
0x26, 0x00, 0x00, 0x00, 0x00, 0x76, 0x57, 0x59, 0x73, 0x00, 0x00, 0x00, 0x00, 0x00, 0x00, 0x00,
0x00, 0x00, 0x00, 0xD9, 0x84, 0x00, 0x00, 0x00, 0x10, 0xF8, 0x59, 0xE0, 0x88, 0x00, 0x00, 0x00,
0x10, 0xFF, 0x5C, 0xE0, 0x88, 0x00, 0x00, 0x00, 0x10, 0xFF, 0x5C, 0xE0, 0x88, 0x00, 0x00, 0x00,
0x10, 0xFF, 0x5C, 0xE0, 0x88, 0x00, 0x00, 0x00, 0x10, 0xFF, 0x5C, 0xE0, 0x88, 0x00, 0x00, 0x00,
0x10, 0xFF, 0x5C, 0xE0, 0x88, 0x00, 0x00, 0x00, 0x10, 0xFF, 0x5C, 0xDD, 0x8A, 0x00, 0x00, 0x00,
0x12, 0xFF, 0x59, 0xC2, 0xB1, 0x00, 0x00, 0x00, 0x39, 0xFF, 0x3E, 0x67, 0xFE, 0x76, 0x25, 0x3C,
0xCF, 0xDF, 0x05, 0x01, 0x89, 0xF8, 0xFF, 0xFF, 0xD3, 0x2C, 0x00, 0x00, 0x00, 0x0A, 0x2A, 0x1D,
0x00, 0x00, 0x00, 0x00, 0x00, 0x90, 0x38, 0x56, 0x73, 0x00, 0x00, 0x00, 0x00, 0xF4, 0x5F, 0x91,
0xC2, 0x00, 0x00, 0x00, 0x00, 0x00, 0x00, 0x00, 0x00, 0x00, 0x00, 0x00, 0x00, 0x00, 0x00, 0x00,
0x00, 0x00, 0x00, 0xD9, 0x84, 0x00, 0x00, 0x00, 0x10, 0xF8, 0x59, 0xE0, 0x88, 0x00, 0x00, 0x00,
0x10, 0xFF, 0x5C, 0xE0, 0x88, 0x00, 0x00, 0x00, 0x10, 0xFF, 0x5C, 0xE0, 0x88, 0x00, 0x00, 0x00,
0x10, 0xFF, 0x5C, 0xE0, 0x88, 0x00, 0x00, 0x00, 0x10, 0xFF, 0x5C, 0xE0, 0x88, 0x00, 0x00, 0x00,
0x10, 0xFF, 0x5C, 0xE0, 0x88, 0x00, 0x00, 0x00, 0x10, 0xFF, 0x5C, 0xDD, 0x8A, 0x00, 0x00, 0x00,
0x12, 0xFF, 0x59, 0xC2, 0xB1, 0x00, 0x00, 0x00, 0x39, 0xFF, 0x3E, 0x67, 0xFE, 0x76, 0x25, 0x3C,
0xCF, 0xDF, 0x05, 0x01, 0x89, 0xF8, 0xFF, 0xFF, 0xD3, 0x2C, 0x00, 0x00, 0x00, 0x0A, 0x2A, 0x1D,
0x00, 0x00, 0x00, 0x00, 0x00, 0x00, 0x00, 0x14, 0x14, 0x00, 0x00, 0x00, 0x00, 0x00, 0x00, 0x3D,
0xF7, 0x4F, 0x00, 0x00, 0x00, 0x00, 0x00, 0x00, 0x70, 0x49, 0x00, 0x00, 0x00, 0x00, 0x00, 0x00,
0x00, 0x00, 0x00, 0x00, 0x00, 0x00, 0x00, 0x97, 0xE1, 0x0C, 0x00, 0x00, 0x00, 0x10, 0xE7, 0x59,
0x1A, 0xF6, 0x7F, 0x00, 0x00, 0x00, 0x86, 0xD0, 0x02, 0x00, 0x81, 0xF3, 0x17, 0x00, 0x1A, 0xF6,
0x44, 0x00, 0x00, 0x0C, 0xE7, 0x96, 0x00, 0x9B, 0xB9, 0x00, 0x00, 0x00, 0x00, 0x66, 0xFB, 0x4F,
0xF9, 0x2D, 0x00, 0x00, 0x00, 0x00, 0x03, 0xD4, 0xFC, 0x9E, 0x00, 0x00, 0x00, 0x00, 0x00, 0x00,
0x5F, 0xFF, 0x27, 0x00, 0x00, 0x00, 0x00, 0x00, 0x00, 0x50, 0xFF, 0x18, 0x00, 0x00, 0x00, 0x00,
0x00, 0x00, 0x50, 0xFF, 0x18, 0x00, 0x00, 0x00, 0x00, 0x00, 0x00, 0x50, 0xFF, 0x18, 0x00, 0x00,
0x00, 0x00, 0x00, 0x00, 0x50, 0xFF, 0x18, 0x00, 0x00, 0x00, 0xD9, 0x84, 0x00, 0x00, 0x00, 0x00,
0x00, 0x00, 0xE0, 0x88, 0x00, 0x00, 0x00, 0x00, 0x00, 0x00, 0xE0, 0xE8, 0xCC, 0xCC, 0xC4, 0x89,
0x11, 0x00, 0xE0, 0xC2, 0x7C, 0x7C, 0x90, 0xF1, 0xC9, 0x01, 0xE0, 0x88, 0x00, 0x00, 0x00, 0x5A,
0xFF, 0x34, 0xE0, 0x88, 0x00, 0x00, 0x00, 0x2D, 0xFF, 0x4C, 0xE0, 0x88, 0x00, 0x00, 0x00, 0x77,
0xFF, 0x23, 0xE0, 0xD3, 0xA0, 0xA0, 0xB6, 0xFE, 0x9D, 0x00, 0xE0, 0xD5, 0xA4, 0xA4, 0x9B, 0x5A,
0x02, 0x00, 0xE0, 0x88, 0x00, 0x00, 0x00, 0x00, 0x00, 0x00, 0xE0, 0x88, 0x00, 0x00, 0x00, 0x00,
0x00, 0x00, 0x00, 0x05, 0x6F, 0xB6, 0xBA, 0x6E, 0x03, 0x00, 0x00, 0x9C, 0xEF, 0x7F, 0x7F, 0xF1,
0x93, 0x00, 0x11, 0xFD, 0x59, 0x00, 0x00, 0x6B, 0xF9, 0x06, 0x31, 0xFF, 0x20, 0x00, 0x00, 0x4F,
0xFF, 0x0C, 0x34, 0xFF, 0x1C, 0x00, 0x04, 0xB4, 0xBE, 0x00, 0x34, 0xFF, 0x1C, 0xC1, 0xE2, 0xDE,
0x1A, 0x00, 0x34, 0xFF, 0x1C, 0x66, 0x7A, 0xEB, 0x93, 0x00, 0x34, 0xFF, 0x1C, 0x00, 0x00, 0x3A,
0xFF, 0x2F, 0x34, 0xFF, 0x1C, 0x00, 0x00, 0x00, 0xF5, 0x63, 0x34, 0xFF, 0x1C, 0x00, 0x00, 0x25,
0xFF, 0x4C, 0x34, 0xFF, 0x1C, 0x2F, 0x44, 0xD0, 0xDC, 0x06, 0x34, 0xFF, 0x1C, 0xFC, 0xF9, 0xBA,
0x23, 0x00, 0x00, 0x00, 0x73, 0x5C, 0x00, 0x00, 0x00, 0x00, 0x00, 0x00, 0x31, 0xEE, 0x2C, 0x00,
0x00, 0x00, 0x00, 0x00, 0x00, 0x45, 0x5B, 0x00, 0x00, 0x00, 0x00, 0x0D, 0x70, 0x98, 0x7B, 0x14,
0x00, 0x00, 0x01, 0xC8, 0xDE, 0x96, 0xDC, 0xCE, 0x00, 0x00, 0x1D, 0xFF, 0x41, 0x00, 0x44, 0xFF,
0x15, 0x00, 0x03, 0x14, 0x03, 0x00, 0x34, 0xFF, 0x1C, 0x00, 0x00, 0x45, 0xB9, 0xE6, 0xF9, 0xFF,
0x1C, 0x00, 0x2D, 0xFD, 0xA4, 0x46, 0x5A, 0xFF, 0x1C, 0x00, 0x6D, 0xF5, 0x02, 0x00, 0x47, 0xFF,
0x1C, 0x00, 0x62, 0xFD, 0x24, 0x15, 0xC5, 0xFF, 0x26, 0x00, 0x0F, 0xD3, 0xFF, 0xFA, 0x74, 0xD9,
0xFC, 0x12, 0x00, 0x02, 0x29, 0x13, 0x00, 0x06, 0x15, 0x00, 0x00, 0x00, 0x00, 0x00, 0x74, 0x5B,
0x00, 0x00, 0x00, 0x00, 0x00, 0x52, 0xE3, 0x18, 0x00, 0x00, 0x00, 0x00, 0x00, 0x74, 0x30, 0x00,
0x00, 0x00, 0x00, 0x0D, 0x70, 0x98, 0x7B, 0x14, 0x00, 0x00, 0x01, 0xC8, 0xDE, 0x96, 0xDC, 0xCE,
0x00, 0x00, 0x1D, 0xFF, 0x41, 0x00, 0x44, 0xFF, 0x15, 0x00, 0x03, 0x14, 0x03, 0x00, 0x34, 0xFF,
0x1C, 0x00, 0x00, 0x45, 0xB9, 0xE6, 0xF9, 0xFF, 0x1C, 0x00, 0x2D, 0xFD, 0xA4, 0x46, 0x5A, 0xFF,
0x1C, 0x00, 0x6D, 0xF5, 0x02, 0x00, 0x47, 0xFF, 0x1C, 0x00, 0x62, 0xFD, 0x24, 0x15, 0xC5, 0xFF,
0x26, 0x00, 0x0F, 0xD3, 0xFF, 0xFA, 0x74, 0xD9, 0xFC, 0x12, 0x00, 0x02, 0x29, 0x13, 0x00, 0x06,
0x15, 0x00, 0x00, 0x00, 0x00, 0x70, 0x70, 0x00, 0x00, 0x00, 0x00, 0x00, 0x4B, 0xE1, 0xE1, 0x48,
0x00, 0x00, 0x00, 0x00, 0x7D, 0x47, 0x48, 0x7C, 0x00, 0x00, 0x00, 0x0D, 0x70, 0x98, 0x7B, 0x14,
0x00, 0x00, 0x01, 0xC8, 0xDE, 0x96, 0xDC, 0xCE, 0x00, 0x00, 0x1D, 0xFF, 0x41, 0x00, 0x44, 0xFF,
0x15, 0x00, 0x03, 0x14, 0x03, 0x00, 0x34, 0xFF, 0x1C, 0x00, 0x00, 0x45, 0xB9, 0xE6, 0xF9, 0xFF,
0x1C, 0x00, 0x2D, 0xFD, 0xA4, 0x46, 0x5A, 0xFF, 0x1C, 0x00, 0x6D, 0xF5, 0x02, 0x00, 0x47, 0xFF,
0x1C, 0x00, 0x62, 0xFD, 0x24, 0x15, 0xC5, 0xFF, 0x26, 0x00, 0x0F, 0xD3, 0xFF, 0xFA, 0x74, 0xD9,
0xFC, 0x12, 0x00, 0x02, 0x29, 0x13, 0x00, 0x06, 0x15, 0x00, 0x00, 0x38, 0x88, 0x40, 0x43, 0x5D,
0x00, 0x00, 0x00, 0xE1, 0xA6, 0xE2, 0xFE, 0x55, 0x00, 0x00, 0x00, 0x16, 0x00, 0x02, 0x0F, 0x00,
0x00, 0x00, 0x00, 0x0D, 0x70, 0x98, 0x7B, 0x14, 0x00, 0x00, 0x01, 0xC8, 0xDE, 0x96, 0xDC, 0xCE,
0x00, 0x00, 0x1D, 0xFF, 0x41, 0x00, 0x44, 0xFF, 0x15, 0x00, 0x03, 0x14, 0x03, 0x00, 0x34, 0xFF,
0x1C, 0x00, 0x00, 0x45, 0xB9, 0xE6, 0xF9, 0xFF, 0x1C, 0x00, 0x2D, 0xFD, 0xA4, 0x46, 0x5A, 0xFF,
0x1C, 0x00, 0x6D, 0xF5, 0x02, 0x00, 0x47, 0xFF, 0x1C, 0x00, 0x62, 0xFD, 0x24, 0x15, 0xC5, 0xFF,
0x26, 0x00, 0x0F, 0xD3, 0xFF, 0xFA, 0x74, 0xD9, 0xFC, 0x12, 0x00, 0x02, 0x29, 0x13, 0x00, 0x06,
0x15, 0x00, 0x00, 0x00, 0x90, 0x38, 0x56, 0x73, 0x00, 0x00, 0x00, 0x00, 0xF4, 0x5F, 0x91, 0xC2,
0x00, 0x00, 0x00, 0x00, 0x00, 0x00, 0x00, 0x00, 0x00, 0x00, 0x00, 0x0D, 0x70, 0x98, 0x7B, 0x14,
0x00, 0x00, 0x01, 0xC8, 0xDE, 0x96, 0xDC, 0xCE, 0x00, 0x00, 0x1D, 0xFF, 0x41, 0x00, 0x44, 0xFF,
0x15, 0x00, 0x03, 0x14, 0x03, 0x00, 0x34, 0xFF, 0x1C, 0x00, 0x00, 0x45, 0xB9, 0xE6, 0xF9, 0xFF,
0x1C, 0x00, 0x2D, 0xFD, 0xA4, 0x46, 0x5A, 0xFF, 0x1C, 0x00, 0x6D, 0xF5, 0x02, 0x00, 0x47, 0xFF,
0x1C, 0x00, 0x62, 0xFD, 0x24, 0x15, 0xC5, 0xFF, 0x26, 0x00, 0x0F, 0xD3, 0xFF, 0xFA, 0x74, 0xD9,
0xFC, 0x12, 0x00, 0x02, 0x29, 0x13, 0x00, 0x06, 0x15, 0x00, 0x00, 0x00, 0x00, 0x08, 0x00, 0x00,
0x00, 0x00, 0x00, 0x00, 0x97, 0xBA, 0xA4, 0x00, 0x00, 0x00, 0x00, 0x00, 0xC2, 0x00, 0xB5, 0x0B,
0x00, 0x00, 0x00, 0x00, 0x86, 0xC4, 0x98, 0x00, 0x00, 0x00, 0x00, 0x0D, 0x70, 0x98, 0x7B, 0x14,
0x00, 0x00, 0x01, 0xC8, 0xDE, 0x96, 0xDC, 0xCE, 0x00, 0x00, 0x1D, 0xFF, 0x41, 0x00, 0x44, 0xFF,
0x15, 0x00, 0x03, 0x14, 0x03, 0x00, 0x34, 0xFF, 0x1C, 0x00, 0x00, 0x45, 0xB9, 0xE6, 0xF9, 0xFF,
0x1C, 0x00, 0x2D, 0xFD, 0xA4, 0x46, 0x5A, 0xFF, 0x1C, 0x00, 0x6D, 0xF5, 0x02, 0x00, 0x47, 0xFF,
0x1C, 0x00, 0x62, 0xFD, 0x24, 0x15, 0xC5, 0xFF, 0x26, 0x00, 0x0F, 0xD3, 0xFF, 0xFA, 0x74, 0xD9,
0xFC, 0x12, 0x00, 0x02, 0x29, 0x13, 0x00, 0x06, 0x15, 0x00, 0x00, 0x07, 0x69, 0x98, 0x7E, 0x18,
0x35, 0x8C, 0x90, 0x3A, 0x00, 0x00, 0xB1, 0xE6, 0x95, 0xD1, 0xE5, 0xFA, 0xAF, 0xB2, 0xFC, 0x3D,
0x06, 0xFF, 0x59, 0x00, 0x2C, 0xFF, 0xA2, 0x00, 0x00, 0xC8, 0xA2, 0x01, 0x14, 0x05, 0x00, 0x1C,
0xFF, 0x5A, 0x00, 0x00, 0x93, 0xC9, 0x00, 0x38, 0xB2, 0xE3, 0xF7, 0xFF, 0xFD, 0xFC, 0xFC, 0xFE,
0xD4, 0x1A, 0xF6, 0xB3, 0x4A, 0x47, 0xFF, 0x69, 0x2C, 0x2C, 0x2C, 0x24, 0x55, 0xFF, 0x0F, 0x00,
0x29, 0xFF, 0x6B, 0x00, 0x00, 0x71, 0xAF, 0x4A, 0xFF, 0x38, 0x0D, 0xAB, 0xFE, 0xD7, 0x1B, 0x14,
0xD7, 0x93, 0x05, 0xBA, 0xFF, 0xFE, 0xC9, 0x38, 0xD2, 0xFF, 0xFE, 0xC9, 0x14, 0x00, 0x00, 0x20,
0x25, 0x01, 0x00, 0x01, 0x22, 0x24, 0x01, 0x00, 0x00, 0x0B, 0x74, 0x98, 0x6A, 0x05, 0x00, 0x00,
0xB7, 0xE5, 0x99, 0xEF, 0x8E, 0x00, 0x29, 0xFF, 0x41, 0x00, 0x77, 0xE9, 0x00, 0x59, 0xFE, 0x06,
0x00, 0x3E, 0xB4, 0x02, 0x6B, 0xF5, 0x00, 0x00, 0x00, 0x00, 0x00, 0x66, 0xF8, 0x00, 0x00, 0x09,
0x20, 0x01, 0x49, 0xFF, 0x14, 0x00, 0x4F, 0xFB, 0x01, 0x0F, 0xF7, 0x80, 0x04, 0xA1, 0xC3, 0x00,
0x00, 0x63, 0xF8, 0xFE, 0xED, 0x36, 0x00, 0x00, 0x00, 0x3A, 0xE4, 0x3B, 0x00, 0x00, 0x00, 0x00,
0x10, 0x78, 0xF7, 0x01, 0x00, 0x00, 0x00, 0xDA, 0xE2, 0x8B, 0x00, 0x00, 0x00, 0x00, 0x73, 0x5C,
0x00, 0x00, 0x00, 0x00, 0x00, 0x31, 0xEE, 0x2C, 0x00, 0x00, 0x00, 0x00, 0x00, 0x45, 0x5B, 0x00,
0x00, 0x00, 0x01, 0x56, 0x95, 0x86, 0x23, 0x00, 0x00, 0x8B, 0xF6, 0x9F, 0xCA, 0xEB, 0x15, 0x0F,
0xF9, 0x67, 0x00, 0x0D, 0xF4, 0x6A, 0x3F, 0xFF, 0x21, 0x00, 0x00, 0xCB, 0x91, 0x52, 0xFF, 0xFC,
0xFC, 0xFC, 0xFF, 0x9C, 0x4E, 0xFF, 0x3A, 0x2C, 0x2C, 0x2C, 0x1B, 0x2F, 0xFF, 0x33, 0x00, 0x00,
0xA1, 0x7F, 0x02, 0xE0, 0xAD, 0x0B, 0x2D, 0xF5, 0x5B, 0x00, 0x3C, 0xE6, 0xFE, 0xFF, 0xA5, 0x03,
0x00, 0x00, 0x04, 0x29, 0x1A, 0x00, 0x00, 0x00, 0x00, 0x00, 0x00, 0x74, 0x5B, 0x00, 0x00, 0x00,
0x00, 0x52, 0xE3, 0x18, 0x00, 0x00, 0x00, 0x00, 0x74, 0x30, 0x00, 0x00, 0x00, 0x01, 0x56, 0x95,
0x86, 0x23, 0x00, 0x00, 0x8B, 0xF6, 0x9F, 0xCA, 0xEB, 0x15, 0x0F, 0xF9, 0x67, 0x00, 0x0D, 0xF4,
0x6A, 0x3F, 0xFF, 0x21, 0x00, 0x00, 0xCB, 0x91, 0x52, 0xFF, 0xFC, 0xFC, 0xFC, 0xFF, 0x9C, 0x4E,
0xFF, 0x3A, 0x2C, 0x2C, 0x2C, 0x1B, 0x2F, 0xFF, 0x33, 0x00, 0x00, 0xA1, 0x7F, 0x02, 0xE0, 0xAD,
0x0B, 0x2D, 0xF5, 0x5B, 0x00, 0x3C, 0xE6, 0xFE, 0xFF, 0xA5, 0x03, 0x00, 0x00, 0x04, 0x29, 0x1A,
0x00, 0x00, 0x00, 0x00, 0x00, 0x70, 0x70, 0x00, 0x00, 0x00, 0x00, 0x4B, 0xE1, 0xE1, 0x48, 0x00,
0x00, 0x00, 0x7D, 0x47, 0x48, 0x7C, 0x00, 0x00, 0x01, 0x56, 0x95, 0x86, 0x23, 0x00, 0x00, 0x8B,
0xF6, 0x9F, 0xCA, 0xEB, 0x15, 0x0F, 0xF9, 0x67, 0x00, 0x0D, 0xF4, 0x6A, 0x3F, 0xFF, 0x21, 0x00,
0x00, 0xCB, 0x91, 0x52, 0xFF, 0xFC, 0xFC, 0xFC, 0xFF, 0x9C, 0x4E, 0xFF, 0x3A, 0x2C, 0x2C, 0x2C,
0x1B, 0x2F, 0xFF, 0x33, 0x00, 0x00, 0xA1, 0x7F, 0x02, 0xE0, 0xAD, 0x0B, 0x2D, 0xF5, 0x5B, 0x00,
0x3C, 0xE6, 0xFE, 0xFF, 0xA5, 0x03, 0x00, 0x00, 0x04, 0x29, 0x1A, 0x00, 0x00, 0x00, 0x00, 0x90,
0x38, 0x56, 0x73, 0x00, 0x00, 0x00, 0xF4, 0x5F, 0x91, 0xC2, 0x00, 0x00, 0x00, 0x00, 0x00, 0x00,
0x00, 0x00, 0x00, 0x01, 0x56, 0x95, 0x86, 0x23, 0x00, 0x00, 0x8B, 0xF6, 0x9F, 0xCA, 0xEB, 0x15,
0x0F, 0xF9, 0x67, 0x00, 0x0D, 0xF4, 0x6A, 0x3F, 0xFF, 0x21, 0x00, 0x00, 0xCB, 0x91, 0x52, 0xFF,
0xFC, 0xFC, 0xFC, 0xFF, 0x9C, 0x4E, 0xFF, 0x3A, 0x2C, 0x2C, 0x2C, 0x1B, 0x2F, 0xFF, 0x33, 0x00,
0x00, 0xA1, 0x7F, 0x02, 0xE0, 0xAD, 0x0B, 0x2D, 0xF5, 0x5B, 0x00, 0x3C, 0xE6, 0xFE, 0xFF, 0xA5,
0x03, 0x00, 0x00, 0x04, 0x29, 0x1A, 0x00, 0x00, 0x73, 0x5C, 0x00, 0x31, 0xEE, 0x2C, 0x00, 0x45,
0x5B, 0x00, 0x59, 0x34, 0x00, 0xD4, 0x7C, 0x00, 0xD4, 0x7C, 0x00, 0xD4, 0x7C, 0x00, 0xD4, 0x7C,
0x00, 0xD4, 0x7C, 0x00, 0xD4, 0x7C, 0x00, 0xD4, 0x7C, 0x00, 0xD4, 0x7C, 0x00, 0x74, 0x5B, 0x52,
0xE3, 0x18, 0x74, 0x30, 0x00, 0x59, 0x34, 0x00, 0xD4, 0x7C, 0x00, 0xD4, 0x7C, 0x00, 0xD4, 0x7C,
0x00, 0xD4, 0x7C, 0x00, 0xD4, 0x7C, 0x00, 0xD4, 0x7C, 0x00, 0xD4, 0x7C, 0x00, 0xD4, 0x7C, 0x00,
0x00, 0x70, 0x70, 0x00, 0x4B, 0xE1, 0xE1, 0x48, 0x7D, 0x47, 0x48, 0x7C, 0x00, 0x59, 0x34, 0x00,
0x00, 0xD4, 0x7C, 0x00, 0x00, 0xD4, 0x7C, 0x00, 0x00, 0xD4, 0x7C, 0x00, 0x00, 0xD4, 0x7C, 0x00,
0x00, 0xD4, 0x7C, 0x00, 0x00, 0xD4, 0x7C, 0x00, 0x00, 0xD4, 0x7C, 0x00, 0x00, 0xD4, 0x7C, 0x00,
0x90, 0x38, 0x56, 0x73, 0xF4, 0x5F, 0x91, 0xC2, 0x00, 0x00, 0x00, 0x00, 0x00, 0x59, 0x34, 0x00,
0x00, 0xD4, 0x7C, 0x00, 0x00, 0xD4, 0x7C, 0x00, 0x00, 0xD4, 0x7C, 0x00, 0x00, 0xD4, 0x7C, 0x00,
0x00, 0xD4, 0x7C, 0x00, 0x00, 0xD4, 0x7C, 0x00, 0x00, 0xD4, 0x7C, 0x00, 0x00, 0xD4, 0x7C, 0x00,
0x00, 0x04, 0x80, 0x53, 0x00, 0x00, 0x00, 0x00, 0x4D, 0xD2, 0xFC, 0xD3, 0xD3, 0x00, 0x00, 0x33,
0x50, 0x81, 0xF5, 0x22, 0x00, 0x00, 0x03, 0x65, 0x96, 0xF3, 0x9B, 0x00, 0x00, 0x93, 0xF1, 0x9C,
0xD8, 0xFA, 0x15, 0x14, 0xFC, 0x5B, 0x00, 0x18, 0xF9, 0x62, 0x46, 0xFF, 0x15, 0x00, 0x00, 0xCA,
0x90, 0x5A, 0xFF, 0x05, 0x00, 0x00, 0xB9, 0xA5, 0x56, 0xFF, 0x08, 0x00, 0x00, 0xBD, 0xA2, 0x36,
0xFF, 0x29, 0x00, 0x00, 0xDE, 0x82, 0x04, 0xE7, 0x9D, 0x05, 0x57, 0xFF, 0x37, 0x00, 0x47, 0xEF,
0xFE, 0xFD, 0x83, 0x00, 0x00, 0x00, 0x08, 0x2B, 0x14, 0x00, 0x00, 0x00, 0x38, 0x88, 0x40, 0x43,
0x5D, 0x00, 0x00, 0xE1, 0xA6, 0xE2, 0xFE, 0x55, 0x00, 0x00, 0x16, 0x00, 0x02, 0x0F, 0x00, 0x00,
0x05, 0x6B, 0x0E, 0x7A, 0x94, 0x3C, 0x00, 0x0C, 0xFF, 0xCE, 0xA9, 0xC3, 0xF9, 0x1C, 0x0C, 0xFF,
0x91, 0x00, 0x0A, 0xFF, 0x51, 0x0C, 0xFF, 0x4C, 0x00, 0x00, 0xF8, 0x58, 0x0C, 0xFF, 0x44, 0x00,
0x00, 0xF8, 0x58, 0x0C, 0xFF, 0x44, 0x00, 0x00, 0xF8, 0x58, 0x0C, 0xFF, 0x44, 0x00, 0x00, 0xF8,
0x58, 0x0C, 0xFF, 0x44, 0x00, 0x00, 0xF8, 0x58, 0x0C, 0xFF, 0x44, 0x00, 0x00, 0xF8, 0x58, 0x00,
0x00, 0x73, 0x5C, 0x00, 0x00, 0x00, 0x00, 0x00, 0x31, 0xEE, 0x2C, 0x00, 0x00, 0x00, 0x00, 0x00,
0x45, 0x5B, 0x00, 0x00, 0x00, 0x03, 0x62, 0x97, 0x7D, 0x15, 0x00, 0x00, 0x98, 0xF1, 0x9C, 0xD8,
0xDB, 0x0A, 0x15, 0xFD, 0x5B, 0x00, 0x16, 0xF9, 0x5E, 0x48, 0xFF, 0x15, 0x00, 0x00, 0xC9, 0x93,
0x5A, 0xFF, 0x05, 0x00, 0x00, 0xB9, 0xA6, 0x56, 0xFF, 0x08, 0x00, 0x00, 0xBD, 0xA2, 0x36, 0xFF,
0x29, 0x00, 0x00, 0xDE, 0x82, 0x04, 0xE7, 0x9D, 0x05, 0x57, 0xFF, 0x37, 0x00, 0x47, 0xEF, 0xFE,
0xFD, 0x83, 0x00, 0x00, 0x00, 0x08, 0x2B, 0x14, 0x00, 0x00, 0x00, 0x00, 0x00, 0x00, 0x74, 0x5B,
0x00, 0x00, 0x00, 0x00, 0x52, 0xE3, 0x18, 0x00, 0x00, 0x00, 0x00, 0x74, 0x30, 0x00, 0x00, 0x00,
0x03, 0x62, 0x97, 0x7D, 0x15, 0x00, 0x00, 0x98, 0xF1, 0x9C, 0xD8, 0xDB, 0x0A, 0x15, 0xFD, 0x5B,
0x00, 0x16, 0xF9, 0x5E, 0x48, 0xFF, 0x15, 0x00, 0x00, 0xC9, 0x93, 0x5A, 0xFF, 0x05, 0x00, 0x00,
0xB9, 0xA6, 0x56, 0xFF, 0x08, 0x00, 0x00, 0xBD, 0xA2, 0x36, 0xFF, 0x29, 0x00, 0x00, 0xDE, 0x82,
0x04, 0xE7, 0x9D, 0x05, 0x57, 0xFF, 0x37, 0x00, 0x47, 0xEF, 0xFE, 0xFD, 0x83, 0x00, 0x00, 0x00,
0x08, 0x2B, 0x14, 0x00, 0x00, 0x00, 0x00, 0x00, 0x70, 0x70, 0x00, 0x00, 0x00, 0x00, 0x4B, 0xE1,
0xE1, 0x48, 0x00, 0x00, 0x00, 0x7D, 0x47, 0x48, 0x7C, 0x00, 0x00, 0x03, 0x62, 0x97, 0x7D, 0x15,
0x00, 0x00, 0x98, 0xF1, 0x9C, 0xD8, 0xDB, 0x0A, 0x15, 0xFD, 0x5B, 0x00, 0x16, 0xF9, 0x5E, 0x48,
0xFF, 0x15, 0x00, 0x00, 0xC9, 0x93, 0x5A, 0xFF, 0x05, 0x00, 0x00, 0xB9, 0xA6, 0x56, 0xFF, 0x08,
0x00, 0x00, 0xBD, 0xA2, 0x36, 0xFF, 0x29, 0x00, 0x00, 0xDE, 0x82, 0x04, 0xE7, 0x9D, 0x05, 0x57,
0xFF, 0x37, 0x00, 0x47, 0xEF, 0xFE, 0xFD, 0x83, 0x00, 0x00, 0x00, 0x08, 0x2B, 0x14, 0x00, 0x00,
0x00, 0x38, 0x88, 0x40, 0x43, 0x5D, 0x00, 0x00, 0xE1, 0xA6, 0xE2, 0xFE, 0x55, 0x00, 0x00, 0x16,
0x00, 0x02, 0x0F, 0x00, 0x00, 0x00, 0x03, 0x62, 0x97, 0x7D, 0x15, 0x00, 0x00, 0x98, 0xF1, 0x9C,
0xD8, 0xDB, 0x0A, 0x15, 0xFD, 0x5B, 0x00, 0x16, 0xF9, 0x5E, 0x48, 0xFF, 0x15, 0x00, 0x00, 0xC9,
0x93, 0x5A, 0xFF, 0x05, 0x00, 0x00, 0xB9, 0xA6, 0x56, 0xFF, 0x08, 0x00, 0x00, 0xBD, 0xA2, 0x36,
0xFF, 0x29, 0x00, 0x00, 0xDE, 0x82, 0x04, 0xE7, 0x9D, 0x05, 0x57, 0xFF, 0x37, 0x00, 0x47, 0xEF,
0xFE, 0xFD, 0x83, 0x00, 0x00, 0x00, 0x08, 0x2B, 0x14, 0x00, 0x00, 0x00, 0x00, 0x90, 0x38, 0x56,
0x73, 0x00, 0x00, 0x00, 0xF4, 0x5F, 0x91, 0xC2, 0x00, 0x00, 0x00, 0x00, 0x00, 0x00, 0x00, 0x00,
0x00, 0x03, 0x62, 0x97, 0x7D, 0x15, 0x00, 0x00, 0x98, 0xF1, 0x9C, 0xD8, 0xDB, 0x0A, 0x15, 0xFD,
0x5B, 0x00, 0x16, 0xF9, 0x5E, 0x48, 0xFF, 0x15, 0x00, 0x00, 0xC9, 0x93, 0x5A, 0xFF, 0x05, 0x00,
0x00, 0xB9, 0xA6, 0x56, 0xFF, 0x08, 0x00, 0x00, 0xBD, 0xA2, 0x36, 0xFF, 0x29, 0x00, 0x00, 0xDE,
0x82, 0x04, 0xE7, 0x9D, 0x05, 0x57, 0xFF, 0x37, 0x00, 0x47, 0xEF, 0xFE, 0xFD, 0x83, 0x00, 0x00,
0x00, 0x08, 0x2B, 0x14, 0x00, 0x00, 0x00, 0x00, 0x00, 0x1A, 0x5C, 0x06, 0x00, 0x00, 0x00, 0x00,
0x00, 0x00, 0x48, 0xFF, 0x10, 0x00, 0x00, 0x00, 0x00, 0x00, 0x00, 0x07, 0x18, 0x02, 0x00, 0x00,
0x00, 0x3C, 0xC0, 0xC0, 0xC0, 0xC0, 0xC0, 0xC0, 0xC0, 0x0F, 0x30, 0x98, 0x98, 0x98, 0x98, 0x98,
0x98, 0x98, 0x0C, 0x00, 0x00, 0x00, 0x12, 0x40, 0x04, 0x00, 0x00, 0x00, 0x00, 0x00, 0x00, 0x48,
0xFF, 0x10, 0x00, 0x00, 0x00, 0x00, 0x00, 0x00, 0x0E, 0x30, 0x03, 0x00, 0x00, 0x00, 0x00, 0x03,
0x62, 0x97, 0x7D, 0x34, 0xB0, 0x00, 0x98, 0xF1, 0x9C, 0xD8, 0xFF, 0x47, 0x15, 0xFD, 0x5B, 0x00,
0x46, 0xFF, 0x5E, 0x48, 0xFF, 0x15, 0x00, 0xB6, 0xE5, 0x93, 0x5A, 0xFF, 0x05, 0x45, 0x9C, 0xB9,
0xA6, 0x56, 0xFF, 0x0A, 0xC4, 0x1A, 0xBD, 0xA2, 0x36, 0xFF, 0x85, 0x84, 0x00, 0xDE, 0x82, 0x04,
0xE7, 0xF8, 0x13, 0x57, 0xFF, 0x37, 0x00, 0x91, 0xFC, 0xFE, 0xFD, 0x83, 0x00, 0x00, 0x6F, 0x0E,
0x2B, 0x14, 0x00, 0x00, 0x00, 0x00, 0x73, 0x5C, 0x00, 0x00, 0x00, 0x00, 0x00, 0x31, 0xEE, 0x2C,
0x00, 0x00, 0x00, 0x00, 0x00, 0x45, 0x5B, 0x00, 0x00, 0x05, 0x6C, 0x1D, 0x00, 0x00, 0x69, 0x25,
0x0C, 0xFF, 0x44, 0x00, 0x00, 0xF8, 0x58, 0x0C, 0xFF, 0x44, 0x00, 0x00, 0xF8, 0x58, 0x0C, 0xFF,
0x44, 0x00, 0x00, 0xF8, 0x58, 0x0C, 0xFF, 0x44, 0x00, 0x00, 0xF8, 0x58, 0x0C, 0xFF, 0x44, 0x00,
0x00, 0xF9, 0x58, 0x0B, 0xFF, 0x45, 0x00, 0x11, 0xFF, 0x58, 0x01, 0xF6, 0x81, 0x04, 0x91, 0xFF,
0x58, 0x00, 0x85, 0xFF, 0xFD, 0xA9, 0xC0, 0x58, 0x00, 0x00, 0x1C, 0x21, 0x00, 0x00, 0x00, 0x00,
0x00, 0x00, 0x00, 0x74, 0x5B, 0x00, 0x00, 0x00, 0x00, 0x52, 0xE3, 0x18, 0x00, 0x00, 0x00, 0x00,
0x74, 0x30, 0x00, 0x00, 0x05, 0x6C, 0x1D, 0x00, 0x00, 0x69, 0x25, 0x0C, 0xFF, 0x44, 0x00, 0x00,
0xF8, 0x58, 0x0C, 0xFF, 0x44, 0x00, 0x00, 0xF8, 0x58, 0x0C, 0xFF, 0x44, 0x00, 0x00, 0xF8, 0x58,
0x0C, 0xFF, 0x44, 0x00, 0x00, 0xF8, 0x58, 0x0C, 0xFF, 0x44, 0x00, 0x00, 0xF9, 0x58, 0x0B, 0xFF,
0x45, 0x00, 0x11, 0xFF, 0x58, 0x01, 0xF6, 0x81, 0x04, 0x91, 0xFF, 0x58, 0x00, 0x85, 0xFF, 0xFD,
0xA9, 0xC0, 0x58, 0x00, 0x00, 0x1C, 0x21, 0x00, 0x00, 0x00, 0x00, 0x00, 0x00, 0x70, 0x70, 0x00,
0x00, 0x00, 0x00, 0x4B, 0xE1, 0xE1, 0x48, 0x00, 0x00, 0x00, 0x7D, 0x47, 0x48, 0x7C, 0x00, 0x05,
0x6C, 0x1D, 0x00, 0x00, 0x69, 0x25, 0x0C, 0xFF, 0x44, 0x00, 0x00, 0xF8, 0x58, 0x0C, 0xFF, 0x44,
0x00, 0x00, 0xF8, 0x58, 0x0C, 0xFF, 0x44, 0x00, 0x00, 0xF8, 0x58, 0x0C, 0xFF, 0x44, 0x00, 0x00,
0xF8, 0x58, 0x0C, 0xFF, 0x44, 0x00, 0x00, 0xF9, 0x58, 0x0B, 0xFF, 0x45, 0x00, 0x11, 0xFF, 0x58,
0x01, 0xF6, 0x81, 0x04, 0x91, 0xFF, 0x58, 0x00, 0x85, 0xFF, 0xFD, 0xA9, 0xC0, 0x58, 0x00, 0x00,
0x1C, 0x21, 0x00, 0x00, 0x00, 0x00, 0x00, 0x90, 0x38, 0x56, 0x73, 0x00, 0x00, 0x00, 0xF4, 0x5F,
0x91, 0xC2, 0x00, 0x00, 0x00, 0x00, 0x00, 0x00, 0x00, 0x00, 0x05, 0x6C, 0x1D, 0x00, 0x00, 0x69,
0x25, 0x0C, 0xFF, 0x44, 0x00, 0x00, 0xF8, 0x58, 0x0C, 0xFF, 0x44, 0x00, 0x00, 0xF8, 0x58, 0x0C,
0xFF, 0x44, 0x00, 0x00, 0xF8, 0x58, 0x0C, 0xFF, 0x44, 0x00, 0x00, 0xF8, 0x58, 0x0C, 0xFF, 0x44,
0x00, 0x00, 0xF9, 0x58, 0x0B, 0xFF, 0x45, 0x00, 0x11, 0xFF, 0x58, 0x01, 0xF6, 0x81, 0x04, 0x91,
0xFF, 0x58, 0x00, 0x85, 0xFF, 0xFD, 0xA9, 0xC0, 0x58, 0x00, 0x00, 0x1C, 0x21, 0x00, 0x00, 0x00,
0x00, 0x00, 0x00, 0x74, 0x5B, 0x00, 0x00, 0x00, 0x00, 0x52, 0xE3, 0x18, 0x00, 0x00, 0x00, 0x00,
0x74, 0x30, 0x00, 0x00, 0x00, 0x54, 0x46, 0x00, 0x00, 0x00, 0x68, 0x28, 0x90, 0xDC, 0x00, 0x00,
0x20, 0xFF, 0x2D, 0x42, 0xFF, 0x24, 0x00, 0x5F, 0xE7, 0x01, 0x04, 0xEE, 0x6E, 0x00, 0x9C, 0xA2,
0x00, 0x00, 0xA6, 0xB7, 0x00, 0xDA, 0x5D, 0x00, 0x00, 0x56, 0xF7, 0x22, 0xFF, 0x18, 0x00, 0x00,
0x0D, 0xFA, 0x9C, 0xD2, 0x00, 0x00, 0x00, 0x00, 0xBA, 0xFD, 0x8D, 0x00, 0x00, 0x00, 0x00, 0x6A,
0xFF, 0x47, 0x00, 0x00, 0x00, 0x00, 0x68, 0xF0, 0x07, 0x00, 0x00, 0x0D, 0x3C, 0xE2, 0x86, 0x00,
0x00, 0x00, 0x53, 0xE3, 0x9F, 0x07, 0x00, 0x00, 0x00, 0x07, 0x90, 0x26, 0x00, 0x00, 0x00, 0x00,
0x0C, 0xFF, 0x44, 0x00, 0x00, 0x00, 0x00, 0x0C, 0xFF, 0x44, 0x00, 0x00, 0x00, 0x00, 0x0C, 0xFF,
0x55, 0x83, 0x8B, 0x22, 0x00, 0x0C, 0xFF, 0xEB, 0xA4, 0xCD, 0xE7, 0x10, 0x0C, 0xFF, 0x96, 0x00,
0x0E, 0xF4, 0x65, 0x0C, 0xFF, 0x54, 0x00, 0x00, 0xC6, 0x95, 0x0C, 0xFF, 0x45, 0x00, 0x00, 0xB9,
0xA6, 0x0C, 0xFF, 0x48, 0x00, 0x00, 0xBC, 0xA1, 0x0C, 0xFF, 0x66, 0x00, 0x00, 0xD8, 0x83, 0x0C,
0xFF, 0xCB, 0x0E, 0x44, 0xFF, 0x3C, 0x0C, 0xFF, 0xB5, 0xFC, 0xFF, 0x9C, 0x00, 0x0C, 0xFF, 0x44,
0x16, 0x22, 0x00, 0x00, 0x0C, 0xFF, 0x44, 0x00, 0x00, 0x00, 0x00, 0x09, 0xC4, 0x34, 0x00, 0x00,
0x00, 0x00, 0x00, 0x90, 0x38, 0x56, 0x73, 0x00, 0x00, 0x00, 0xF4, 0x5F, 0x91, 0xC2, 0x00, 0x00,
0x00, 0x00, 0x00, 0x00, 0x00, 0x00, 0x00, 0x54, 0x46, 0x00, 0x00, 0x00, 0x68, 0x28, 0x90, 0xDC,
0x00, 0x00, 0x20, 0xFF, 0x2D, 0x42, 0xFF, 0x24, 0x00, 0x5F, 0xE7, 0x01, 0x04, 0xEE, 0x6E, 0x00,
0x9C, 0xA2, 0x00, 0x00, 0xA6, 0xB7, 0x00, 0xDA, 0x5D, 0x00, 0x00, 0x56, 0xF7, 0x22, 0xFF, 0x18,
0x00, 0x00, 0x0D, 0xFA, 0x9C, 0xD2, 0x00, 0x00, 0x00, 0x00, 0xBA, 0xFD, 0x8D, 0x00, 0x00, 0x00,
0x00, 0x6A, 0xFF, 0x47, 0x00, 0x00, 0x00, 0x00, 0x68, 0xF0, 0x07, 0x00, 0x00, 0x0D, 0x3C, 0xE2,
0x86, 0x00, 0x00, 0x00, 0x53, 0xE3, 0x9F, 0x07, 0x00, 0x00, 0x00, 0x00, 0x00, 0xBC, 0xBC, 0xBC,
0xBC, 0x00, 0x00, 0x00, 0x00, 0x00, 0x6C, 0x6C, 0x6C, 0x6C, 0x00, 0x00, 0x00, 0x00, 0x00, 0x00,
0x00, 0x00, 0x00, 0x00, 0x00, 0x00, 0x00, 0x00, 0x00, 0xAA, 0xF8, 0x6C, 0x00, 0x00, 0x00, 0x00,
0x00, 0x0A, 0xF5, 0xD1, 0xBE, 0x00, 0x00, 0x00, 0x00, 0x00, 0x52, 0xF5, 0x62, 0xFD, 0x15, 0x00,
0x00, 0x00, 0x00, 0xA2, 0xB1, 0x12, 0xFC, 0x62, 0x00, 0x00, 0x00, 0x05, 0xEE, 0x62, 0x00, 0xC0,
0xB2, 0x00, 0x00, 0x00, 0x46, 0xFD, 0x15, 0x00, 0x72, 0xF8, 0x0D, 0x00, 0x00, 0x96, 0xC4, 0x00,
0x00, 0x25, 0xFF, 0x56, 0x00, 0x02, 0xE5, 0xE3, 0xBC, 0xBC, 0xBC, 0xFD, 0xA7, 0x00, 0x3A, 0xFF,
0x95, 0x8C, 0x8C, 0x8C, 0xBE, 0xF3, 0x07, 0x8A, 0xDA, 0x00, 0x00, 0x00, 0x00, 0x36, 0xFF, 0x4A,
0xDA, 0x8B, 0x00, 0x00, 0x00, 0x00, 0x01, 0xE5, 0x9A, 0x00, 0x78, 0xC0, 0xC0, 0xC0, 0x48, 0x00,
0x00, 0x00, 0x41, 0x68, 0x68, 0x68, 0x27, 0x00, 0x00, 0x00, 0x0D, 0x70, 0x98, 0x7B, 0x14, 0x00,
0x00, 0x01, 0xC8, 0xDE, 0x96, 0xDC, 0xCE, 0x00, 0x00, 0x1D, 0xFF, 0x41, 0x00, 0x44, 0xFF, 0x15,
0x00, 0x03, 0x14, 0x03, 0x00, 0x34, 0xFF, 0x1C, 0x00, 0x00, 0x45, 0xB9, 0xE6, 0xF9, 0xFF, 0x1C,
0x00, 0x2D, 0xFD, 0xA4, 0x46, 0x5A, 0xFF, 0x1C, 0x00, 0x6D, 0xF5, 0x02, 0x00, 0x47, 0xFF, 0x1C,
0x00, 0x62, 0xFD, 0x24, 0x15, 0xC5, 0xFF, 0x26, 0x00, 0x0F, 0xD3, 0xFF, 0xFA, 0x74, 0xD9, 0xFC,
0x12, 0x00, 0x02, 0x29, 0x13, 0x00, 0x06, 0x15, 0x00, 0x00, 0x00, 0xD0, 0x9A, 0x9F, 0xC4, 0x00,
0x00, 0x00, 0x00, 0x00, 0x1B, 0x81, 0x7E, 0x17, 0x00, 0x00, 0x00, 0x00, 0x00, 0x00, 0x00, 0x00,
0x00, 0x00, 0x00, 0x00, 0x00, 0x00, 0x00, 0xAA, 0xF8, 0x6C, 0x00, 0x00, 0x00, 0x00, 0x00, 0x0A,
0xF5, 0xD1, 0xBE, 0x00, 0x00, 0x00, 0x00, 0x00, 0x52, 0xF5, 0x62, 0xFD, 0x15, 0x00, 0x00, 0x00,
0x00, 0xA2, 0xB1, 0x12, 0xFC, 0x62, 0x00, 0x00, 0x00, 0x05, 0xEE, 0x62, 0x00, 0xC0, 0xB2, 0x00,
0x00, 0x00, 0x46, 0xFD, 0x15, 0x00, 0x72, 0xF8, 0x0D, 0x00, 0x00, 0x96, 0xC4, 0x00, 0x00, 0x25,
0xFF, 0x56, 0x00, 0x02, 0xE5, 0xE3, 0xBC, 0xBC, 0xBC, 0xFD, 0xA7, 0x00, 0x3A, 0xFF, 0x95, 0x8C,
0x8C, 0x8C, 0xBE, 0xF3, 0x07, 0x8A, 0xDA, 0x00, 0x00, 0x00, 0x00, 0x36, 0xFF, 0x4A, 0xDA, 0x8B,
0x00, 0x00, 0x00, 0x00, 0x01, 0xE5, 0x9A, 0x00, 0x00, 0xC8, 0x8D, 0x92, 0xBD, 0x00, 0x00, 0x00,
0x00, 0x22, 0x8D, 0x8A, 0x1D, 0x00, 0x00, 0x00, 0x0D, 0x70, 0x98, 0x7B, 0x14, 0x00, 0x00, 0x01,
0xC8, 0xDE, 0x96, 0xDC, 0xCE, 0x00, 0x00, 0x1D, 0xFF, 0x41, 0x00, 0x44, 0xFF, 0x15, 0x00, 0x03,
0x14, 0x03, 0x00, 0x34, 0xFF, 0x1C, 0x00, 0x00, 0x45, 0xB9, 0xE6, 0xF9, 0xFF, 0x1C, 0x00, 0x2D,
0xFD, 0xA4, 0x46, 0x5A, 0xFF, 0x1C, 0x00, 0x6D, 0xF5, 0x02, 0x00, 0x47, 0xFF, 0x1C, 0x00, 0x62,
0xFD, 0x24, 0x15, 0xC5, 0xFF, 0x26, 0x00, 0x0F, 0xD3, 0xFF, 0xFA, 0x74, 0xD9, 0xFC, 0x12, 0x00,
0x02, 0x29, 0x13, 0x00, 0x06, 0x15, 0x00, 0x00, 0x00, 0x00, 0xAA, 0xF8, 0x6C, 0x00, 0x00, 0x00,
0x00, 0x00, 0x00, 0x0A, 0xF5, 0xD1, 0xBE, 0x00, 0x00, 0x00, 0x00, 0x00, 0x00, 0x52, 0xF5, 0x62,
0xFD, 0x15, 0x00, 0x00, 0x00, 0x00, 0x00, 0xA2, 0xB1, 0x12, 0xFC, 0x62, 0x00, 0x00, 0x00, 0x00,
0x05, 0xEE, 0x62, 0x00, 0xC0, 0xB2, 0x00, 0x00, 0x00, 0x00, 0x46, 0xFD, 0x15, 0x00, 0x72, 0xF8,
0x0D, 0x00, 0x00, 0x00, 0x96, 0xC4, 0x00, 0x00, 0x25, 0xFF, 0x56, 0x00, 0x00, 0x02, 0xE5, 0xE3,
0xBC, 0xBC, 0xBC, 0xFD, 0xA7, 0x00, 0x00, 0x3A, 0xFF, 0x95, 0x8C, 0x8C, 0x8C, 0xBE, 0xF3, 0x07,
0x00, 0x8A, 0xDA, 0x00, 0x00, 0x00, 0x00, 0x36, 0xFF, 0x4A, 0x00, 0xDA, 0x8B, 0x00, 0x00, 0x00,
0x00, 0x01, 0xE5, 0xA0, 0x01, 0x00, 0x00, 0x00, 0x00, 0x00, 0x00, 0x00, 0x88, 0x9A, 0x00, 0x00,
0x00, 0x00, 0x00, 0x00, 0x00, 0x00, 0xF7, 0x51, 0x00, 0x00, 0x00, 0x00, 0x00, 0x00, 0x00, 0x00,
0xA4, 0xFF, 0x6F, 0x00, 0x00, 0x00, 0x00, 0x00, 0x00, 0x00, 0x00, 0x05, 0x00, 0x00, 0x0D, 0x70,
0x98, 0x7B, 0x14, 0x00, 0x00, 0x01, 0xC8, 0xDE, 0x96, 0xDC, 0xCE, 0x00, 0x00, 0x1D, 0xFF, 0x41,
0x00, 0x44, 0xFF, 0x15, 0x00, 0x03, 0x14, 0x03, 0x00, 0x34, 0xFF, 0x1C, 0x00, 0x00, 0x45, 0xB9,
0xE6, 0xF9, 0xFF, 0x1C, 0x00, 0x2D, 0xFD, 0xA4, 0x46, 0x5A, 0xFF, 0x1C, 0x00, 0x6D, 0xF5, 0x02,
0x00, 0x47, 0xFF, 0x1C, 0x00, 0x62, 0xFD, 0x24, 0x15, 0xC5, 0xFF, 0x26, 0x00, 0x0F, 0xD3, 0xFF,
0xFA, 0x74, 0xDA, 0xFC, 0x12, 0x00, 0x02, 0x29, 0x13, 0x00, 0xA7, 0x6F, 0x00, 0x00, 0x00, 0x00,
0x00, 0x00, 0xF8, 0x71, 0x10, 0x00, 0x00, 0x00, 0x00, 0x00, 0x84, 0xE0, 0x5F, 0x00, 0x00, 0x00,
0x00, 0x00, 0x14, 0x14, 0x00, 0x00, 0x00, 0x00, 0x00, 0x00, 0x3D, 0xF7, 0x4F, 0x00, 0x00, 0x00,
0x00, 0x00, 0x00, 0x70, 0x49, 0x00, 0x00, 0x00, 0x00, 0x00, 0x00, 0x04, 0x25, 0x22, 0x02, 0x00,
0x00, 0x00, 0x00, 0x72, 0xEE, 0xFF, 0xFF, 0xE5, 0x56, 0x00, 0x00, 0x66, 0xFF, 0x8B, 0x2F, 0x32,
0xAA, 0xFD, 0x38, 0x01, 0xE3, 0xA5, 0x00, 0x00, 0x00, 0x05, 0xE2, 0xA1, 0x28, 0xFF, 0x4D, 0x00,
0x00, 0x00, 0x00, 0xA6, 0xC5, 0x49, 0xFF, 0x2B, 0x00, 0x00, 0x00, 0x00, 0x00, 0x00, 0x53, 0xFF,
0x24, 0x00, 0x00, 0x00, 0x00, 0x00, 0x00, 0x49, 0xFF, 0x2B, 0x00, 0x00, 0x00, 0x00, 0x00, 0x00,
0x28, 0xFF, 0x4D, 0x00, 0x00, 0x00, 0x00, 0x93, 0xBD, 0x01, 0xE3, 0xA4, 0x00, 0x00, 0x00, 0x02,
0xD6, 0xA4, 0x00, 0x68, 0xFF, 0x87, 0x2B, 0x2E, 0x9F, 0xFF, 0x3F, 0x00, 0x00, 0x75, 0xF1, 0xFF,
0xFF, 0xEC, 0x61, 0x00, 0x00, 0x00, 0x00, 0x06, 0x29, 0x27, 0x04, 0x00, 0x00, 0x00, 0x00, 0x00,
0x74, 0x5B, 0x00, 0x00, 0x00, 0x00, 0x52, 0xE3, 0x18, 0x00, 0x00, 0x00, 0x00, 0x74, 0x30, 0x00,
0x00, 0x00, 0x00, 0x0B, 0x74, 0x98, 0x6A, 0x05, 0x00, 0x00, 0xB7, 0xE5, 0x99, 0xEF, 0x8E, 0x00,
0x29, 0xFF, 0x41, 0x00, 0x77, 0xE9, 0x00, 0x59, 0xFE, 0x06, 0x00, 0x3E, 0xB4, 0x02, 0x6B, 0xF5,
0x00, 0x00, 0x00, 0x00, 0x00, 0x66, 0xF8, 0x00, 0x00, 0x09, 0x20, 0x01, 0x49, 0xFF, 0x14, 0x00,
0x4F, 0xFB, 0x01, 0x0F, 0xF7, 0x80, 0x04, 0xA1, 0xC3, 0x00, 0x00, 0x63, 0xF8, 0xFE, 0xED, 0x36,
0x00, 0x00, 0x00, 0x0F, 0x2C, 0x0A, 0x00, 0x00, 0x00, 0x00, 0x00, 0x00, 0x0D, 0x0D, 0x00, 0x00,
0x00, 0x00, 0x00, 0x00, 0x27, 0xED, 0xED, 0x26, 0x00, 0x00, 0x00, 0x00, 0x00, 0x76, 0x57, 0x59,
0x73, 0x00, 0x00, 0x00, 0x00, 0x00, 0x04, 0x25, 0x22, 0x02, 0x00, 0x00, 0x00, 0x00, 0x72, 0xEE,
0xFF, 0xFF, 0xE5, 0x56, 0x00, 0x00, 0x66, 0xFF, 0x8B, 0x2F, 0x32, 0xAA, 0xFD, 0x38, 0x01, 0xE3,
0xA5, 0x00, 0x00, 0x00, 0x05, 0xE2, 0xA1, 0x28, 0xFF, 0x4D, 0x00, 0x00, 0x00, 0x00, 0xA6, 0xC5,
0x49, 0xFF, 0x2B, 0x00, 0x00, 0x00, 0x00, 0x00, 0x00, 0x53, 0xFF, 0x24, 0x00, 0x00, 0x00, 0x00,
0x00, 0x00, 0x49, 0xFF, 0x2B, 0x00, 0x00, 0x00, 0x00, 0x00, 0x00, 0x28, 0xFF, 0x4D, 0x00, 0x00,
0x00, 0x00, 0x93, 0xBD, 0x01, 0xE3, 0xA4, 0x00, 0x00, 0x00, 0x02, 0xD6, 0xA4, 0x00, 0x68, 0xFF,
0x87, 0x2B, 0x2E, 0x9F, 0xFF, 0x3F, 0x00, 0x00, 0x75, 0xF1, 0xFF, 0xFF, 0xEC, 0x61, 0x00, 0x00,
0x00, 0x00, 0x06, 0x29, 0x27, 0x04, 0x00, 0x00, 0x00, 0x00, 0x70, 0x70, 0x00, 0x00, 0x00, 0x00,
0x4B, 0xE1, 0xE1, 0x48, 0x00, 0x00, 0x00, 0x7D, 0x47, 0x48, 0x7C, 0x00, 0x00, 0x00, 0x0B, 0x74,
0x98, 0x6A, 0x05, 0x00, 0x00, 0xB7, 0xE5, 0x99, 0xEF, 0x8E, 0x00, 0x29, 0xFF, 0x41, 0x00, 0x77,
0xE9, 0x00, 0x59, 0xFE, 0x06, 0x00, 0x3E, 0xB4, 0x02, 0x6B, 0xF5, 0x00, 0x00, 0x00, 0x00, 0x00,
0x66, 0xF8, 0x00, 0x00, 0x09, 0x20, 0x01, 0x49, 0xFF, 0x14, 0x00, 0x4F, 0xFB, 0x01, 0x0F, 0xF7,
0x80, 0x04, 0xA1, 0xC3, 0x00, 0x00, 0x63, 0xF8, 0xFE, 0xED, 0x36, 0x00, 0x00, 0x00, 0x0F, 0x2C,
0x0A, 0x00, 0x00, 0x00, 0x00, 0x00, 0x00, 0x90, 0x3B, 0x00, 0x00, 0x00, 0x00, 0x00, 0x00, 0x00,
0xF4, 0x63, 0x00, 0x00, 0x00, 0x00, 0x00, 0x00, 0x00, 0x00, 0x00, 0x00, 0x00, 0x00, 0x00, 0x00,
0x00, 0x04, 0x25, 0x22, 0x02, 0x00, 0x00, 0x00, 0x00, 0x72, 0xEE, 0xFF, 0xFF, 0xE5, 0x56, 0x00,
0x00, 0x66, 0xFF, 0x8B, 0x2F, 0x32, 0xAA, 0xFD, 0x38, 0x01, 0xE3, 0xA5, 0x00, 0x00, 0x00, 0x05,
0xE2, 0xA1, 0x28, 0xFF, 0x4D, 0x00, 0x00, 0x00, 0x00, 0xA6, 0xC5, 0x49, 0xFF, 0x2B, 0x00, 0x00,
0x00, 0x00, 0x00, 0x00, 0x53, 0xFF, 0x24, 0x00, 0x00, 0x00, 0x00, 0x00, 0x00, 0x49, 0xFF, 0x2B,
0x00, 0x00, 0x00, 0x00, 0x00, 0x00, 0x28, 0xFF, 0x4D, 0x00, 0x00, 0x00, 0x00, 0x93, 0xBD, 0x01,
0xE3, 0xA4, 0x00, 0x00, 0x00, 0x02, 0xD6, 0xA4, 0x00, 0x68, 0xFF, 0x87, 0x2B, 0x2E, 0x9F, 0xFF,
0x3F, 0x00, 0x00, 0x75, 0xF1, 0xFF, 0xFF, 0xEC, 0x61, 0x00, 0x00, 0x00, 0x00, 0x06, 0x29, 0x27,
0x04, 0x00, 0x00, 0x00, 0x00, 0x00, 0x90, 0x34, 0x00, 0x00, 0x00, 0x00, 0x00, 0xF4, 0x58, 0x00,
0x00, 0x00, 0x00, 0x00, 0x00, 0x00, 0x00, 0x00, 0x00, 0x0B, 0x74, 0x98, 0x6A, 0x05, 0x00, 0x00,
0xB7, 0xE5, 0x99, 0xEF, 0x8E, 0x00, 0x29, 0xFF, 0x41, 0x00, 0x77, 0xE9, 0x00, 0x59, 0xFE, 0x06,
0x00, 0x3E, 0xB4, 0x02, 0x6B, 0xF5, 0x00, 0x00, 0x00, 0x00, 0x00, 0x66, 0xF8, 0x00, 0x00, 0x09,
0x20, 0x01, 0x49, 0xFF, 0x14, 0x00, 0x4F, 0xFB, 0x01, 0x0F, 0xF7, 0x80, 0x04, 0xA1, 0xC3, 0x00,
0x00, 0x63, 0xF8, 0xFE, 0xED, 0x36, 0x00, 0x00, 0x00, 0x0F, 0x2C, 0x0A, 0x00, 0x00, 0x00, 0x00,
0x00, 0x17, 0x08, 0x08, 0x17, 0x00, 0x00, 0x00, 0x00, 0x00, 0x86, 0xC5, 0xCA, 0x80, 0x00, 0x00,
0x00, 0x00, 0x00, 0x02, 0x83, 0x80, 0x01, 0x00, 0x00, 0x00, 0x00, 0x00, 0x04, 0x25, 0x22, 0x02,
0x00, 0x00, 0x00, 0x00, 0x72, 0xEE, 0xFF, 0xFF, 0xE5, 0x56, 0x00, 0x00, 0x66, 0xFF, 0x8B, 0x2F,
0x32, 0xAA, 0xFD, 0x38, 0x01, 0xE3, 0xA5, 0x00, 0x00, 0x00, 0x05, 0xE2, 0xA1, 0x28, 0xFF, 0x4D,
0x00, 0x00, 0x00, 0x00, 0xA6, 0xC5, 0x49, 0xFF, 0x2B, 0x00, 0x00, 0x00, 0x00, 0x00, 0x00, 0x53,
0xFF, 0x24, 0x00, 0x00, 0x00, 0x00, 0x00, 0x00, 0x49, 0xFF, 0x2B, 0x00, 0x00, 0x00, 0x00, 0x00,
0x00, 0x28, 0xFF, 0x4D, 0x00, 0x00, 0x00, 0x00, 0x93, 0xBD, 0x01, 0xE3, 0xA4, 0x00, 0x00, 0x00,
0x02, 0xD6, 0xA4, 0x00, 0x68, 0xFF, 0x87, 0x2B, 0x2E, 0x9F, 0xFF, 0x3F, 0x00, 0x00, 0x75, 0xF1,
0xFF, 0xFF, 0xEC, 0x61, 0x00, 0x00, 0x00, 0x00, 0x06, 0x29, 0x27, 0x04, 0x00, 0x00, 0x00, 0x25,
0x8B, 0x07, 0x80, 0x34, 0x00, 0x00, 0x01, 0xC3, 0xB8, 0xD8, 0x07, 0x00, 0x00, 0x00, 0x28, 0x98,
0x38, 0x00, 0x00, 0x00, 0x0B, 0x74, 0x98, 0x6A, 0x05, 0x00, 0x00, 0xB7, 0xE5, 0x99, 0xEF, 0x8E,
0x00, 0x29, 0xFF, 0x41, 0x00, 0x77, 0xE9, 0x00, 0x59, 0xFE, 0x06, 0x00, 0x3E, 0xB4, 0x02, 0x6B,
0xF5, 0x00, 0x00, 0x00, 0x00, 0x00, 0x66, 0xF8, 0x00, 0x00, 0x09, 0x20, 0x01, 0x49, 0xFF, 0x14,
0x00, 0x4F, 0xFB, 0x01, 0x0F, 0xF7, 0x80, 0x04, 0xA1, 0xC3, 0x00, 0x00, 0x63, 0xF8, 0xFE, 0xED,
0x36, 0x00, 0x00, 0x00, 0x0F, 0x2C, 0x0A, 0x00, 0x00, 0x00, 0x17, 0x08, 0x08, 0x17, 0x00, 0x00,
0x00, 0x00, 0x86, 0xC5, 0xCA, 0x80, 0x00, 0x00, 0x00, 0x00, 0x02, 0x83, 0x80, 0x01, 0x00, 0x00,
0x00, 0x00, 0x00, 0x00, 0x00, 0x00, 0x00, 0x00, 0x00, 0xD9, 0xF8, 0xF8, 0xF7, 0xDD, 0x81, 0x06,
0x00, 0xE0, 0xAC, 0x4C, 0x50, 0x88, 0xF8, 0xA9, 0x00, 0xE0, 0x88, 0x00, 0x00, 0x00, 0x5D, 0xFF,
0x38, 0xE0, 0x88, 0x00, 0x00, 0x00, 0x03, 0xF1, 0x83, 0xE0, 0x88, 0x00, 0x00, 0x00, 0x00, 0xCE,
0xA5, 0xE0, 0x88, 0x00, 0x00, 0x00, 0x00, 0xC8, 0xAF, 0xE0, 0x88, 0x00, 0x00, 0x00, 0x00, 0xD3,
0xA1, 0xE0, 0x88, 0x00, 0x00, 0x00, 0x07, 0xF5, 0x7A, 0xE0, 0x88, 0x00, 0x00, 0x00, 0x68, 0xFF,
0x2E, 0xE0, 0xAA, 0x48, 0x4C, 0x89, 0xFA, 0xA1, 0x00, 0xE0, 0xFF, 0xFF, 0xFF, 0xE3, 0x82, 0x05,
0x00, 0x00, 0x00, 0x00, 0x00, 0x00, 0x8C, 0x32, 0x5C, 0x4A, 0x00, 0x00, 0x00, 0x00, 0x00, 0xF8,
0x58, 0xBF, 0x4E, 0x00, 0x00, 0x00, 0x00, 0x00, 0xF8, 0x58, 0xDF, 0x0E, 0x00, 0x09, 0x77, 0x91,
0x2F, 0xF8, 0x58, 0x39, 0x00, 0x00, 0xA5, 0xEA, 0x9A, 0xD8, 0xFD, 0x58, 0x00, 0x00, 0x17, 0xFE,
0x4E, 0x00, 0x4C, 0xFF, 0x58, 0x00, 0x00, 0x48, 0xFF, 0x11, 0x00, 0x0A, 0xFF, 0x58, 0x00, 0x00,
0x5A, 0xFF, 0x05, 0x00, 0x00, 0xF9, 0x58, 0x00, 0x00, 0x56, 0xFF, 0x08, 0x00, 0x00, 0xFC, 0x58,
0x00, 0x00, 0x39, 0xFF, 0x24, 0x00, 0x1A, 0xFF, 0x58, 0x00, 0x00, 0x07, 0xEF, 0x8D, 0x04, 0x8B,
0xFF, 0x58, 0x00, 0x00, 0x00, 0x59, 0xF9, 0xFE, 0xB4, 0xC1, 0x58, 0x00, 0x00, 0x00, 0x00, 0x13,
0x28, 0x01, 0x00, 0x00, 0x00, 0x00, 0x00, 0xD9, 0xF8, 0xF8, 0xF7, 0xDD, 0x81, 0x06, 0x00, 0x00,
0xE0, 0xAC, 0x4C, 0x50, 0x88, 0xF8, 0xA9, 0x00, 0x00, 0xE0, 0x88, 0x00, 0x00, 0x00, 0x5D, 0xFF,
0x38, 0x00, 0xE0, 0x88, 0x00, 0x00, 0x00, 0x03, 0xF1, 0x83, 0x2C, 0xE6, 0x9F, 0x30, 0x30, 0x02,
0x00, 0xCE, 0xA5, 0xC3, 0xFB, 0xEB, 0xD4, 0xD4, 0x0A, 0x00, 0xC8, 0xAF, 0x00, 0xE0, 0x88, 0x00,
0x00, 0x00, 0x00, 0xD3, 0xA1, 0x00, 0xE0, 0x88, 0x00, 0x00, 0x00, 0x07, 0xF5, 0x7A, 0x00, 0xE0,
0x88, 0x00, 0x00, 0x00, 0x68, 0xFF, 0x2E, 0x00, 0xE0, 0xAA, 0x48, 0x4C, 0x89, 0xFA, 0xA1, 0x00,
0x00, 0xE0, 0xFF, 0xFF, 0xFF, 0xE3, 0x82, 0x05, 0x00, 0x00, 0x00, 0x00, 0x00, 0x00, 0x8C, 0x32,
0x00, 0x00, 0x00, 0x00, 0x51, 0x6C, 0xFC, 0xA2, 0x1D, 0x00, 0x00, 0x00, 0x81, 0xAC, 0xFE, 0xCC,
0x2E, 0x00, 0x09, 0x77, 0x91, 0x2F, 0xF8, 0x58, 0x00, 0x00, 0xA5, 0xEA, 0x9A, 0xD8, 0xFD, 0x58,
0x00, 0x17, 0xFE, 0x4E, 0x00, 0x4C, 0xFF, 0x58, 0x00, 0x48, 0xFF, 0x11, 0x00, 0x0A, 0xFF, 0x58,
0x00, 0x5A, 0xFF, 0x05, 0x00, 0x00, 0xF9, 0x58, 0x00, 0x56, 0xFF, 0x08, 0x00, 0x00, 0xFC, 0x58,
0x00, 0x39, 0xFF, 0x24, 0x00, 0x1A, 0xFF, 0x58, 0x00, 0x07, 0xEF, 0x8D, 0x04, 0x8B, 0xFF, 0x58,
0x00, 0x00, 0x59, 0xF9, 0xFE, 0xB4, 0xC1, 0x58, 0x00, 0x00, 0x00, 0x13, 0x28, 0x01, 0x00, 0x00,
0x00, 0x00, 0x00, 0xBC, 0xBC, 0xBC, 0xBC, 0x00, 0x00, 0x00, 0x6C, 0x6C, 0x6C, 0x6C, 0x00, 0x00,
0x00, 0x00, 0x00, 0x00, 0x00, 0x00, 0xD9, 0xF8, 0xF8, 0xF8, 0xF8, 0xF8, 0xDD, 0xE0, 0xAC, 0x4C,
0x4C, 0x4C, 0x4C, 0x44, 0xE0, 0x88, 0x00, 0x00, 0x00, 0x00, 0x00, 0xE0, 0x88, 0x00, 0x00, 0x00,
0x00, 0x00, 0xE0, 0xA6, 0x40, 0x40, 0x40, 0x40, 0x0C, 0xE0, 0xFF, 0xFF, 0xFF, 0xFF, 0xFF, 0x30,
0xE0, 0x8C, 0x08, 0x08, 0x08, 0x08, 0x02, 0xE0, 0x88, 0x00, 0x00, 0x00, 0x00, 0x00, 0xE0, 0x88,
0x00, 0x00, 0x00, 0x00, 0x00, 0xE0, 0xAA, 0x48, 0x48, 0x48, 0x48, 0x47, 0xE0, 0xFF, 0xFF, 0xFF,
0xFF, 0xFF, 0xFC, 0x00, 0x78, 0xC0, 0xC0, 0xC0, 0x48, 0x00, 0x00, 0x41, 0x68, 0x68, 0x68, 0x27,
0x00, 0x00, 0x01, 0x56, 0x95, 0x86, 0x23, 0x00, 0x00, 0x8B, 0xF6, 0x9F, 0xCA, 0xEB, 0x15, 0x0F,
0xF9, 0x67, 0x00, 0x0D, 0xF4, 0x6A, 0x3F, 0xFF, 0x21, 0x00, 0x00, 0xCB, 0x91, 0x52, 0xFF, 0xFC,
0xFC, 0xFC, 0xFF, 0x9C, 0x4E, 0xFF, 0x3A, 0x2C, 0x2C, 0x2C, 0x1B, 0x2F, 0xFF, 0x33, 0x00, 0x00,
0xA1, 0x7F, 0x02, 0xE0, 0xAD, 0x0B, 0x2D, 0xF5, 0x5B, 0x00, 0x3C, 0xE6, 0xFE, 0xFF, 0xA5, 0x03,
0x00, 0x00, 0x04, 0x29, 0x1A, 0x00, 0x00, 0x00, 0x00, 0xD0, 0x9A, 0x9F, 0xC4, 0x00, 0x00, 0x00,
0x1B, 0x81, 0x7E, 0x17, 0x00, 0x00, 0x00, 0x00, 0x00, 0x00, 0x00, 0x00, 0xD9, 0xF8, 0xF8, 0xF8,
0xF8, 0xF8, 0xDD, 0xE0, 0xAC, 0x4C, 0x4C, 0x4C, 0x4C, 0x44, 0xE0, 0x88, 0x00, 0x00, 0x00, 0x00,
0x00, 0xE0, 0x88, 0x00, 0x00, 0x00, 0x00, 0x00, 0xE0, 0xA6, 0x40, 0x40, 0x40, 0x40, 0x0C, 0xE0,
0xFF, 0xFF, 0xFF, 0xFF, 0xFF, 0x30, 0xE0, 0x8C, 0x08, 0x08, 0x08, 0x08, 0x02, 0xE0, 0x88, 0x00,
0x00, 0x00, 0x00, 0x00, 0xE0, 0x88, 0x00, 0x00, 0x00, 0x00, 0x00, 0xE0, 0xAA, 0x48, 0x48, 0x48,
0x48, 0x47, 0xE0, 0xFF, 0xFF, 0xFF, 0xFF, 0xFF, 0xFC, 0x00, 0x00, 0xC8, 0x8D, 0x92, 0xBD, 0x00,
0x00, 0x00, 0x22, 0x8D, 0x8A, 0x1D, 0x00, 0x00, 0x01, 0x56, 0x95, 0x86, 0x23, 0x00, 0x00, 0x8B,
0xF6, 0x9F, 0xCA, 0xEB, 0x15, 0x0F, 0xF9, 0x67, 0x00, 0x0D, 0xF4, 0x6A, 0x3F, 0xFF, 0x21, 0x00,
0x00, 0xCB, 0x91, 0x52, 0xFF, 0xFC, 0xFC, 0xFC, 0xFF, 0x9C, 0x4E, 0xFF, 0x3A, 0x2C, 0x2C, 0x2C,
0x1B, 0x2F, 0xFF, 0x33, 0x00, 0x00, 0xA1, 0x7F, 0x02, 0xE0, 0xAD, 0x0B, 0x2D, 0xF5, 0x5B, 0x00,
0x3C, 0xE6, 0xFE, 0xFF, 0xA5, 0x03, 0x00, 0x00, 0x04, 0x29, 0x1A, 0x00, 0x00, 0x00, 0x00, 0x00,
0x90, 0x3B, 0x00, 0x00, 0x00, 0x00, 0x00, 0xF4, 0x63, 0x00, 0x00, 0x00, 0x00, 0x00, 0x00, 0x00,
0x00, 0x00, 0x00, 0x00, 0x00, 0x00, 0x00, 0x00, 0x00, 0xD9, 0xF8, 0xF8, 0xF8, 0xF8, 0xF8, 0xDD,
0xE0, 0xAC, 0x4C, 0x4C, 0x4C, 0x4C, 0x44, 0xE0, 0x88, 0x00, 0x00, 0x00, 0x00, 0x00, 0xE0, 0x88,
0x00, 0x00, 0x00, 0x00, 0x00, 0xE0, 0xA6, 0x40, 0x40, 0x40, 0x40, 0x0C, 0xE0, 0xFF, 0xFF, 0xFF,
0xFF, 0xFF, 0x30, 0xE0, 0x8C, 0x08, 0x08, 0x08, 0x08, 0x02, 0xE0, 0x88, 0x00, 0x00, 0x00, 0x00,
0x00, 0xE0, 0x88, 0x00, 0x00, 0x00, 0x00, 0x00, 0xE0, 0xAA, 0x48, 0x48, 0x48, 0x48, 0x47, 0xE0,
0xFF, 0xFF, 0xFF, 0xFF, 0xFF, 0xFC, 0x00, 0x00, 0x00, 0x90, 0x34, 0x00, 0x00, 0x00, 0x00, 0x00,
0xF4, 0x58, 0x00, 0x00, 0x00, 0x00, 0x00, 0x00, 0x00, 0x00, 0x00, 0x00, 0x01, 0x56, 0x95, 0x86,
0x23, 0x00, 0x00, 0x8B, 0xF6, 0x9F, 0xCA, 0xEB, 0x15, 0x0F, 0xF9, 0x67, 0x00, 0x0D, 0xF4, 0x6A,
0x3F, 0xFF, 0x21, 0x00, 0x00, 0xCB, 0x91, 0x52, 0xFF, 0xFC, 0xFC, 0xFC, 0xFF, 0x9C, 0x4E, 0xFF,
0x3A, 0x2C, 0x2C, 0x2C, 0x1B, 0x2F, 0xFF, 0x33, 0x00, 0x00, 0xA1, 0x7F, 0x02, 0xE0, 0xAD, 0x0B,
0x2D, 0xF5, 0x5B, 0x00, 0x3C, 0xE6, 0xFE, 0xFF, 0xA5, 0x03, 0x00, 0x00, 0x04, 0x29, 0x1A, 0x00,
0x00, 0xD9, 0xF8, 0xF8, 0xF8, 0xF8, 0xF8, 0xDD, 0x00, 0xE0, 0xAC, 0x4C, 0x4C, 0x4C, 0x4C, 0x44,
0x00, 0xE0, 0x88, 0x00, 0x00, 0x00, 0x00, 0x00, 0x00, 0xE0, 0x88, 0x00, 0x00, 0x00, 0x00, 0x00,
0x00, 0xE0, 0xA6, 0x40, 0x40, 0x40, 0x40, 0x0C, 0x00, 0xE0, 0xFF, 0xFF, 0xFF, 0xFF, 0xFF, 0x30,
0x00, 0xE0, 0x8C, 0x08, 0x08, 0x08, 0x08, 0x02, 0x00, 0xE0, 0x88, 0x00, 0x00, 0x00, 0x00, 0x00,
0x00, 0xE0, 0x88, 0x00, 0x00, 0x00, 0x00, 0x00, 0x00, 0xE0, 0xAA, 0x48, 0x48, 0x48, 0x48, 0x47,
0x00, 0xE0, 0xFF, 0xFF, 0xFF, 0xFF, 0xFF, 0xFD, 0x01, 0x00, 0x00, 0x00, 0x00, 0x00, 0x88, 0x9A,
0x00, 0x00, 0x00, 0x00, 0x00, 0x00, 0xF7, 0x51, 0x00, 0x00, 0x00, 0x00, 0x00, 0x00, 0xA4, 0xFF,
0x6F, 0x00, 0x00, 0x00, 0x00, 0x00, 0x00, 0x05, 0x00, 0x00, 0x01, 0x56, 0x95, 0x86, 0x23, 0x00,
0x00, 0x8B, 0xF6, 0x9F, 0xCA, 0xEB, 0x15, 0x0F, 0xF9, 0x67, 0x00, 0x0D, 0xF4, 0x6A, 0x3F, 0xFF,
0x21, 0x00, 0x00, 0xCB, 0x91, 0x52, 0xFF, 0xFC, 0xFC, 0xFC, 0xFF, 0x9C, 0x4E, 0xFF, 0x3A, 0x2C,
0x2C, 0x2C, 0x1B, 0x2F, 0xFF, 0x33, 0x00, 0x00, 0xA1, 0x7F, 0x02, 0xE0, 0xAD, 0x0B, 0x2D, 0xF5,
0x5B, 0x00, 0x3C, 0xE6, 0xFE, 0xFF, 0xA5, 0x03, 0x00, 0x00, 0x04, 0xBF, 0x6F, 0x00, 0x00, 0x00,
0x00, 0x00, 0xF8, 0x71, 0x10, 0x00, 0x00, 0x00, 0x00, 0x84, 0xE0, 0x5F, 0x00, 0x00, 0x00, 0x17,
0x08, 0x08, 0x17, 0x00, 0x00, 0x00, 0x86, 0xC5, 0xCA, 0x80, 0x00, 0x00, 0x00, 0x02, 0x83, 0x80,
0x01, 0x00, 0x00, 0x00, 0x00, 0x00, 0x00, 0x00, 0x00, 0xD9, 0xF8, 0xF8, 0xF8, 0xF8, 0xF8, 0xDD,
0xE0, 0xAC, 0x4C, 0x4C, 0x4C, 0x4C, 0x44, 0xE0, 0x88, 0x00, 0x00, 0x00, 0x00, 0x00, 0xE0, 0x88,
0x00, 0x00, 0x00, 0x00, 0x00, 0xE0, 0xA6, 0x40, 0x40, 0x40, 0x40, 0x0C, 0xE0, 0xFF, 0xFF, 0xFF,
0xFF, 0xFF, 0x30, 0xE0, 0x8C, 0x08, 0x08, 0x08, 0x08, 0x02, 0xE0, 0x88, 0x00, 0x00, 0x00, 0x00,
0x00, 0xE0, 0x88, 0x00, 0x00, 0x00, 0x00, 0x00, 0xE0, 0xAA, 0x48, 0x48, 0x48, 0x48, 0x47, 0xE0,
0xFF, 0xFF, 0xFF, 0xFF, 0xFF, 0xFC, 0x00, 0x25, 0x8B, 0x07, 0x80, 0x34, 0x00, 0x00, 0x01, 0xC3,
0xB8, 0xD8, 0x07, 0x00, 0x00, 0x00, 0x28, 0x98, 0x38, 0x00, 0x00, 0x00, 0x01, 0x56, 0x95, 0x86,
0x23, 0x00, 0x00, 0x8B, 0xF6, 0x9F, 0xCA, 0xEB, 0x15, 0x0F, 0xF9, 0x67, 0x00, 0x0D, 0xF4, 0x6A,
0x3F, 0xFF, 0x21, 0x00, 0x00, 0xCB, 0x91, 0x52, 0xFF, 0xFC, 0xFC, 0xFC, 0xFF, 0x9C, 0x4E, 0xFF,
0x3A, 0x2C, 0x2C, 0x2C, 0x1B, 0x2F, 0xFF, 0x33, 0x00, 0x00, 0xA1, 0x7F, 0x02, 0xE0, 0xAD, 0x0B,
0x2D, 0xF5, 0x5B, 0x00, 0x3C, 0xE6, 0xFE, 0xFF, 0xA5, 0x03, 0x00, 0x00, 0x04, 0x29, 0x1A, 0x00,
0x00, 0x00, 0x00, 0x00, 0x00, 0x0D, 0x0D, 0x00, 0x00, 0x00, 0x00, 0x00, 0x00, 0x00, 0x27, 0xED,
0xED, 0x26, 0x00, 0x00, 0x00, 0x00, 0x00, 0x00, 0x76, 0x57, 0x59, 0x73, 0x00, 0x00, 0x00, 0x00,
0x00, 0x00, 0x00, 0x1E, 0x27, 0x08, 0x00, 0x00, 0x00, 0x00, 0x00, 0x4A, 0xDC, 0xFF, 0xFF, 0xF7,
0x90, 0x06, 0x00, 0x00, 0x3C, 0xFC, 0xB3, 0x3A, 0x28, 0x71, 0xF8, 0x94, 0x00, 0x00, 0xBE, 0xCF,
0x03, 0x00, 0x00, 0x00, 0x82, 0xF9, 0x09, 0x0B, 0xFD, 0x70, 0x00, 0x00, 0x00, 0x00, 0x3A, 0xC4,
0x1F, 0x2C, 0xFF, 0x49, 0x00, 0x00, 0x00, 0x00, 0x00, 0x00, 0x00, 0x36, 0xFF, 0x40, 0x00, 0x17,
0xB8, 0xB8, 0xB8, 0xB8, 0x20, 0x2D, 0xFF, 0x47, 0x00, 0x11, 0x84, 0x84, 0xA5, 0xFF, 0x2C, 0x0D,
0xFE, 0x6C, 0x00, 0x00, 0x00, 0x00, 0x52, 0xFF, 0x2C, 0x00, 0xC6, 0xC5, 0x01, 0x00, 0x00, 0x00,
0x90, 0xFF, 0x2C, 0x00, 0x45, 0xFE, 0xA2, 0x31, 0x24, 0x6F, 0xF4, 0xFF, 0x2C, 0x00, 0x00, 0x58,
0xE6, 0xFF, 0xFF, 0xE9, 0x4D, 0xE4, 0x2C, 0x00, 0x00, 0x00, 0x02, 0x25, 0x28, 0x04, 0x00, 0x00,
0x00, 0x00, 0x00, 0x0B, 0x8A, 0x34, 0x00, 0x00, 0x00, 0x00, 0x00, 0x82, 0xC9, 0xCD, 0x02, 0x00,
0x00, 0x00, 0x04, 0x92, 0x1A, 0x87, 0x63, 0xB9, 0x00, 0x00, 0x08, 0x6C, 0x98, 0x70, 0xD0, 0x8F,
0x00, 0x00, 0xB3, 0xDE, 0x83, 0xD0, 0xD8, 0x02, 0x00, 0x1B, 0xFF, 0x3F, 0x00, 0x21, 0xFF, 0x37,
0x00, 0x2A, 0xFF, 0x28, 0x00, 0x0C, 0xFF, 0x49, 0x00, 0x04, 0xDE, 0x8F, 0x0F, 0x77, 0xF9, 0x17,
0x00, 0x01, 0x95, 0xFF, 0xFF, 0xEA, 0x58, 0x00, 0x00, 0x4E, 0xFF, 0x2F, 0x0F, 0x01, 0x00, 0x00,
0x00, 0x35, 0xFD, 0x92, 0x70, 0x70, 0x64, 0x11, 0x00, 0x43, 0xF2, 0xD5, 0xD0, 0xD0, 0xF2, 0xD0,
0x02, 0xBE, 0x9A, 0x00, 0x00, 0x00, 0x48, 0xFF, 0x1E, 0xB1, 0xCB, 0x3D, 0x38, 0x38, 0x93, 0xEB,
0x06, 0x28, 0xC5, 0xE7, 0xE8, 0xE7, 0xC8, 0x3B, 0x00, 0x00, 0x00, 0x00, 0xD0, 0x9A, 0x9F, 0xC4,
0x00, 0x00, 0x00, 0x00, 0x00, 0x00, 0x1B, 0x81, 0x7E, 0x17, 0x00, 0x00, 0x00, 0x00, 0x00, 0x00,
0x00, 0x1E, 0x27, 0x08, 0x00, 0x00, 0x00, 0x00, 0x00, 0x4A, 0xDC, 0xFF, 0xFF, 0xF7, 0x90, 0x06,
0x00, 0x00, 0x3C, 0xFC, 0xB3, 0x3A, 0x28, 0x71, 0xF8, 0x94, 0x00, 0x00, 0xBE, 0xCF, 0x03, 0x00,
0x00, 0x00, 0x82, 0xF9, 0x09, 0x0B, 0xFD, 0x70, 0x00, 0x00, 0x00, 0x00, 0x3A, 0xC4, 0x1F, 0x2C,
0xFF, 0x49, 0x00, 0x00, 0x00, 0x00, 0x00, 0x00, 0x00, 0x36, 0xFF, 0x40, 0x00, 0x17, 0xB8, 0xB8,
0xB8, 0xB8, 0x20, 0x2D, 0xFF, 0x47, 0x00, 0x11, 0x84, 0x84, 0xA5, 0xFF, 0x2C, 0x0D, 0xFE, 0x6C,
0x00, 0x00, 0x00, 0x00, 0x52, 0xFF, 0x2C, 0x00, 0xC6, 0xC5, 0x01, 0x00, 0x00, 0x00, 0x90, 0xFF,
0x2C, 0x00, 0x45, 0xFE, 0xA2, 0x31, 0x24, 0x6F, 0xF4, 0xFF, 0x2C, 0x00, 0x00, 0x58, 0xE6, 0xFF,
0xFF, 0xE9, 0x4D, 0xE4, 0x2C, 0x00, 0x00, 0x00, 0x02, 0x25, 0x28, 0x04, 0x00, 0x00, 0x00, 0x00,
0x00, 0xC8, 0x8D, 0x92, 0xBD, 0x00, 0x00, 0x00, 0x00, 0x22, 0x8D, 0x8A, 0x57, 0xB9, 0x00, 0x00,
0x08, 0x6C, 0x98, 0x70, 0xD0, 0x8F, 0x00, 0x00, 0xB3, 0xDE, 0x83, 0xD0, 0xD8, 0x02, 0x00, 0x1B,
0xFF, 0x3F, 0x00, 0x21, 0xFF, 0x37, 0x00, 0x2A, 0xFF, 0x28, 0x00, 0x0C, 0xFF, 0x49, 0x00, 0x04,
0xDE, 0x8F, 0x0F, 0x77, 0xF9, 0x17, 0x00, 0x01, 0x95, 0xFF, 0xFF, 0xEA, 0x58, 0x00, 0x00, 0x4E,
0xFF, 0x2F, 0x0F, 0x01, 0x00, 0x00, 0x00, 0x35, 0xFD, 0x92, 0x70, 0x70, 0x64, 0x11, 0x00, 0x43,
0xF2, 0xD5, 0xD0, 0xD0, 0xF2, 0xD0, 0x02, 0xBE, 0x9A, 0x00, 0x00, 0x00, 0x48, 0xFF, 0x1E, 0xB1,
0xCB, 0x3D, 0x38, 0x38, 0x93, 0xEB, 0x06, 0x28, 0xC5, 0xE7, 0xE8, 0xE7, 0xC8, 0x3B, 0x00, 0x00,
0x00, 0x00, 0x00, 0x90, 0x3B, 0x00, 0x00, 0x00, 0x00, 0x00, 0x00, 0x00, 0x00, 0xF4, 0x63, 0x00,
0x00, 0x00, 0x00, 0x00, 0x00, 0x00, 0x00, 0x00, 0x00, 0x00, 0x00, 0x00, 0x00, 0x00, 0x00, 0x00,
0x00, 0x1E, 0x27, 0x08, 0x00, 0x00, 0x00, 0x00, 0x00, 0x4A, 0xDC, 0xFF, 0xFF, 0xF7, 0x90, 0x06,
0x00, 0x00, 0x3C, 0xFC, 0xB3, 0x3A, 0x28, 0x71, 0xF8, 0x94, 0x00, 0x00, 0xBE, 0xCF, 0x03, 0x00,
0x00, 0x00, 0x82, 0xF9, 0x09, 0x0B, 0xFD, 0x70, 0x00, 0x00, 0x00, 0x00, 0x3A, 0xC4, 0x1F, 0x2C,
0xFF, 0x49, 0x00, 0x00, 0x00, 0x00, 0x00, 0x00, 0x00, 0x36, 0xFF, 0x40, 0x00, 0x17, 0xB8, 0xB8,
0xB8, 0xB8, 0x20, 0x2D, 0xFF, 0x47, 0x00, 0x11, 0x84, 0x84, 0xA5, 0xFF, 0x2C, 0x0D, 0xFE, 0x6C,
0x00, 0x00, 0x00, 0x00, 0x52, 0xFF, 0x2C, 0x00, 0xC6, 0xC5, 0x01, 0x00, 0x00, 0x00, 0x90, 0xFF,
0x2C, 0x00, 0x45, 0xFE, 0xA2, 0x31, 0x24, 0x6F, 0xF4, 0xFF, 0x2C, 0x00, 0x00, 0x58, 0xE6, 0xFF,
0xFF, 0xE9, 0x4D, 0xE4, 0x2C, 0x00, 0x00, 0x00, 0x02, 0x25, 0x28, 0x04, 0x00, 0x00, 0x00, 0x00,
0x00, 0x00, 0x90, 0x34, 0x00, 0x00, 0x00, 0x00, 0x00, 0x00, 0xF4, 0x58, 0x00, 0x00, 0x00, 0x00,
0x00, 0x00, 0x00, 0x00, 0x3A, 0xB9, 0x00, 0x00, 0x08, 0x6C, 0x98, 0x70, 0xD0, 0x8F, 0x00, 0x00,
0xB3, 0xDE, 0x83, 0xD0, 0xD8, 0x02, 0x00, 0x1B, 0xFF, 0x3F, 0x00, 0x21, 0xFF, 0x37, 0x00, 0x2A,
0xFF, 0x28, 0x00, 0x0C, 0xFF, 0x49, 0x00, 0x04, 0xDE, 0x8F, 0x0F, 0x77, 0xF9, 0x17, 0x00, 0x01,
0x95, 0xFF, 0xFF, 0xEA, 0x58, 0x00, 0x00, 0x4E, 0xFF, 0x2F, 0x0F, 0x01, 0x00, 0x00, 0x00, 0x35,
0xFD, 0x92, 0x70, 0x70, 0x64, 0x11, 0x00, 0x43, 0xF2, 0xD5, 0xD0, 0xD0, 0xF2, 0xD0, 0x02, 0xBE,
0x9A, 0x00, 0x00, 0x00, 0x48, 0xFF, 0x1E, 0xB1, 0xCB, 0x3D, 0x38, 0x38, 0x93, 0xEB, 0x06, 0x28,
0xC5, 0xE7, 0xE8, 0xE7, 0xC8, 0x3B, 0x00, 0x00, 0x00, 0x00, 0x00, 0x1E, 0x27, 0x08, 0x00, 0x00,
0x00, 0x00, 0x00, 0x4A, 0xDC, 0xFF, 0xFF, 0xF7, 0x90, 0x06, 0x00, 0x00, 0x3C, 0xFC, 0xB3, 0x3A,
0x28, 0x71, 0xF8, 0x94, 0x00, 0x00, 0xBE, 0xCF, 0x03, 0x00, 0x00, 0x00, 0x82, 0xF9, 0x09, 0x0B,
0xFD, 0x70, 0x00, 0x00, 0x00, 0x00, 0x3A, 0xC4, 0x1F, 0x2C, 0xFF, 0x49, 0x00, 0x00, 0x00, 0x00,
0x00, 0x00, 0x00, 0x36, 0xFF, 0x40, 0x00, 0x17, 0xB8, 0xB8, 0xB8, 0xB8, 0x20, 0x2D, 0xFF, 0x47,
0x00, 0x11, 0x84, 0x84, 0xA5, 0xFF, 0x2C, 0x0D, 0xFE, 0x6C, 0x00, 0x00, 0x00, 0x00, 0x52, 0xFF,
0x2C, 0x00, 0xC6, 0xC5, 0x01, 0x00, 0x00, 0x00, 0x90, 0xFF, 0x2C, 0x00, 0x45, 0xFE, 0xA2, 0x31,
0x24, 0x6F, 0xF4, 0xFF, 0x2C, 0x00, 0x00, 0x58, 0xE6, 0xFF, 0xFF, 0xE9, 0x4D, 0xE4, 0x2C, 0x00,
0x00, 0x00, 0x02, 0x25, 0x28, 0x04, 0x00, 0x00, 0x00, 0x00, 0x00, 0x00, 0x00, 0x98, 0x3E, 0x00,
0x00, 0x00, 0x00, 0x00, 0x00, 0x00, 0x00, 0xEB, 0x65, 0x00, 0x00, 0x00, 0x00, 0x00, 0x00, 0x00,
0x00, 0x7B, 0x1B, 0x00, 0x00, 0x00, 0x00, 0x00, 0x00, 0x00, 0x4E, 0x06, 0x00, 0x00, 0x00, 0x00,
0x00, 0x00, 0xDD, 0x2E, 0x00, 0x00, 0x00, 0x00, 0x00, 0x00, 0xF4, 0x58, 0x00, 0x00, 0x00, 0x00,
0x00, 0x00, 0x00, 0x00, 0x3A, 0xB9, 0x00, 0x00, 0x08, 0x6C, 0x98, 0x70, 0xD0, 0x8F, 0x00, 0x00,
0xB3, 0xDE, 0x83, 0xD0, 0xD8, 0x02, 0x00, 0x1B, 0xFF, 0x3F, 0x00, 0x21, 0xFF, 0x37, 0x00, 0x2A,
0xFF, 0x28, 0x00, 0x0C, 0xFF, 0x49, 0x00, 0x04, 0xDE, 0x8F, 0x0F, 0x77, 0xF9, 0x17, 0x00, 0x01,
0x95, 0xFF, 0xFF, 0xEA, 0x58, 0x00, 0x00, 0x4E, 0xFF, 0x2F, 0x0F, 0x01, 0x00, 0x00, 0x00, 0x35,
0xFD, 0x92, 0x70, 0x70, 0x64, 0x11, 0x00, 0x43, 0xF2, 0xD5, 0xD0, 0xD0, 0xF2, 0xD0, 0x02, 0xBE,
0x9A, 0x00, 0x00, 0x00, 0x48, 0xFF, 0x1E, 0xB1, 0xCB, 0x3D, 0x38, 0x38, 0x93, 0xEB, 0x06, 0x28,
0xC5, 0xE7, 0xE8, 0xE7, 0xC8, 0x3B, 0x00, 0x00, 0x00, 0x00, 0x0D, 0x0D, 0x00, 0x00, 0x00, 0x00,
0x00, 0x27, 0xED, 0xED, 0x26, 0x00, 0x00, 0x00, 0x00, 0x76, 0x57, 0x59, 0x73, 0x00, 0x00, 0x00,
0x00, 0x00, 0x00, 0x00, 0x00, 0x00, 0x00, 0xD9, 0x84, 0x00, 0x00, 0x00, 0x10, 0xF8, 0x59, 0xE0,
0x88, 0x00, 0x00, 0x00, 0x10, 0xFF, 0x5C, 0xE0, 0x88, 0x00, 0x00, 0x00, 0x10, 0xFF, 0x5C, 0xE0,
0x88, 0x00, 0x00, 0x00, 0x10, 0xFF, 0x5C, 0xE0, 0xA6, 0x40, 0x40, 0x40, 0x4C, 0xFF, 0x5C, 0xE0,
0xFF, 0xFF, 0xFF, 0xFF, 0xFF, 0xFF, 0x5C, 0xE0, 0x8C, 0x08, 0x08, 0x08, 0x18, 0xFF, 0x5C, 0xE0,
0x88, 0x00, 0x00, 0x00, 0x10, 0xFF, 0x5C, 0xE0, 0x88, 0x00, 0x00, 0x00, 0x10, 0xFF, 0x5C, 0xE0,
0x88, 0x00, 0x00, 0x00, 0x10, 0xFF, 0x5C, 0xE0, 0x88, 0x00, 0x00, 0x00, 0x10, 0xFF, 0x5C, 0x00,
0x0D, 0x0D, 0x00, 0x00, 0x00, 0x00, 0x27, 0xED, 0xED, 0x26, 0x00, 0x00, 0x00, 0x76, 0x57, 0x59,
0x73, 0x00, 0x00, 0x00, 0x07, 0x90, 0x26, 0x00, 0x00, 0x00, 0x00, 0x0C, 0xFF, 0x44, 0x00, 0x00,
0x00, 0x00, 0x0C, 0xFF, 0x44, 0x00, 0x00, 0x00, 0x00, 0x0C, 0xFF, 0x4E, 0x79, 0x94, 0x3C, 0x00,
0x0C, 0xFF, 0xDF, 0xA9, 0xC3, 0xF9, 0x1C, 0x0C, 0xFF, 0x91, 0x00, 0x0A, 0xFF, 0x51, 0x0C, 0xFF,
0x4C, 0x00, 0x00, 0xF8, 0x58, 0x0C, 0xFF, 0x44, 0x00, 0x00, 0xF8, 0x58, 0x0C, 0xFF, 0x44, 0x00,
0x00, 0xF8, 0x58, 0x0C, 0xFF, 0x44, 0x00, 0x00, 0xF8, 0x58, 0x0C, 0xFF, 0x44, 0x00, 0x00, 0xF8,
0x58, 0x0C, 0xFF, 0x44, 0x00, 0x00, 0xF8, 0x58, 0x00, 0xD9, 0x84, 0x00, 0x00, 0x00, 0x10, 0xF8,
0x59, 0x8C, 0xF3, 0xCA, 0x8C, 0x8C, 0x8C, 0x94, 0xFF, 0x9F, 0xB4, 0xF8, 0xDE, 0xB4, 0xB4, 0xB4,
0xBB, 0xFF, 0xB2, 0x00, 0xE0, 0x88, 0x00, 0x00, 0x00, 0x10, 0xFF, 0x5C, 0x00, 0xE0, 0xA6, 0x40,
0x40, 0x40, 0x4C, 0xFF, 0x5C, 0x00, 0xE0, 0xFF, 0xFF, 0xFF, 0xFF, 0xFF, 0xFF, 0x5C, 0x00, 0xE0,
0x8C, 0x08, 0x08, 0x08, 0x18, 0xFF, 0x5C, 0x00, 0xE0, 0x88, 0x00, 0x00, 0x00, 0x10, 0xFF, 0x5C,
0x00, 0xE0, 0x88, 0x00, 0x00, 0x00, 0x10, 0xFF, 0x5C, 0x00, 0xE0, 0x88, 0x00, 0x00, 0x00, 0x10,
0xFF, 0x5C, 0x00, 0xE0, 0x88, 0x00, 0x00, 0x00, 0x10, 0xFF, 0x5C, 0x07, 0x90, 0x26, 0x00, 0x00,
0x00, 0x00, 0x8E, 0xFF, 0xA8, 0x88, 0x00, 0x00, 0x00, 0x80, 0xFF, 0x9D, 0x78, 0x00, 0x00, 0x00,
0x0C, 0xFF, 0x4E, 0x79, 0x94, 0x3C, 0x00, 0x0C, 0xFF, 0xDF, 0xA9, 0xC3, 0xF9, 0x1C, 0x0C, 0xFF,
0x91, 0x00, 0x0A, 0xFF, 0x51, 0x0C, 0xFF, 0x4C, 0x00, 0x00, 0xF8, 0x58, 0x0C, 0xFF, 0x44, 0x00,
0x00, 0xF8, 0x58, 0x0C, 0xFF, 0x44, 0x00, 0x00, 0xF8, 0x58, 0x0C, 0xFF, 0x44, 0x00, 0x00, 0xF8,
0x58, 0x0C, 0xFF, 0x44, 0x00, 0x00, 0xF8, 0x58, 0x0C, 0xFF, 0x44, 0x00, 0x00, 0xF8, 0x58, 0x00,
0x00, 0x00, 0x02, 0x01, 0xA5, 0xF5, 0xA7, 0xDF, 0x20, 0x72, 0x18, 0x65, 0x54, 0x00, 0x00, 0x00,
0x00, 0x00, 0x00, 0x00, 0xD9, 0x84, 0x00, 0x00, 0x00, 0xE0, 0x88, 0x00, 0x00, 0x00, 0xE0, 0x88,
0x00, 0x00, 0x00, 0xE0, 0x88, 0x00, 0x00, 0x00, 0xE0, 0x88, 0x00, 0x00, 0x00, 0xE0, 0x88, 0x00,
0x00, 0x00, 0xE0, 0x88, 0x00, 0x00, 0x00, 0xE0, 0x88, 0x00, 0x00, 0x00, 0xE0, 0x88, 0x00, 0x00,
0x00, 0xE0, 0x88, 0x00, 0x00, 0x00, 0xE0, 0x88, 0x00, 0x00, 0x38, 0x88, 0x40, 0x43, 0x5D, 0xE1,
0xA6, 0xE2, 0xFE, 0x55, 0x16, 0x00, 0x02, 0x0F, 0x00, 0x00, 0x00, 0x59, 0x34, 0x00, 0x00, 0x00,
0xD4, 0x7C, 0x00, 0x00, 0x00, 0xD4, 0x7C, 0x00, 0x00, 0x00, 0xD4, 0x7C, 0x00, 0x00, 0x00, 0xD4,
0x7C, 0x00, 0x00, 0x00, 0xD4, 0x7C, 0x00, 0x00, 0x00, 0xD4, 0x7C, 0x00, 0x00, 0x00, 0xD4, 0x7C,
0x00, 0x00, 0x00, 0xD4, 0x7C, 0x00, 0xBC, 0xBC, 0xBC, 0xBC, 0x6C, 0x6C, 0x6C, 0x6C, 0x00, 0x00,
0x00, 0x00, 0x00, 0xD9, 0x84, 0x00, 0x00, 0xE0, 0x88, 0x00, 0x00, 0xE0, 0x88, 0x00, 0x00, 0xE0,
0x88, 0x00, 0x00, 0xE0, 0x88, 0x00, 0x00, 0xE0, 0x88, 0x00, 0x00, 0xE0, 0x88, 0x00, 0x00, 0xE0,
0x88, 0x00, 0x00, 0xE0, 0x88, 0x00, 0x00, 0xE0, 0x88, 0x00, 0x00, 0xE0, 0x88, 0x00, 0x78, 0xC0,
0xC0, 0xC0, 0x48, 0x41, 0x68, 0x68, 0x68, 0x27, 0x00, 0x59, 0x34, 0x00, 0x00, 0x00, 0xD4, 0x7C,
0x00, 0x00, 0x00, 0xD4, 0x7C, 0x00, 0x00, 0x00, 0xD4, 0x7C, 0x00, 0x00, 0x00, 0xD4, 0x7C, 0x00,
0x00, 0x00, 0xD4, 0x7C, 0x00, 0x00, 0x00, 0xD4, 0x7C, 0x00, 0x00, 0x00, 0xD4, 0x7C, 0x00, 0x00,
0x00, 0xD4, 0x7C, 0x00, 0x00, 0xD0, 0x9A, 0x9F, 0xC4, 0x1B, 0x81, 0x7E, 0x17, 0x00, 0x00, 0x00,
0x00, 0x00, 0xD9, 0x84, 0x00, 0x00, 0xE0, 0x88, 0x00, 0x00, 0xE0, 0x88, 0x00, 0x00, 0xE0, 0x88,
0x00, 0x00, 0xE0, 0x88, 0x00, 0x00, 0xE0, 0x88, 0x00, 0x00, 0xE0, 0x88, 0x00, 0x00, 0xE0, 0x88,
0x00, 0x00, 0xE0, 0x88, 0x00, 0x00, 0xE0, 0x88, 0x00, 0x00, 0xE0, 0x88, 0x00, 0xC8, 0x8D, 0x92,
0xBD, 0x22, 0x8D, 0x8A, 0x1D, 0x00, 0x59, 0x34, 0x00, 0x00, 0xD4, 0x7C, 0x00, 0x00, 0xD4, 0x7C,
0x00, 0x00, 0xD4, 0x7C, 0x00, 0x00, 0xD4, 0x7C, 0x00, 0x00, 0xD4, 0x7C, 0x00, 0x00, 0xD4, 0x7C,
0x00, 0x00, 0xD4, 0x7C, 0x00, 0x00, 0xD4, 0x7C, 0x00, 0x00, 0xD9, 0x84, 0x00, 0xE0, 0x88, 0x00,
0xE0, 0x88, 0x00, 0xE0, 0x88, 0x00, 0xE0, 0x88, 0x00, 0xE0, 0x88, 0x00, 0xE0, 0x88, 0x00, 0xE0,
0x88, 0x00, 0xE0, 0x88, 0x00, 0xE0, 0x88, 0x00, 0xE3, 0x88, 0x88, 0x9A, 0x00, 0xF7, 0x51, 0x00,
0xA4, 0xFF, 0x6F, 0x00, 0x05, 0x00, 0x90, 0x34, 0x00, 0xF4, 0x58, 0x00, 0x00, 0x00, 0x00, 0x59,
0x34, 0x00, 0xD4, 0x7C, 0x00, 0xD4, 0x7C, 0x00, 0xD4, 0x7C, 0x00, 0xD4, 0x7C, 0x00, 0xD4, 0x7C,
0x00, 0xD4, 0x7C, 0x00, 0xD4, 0x7C, 0x00, 0xD4, 0x80, 0x00, 0xA7, 0x69, 0x00, 0xF8, 0x71, 0x10,
0x84, 0xE0, 0x5F, 0x90, 0x3B, 0xF4, 0x63, 0x00, 0x00, 0x00, 0x00, 0xD9, 0x84, 0xE0, 0x88, 0xE0,
0x88, 0xE0, 0x88, 0xE0, 0x88, 0xE0, 0x88, 0xE0, 0x88, 0xE0, 0x88, 0xE0, 0x88, 0xE0, 0x88, 0xE0,
0x88, 0x59, 0x34, 0xD4, 0x7C, 0xD4, 0x7C, 0xD4, 0x7C, 0xD4, 0x7C, 0xD4, 0x7C, 0xD4, 0x7C, 0xD4,
0x7C, 0xD4, 0x7C, 0xD9, 0x84, 0x00, 0x00, 0x00, 0x00, 0x00, 0xDD, 0x80, 0xE0, 0x88, 0x00, 0x00,
0x00, 0x00, 0x00, 0xE4, 0x84, 0xE0, 0x88, 0x00, 0x00, 0x00, 0x00, 0x00, 0xE4, 0x84, 0xE0, 0x88,
0x00, 0x00, 0x00, 0x00, 0x00, 0xE4, 0x84, 0xE0, 0x88, 0x00, 0x00, 0x00, 0x00, 0x00, 0xE4, 0x84,
0xE0, 0x88, 0x00, 0x00, 0x00, 0x00, 0x00, 0xE4, 0x84, 0xE0, 0x88, 0x00, 0x00, 0x00, 0x00, 0x00,
0xE4, 0x84, 0xE0, 0x88, 0x00, 0x43, 0x33, 0x00, 0x00, 0xE4, 0x84, 0xE0, 0x88, 0x00, 0xC9, 0x9F,
0x00, 0x00, 0xE7, 0x81, 0xE0, 0x88, 0x00, 0xA1, 0xDF, 0x2E, 0x4E, 0xFF, 0x58, 0xE0, 0x88, 0x00,
0x22, 0xDC, 0xFF, 0xFF, 0xB1, 0x05, 0x00, 0x00, 0x00, 0x00, 0x03, 0x28, 0x1C, 0x00, 0x00, 0x90,
0x34, 0x00, 0x90, 0x34, 0x00, 0xF4, 0x58, 0x00, 0xF4, 0x58, 0x00, 0x00, 0x00, 0x00, 0x00, 0x00,
0x00, 0x59, 0x34, 0x00, 0x16, 0x6C, 0x0C, 0xD4, 0x7C, 0x00, 0x34, 0xFF, 0x1C, 0xD4, 0x7C, 0x00,
0x34, 0xFF, 0x1C, 0xD4, 0x7C, 0x00, 0x34, 0xFF, 0x1C, 0xD4, 0x7C, 0x00, 0x34, 0xFF, 0x1C, 0xD4,
0x7C, 0x00, 0x34, 0xFF, 0x1C, 0xD4, 0x7C, 0x00, 0x34, 0xFF, 0x1C, 0xD4, 0x7C, 0x00, 0x34, 0xFF,
0x1C, 0xD4, 0x7C, 0x00, 0x34, 0xFF, 0x1C, 0x00, 0x00, 0x00, 0x34, 0xFF, 0x1C, 0x00, 0x00, 0x20,
0x77, 0xFE, 0x0D, 0x00, 0x00, 0x87, 0xE1, 0x81, 0x00, 0x00, 0x00, 0x00, 0x00, 0x0D, 0x0D, 0x00,
0x00, 0x00, 0x00, 0x27, 0xED, 0xED, 0x26, 0x00, 0x00, 0x00, 0x76, 0x57, 0x59, 0x73, 0x00, 0x00,
0x00, 0x00, 0x00, 0x00, 0x00, 0x00, 0x00, 0x00, 0x00, 0xDD, 0x80, 0x00, 0x00, 0x00, 0x00, 0x00,
0xE4, 0x84, 0x00, 0x00, 0x00, 0x00, 0x00, 0xE4, 0x84, 0x00, 0x00, 0x00, 0x00, 0x00, 0xE4, 0x84,
0x00, 0x00, 0x00, 0x00, 0x00, 0xE4, 0x84, 0x00, 0x00, 0x00, 0x00, 0x00, 0xE4, 0x84, 0x00, 0x00,
0x00, 0x00, 0x00, 0xE4, 0x84, 0x00, 0x43, 0x33, 0x00, 0x00, 0xE4, 0x84, 0x00, 0xC9, 0x9F, 0x00,
0x00, 0xE7, 0x81, 0x00, 0xA1, 0xDF, 0x2E, 0x4E, 0xFF, 0x58, 0x00, 0x22, 0xDC, 0xFF, 0xFF, 0xB1,
0x05, 0x00, 0x00, 0x03, 0x28, 0x1C, 0x00, 0x00, 0x00, 0x00, 0x70, 0x70, 0x00, 0x4B, 0xE1, 0xE1,
0x48, 0x7D, 0x47, 0x48, 0x7C, 0x00, 0x16, 0x6C, 0x0C, 0x00, 0x34, 0xFF, 0x1C, 0x00, 0x34, 0xFF,
0x1C, 0x00, 0x34, 0xFF, 0x1C, 0x00, 0x34, 0xFF, 0x1C, 0x00, 0x34, 0xFF, 0x1C, 0x00, 0x34, 0xFF,
0x1C, 0x00, 0x34, 0xFF, 0x1C, 0x00, 0x34, 0xFF, 0x1C, 0x00, 0x34, 0xFF, 0x1C, 0x20, 0x77, 0xFE,
0x0D, 0x87, 0xE1, 0x81, 0x00, 0xD9, 0x84, 0x00, 0x00, 0x00, 0x7A, 0xEC, 0x23, 0xE0, 0x88, 0x00,
0x00, 0x3E, 0xFC, 0x5C, 0x00, 0xE0, 0x88, 0x00, 0x16, 0xE4, 0x9C, 0x00, 0x00, 0xE0, 0x88, 0x02,
0xB7, 0xD4, 0x09, 0x00, 0x00, 0xE0, 0x88, 0x79, 0xFF, 0x51, 0x00, 0x00, 0x00, 0xE0, 0xC1, 0xFC,
0xEA, 0xB3, 0x00, 0x00, 0x00, 0xE0, 0xFF, 0x83, 0x4A, 0xFF, 0x3A, 0x00, 0x00, 0xE0, 0xAF, 0x01,
0x00, 0xCA, 0xBE, 0x00, 0x00, 0xE0, 0x88, 0x00, 0x00, 0x4A, 0xFF, 0x43, 0x00, 0xE0, 0x88, 0x00,
0x00, 0x01, 0xCB, 0xC8, 0x00, 0xE0, 0x88, 0x00, 0x00, 0x00, 0x4C, 0xFF, 0x4E, 0x00, 0x00, 0x00,
0x00, 0x00, 0x00, 0x00, 0x00, 0x00, 0x00, 0x00, 0x98, 0x3E, 0x00, 0x00, 0x00, 0x00, 0x00, 0x00,
0xEB, 0x65, 0x00, 0x00, 0x00, 0x00, 0x00, 0x00, 0x7B, 0x1B, 0x00, 0x00, 0x00, 0x07, 0x90, 0x26,
0x00, 0x00, 0x00, 0x00, 0x0C, 0xFF, 0x44, 0x00, 0x00, 0x00, 0x00, 0x0C, 0xFF, 0x44, 0x00, 0x00,
0x00, 0x00, 0x0C, 0xFF, 0x44, 0x00, 0x12, 0x6C, 0x20, 0x0C, 0xFF, 0x44, 0x00, 0xA8, 0xC6, 0x04,
0x0C, 0xFF, 0x44, 0x5A, 0xF2, 0x22, 0x00, 0x0C, 0xFF, 0x61, 0xF0, 0x5C, 0x00, 0x00, 0x0C, 0xFF,
0xEB, 0xFF, 0x36, 0x00, 0x00, 0x0C, 0xFF, 0xCD, 0xB1, 0xBD, 0x00, 0x00, 0x0C, 0xFF, 0x46, 0x2A,
0xFE, 0x42, 0x00, 0x0C, 0xFF, 0x44, 0x00, 0xA8, 0xC9, 0x01, 0x0C, 0xFF, 0x44, 0x00, 0x2A, 0xFE,
0x4F, 0x00, 0x00, 0x00, 0x00, 0x00, 0x00, 0x00, 0x00, 0x00, 0x00, 0x98, 0x37, 0x00, 0x00, 0x00,
0x00, 0x00, 0xED, 0x59, 0x00, 0x00, 0x00, 0x00, 0x00, 0x84, 0x13, 0x00, 0x00, 0x05, 0x6C, 0x1D,
0x00, 0x12, 0x6C, 0x20, 0x0C, 0xFF, 0x44, 0x00, 0xA8, 0xC6, 0x04, 0x0C, 0xFF, 0x44, 0x5A, 0xF2,
0x22, 0x00, 0x0C, 0xFF, 0x61, 0xF0, 0x5C, 0x00, 0x00, 0x0C, 0xFF, 0xEB, 0xFF, 0x36, 0x00, 0x00,
0x0C, 0xFF, 0xCD, 0xB1, 0xBD, 0x00, 0x00, 0x0C, 0xFF, 0x46, 0x2A, 0xFE, 0x42, 0x00, 0x0C, 0xFF,
0x44, 0x00, 0xA8, 0xC9, 0x01, 0x0C, 0xFF, 0x44, 0x00, 0x2A, 0xFE, 0x4F, 0x00, 0x14, 0x14, 0x00,
0x00, 0x00, 0x00, 0x3D, 0xF7, 0x4F, 0x00, 0x00, 0x00, 0x00, 0x70, 0x49, 0x00, 0x00, 0x00, 0x00,
0x00, 0x00, 0x00, 0x00, 0x00, 0x00, 0x00, 0x00, 0xD9, 0x84, 0x00, 0x00, 0x00, 0x00, 0x00, 0xE0,
0x88, 0x00, 0x00, 0x00, 0x00, 0x00, 0xE0, 0x88, 0x00, 0x00, 0x00, 0x00, 0x00, 0xE0, 0x88, 0x00,
0x00, 0x00, 0x00, 0x00, 0xE0, 0x88, 0x00, 0x00, 0x00, 0x00, 0x00, 0xE0, 0x88, 0x00, 0x00, 0x00,
0x00, 0x00, 0xE0, 0x88, 0x00, 0x00, 0x00, 0x00, 0x00, 0xE0, 0x88, 0x00, 0x00, 0x00, 0x00, 0x00,
0xE0, 0x88, 0x00, 0x00, 0x00, 0x00, 0x00, 0xE0, 0xAA, 0x48, 0x48, 0x48, 0x48, 0x01, 0xE0, 0xFF,
0xFF, 0xFF, 0xFF, 0xFF, 0x04, 0x00, 0x14, 0x14, 0x3D, 0xF7, 0x4F, 0x70, 0x49, 0x00, 0x1D, 0x90,
0x10, 0x34, 0xFF, 0x1C, 0x34, 0xFF, 0x1C, 0x34, 0xFF, 0x1C, 0x34, 0xFF, 0x1C, 0x34, 0xFF, 0x1C,
0x34, 0xFF, 0x1C, 0x34, 0xFF, 0x1C, 0x34, 0xFF, 0x1C, 0x34, 0xFF, 0x1C, 0x34, 0xFF, 0x1C, 0x34,
0xFF, 0x1C, 0xD9, 0x84, 0x00, 0x00, 0x00, 0x00, 0x00, 0xE0, 0x88, 0x00, 0x00, 0x00, 0x00, 0x00,
0xE0, 0x88, 0x00, 0x00, 0x00, 0x00, 0x00, 0xE0, 0x88, 0x00, 0x00, 0x00, 0x00, 0x00, 0xE0, 0x88,
0x00, 0x00, 0x00, 0x00, 0x00, 0xE0, 0x88, 0x00, 0x00, 0x00, 0x00, 0x00, 0xE0, 0x88, 0x00, 0x00,
0x00, 0x00, 0x00, 0xE0, 0x88, 0x00, 0x00, 0x00, 0x00, 0x00, 0xE0, 0x88, 0x00, 0x00, 0x00, 0x00,
0x00, 0xE0, 0xAA, 0x48, 0x48, 0x48, 0x48, 0x01, 0xE0, 0xFF, 0xFF, 0xFF, 0xFF, 0xFF, 0x04, 0x00,
0x00, 0x00, 0x00, 0x00, 0x00, 0x00, 0x00, 0x00, 0x98, 0x3E, 0x00, 0x00, 0x00, 0x00, 0x00, 0xEB,
0x65, 0x00, 0x00, 0x00, 0x00, 0x00, 0x7B, 0x1B, 0x00, 0x00, 0x00, 0x1D, 0x90, 0x10, 0x34, 0xFF,
0x1C, 0x34, 0xFF, 0x1C, 0x34, 0xFF, 0x1C, 0x34, 0xFF, 0x1C, 0x34, 0xFF, 0x1C, 0x34, 0xFF, 0x1C,
0x34, 0xFF, 0x1C, 0x34, 0xFF, 0x1C, 0x34, 0xFF, 0x1C, 0x34, 0xFF, 0x1C, 0x34, 0xFF, 0x1C, 0x00,
0x00, 0x00, 0x00, 0x98, 0x37, 0x00, 0xED, 0x59, 0x00, 0x84, 0x13, 0x00, 0x00, 0x00, 0x5C, 0x4A,
0x00, 0x00, 0xD9, 0x84, 0x00, 0xBF, 0x4E, 0x00, 0x00, 0xE0, 0x88, 0x00, 0xDF, 0x0E, 0x00, 0x00,
0xE0, 0x88, 0x00, 0x39, 0x00, 0x00, 0x00, 0xE0, 0x88, 0x00, 0x00, 0x00, 0x00, 0x00, 0xE0, 0x88,
0x00, 0x00, 0x00, 0x00, 0x00, 0xE0, 0x88, 0x00, 0x00, 0x00, 0x00, 0x00, 0xE0, 0x88, 0x00, 0x00,
0x00, 0x00, 0x00, 0xE0, 0x88, 0x00, 0x00, 0x00, 0x00, 0x00, 0xE0, 0x88, 0x00, 0x00, 0x00, 0x00,
0x00, 0xE0, 0xAA, 0x48, 0x48, 0x48, 0x48, 0x01, 0xE0, 0xFF, 0xFF, 0xFF, 0xFF, 0xFF, 0x04, 0x1D,
0x90, 0x10, 0x5C, 0x4A, 0x34, 0xFF, 0x1C, 0xBF, 0x4E, 0x34, 0xFF, 0x1C, 0xDF, 0x0E, 0x34, 0xFF,
0x1C, 0x39, 0x00, 0x34, 0xFF, 0x1C, 0x00, 0x00, 0x34, 0xFF, 0x1C, 0x00, 0x00, 0x34, 0xFF, 0x1C,
0x00, 0x00, 0x34, 0xFF, 0x1C, 0x00, 0x00, 0x34, 0xFF, 0x1C, 0x00, 0x00, 0x34, 0xFF, 0x1C, 0x00,
0x00, 0x34, 0xFF, 0x1C, 0x00, 0x00, 0x34, 0xFF, 0x1C, 0x00, 0x00, 0xD9, 0x84, 0x00, 0x00, 0x00,
0x00, 0x00, 0xE0, 0x88, 0x00, 0x00, 0x00, 0x00, 0x00, 0xE0, 0x88, 0x00, 0x00, 0x00, 0x00, 0x00,
0xE0, 0x88, 0x00, 0x00, 0x00, 0x00, 0x00, 0xE0, 0x88, 0x00, 0x00, 0x00, 0x00, 0x00, 0xE0, 0x88,
0x00, 0x9B, 0xF0, 0x00, 0x00, 0xE0, 0x88, 0x00, 0x64, 0x9B, 0x00, 0x00, 0xE0, 0x88, 0x00, 0x00,
0x00, 0x00, 0x00, 0xE0, 0x88, 0x00, 0x00, 0x00, 0x00, 0x00, 0xE0, 0xAA, 0x48, 0x48, 0x48, 0x48,
0x01, 0xE0, 0xFF, 0xFF, 0xFF, 0xFF, 0xFF, 0x04, 0x1D, 0x90, 0x10, 0x00, 0x34, 0xFF, 0x1C, 0x00,
0x34, 0xFF, 0x1C, 0x00, 0x34, 0xFF, 0x1C, 0x00, 0x34, 0xFF, 0x1C, 0x00, 0x34, 0xFF, 0xB7, 0xF0,
0x34, 0xFF, 0x80, 0x9B, 0x34, 0xFF, 0x1C, 0x00, 0x34, 0xFF, 0x1C, 0x00, 0x34, 0xFF, 0x1C, 0x00,
0x34, 0xFF, 0x1C, 0x00, 0x34, 0xFF, 0x1C, 0x00, 0x00, 0xD9, 0x84, 0x00, 0x00, 0x00, 0x00, 0x00,
0x00, 0xE0, 0x88, 0x00, 0x00, 0x00, 0x00, 0x00, 0x00, 0xE0, 0x88, 0x00, 0x0A, 0x28, 0x00, 0x00,
0x00, 0xE0, 0x88, 0x16, 0xC8, 0x44, 0x00, 0x00, 0x00, 0xE0, 0xAB, 0xD4, 0x58, 0x00, 0x00, 0x00,
0x00, 0xE0, 0xF0, 0x40, 0x00, 0x00, 0x00, 0x00, 0x4C, 0xF9, 0x89, 0x00, 0x00, 0x00, 0x00, 0x00,
0xCB, 0xEC, 0x88, 0x00, 0x00, 0x00, 0x00, 0x00, 0x0D, 0xE0, 0x88, 0x00, 0x00, 0x00, 0x00, 0x00,
0x00, 0xE0, 0xAA, 0x48, 0x48, 0x48, 0x48, 0x01, 0x00, 0xE0, 0xFF, 0xFF, 0xFF, 0xFF, 0xFF, 0x04,
0x00, 0x1D, 0x90, 0x10, 0x00, 0x00, 0x34, 0xFF, 0x1C, 0x00, 0x00, 0x34, 0xFF, 0x1C, 0x00, 0x00,
0x34, 0xFF, 0x1C, 0x00, 0x00, 0x34, 0xFF, 0x1C, 0x22, 0x00, 0x34, 0xFF, 0xAF, 0x6F, 0x00, 0x37,
0xFF, 0x92, 0x01, 0x15, 0xCA, 0xFF, 0x1C, 0x00, 0x50, 0x86, 0xFF, 0x1C, 0x00, 0x01, 0x34, 0xFF,
0x1C, 0x00, 0x00, 0x34, 0xFF, 0x1C, 0x00, 0x00, 0x34, 0xFF, 0x1C, 0x00, 0x00, 0x00, 0x00, 0x00,
0x14, 0x14, 0x00, 0x00, 0x00, 0x00, 0x00, 0x3D, 0xF7, 0x4F, 0x00, 0x00, 0x00, 0x00, 0x00, 0x70,
0x49, 0x00, 0x00, 0x00, 0x00, 0x00, 0x00, 0x00, 0x00, 0x00, 0x00, 0x00, 0xD9, 0x9C, 0x00, 0x00,
0x00, 0x00, 0xE1, 0x59, 0xE0, 0xFF, 0x39, 0x00, 0x00, 0x00, 0xE8, 0x5C, 0xE0, 0xEE, 0xCC, 0x02,
0x00, 0x00, 0xE8, 0x5C, 0xE0, 0x90, 0xFF, 0x66, 0x00, 0x00, 0xE8, 0x5C, 0xE0, 0x64, 0xA3, 0xEC,
0x11, 0x00, 0xE8, 0x5C, 0xE0, 0x64, 0x1A, 0xF3, 0x94, 0x00, 0xE8, 0x5C, 0xE0, 0x64, 0x00, 0x77,
0xFD, 0x2F, 0xE8, 0x5C, 0xE0, 0x64, 0x00, 0x06, 0xD9, 0xB3, 0xE4, 0x5C, 0xE0, 0x64, 0x00, 0x00,
0x48, 0xFE, 0xF5, 0x5C, 0xE0, 0x64, 0x00, 0x00, 0x00, 0xB3, 0xFF, 0x5C, 0xE0, 0x64, 0x00, 0x00,
0x00, 0x23, 0xF9, 0x5C, 0x00, 0x00, 0x00, 0x00, 0x74, 0x5B, 0x00, 0x00, 0x00, 0x00, 0x52, 0xE3,
0x18, 0x00, 0x00, 0x00, 0x00, 0x74, 0x30, 0x00, 0x00, 0x05, 0x6B, 0x0E, 0x7A, 0x94, 0x3C, 0x00,
0x0C, 0xFF, 0xCE, 0xA9, 0xC3, 0xF9, 0x1C, 0x0C, 0xFF, 0x91, 0x00, 0x0A, 0xFF, 0x51, 0x0C, 0xFF,
0x4C, 0x00, 0x00, 0xF8, 0x58, 0x0C, 0xFF, 0x44, 0x00, 0x00, 0xF8, 0x58, 0x0C, 0xFF, 0x44, 0x00,
0x00, 0xF8, 0x58, 0x0C, 0xFF, 0x44, 0x00, 0x00, 0xF8, 0x58, 0x0C, 0xFF, 0x44, 0x00, 0x00, 0xF8,
0x58, 0x0C, 0xFF, 0x44, 0x00, 0x00, 0xF8, 0x58, 0xD9, 0x9C, 0x00, 0x00, 0x00, 0x00, 0xE1, 0x59,
0xE0, 0xFF, 0x39, 0x00, 0x00, 0x00, 0xE8, 0x5C, 0xE0, 0xEE, 0xCC, 0x02, 0x00, 0x00, 0xE8, 0x5C,
0xE0, 0x90, 0xFF, 0x66, 0x00, 0x00, 0xE8, 0x5C, 0xE0, 0x64, 0xA3, 0xEC, 0x11, 0x00, 0xE8, 0x5C,
0xE0, 0x64, 0x1A, 0xF3, 0x94, 0x00, 0xE8, 0x5C, 0xE0, 0x64, 0x00, 0x77, 0xFD, 0x2F, 0xE8, 0x5C,
0xE0, 0x64, 0x00, 0x06, 0xD9, 0xB3, 0xE4, 0x5C, 0xE0, 0x64, 0x00, 0x00, 0x48, 0xFE, 0xF5, 0x5C,
0xE0, 0x64, 0x00, 0x00, 0x00, 0xB3, 0xFF, 0x5C, 0xE0, 0x64, 0x00, 0x00, 0x00, 0x23, 0xF9, 0x5C,
0x00, 0x00, 0x00, 0x00, 0x00, 0x00, 0x00, 0x00, 0x00, 0x00, 0x00, 0x98, 0x3E, 0x00, 0x00, 0x00,
0x00, 0x00, 0x00, 0xEB, 0x65, 0x00, 0x00, 0x00, 0x00, 0x00, 0x00, 0x7B, 0x1B, 0x00, 0x00, 0x00,
0x05, 0x6B, 0x0E, 0x7A, 0x94, 0x3C, 0x00, 0x0C, 0xFF, 0xCE, 0xA9, 0xC3, 0xF9, 0x1C, 0x0C, 0xFF,
0x91, 0x00, 0x0A, 0xFF, 0x51, 0x0C, 0xFF, 0x4C, 0x00, 0x00, 0xF8, 0x58, 0x0C, 0xFF, 0x44, 0x00,
0x00, 0xF8, 0x58, 0x0C, 0xFF, 0x44, 0x00, 0x00, 0xF8, 0x58, 0x0C, 0xFF, 0x44, 0x00, 0x00, 0xF8,
0x58, 0x0C, 0xFF, 0x44, 0x00, 0x00, 0xF8, 0x58, 0x0C, 0xFF, 0x44, 0x00, 0x00, 0xF8, 0x58, 0x00,
0x00, 0x00, 0x00, 0x00, 0x00, 0x00, 0x00, 0x00, 0x00, 0x98, 0x37, 0x00, 0x00, 0x00, 0x00, 0x00,
0xED, 0x59, 0x00, 0x00, 0x00, 0x00, 0x00, 0x84, 0x13, 0x00, 0x00, 0x00, 0x00, 0x17, 0x08, 0x08,
0x17, 0x00, 0x00, 0x00, 0x00, 0x86, 0xC5, 0xCA, 0x80, 0x00, 0x00, 0x00, 0x00, 0x02, 0x83, 0x80,
0x01, 0x00, 0x00, 0x00, 0x00, 0x00, 0x00, 0x00, 0x00, 0x00, 0x00, 0xD9, 0x9C, 0x00, 0x00, 0x00,
0x00, 0xE1, 0x59, 0xE0, 0xFF, 0x39, 0x00, 0x00, 0x00, 0xE8, 0x5C, 0xE0, 0xEE, 0xCC, 0x02, 0x00,
0x00, 0xE8, 0x5C, 0xE0, 0x90, 0xFF, 0x66, 0x00, 0x00, 0xE8, 0x5C, 0xE0, 0x64, 0xA3, 0xEC, 0x11,
0x00, 0xE8, 0x5C, 0xE0, 0x64, 0x1A, 0xF3, 0x94, 0x00, 0xE8, 0x5C, 0xE0, 0x64, 0x00, 0x77, 0xFD,
0x2F, 0xE8, 0x5C, 0xE0, 0x64, 0x00, 0x06, 0xD9, 0xB3, 0xE4, 0x5C, 0xE0, 0x64, 0x00, 0x00, 0x48,
0xFE, 0xF5, 0x5C, 0xE0, 0x64, 0x00, 0x00, 0x00, 0xB3, 0xFF, 0x5C, 0xE0, 0x64, 0x00, 0x00, 0x00,
0x23, 0xF9, 0x5C, 0x00, 0x25, 0x8B, 0x07, 0x80, 0x34, 0x00, 0x00, 0x01, 0xC3, 0xB8, 0xD8, 0x07,
0x00, 0x00, 0x00, 0x28, 0x98, 0x38, 0x00, 0x00, 0x05, 0x6B, 0x0E, 0x7A, 0x94, 0x3C, 0x00, 0x0C,
0xFF, 0xCE, 0xA9, 0xC3, 0xF9, 0x1C, 0x0C, 0xFF, 0x91, 0x00, 0x0A, 0xFF, 0x51, 0x0C, 0xFF, 0x4C,
0x00, 0x00, 0xF8, 0x58, 0x0C, 0xFF, 0x44, 0x00, 0x00, 0xF8, 0x58, 0x0C, 0xFF, 0x44, 0x00, 0x00,
0xF8, 0x58, 0x0C, 0xFF, 0x44, 0x00, 0x00, 0xF8, 0x58, 0x0C, 0xFF, 0x44, 0x00, 0x00, 0xF8, 0x58,
0x0C, 0xFF, 0x44, 0x00, 0x00, 0xF8, 0x58, 0x90, 0x56, 0x00, 0x00, 0x00, 0x00, 0x00, 0xEF, 0x95,
0x00, 0x00, 0x00, 0x00, 0x00, 0x98, 0xA1, 0x0E, 0x7A, 0x94, 0x3C, 0x00, 0x84, 0xFF, 0xCE, 0xA9,
0xC3, 0xF9, 0x1C, 0x0C, 0xFF, 0x91, 0x00, 0x0A, 0xFF, 0x51, 0x0C, 0xFF, 0x4C, 0x00, 0x00, 0xF8,
0x58, 0x0C, 0xFF, 0x44, 0x00, 0x00, 0xF8, 0x58, 0x0C, 0xFF, 0x44, 0x00, 0x00, 0xF8, 0x58, 0x0C,
0xFF, 0x44, 0x00, 0x00, 0xF8, 0x58, 0x0C, 0xFF, 0x44, 0x00, 0x00, 0xF8, 0x58, 0x0C, 0xFF, 0x44,
0x00, 0x00, 0xF8, 0x58, 0xD9, 0x9C, 0x00, 0x00, 0x00, 0x00, 0xEC, 0x59, 0xE0, 0xFF, 0x39, 0x00,
0x00, 0x00, 0xF1, 0x5C, 0xE0, 0xEE, 0xCC, 0x02, 0x00, 0x00, 0xF0, 0x5C, 0xE0, 0x90, 0xFF, 0x66,
0x00, 0x00, 0xEE, 0x5C, 0xE0, 0x64, 0xA3, 0xEC, 0x11, 0x00, 0xEC, 0x5C, 0xE0, 0x64, 0x1A, 0xF3,
0x94, 0x00, 0xEC, 0x5C, 0xE0, 0x64, 0x00, 0x78, 0xFD, 0x2F, 0xE8, 0x5C, 0xE0, 0x64, 0x00, 0x06,
0xDA, 0xB3, 0xE4, 0x5C, 0xE0, 0x64, 0x00, 0x00, 0x48, 0xFE, 0xF5, 0x5C, 0xE0, 0x64, 0x00, 0x00,
0x00, 0xB3, 0xFF, 0x5C, 0xE0, 0x64, 0x00, 0x00, 0x00, 0x24, 0xFD, 0x5C, 0x00, 0x00, 0x00, 0x00,
0x00, 0x00, 0xF4, 0x5C, 0x00, 0x00, 0x00, 0x00, 0x14, 0x45, 0xFE, 0x4A, 0x00, 0x00, 0x00, 0x00,
0x54, 0xE1, 0xAF, 0x06, 0x05, 0x6B, 0x0E, 0x7A, 0x94, 0x3C, 0x00, 0x0C, 0xFF, 0xCE, 0xA9, 0xC3,
0xF9, 0x1C, 0x0C, 0xFF, 0x91, 0x00, 0x0A, 0xFF, 0x51, 0x0C, 0xFF, 0x4C, 0x00, 0x00, 0xF8, 0x58,
0x0C, 0xFF, 0x44, 0x00, 0x00, 0xF8, 0x58, 0x0C, 0xFF, 0x44, 0x00, 0x00, 0xF8, 0x58, 0x0C, 0xFF,
0x44, 0x00, 0x00, 0xF8, 0x58, 0x0C, 0xFF, 0x44, 0x00, 0x00, 0xF8, 0x58, 0x0C, 0xFF, 0x44, 0x00,
0x00, 0xF8, 0x58, 0x00, 0x00, 0x00, 0x00, 0x00, 0xF8, 0x58, 0x00, 0x00, 0x00, 0x15, 0x46, 0xFF,
0x46, 0x00, 0x00, 0x00, 0x57, 0xE1, 0xAD, 0x05, 0x00, 0x00, 0x00, 0xBC, 0xBC, 0xBC, 0xBC, 0x00,
0x00, 0x00, 0x00, 0x00, 0x00, 0x6C, 0x6C, 0x6C, 0x6C, 0x00, 0x00, 0x00, 0x00, 0x00, 0x00, 0x01,
0x1F, 0x25, 0x05, 0x00, 0x00, 0x00, 0x00, 0x00, 0x50, 0xE0, 0xFF, 0xFF, 0xF0, 0x75, 0x00, 0x00,
0x00, 0x41, 0xFD, 0xAC, 0x37, 0x2C, 0x86, 0xFF, 0x72, 0x00, 0x00, 0xC2, 0xCB, 0x03, 0x00, 0x00,
0x00, 0x98, 0xEF, 0x07, 0x0C, 0xFD, 0x6D, 0x00, 0x00, 0x00, 0x00, 0x38, 0xFF, 0x3D, 0x2D, 0xFF,
0x49, 0x00, 0x00, 0x00, 0x00, 0x15, 0xFF, 0x60, 0x36, 0xFF, 0x40, 0x00, 0x00, 0x00, 0x00, 0x0C,
0xFF, 0x6A, 0x2D, 0xFF, 0x49, 0x00, 0x00, 0x00, 0x00, 0x15, 0xFF, 0x61, 0x0C, 0xFD, 0x6D, 0x00,
0x00, 0x00, 0x00, 0x38, 0xFF, 0x3D, 0x00, 0xC2, 0xCA, 0x02, 0x00, 0x00, 0x00, 0x96, 0xEF, 0x07,
0x00, 0x41, 0xFD, 0xAA, 0x32, 0x28, 0x82, 0xFF, 0x72, 0x00, 0x00, 0x00, 0x51, 0xE4, 0xFF, 0xFF,
0xF2, 0x79, 0x01, 0x00, 0x00, 0x00, 0x00, 0x02, 0x23, 0x29, 0x06, 0x00, 0x00, 0x00, 0x00, 0x78,
0xC0, 0xC0, 0xC0, 0x48, 0x00, 0x00, 0x41, 0x68, 0x68, 0x68, 0x27, 0x00, 0x00, 0x03, 0x62, 0x97,
0x7D, 0x15, 0x00, 0x00, 0x98, 0xF1, 0x9C, 0xD8, 0xDB, 0x0A, 0x15, 0xFD, 0x5B, 0x00, 0x16, 0xF9,
0x5E, 0x48, 0xFF, 0x15, 0x00, 0x00, 0xC9, 0x93, 0x5A, 0xFF, 0x05, 0x00, 0x00, 0xB9, 0xA6, 0x56,
0xFF, 0x08, 0x00, 0x00, 0xBD, 0xA2, 0x36, 0xFF, 0x29, 0x00, 0x00, 0xDE, 0x82, 0x04, 0xE7, 0x9D,
0x05, 0x57, 0xFF, 0x37, 0x00, 0x47, 0xEF, 0xFE, 0xFD, 0x83, 0x00, 0x00, 0x00, 0x08, 0x2B, 0x14,
0x00, 0x00, 0x00, 0x00, 0x00, 0xD0, 0x9A, 0x9F, 0xC4, 0x00, 0x00, 0x00, 0x00, 0x00, 0x00, 0x1B,
0x81, 0x7E, 0x17, 0x00, 0x00, 0x00, 0x00, 0x00, 0x00, 0x01, 0x1F, 0x25, 0x05, 0x00, 0x00, 0x00,
0x00, 0x00, 0x50, 0xE0, 0xFF, 0xFF, 0xF0, 0x75, 0x00, 0x00, 0x00, 0x41, 0xFD, 0xAC, 0x37, 0x2C,
0x86, 0xFF, 0x72, 0x00, 0x00, 0xC2, 0xCB, 0x03, 0x00, 0x00, 0x00, 0x98, 0xEF, 0x07, 0x0C, 0xFD,
0x6D, 0x00, 0x00, 0x00, 0x00, 0x38, 0xFF, 0x3D, 0x2D, 0xFF, 0x49, 0x00, 0x00, 0x00, 0x00, 0x15,
0xFF, 0x60, 0x36, 0xFF, 0x40, 0x00, 0x00, 0x00, 0x00, 0x0C, 0xFF, 0x6A, 0x2D, 0xFF, 0x49, 0x00,
0x00, 0x00, 0x00, 0x15, 0xFF, 0x61, 0x0C, 0xFD, 0x6D, 0x00, 0x00, 0x00, 0x00, 0x38, 0xFF, 0x3D,
0x00, 0xC2, 0xCA, 0x02, 0x00, 0x00, 0x00, 0x96, 0xEF, 0x07, 0x00, 0x41, 0xFD, 0xAA, 0x32, 0x28,
0x82, 0xFF, 0x72, 0x00, 0x00, 0x00, 0x51, 0xE4, 0xFF, 0xFF, 0xF2, 0x79, 0x01, 0x00, 0x00, 0x00,
0x00, 0x02, 0x23, 0x29, 0x06, 0x00, 0x00, 0x00, 0x00, 0x00, 0xC8, 0x8D, 0x92, 0xBD, 0x00, 0x00,
0x00, 0x22, 0x8D, 0x8A, 0x1D, 0x00, 0x00, 0x03, 0x62, 0x97, 0x7D, 0x15, 0x00, 0x00, 0x98, 0xF1,
0x9C, 0xD8, 0xDB, 0x0A, 0x15, 0xFD, 0x5B, 0x00, 0x16, 0xF9, 0x5E, 0x48, 0xFF, 0x15, 0x00, 0x00,
0xC9, 0x93, 0x5A, 0xFF, 0x05, 0x00, 0x00, 0xB9, 0xA6, 0x56, 0xFF, 0x08, 0x00, 0x00, 0xBD, 0xA2,
0x36, 0xFF, 0x29, 0x00, 0x00, 0xDE, 0x82, 0x04, 0xE7, 0x9D, 0x05, 0x57, 0xFF, 0x37, 0x00, 0x47,
0xEF, 0xFE, 0xFD, 0x83, 0x00, 0x00, 0x00, 0x08, 0x2B, 0x14, 0x00, 0x00, 0x00, 0x00, 0x00, 0x00,
0x01, 0x18, 0x0B, 0x17, 0x0C, 0x00, 0x00, 0x00, 0x00, 0x00, 0x5E, 0xE4, 0x63, 0xED, 0x25, 0x00,
0x00, 0x00, 0x00, 0x00, 0x75, 0x30, 0x6A, 0x39, 0x00, 0x00, 0x00, 0x00, 0x00, 0x01, 0x1F, 0x25,
0x05, 0x00, 0x00, 0x00, 0x00, 0x00, 0x50, 0xE0, 0xFF, 0xFF, 0xF0, 0x75, 0x00, 0x00, 0x00, 0x41,
0xFD, 0xAC, 0x37, 0x2C, 0x86, 0xFF, 0x72, 0x00, 0x00, 0xC2, 0xCB, 0x03, 0x00, 0x00, 0x00, 0x98,
0xEF, 0x07, 0x0C, 0xFD, 0x6D, 0x00, 0x00, 0x00, 0x00, 0x38, 0xFF, 0x3D, 0x2D, 0xFF, 0x49, 0x00,
0x00, 0x00, 0x00, 0x15, 0xFF, 0x60, 0x36, 0xFF, 0x40, 0x00, 0x00, 0x00, 0x00, 0x0C, 0xFF, 0x6A,
0x2D, 0xFF, 0x49, 0x00, 0x00, 0x00, 0x00, 0x15, 0xFF, 0x61, 0x0C, 0xFD, 0x6D, 0x00, 0x00, 0x00,
0x00, 0x38, 0xFF, 0x3D, 0x00, 0xC2, 0xCA, 0x02, 0x00, 0x00, 0x00, 0x96, 0xEF, 0x07, 0x00, 0x41,
0xFD, 0xAA, 0x32, 0x28, 0x82, 0xFF, 0x72, 0x00, 0x00, 0x00, 0x51, 0xE4, 0xFF, 0xFF, 0xF2, 0x79,
0x01, 0x00, 0x00, 0x00, 0x00, 0x02, 0x23, 0x29, 0x06, 0x00, 0x00, 0x00, 0x00, 0x00, 0x0B, 0x8F,
0x38, 0x8B, 0x3F, 0x00, 0x00, 0x70, 0xD4, 0x63, 0xE1, 0x0D, 0x00, 0x00, 0x72, 0x31, 0x66, 0x3B,
0x00, 0x00, 0x03, 0x62, 0x97, 0x7D, 0x15, 0x00, 0x00, 0x98, 0xF1, 0x9C, 0xD8, 0xDB, 0x0A, 0x15,
0xFD, 0x5B, 0x00, 0x16, 0xF9, 0x5E, 0x48, 0xFF, 0x15, 0x00, 0x00, 0xC9, 0x93, 0x5A, 0xFF, 0x05,
0x00, 0x00, 0xB9, 0xA6, 0x56, 0xFF, 0x08, 0x00, 0x00, 0xBD, 0xA2, 0x36, 0xFF, 0x29, 0x00, 0x00,
0xDE, 0x82, 0x04, 0xE7, 0x9D, 0x05, 0x57, 0xFF, 0x37, 0x00, 0x47, 0xEF, 0xFE, 0xFD, 0x83, 0x00,
0x00, 0x00, 0x08, 0x2B, 0x14, 0x00, 0x00, 0x00, 0x00, 0x00, 0x11, 0x27, 0x06, 0x00, 0x00, 0x00,
0x00, 0x00, 0x00, 0x00, 0x00, 0x02, 0x8F, 0xFC, 0xFF, 0xEB, 0x78, 0xF8, 0xF8, 0xF8, 0xF8, 0xF8,
0x70, 0x00, 0x6B, 0xFF, 0x7A, 0x28, 0x71, 0xFD, 0xFF, 0x71, 0x4C, 0x4C, 0x4C, 0x22, 0x00, 0xD8,
0xB1, 0x00, 0x00, 0x00, 0xA4, 0xFF, 0x34, 0x00, 0x00, 0x00, 0x00, 0x12, 0xFF, 0x64, 0x00, 0x00,
0x00, 0x58, 0xFF, 0x34, 0x00, 0x00, 0x00, 0x00, 0x2E, 0xFF, 0x47, 0x00, 0x00, 0x00, 0x3B, 0xFF,
0x67, 0x40, 0x40, 0x2F, 0x00, 0x38, 0xFF, 0x40, 0x00, 0x00, 0x00, 0x34, 0xFF, 0xFF, 0xFF, 0xFF,
0xBC, 0x00, 0x2E, 0xFF, 0x47, 0x00, 0x00, 0x00, 0x3B, 0xFF, 0x3A, 0x08, 0x08, 0x06, 0x00, 0x12,
0xFF, 0x64, 0x00, 0x00, 0x00, 0x58, 0xFF, 0x34, 0x00, 0x00, 0x00, 0x00, 0x00, 0xD8, 0xAE, 0x00,
0x00, 0x00, 0xA3, 0xFF, 0x34, 0x00, 0x00, 0x00, 0x00, 0x00, 0x6B, 0xFF, 0x77, 0x24, 0x6E, 0xFD,
0xFF, 0x6D, 0x48, 0x48, 0x48, 0x27, 0x00, 0x02, 0x93, 0xFD, 0xFF, 0xEE, 0x7E, 0xFF, 0xFF, 0xFF,
0xFF, 0xFF, 0x8C, 0x00, 0x00, 0x00, 0x14, 0x2B, 0x08, 0x00, 0x00, 0x00, 0x00, 0x00, 0x00, 0x00,
0x00, 0x00, 0x49, 0x94, 0x89, 0x26, 0x06, 0x68, 0x97, 0x7C, 0x14, 0x00, 0x00, 0x62, 0xFD, 0xA6,
0xC2, 0xF2, 0xC0, 0xEB, 0x9A, 0xDB, 0xD5, 0x04, 0x00, 0xDE, 0x91, 0x00, 0x03, 0xD8, 0xFF, 0x40,
0x00, 0x29, 0xFF, 0x42, 0x13, 0xFF, 0x49, 0x00, 0x00, 0x95, 0xF7, 0x02, 0x00, 0x00, 0xF3, 0x69,
0x26, 0xFF, 0x39, 0x00, 0x00, 0x85, 0xFF, 0xFC, 0xFC, 0xFC, 0xFF, 0x74, 0x22, 0xFF, 0x3D, 0x00,
0x00, 0x88, 0xEE, 0x2C, 0x2C, 0x2C, 0x2C, 0x14, 0x07, 0xFB, 0x5E, 0x00, 0x00, 0xAA, 0xFE, 0x0E,
0x00, 0x00, 0xC4, 0x5D, 0x00, 0xB7, 0xC9, 0x0F, 0x2E, 0xF5, 0xFF, 0x8C, 0x05, 0x4D, 0xFF, 0x33,
0x00, 0x23, 0xD9, 0xFE, 0xFF, 0xB1, 0x61, 0xF3, 0xFE, 0xFD, 0x80, 0x00, 0x00, 0x00, 0x03, 0x28,
0x1E, 0x00, 0x00, 0x0A, 0x2B, 0x14, 0x00, 0x00, 0x00, 0x00, 0x00, 0x00, 0x14, 0x14, 0x00, 0x00,
0x00, 0x00, 0x00, 0x00, 0x3D, 0xF7, 0x4F, 0x00, 0x00, 0x00, 0x00, 0x00, 0x00, 0x70, 0x49, 0x00,
0x00, 0x00, 0x00, 0x00, 0x00, 0x00, 0x00, 0x00, 0x00, 0x00, 0x00, 0x00, 0xD9, 0xF8, 0xF8, 0xF8,
0xF6, 0xDC, 0x79, 0x01, 0x00, 0xE0, 0xAC, 0x4C, 0x4C, 0x4F, 0x8E, 0xFF, 0x6B, 0x00, 0xE0, 0x88,
0x00, 0x00, 0x00, 0x00, 0xC1, 0xC0, 0x00, 0xE0, 0x88, 0x00, 0x00, 0x00, 0x00, 0xBA, 0xC6, 0x00,
0xE0, 0x97, 0x20, 0x20, 0x23, 0x69, 0xFD, 0x78, 0x00, 0xE0, 0xFF, 0xFF, 0xFF, 0xFF, 0xFC, 0x91,
0x05, 0x00, 0xE0, 0x9B, 0x28, 0x28, 0x73, 0xFD, 0x21, 0x00, 0x00, 0xE0, 0x88, 0x00, 0x00, 0x0A,
0xEF, 0x8E, 0x00, 0x00, 0xE0, 0x88, 0x00, 0x00, 0x00, 0x8C, 0xF1, 0x0D, 0x00, 0xE0, 0x88, 0x00,
0x00, 0x00, 0x23, 0xFE, 0x6D, 0x00, 0xE0, 0x88, 0x00, 0x00, 0x00, 0x00, 0xB6, 0xDC, 0x02, 0x00,
0x00, 0x00, 0x74, 0x5B, 0x00, 0x00, 0x52, 0xE3, 0x18, 0x00, 0x00, 0x74, 0x30, 0x00, 0x05, 0x6B,
0x1B, 0x92, 0x24, 0x0C, 0xFF, 0xC9, 0xEF, 0x3C, 0x0C, 0xFF, 0xA4, 0x03, 0x00, 0x0C, 0xFF, 0x4C,
0x00, 0x00, 0x0C, 0xFF, 0x44, 0x00, 0x00, 0x0C, 0xFF, 0x44, 0x00, 0x00, 0x0C, 0xFF, 0x44, 0x00,
0x00, 0x0C, 0xFF, 0x44, 0x00, 0x00, 0x0C, 0xFF, 0x44, 0x00, 0x00, 0xD9, 0xF8, 0xF8, 0xF8, 0xF6,
0xDC, 0x79, 0x01, 0x00, 0xE0, 0xAC, 0x4C, 0x4C, 0x4F, 0x8E, 0xFF, 0x6B, 0x00, 0xE0, 0x88, 0x00,
0x00, 0x00, 0x00, 0xC1, 0xC0, 0x00, 0xE0, 0x88, 0x00, 0x00, 0x00, 0x00, 0xBA, 0xC6, 0x00, 0xE0,
0x97, 0x20, 0x20, 0x23, 0x69, 0xFD, 0x78, 0x00, 0xE0, 0xFF, 0xFF, 0xFF, 0xFF, 0xFC, 0x91, 0x05,
0x00, 0xE0, 0x9B, 0x28, 0x28, 0x73, 0xFD, 0x21, 0x00, 0x00, 0xE0, 0x88, 0x00, 0x00, 0x0A, 0xEF,
0x8E, 0x00, 0x00, 0xE0, 0x88, 0x00, 0x00, 0x00, 0x8C, 0xF1, 0x0D, 0x00, 0xE0, 0x88, 0x00, 0x00,
0x00, 0x23, 0xFE, 0x6D, 0x00, 0xE0, 0x88, 0x00, 0x00, 0x00, 0x00, 0xB6, 0xDC, 0x02, 0x00, 0x00,
0x00, 0x00, 0x00, 0x00, 0x00, 0x00, 0x00, 0x00, 0x00, 0x00, 0x98, 0x3E, 0x00, 0x00, 0x00, 0x00,
0x00, 0x00, 0x00, 0xEB, 0x65, 0x00, 0x00, 0x00, 0x00, 0x00, 0x00, 0x00, 0x7B, 0x1B, 0x00, 0x00,
0x00, 0x00, 0x05, 0x6B, 0x1B, 0x92, 0x24, 0x0C, 0xFF, 0xC9, 0xEF, 0x3C, 0x0C, 0xFF, 0xA4, 0x03,
0x00, 0x0C, 0xFF, 0x4C, 0x00, 0x00, 0x0C, 0xFF, 0x44, 0x00, 0x00, 0x0C, 0xFF, 0x44, 0x00, 0x00,
0x0C, 0xFF, 0x44, 0x00, 0x00, 0x0C, 0xFF, 0x44, 0x00, 0x00, 0x0C, 0xFF, 0x44, 0x00, 0x00, 0x00,
0x00, 0x00, 0x00, 0x00, 0x00, 0x98, 0x37, 0x00, 0x00, 0x00, 0xED, 0x59, 0x00, 0x00, 0x00, 0x84,
0x13, 0x00, 0x00, 0x00, 0x00, 0x17, 0x08, 0x08, 0x17, 0x00, 0x00, 0x00, 0x00, 0x00, 0x86, 0xC5,
0xCA, 0x80, 0x00, 0x00, 0x00, 0x00, 0x00, 0x02, 0x83, 0x80, 0x01, 0x00, 0x00, 0x00, 0x00, 0x00,
0x00, 0x00, 0x00, 0x00, 0x00, 0x00, 0x00, 0xD9, 0xF8, 0xF8, 0xF8, 0xF6, 0xDC, 0x79, 0x01, 0x00,
0xE0, 0xAC, 0x4C, 0x4C, 0x4F, 0x8E, 0xFF, 0x6B, 0x00, 0xE0, 0x88, 0x00, 0x00, 0x00, 0x00, 0xC1,
0xC0, 0x00, 0xE0, 0x88, 0x00, 0x00, 0x00, 0x00, 0xBA, 0xC6, 0x00, 0xE0, 0x97, 0x20, 0x20, 0x23,
0x69, 0xFD, 0x78, 0x00, 0xE0, 0xFF, 0xFF, 0xFF, 0xFF, 0xFC, 0x91, 0x05, 0x00, 0xE0, 0x9B, 0x28,
0x28, 0x73, 0xFD, 0x21, 0x00, 0x00, 0xE0, 0x88, 0x00, 0x00, 0x0A, 0xEF, 0x8E, 0x00, 0x00, 0xE0,
0x88, 0x00, 0x00, 0x00, 0x8C, 0xF1, 0x0D, 0x00, 0xE0, 0x88, 0x00, 0x00, 0x00, 0x23, 0xFE, 0x6D,
0x00, 0xE0, 0x88, 0x00, 0x00, 0x00, 0x00, 0xB6, 0xDC, 0x02, 0x25, 0x8B, 0x07, 0x80, 0x34, 0x01,
0xC3, 0xB8, 0xD8, 0x07, 0x00, 0x28, 0x98, 0x38, 0x00, 0x05, 0x6B, 0x1B, 0x92, 0x24, 0x0C, 0xFF,
0xC9, 0xEF, 0x3C, 0x0C, 0xFF, 0xA4, 0x03, 0x00, 0x0C, 0xFF, 0x4C, 0x00, 0x00, 0x0C, 0xFF, 0x44,
0x00, 0x00, 0x0C, 0xFF, 0x44, 0x00, 0x00, 0x0C, 0xFF, 0x44, 0x00, 0x00, 0x0C, 0xFF, 0x44, 0x00,
0x00, 0x0C, 0xFF, 0x44, 0x00, 0x00, 0x00, 0x00, 0x00, 0x00, 0x14, 0x14, 0x00, 0x00, 0x00, 0x00,
0x00, 0x00, 0x3D, 0xF7, 0x4F, 0x00, 0x00, 0x00, 0x00, 0x00, 0x00, 0x70, 0x49, 0x00, 0x00, 0x00,
0x00, 0x00, 0x00, 0x00, 0x16, 0x28, 0x0D, 0x00, 0x00, 0x00, 0x00, 0x28, 0xCB, 0xFF, 0xFF, 0xFC,
0xA1, 0x09, 0x00, 0x01, 0xD9, 0xD8, 0x46, 0x25, 0x6B, 0xFC, 0x85, 0x00, 0x19, 0xFF, 0x69, 0x00,
0x00, 0x00, 0xB3, 0xC8, 0x00, 0x0E, 0xFD, 0xAD, 0x04, 0x00, 0x00, 0x12, 0x17, 0x00, 0x00, 0x8E,
0xFF, 0xD8, 0x74, 0x1D, 0x00, 0x00, 0x00, 0x00, 0x01, 0x5D, 0xC8, 0xFF, 0xFE, 0xAD, 0x14, 0x00,
0x00, 0x00, 0x00, 0x00, 0x21, 0x8D, 0xFD, 0xBD, 0x00, 0x25, 0x6C, 0x0C, 0x00, 0x00, 0x00, 0x8B,
0xFF, 0x09, 0x4A, 0xFF, 0x34, 0x00, 0x00, 0x00, 0x7A, 0xFC, 0x05, 0x10, 0xF1, 0xCA, 0x3C, 0x21,
0x55, 0xEC, 0xB7, 0x00, 0x00, 0x3F, 0xD9, 0xFF, 0xFF, 0xFF, 0xBA, 0x1A, 0x00, 0x00, 0x00, 0x00,
0x1D, 0x2D, 0x12, 0x00, 0x00, 0x00, 0x00, 0x00, 0x00, 0x74, 0x5B, 0x00, 0x00, 0x00, 0x52, 0xE3,
0x18, 0x00, 0x00, 0x00, 0x74, 0x30, 0x00, 0x00, 0x00, 0x1A, 0x7E, 0x97, 0x5A, 0x00, 0x0A, 0xE2,
0xC8, 0x9C, 0xFB, 0x6D, 0x40, 0xFF, 0x20, 0x00, 0xAE, 0xBD, 0x2F, 0xFF, 0x88, 0x0E, 0x00, 0x00,
0x00, 0x82, 0xFB, 0xF7, 0x9E, 0x12, 0x00, 0x00, 0x18, 0x79, 0xF6, 0xB0, 0x4B, 0x96, 0x00, 0x00,
0x80, 0xE8, 0x56, 0xFF, 0x40, 0x05, 0xAE, 0xCA, 0x04, 0xAD, 0xFF, 0xFA, 0xEA, 0x3D, 0x00, 0x00,
0x1C, 0x2C, 0x06, 0x00, 0x00, 0x00, 0x00, 0x0D, 0x0D, 0x00, 0x00, 0x00, 0x00, 0x00, 0x00, 0x27,
0xED, 0xED, 0x26, 0x00, 0x00, 0x00, 0x00, 0x00, 0x76, 0x57, 0x59, 0x73, 0x00, 0x00, 0x00, 0x00,
0x00, 0x00, 0x16, 0x28, 0x0D, 0x00, 0x00, 0x00, 0x00, 0x28, 0xCB, 0xFF, 0xFF, 0xFC, 0xA1, 0x09,
0x00, 0x01, 0xD9, 0xD8, 0x46, 0x25, 0x6B, 0xFC, 0x85, 0x00, 0x19, 0xFF, 0x69, 0x00, 0x00, 0x00,
0xB3, 0xC8, 0x00, 0x0E, 0xFD, 0xAD, 0x04, 0x00, 0x00, 0x12, 0x17, 0x00, 0x00, 0x8E, 0xFF, 0xD8,
0x74, 0x1D, 0x00, 0x00, 0x00, 0x00, 0x01, 0x5D, 0xC8, 0xFF, 0xFE, 0xAD, 0x14, 0x00, 0x00, 0x00,
0x00, 0x00, 0x21, 0x8D, 0xFD, 0xBD, 0x00, 0x25, 0x6C, 0x0C, 0x00, 0x00, 0x00, 0x8B, 0xFF, 0x09,
0x4A, 0xFF, 0x34, 0x00, 0x00, 0x00, 0x7A, 0xFC, 0x05, 0x10, 0xF1, 0xCA, 0x3C, 0x21, 0x55, 0xEC,
0xB7, 0x00, 0x00, 0x3F, 0xD9, 0xFF, 0xFF, 0xFF, 0xBA, 0x1A, 0x00, 0x00, 0x00, 0x00, 0x1D, 0x2D,
0x12, 0x00, 0x00, 0x00, 0x00, 0x00, 0x70, 0x70, 0x00, 0x00, 0x00, 0x4B, 0xE1, 0xE1, 0x48, 0x00,
0x00, 0x7D, 0x47, 0x48, 0x7C, 0x00, 0x00, 0x1A, 0x7E, 0x97, 0x5A, 0x00, 0x0A, 0xE2, 0xC8, 0x9C,
0xFB, 0x6D, 0x40, 0xFF, 0x20, 0x00, 0xAE, 0xBD, 0x2F, 0xFF, 0x88, 0x0E, 0x00, 0x00, 0x00, 0x82,
0xFB, 0xF7, 0x9E, 0x12, 0x00, 0x00, 0x18, 0x79, 0xF6, 0xB0, 0x4B, 0x96, 0x00, 0x00, 0x80, 0xE8,
0x56, 0xFF, 0x40, 0x05, 0xAE, 0xCA, 0x04, 0xAD, 0xFF, 0xFA, 0xEA, 0x3D, 0x00, 0x00, 0x1C, 0x2C,
0x06, 0x00, 0x00, 0x00, 0x00, 0x16, 0x28, 0x0D, 0x00, 0x00, 0x00, 0x00, 0x28, 0xCB, 0xFF, 0xFF,
0xFC, 0xA1, 0x09, 0x00, 0x01, 0xD9, 0xD8, 0x46, 0x25, 0x6B, 0xFC, 0x85, 0x00, 0x19, 0xFF, 0x69,
0x00, 0x00, 0x00, 0xB3, 0xC8, 0x00, 0x0E, 0xFD, 0xAD, 0x04, 0x00, 0x00, 0x12, 0x17, 0x00, 0x00,
0x8E, 0xFF, 0xD8, 0x74, 0x1D, 0x00, 0x00, 0x00, 0x00, 0x01, 0x5D, 0xC8, 0xFF, 0xFE, 0xAD, 0x14,
0x00, 0x00, 0x00, 0x00, 0x00, 0x21, 0x8D, 0xFD, 0xBD, 0x00, 0x25, 0x6C, 0x0C, 0x00, 0x00, 0x00,
0x8B, 0xFF, 0x09, 0x4A, 0xFF, 0x34, 0x00, 0x00, 0x00, 0x7A, 0xFC, 0x05, 0x10, 0xF1, 0xCA, 0x3C,
0x21, 0x55, 0xEC, 0xB7, 0x00, 0x00, 0x3F, 0xD9, 0xFF, 0xFF, 0xFF, 0xBA, 0x1A, 0x00, 0x00, 0x00,
0x00, 0x46, 0xE5, 0x43, 0x00, 0x00, 0x00, 0x00, 0x00, 0x00, 0x10, 0x78, 0xF7, 0x01, 0x00, 0x00,
0x00, 0x00, 0x00, 0xDA, 0xE2, 0x8B, 0x00, 0x00, 0x00, 0x00, 0x1A, 0x7E, 0x97, 0x5A, 0x00, 0x0A,
0xE2, 0xC8, 0x9C, 0xFB, 0x6D, 0x40, 0xFF, 0x20, 0x00, 0xAE, 0xBD, 0x2F, 0xFF, 0x88, 0x0E, 0x00,
0x00, 0x00, 0x82, 0xFB, 0xF7, 0x9E, 0x12, 0x00, 0x00, 0x18, 0x79, 0xF6, 0xB0, 0x4B, 0x96, 0x00,
0x00, 0x80, 0xE8, 0x56, 0xFF, 0x40, 0x05, 0xAE, 0xCA, 0x04, 0xAD, 0xFF, 0xFA, 0xEA, 0x3D, 0x00,
0x00, 0x45, 0xE3, 0x37, 0x00, 0x00, 0x00, 0x10, 0x78, 0xF7, 0x01, 0x00, 0x00, 0xDA, 0xE2, 0x8B,
0x00, 0x00, 0x00, 0x17, 0x08, 0x08, 0x17, 0x00, 0x00, 0x00, 0x00, 0x00, 0x86, 0xC5, 0xCA, 0x80,
0x00, 0x00, 0x00, 0x00, 0x00, 0x02, 0x83, 0x80, 0x01, 0x00, 0x00, 0x00, 0x00, 0x00, 0x00, 0x16,
0x28, 0x0D, 0x00, 0x00, 0x00, 0x00, 0x28, 0xCB, 0xFF, 0xFF, 0xFC, 0xA1, 0x09, 0x00, 0x01, 0xD9,
0xD8, 0x46, 0x25, 0x6B, 0xFC, 0x85, 0x00, 0x19, 0xFF, 0x69, 0x00, 0x00, 0x00, 0xB3, 0xC8, 0x00,
0x0E, 0xFD, 0xAD, 0x04, 0x00, 0x00, 0x12, 0x17, 0x00, 0x00, 0x8E, 0xFF, 0xD8, 0x74, 0x1D, 0x00,
0x00, 0x00, 0x00, 0x01, 0x5D, 0xC8, 0xFF, 0xFE, 0xAD, 0x14, 0x00, 0x00, 0x00, 0x00, 0x00, 0x21,
0x8D, 0xFD, 0xBD, 0x00, 0x25, 0x6C, 0x0C, 0x00, 0x00, 0x00, 0x8B, 0xFF, 0x09, 0x4A, 0xFF, 0x34,
0x00, 0x00, 0x00, 0x7A, 0xFC, 0x05, 0x10, 0xF1, 0xCA, 0x3C, 0x21, 0x55, 0xEC, 0xB7, 0x00, 0x00,
0x3F, 0xD9, 0xFF, 0xFF, 0xFF, 0xBA, 0x1A, 0x00, 0x00, 0x00, 0x00, 0x1D, 0x2D, 0x12, 0x00, 0x00,
0x00, 0x00, 0x25, 0x8B, 0x07, 0x80, 0x34, 0x00, 0x01, 0xC3, 0xB8, 0xD8, 0x07, 0x00, 0x00, 0x28,
0x98, 0x38, 0x00, 0x00, 0x1A, 0x7E, 0x97, 0x5A, 0x00, 0x0A, 0xE2, 0xC8, 0x9C, 0xFB, 0x6D, 0x40,
0xFF, 0x20, 0x00, 0xAE, 0xBD, 0x2F, 0xFF, 0x88, 0x0E, 0x00, 0x00, 0x00, 0x82, 0xFB, 0xF7, 0x9E,
0x12, 0x00, 0x00, 0x18, 0x79, 0xF6, 0xB0, 0x4B, 0x96, 0x00, 0x00, 0x80, 0xE8, 0x56, 0xFF, 0x40,
0x05, 0xAE, 0xCA, 0x04, 0xAD, 0xFF, 0xFA, 0xEA, 0x3D, 0x00, 0x00, 0x1C, 0x2C, 0x06, 0x00, 0xAE,
0xF8, 0xF8, 0xF8, 0xF8, 0xF8, 0xF8, 0xAE, 0x35, 0x4C, 0x4C, 0xCB, 0xCB, 0x4C, 0x4C, 0x35, 0x00,
0x00, 0x00, 0xB4, 0xB4, 0x00, 0x00, 0x00, 0x00, 0x00, 0x00, 0xB4, 0xB4, 0x00, 0x00, 0x00, 0x00,
0x00, 0x00, 0xB4, 0xB4, 0x00, 0x00, 0x00, 0x00, 0x00, 0x00, 0xB4, 0xB4, 0x00, 0x00, 0x00, 0x00,
0x00, 0x00, 0xB4, 0xB4, 0x00, 0x00, 0x00, 0x00, 0x00, 0x00, 0xB4, 0xB4, 0x00, 0x00, 0x00, 0x00,
0x00, 0x00, 0xB4, 0xB4, 0x00, 0x00, 0x00, 0x00, 0x00, 0x00, 0xB4, 0xB4, 0x00, 0x00, 0x00, 0x00,
0x00, 0x00, 0xB4, 0xBA, 0x00, 0x00, 0x00, 0x00, 0x00, 0x00, 0x2B, 0xDA, 0x31, 0x00, 0x00, 0x00,
0x00, 0x00, 0x10, 0x78, 0xF7, 0x01, 0x00, 0x00, 0x00, 0x00, 0xDA, 0xE2, 0x8B, 0x00, 0x00, 0x00,
0x9C, 0x30, 0x00, 0x00, 0x00, 0xEC, 0x40, 0x00, 0x00, 0x57, 0xFF, 0x91, 0x2A, 0x00, 0x9A, 0xFF,
0xD0, 0x4B, 0x00, 0x10, 0xFF, 0x40, 0x00, 0x00, 0x10, 0xFF, 0x40, 0x00, 0x00, 0x10, 0xFF, 0x40,
0x00, 0x00, 0x10, 0xFF, 0x40, 0x00, 0x00, 0x10, 0xFF, 0x40, 0x00, 0x00, 0x09, 0xFF, 0x58, 0x00,
0x00, 0x00, 0xB4, 0xFF, 0x60, 0x00, 0x00, 0x2F, 0xE1, 0x34, 0x00, 0x00, 0x10, 0x78, 0xF7, 0x01,
0x00, 0xDA, 0xE2, 0x8B, 0x00, 0x00, 0x00, 0x17, 0x08, 0x08, 0x17, 0x00, 0x00, 0x00, 0x00, 0x86,
0xC5, 0xCA, 0x80, 0x00, 0x00, 0x00, 0x00, 0x02, 0x83, 0x80, 0x01, 0x00, 0x00, 0x00, 0x00, 0x00,
0x00, 0x00, 0x00, 0x00, 0x00, 0xAE, 0xF8, 0xF8, 0xF8, 0xF8, 0xF8, 0xF8, 0xAE, 0x35, 0x4C, 0x4C,
0xCB, 0xCB, 0x4C, 0x4C, 0x35, 0x00, 0x00, 0x00, 0xB4, 0xB4, 0x00, 0x00, 0x00, 0x00, 0x00, 0x00,
0xB4, 0xB4, 0x00, 0x00, 0x00, 0x00, 0x00, 0x00, 0xB4, 0xB4, 0x00, 0x00, 0x00, 0x00, 0x00, 0x00,
0xB4, 0xB4, 0x00, 0x00, 0x00, 0x00, 0x00, 0x00, 0xB4, 0xB4, 0x00, 0x00, 0x00, 0x00, 0x00, 0x00,
0xB4, 0xB4, 0x00, 0x00, 0x00, 0x00, 0x00, 0x00, 0xB4, 0xB4, 0x00, 0x00, 0x00, 0x00, 0x00, 0x00,
0xB4, 0xB4, 0x00, 0x00, 0x00, 0x00, 0x00, 0x00, 0xB4, 0xB4, 0x00, 0x00, 0x00, 0x00, 0x00, 0x00,
0x5C, 0x4A, 0x00, 0x9C, 0x30, 0xBF, 0x4E, 0x00, 0xEC, 0x40, 0xDF, 0x0E, 0x57, 0xFF, 0x91, 0x63,
0x00, 0x9A, 0xFF, 0xD0, 0x4B, 0x00, 0x10, 0xFF, 0x40, 0x00, 0x00, 0x10, 0xFF, 0x40, 0x00, 0x00,
0x10, 0xFF, 0x40, 0x00, 0x00, 0x10, 0xFF, 0x40, 0x00, 0x00, 0x10, 0xFF, 0x40, 0x00, 0x00, 0x09,
0xFF, 0x58, 0x00, 0x00, 0x00, 0xB4, 0xFF, 0x60, 0x00, 0x00, 0x04, 0x22, 0x03, 0x00, 0xAE, 0xF8,
0xF8, 0xF8, 0xF8, 0xF8, 0xF8, 0xAE, 0x35, 0x4C, 0x4C, 0xCB, 0xCB, 0x4C, 0x4C, 0x35, 0x00, 0x00,
0x00, 0xB4, 0xB4, 0x00, 0x00, 0x00, 0x00, 0x00, 0x00, 0xB4, 0xB4, 0x00, 0x00, 0x00, 0x01, 0x48,
0x48, 0xC9, 0xC9, 0x48, 0x48, 0x01, 0x04, 0xE0, 0xE0, 0xF7, 0xF7, 0xE0, 0xE0, 0x04, 0x00, 0x00,
0x00, 0xB4, 0xB4, 0x00, 0x00, 0x00, 0x00, 0x00, 0x00, 0xB4, 0xB4, 0x00, 0x00, 0x00, 0x00, 0x00,
0x00, 0xB4, 0xB4, 0x00, 0x00, 0x00, 0x00, 0x00, 0x00, 0xB4, 0xB4, 0x00, 0x00, 0x00, 0x00, 0x00,
0x00, 0xB4, 0xB4, 0x00, 0x00, 0x00, 0x00, 0x9C, 0x30, 0x00, 0x00, 0xEC, 0x40, 0x00, 0x57, 0xFF,
0x91, 0x2A, 0x9A, 0xFF, 0xD0, 0x4B, 0x10, 0xFF, 0x40, 0x00, 0x76, 0xFF, 0xAF, 0x2E, 0x68, 0xFF,
0xA0, 0x28, 0x10, 0xFF, 0x40, 0x00, 0x10, 0xFF, 0x40, 0x00, 0x09, 0xFF, 0x58, 0x00, 0x00, 0xB4,
0xFF, 0x60, 0x00, 0x04, 0x22, 0x03, 0x00, 0x00, 0x00, 0x00, 0x00, 0x02, 0x01, 0x00, 0x00, 0x00,
0xA5, 0xF5, 0xA7, 0xDF, 0x20, 0x00, 0x00, 0x00, 0x72, 0x18, 0x65, 0x54, 0x00, 0x00, 0x00, 0x00,
0x00, 0x00, 0x00, 0x00, 0x00, 0x00, 0xD9, 0x84, 0x00, 0x00, 0x00, 0x10, 0xF8, 0x59, 0xE0, 0x88,
0x00, 0x00, 0x00, 0x10, 0xFF, 0x5C, 0xE0, 0x88, 0x00, 0x00, 0x00, 0x10, 0xFF, 0x5C, 0xE0, 0x88,
0x00, 0x00, 0x00, 0x10, 0xFF, 0x5C, 0xE0, 0x88, 0x00, 0x00, 0x00, 0x10, 0xFF, 0x5C, 0xE0, 0x88,
0x00, 0x00, 0x00, 0x10, 0xFF, 0x5C, 0xE0, 0x88, 0x00, 0x00, 0x00, 0x10, 0xFF, 0x5C, 0xDD, 0x8A,
0x00, 0x00, 0x00, 0x12, 0xFF, 0x59, 0xC2, 0xB1, 0x00, 0x00, 0x00, 0x39, 0xFF, 0x3E, 0x67, 0xFE,
0x76, 0x25, 0x3C, 0xCF, 0xDF, 0x05, 0x01, 0x89, 0xF8, 0xFF, 0xFF, 0xD3, 0x2C, 0x00, 0x00, 0x00,
0x0A, 0x2A, 0x1D, 0x00, 0x00, 0x00, 0x00, 0x38, 0x88, 0x40, 0x43, 0x5D, 0x00, 0x00, 0xE1, 0xA6,
0xE2, 0xFE, 0x55, 0x00, 0x00, 0x16, 0x00, 0x02, 0x0F, 0x00, 0x00, 0x05, 0x6C, 0x1D, 0x00, 0x00,
0x69, 0x25, 0x0C, 0xFF, 0x44, 0x00, 0x00, 0xF8, 0x58, 0x0C, 0xFF, 0x44, 0x00, 0x00, 0xF8, 0x58,
0x0C, 0xFF, 0x44, 0x00, 0x00, 0xF8, 0x58, 0x0C, 0xFF, 0x44, 0x00, 0x00, 0xF8, 0x58, 0x0C, 0xFF,
0x44, 0x00, 0x00, 0xF9, 0x58, 0x0B, 0xFF, 0x45, 0x00, 0x11, 0xFF, 0x58, 0x01, 0xF6, 0x81, 0x04,
0x91, 0xFF, 0x58, 0x00, 0x85, 0xFF, 0xFD, 0xA9, 0xC0, 0x58, 0x00, 0x00, 0x1C, 0x21, 0x00, 0x00,
0x00, 0x00, 0x00, 0xBC, 0xBC, 0xBC, 0xBC, 0x00, 0x00, 0x00, 0x00, 0x6C, 0x6C, 0x6C, 0x6C, 0x00,
0x00, 0x00, 0x00, 0x00, 0x00, 0x00, 0x00, 0x00, 0x00, 0xD9, 0x84, 0x00, 0x00, 0x00, 0x10, 0xF8,
0x59, 0xE0, 0x88, 0x00, 0x00, 0x00, 0x10, 0xFF, 0x5C, 0xE0, 0x88, 0x00, 0x00, 0x00, 0x10, 0xFF,
0x5C, 0xE0, 0x88, 0x00, 0x00, 0x00, 0x10, 0xFF, 0x5C, 0xE0, 0x88, 0x00, 0x00, 0x00, 0x10, 0xFF,
0x5C, 0xE0, 0x88, 0x00, 0x00, 0x00, 0x10, 0xFF, 0x5C, 0xE0, 0x88, 0x00, 0x00, 0x00, 0x10, 0xFF,
0x5C, 0xDD, 0x8A, 0x00, 0x00, 0x00, 0x12, 0xFF, 0x59, 0xC2, 0xB1, 0x00, 0x00, 0x00, 0x39, 0xFF,
0x3E, 0x67, 0xFE, 0x76, 0x25, 0x3C, 0xCF, 0xDF, 0x05, 0x01, 0x89, 0xF8, 0xFF, 0xFF, 0xD3, 0x2C,
0x00, 0x00, 0x00, 0x0A, 0x2A, 0x1D, 0x00, 0x00, 0x00, 0x00, 0x78, 0xC0, 0xC0, 0xC0, 0x48, 0x00,
0x00, 0x41, 0x68, 0x68, 0x68, 0x27, 0x00, 0x05, 0x6C, 0x1D, 0x00, 0x00, 0x69, 0x25, 0x0C, 0xFF,
0x44, 0x00, 0x00, 0xF8, 0x58, 0x0C, 0xFF, 0x44, 0x00, 0x00, 0xF8, 0x58, 0x0C, 0xFF, 0x44, 0x00,
0x00, 0xF8, 0x58, 0x0C, 0xFF, 0x44, 0x00, 0x00, 0xF8, 0x58, 0x0C, 0xFF, 0x44, 0x00, 0x00, 0xF9,
0x58, 0x0B, 0xFF, 0x45, 0x00, 0x11, 0xFF, 0x58, 0x01, 0xF6, 0x81, 0x04, 0x91, 0xFF, 0x58, 0x00,
0x85, 0xFF, 0xFD, 0xA9, 0xC0, 0x58, 0x00, 0x00, 0x1C, 0x21, 0x00, 0x00, 0x00, 0x00, 0x00, 0xD0,
0x9A, 0x9F, 0xC4, 0x00, 0x00, 0x00, 0x00, 0x1B, 0x81, 0x7E, 0x17, 0x00, 0x00, 0x00, 0x00, 0x00,
0x00, 0x00, 0x00, 0x00, 0x00, 0xD9, 0x84, 0x00, 0x00, 0x00, 0x10, 0xF8, 0x59, 0xE0, 0x88, 0x00,
0x00, 0x00, 0x10, 0xFF, 0x5C, 0xE0, 0x88, 0x00, 0x00, 0x00, 0x10, 0xFF, 0x5C, 0xE0, 0x88, 0x00,
0x00, 0x00, 0x10, 0xFF, 0x5C, 0xE0, 0x88, 0x00, 0x00, 0x00, 0x10, 0xFF, 0x5C, 0xE0, 0x88, 0x00,
0x00, 0x00, 0x10, 0xFF, 0x5C, 0xE0, 0x88, 0x00, 0x00, 0x00, 0x10, 0xFF, 0x5C, 0xDD, 0x8A, 0x00,
0x00, 0x00, 0x12, 0xFF, 0x59, 0xC2, 0xB1, 0x00, 0x00, 0x00, 0x39, 0xFF, 0x3E, 0x67, 0xFE, 0x76,
0x25, 0x3C, 0xCF, 0xDF, 0x05, 0x01, 0x89, 0xF8, 0xFF, 0xFF, 0xD3, 0x2C, 0x00, 0x00, 0x00, 0x0A,
0x2A, 0x1D, 0x00, 0x00, 0x00, 0x00, 0x00, 0xC8, 0x8D, 0x92, 0xBD, 0x00, 0x00, 0x00, 0x22, 0x8D,
0x8A, 0x1D, 0x00, 0x05, 0x6C, 0x1D, 0x00, 0x00, 0x69, 0x25, 0x0C, 0xFF, 0x44, 0x00, 0x00, 0xF8,
0x58, 0x0C, 0xFF, 0x44, 0x00, 0x00, 0xF8, 0x58, 0x0C, 0xFF, 0x44, 0x00, 0x00, 0xF8, 0x58, 0x0C,
0xFF, 0x44, 0x00, 0x00, 0xF8, 0x58, 0x0C, 0xFF, 0x44, 0x00, 0x00, 0xF9, 0x58, 0x0B, 0xFF, 0x45,
0x00, 0x11, 0xFF, 0x58, 0x01, 0xF6, 0x81, 0x04, 0x91, 0xFF, 0x58, 0x00, 0x85, 0xFF, 0xFD, 0xA9,
0xC0, 0x58, 0x00, 0x00, 0x1C, 0x21, 0x00, 0x00, 0x00, 0x00, 0x00, 0x00, 0x08, 0x00, 0x00, 0x00,
0x00, 0x00, 0x00, 0x99, 0xCE, 0xA8, 0x00, 0x00, 0x00, 0x00, 0x00, 0xD7, 0x00, 0xCE, 0x0B, 0x00,
0x00, 0x00, 0x00, 0x87, 0xDA, 0x9A, 0x00, 0x00, 0x00, 0x00, 0x00, 0x00, 0x00, 0x00, 0x00, 0x00,
0x00, 0xD9, 0x84, 0x00, 0x00, 0x00, 0x10, 0xF8, 0x59, 0xE0, 0x88, 0x00, 0x00, 0x00, 0x10, 0xFF,
0x5C, 0xE0, 0x88, 0x00, 0x00, 0x00, 0x10, 0xFF, 0x5C, 0xE0, 0x88, 0x00, 0x00, 0x00, 0x10, 0xFF,
0x5C, 0xE0, 0x88, 0x00, 0x00, 0x00, 0x10, 0xFF, 0x5C, 0xE0, 0x88, 0x00, 0x00, 0x00, 0x10, 0xFF,
0x5C, 0xE0, 0x88, 0x00, 0x00, 0x00, 0x10, 0xFF, 0x5C, 0xDD, 0x8A, 0x00, 0x00, 0x00, 0x12, 0xFF,
0x59, 0xC2, 0xB1, 0x00, 0x00, 0x00, 0x39, 0xFF, 0x3E, 0x67, 0xFE, 0x76, 0x25, 0x3C, 0xCF, 0xDF,
0x05, 0x01, 0x89, 0xF8, 0xFF, 0xFF, 0xD3, 0x2C, 0x00, 0x00, 0x00, 0x0A, 0x2A, 0x1D, 0x00, 0x00,
0x00, 0x00, 0x00, 0x00, 0x08, 0x00, 0x00, 0x00, 0x00, 0x00, 0x97, 0xBA, 0xA4, 0x00, 0x00, 0x00,
0x00, 0xC2, 0x00, 0xB5, 0x0B, 0x00, 0x00, 0x00, 0x86, 0xC4, 0x98, 0x00, 0x00, 0x05, 0x6C, 0x1D,
0x00, 0x00, 0x69, 0x25, 0x0C, 0xFF, 0x44, 0x00, 0x00, 0xF8, 0x58, 0x0C, 0xFF, 0x44, 0x00, 0x00,
0xF8, 0x58, 0x0C, 0xFF, 0x44, 0x00, 0x00, 0xF8, 0x58, 0x0C, 0xFF, 0x44, 0x00, 0x00, 0xF8, 0x58,
0x0C, 0xFF, 0x44, 0x00, 0x00, 0xF9, 0x58, 0x0B, 0xFF, 0x45, 0x00, 0x11, 0xFF, 0x58, 0x01, 0xF6,
0x81, 0x04, 0x91, 0xFF, 0x58, 0x00, 0x85, 0xFF, 0xFD, 0xA9, 0xC0, 0x58, 0x00, 0x00, 0x1C, 0x21,
0x00, 0x00, 0x00, 0x00, 0x00, 0x01, 0x18, 0x0B, 0x17, 0x0C, 0x00, 0x00, 0x00, 0x5E, 0xE4, 0x63,
0xED, 0x25, 0x00, 0x00, 0x00, 0x75, 0x30, 0x6A, 0x39, 0x00, 0x00, 0x00, 0x00, 0x00, 0x00, 0x00,
0x00, 0x00, 0x00, 0xD9, 0x84, 0x00, 0x00, 0x00, 0x10, 0xF8, 0x59, 0xE0, 0x88, 0x00, 0x00, 0x00,
0x10, 0xFF, 0x5C, 0xE0, 0x88, 0x00, 0x00, 0x00, 0x10, 0xFF, 0x5C, 0xE0, 0x88, 0x00, 0x00, 0x00,
0x10, 0xFF, 0x5C, 0xE0, 0x88, 0x00, 0x00, 0x00, 0x10, 0xFF, 0x5C, 0xE0, 0x88, 0x00, 0x00, 0x00,
0x10, 0xFF, 0x5C, 0xE0, 0x88, 0x00, 0x00, 0x00, 0x10, 0xFF, 0x5C, 0xDD, 0x8A, 0x00, 0x00, 0x00,
0x12, 0xFF, 0x59, 0xC2, 0xB1, 0x00, 0x00, 0x00, 0x39, 0xFF, 0x3E, 0x67, 0xFE, 0x76, 0x25, 0x3C,
0xCF, 0xDF, 0x05, 0x01, 0x89, 0xF8, 0xFF, 0xFF, 0xD3, 0x2C, 0x00, 0x00, 0x00, 0x0A, 0x2A, 0x1D,
0x00, 0x00, 0x00, 0x00, 0x00, 0x0B, 0x8F, 0x38, 0x8B, 0x3F, 0x00, 0x00, 0x70, 0xD4, 0x63, 0xE1,
0x0D, 0x00, 0x00, 0x72, 0x31, 0x66, 0x3B, 0x00, 0x05, 0x6C, 0x1D, 0x00, 0x00, 0x69, 0x25, 0x0C,
0xFF, 0x44, 0x00, 0x00, 0xF8, 0x58, 0x0C, 0xFF, 0x44, 0x00, 0x00, 0xF8, 0x58, 0x0C, 0xFF, 0x44,
0x00, 0x00, 0xF8, 0x58, 0x0C, 0xFF, 0x44, 0x00, 0x00, 0xF8, 0x58, 0x0C, 0xFF, 0x44, 0x00, 0x00,
0xF9, 0x58, 0x0B, 0xFF, 0x45, 0x00, 0x11, 0xFF, 0x58, 0x01, 0xF6, 0x81, 0x04, 0x91, 0xFF, 0x58,
0x00, 0x85, 0xFF, 0xFD, 0xA9, 0xC0, 0x58, 0x00, 0x00, 0x1C, 0x21, 0x00, 0x00, 0x00, 0xD9, 0x84,
0x00, 0x00, 0x00, 0x10, 0xF8, 0x59, 0xE0, 0x88, 0x00, 0x00, 0x00, 0x10, 0xFF, 0x5C, 0xE0, 0x88,
0x00, 0x00, 0x00, 0x10, 0xFF, 0x5C, 0xE0, 0x88, 0x00, 0x00, 0x00, 0x10, 0xFF, 0x5C, 0xE0, 0x88,
0x00, 0x00, 0x00, 0x10, 0xFF, 0x5C, 0xE0, 0x88, 0x00, 0x00, 0x00, 0x10, 0xFF, 0x5C, 0xE0, 0x88,
0x00, 0x00, 0x00, 0x10, 0xFF, 0x5C, 0xDD, 0x8A, 0x00, 0x00, 0x00, 0x12, 0xFF, 0x59, 0xC2, 0xB1,
0x00, 0x00, 0x00, 0x39, 0xFF, 0x3E, 0x67, 0xFE, 0x76, 0x25, 0x3C, 0xCF, 0xDF, 0x05, 0x01, 0x89,
0xF8, 0xFF, 0xFF, 0xD3, 0x2C, 0x00, 0x00, 0x00, 0x0A, 0xAB, 0x9D, 0x00, 0x00, 0x00, 0x00, 0x00,
0x00, 0xF7, 0x51, 0x00, 0x00, 0x00, 0x00, 0x00, 0x00, 0xA4, 0xFF, 0x6F, 0x00, 0x00, 0x00, 0x00,
0x00, 0x00, 0x05, 0x00, 0x00, 0x00, 0x05, 0x6C, 0x1D, 0x00, 0x00, 0x69, 0x25, 0x00, 0x0C, 0xFF,
0x44, 0x00, 0x00, 0xF8, 0x58, 0x00, 0x0C, 0xFF, 0x44, 0x00, 0x00, 0xF8, 0x58, 0x00, 0x0C, 0xFF,
0x44, 0x00, 0x00, 0xF8, 0x58, 0x00, 0x0C, 0xFF, 0x44, 0x00, 0x00, 0xF8, 0x58, 0x00, 0x0C, 0xFF,
0x44, 0x00, 0x00, 0xF9, 0x58, 0x00, 0x0B, 0xFF, 0x45, 0x00, 0x11, 0xFF, 0x58, 0x00, 0x01, 0xF6,
0x81, 0x04, 0x91, 0xFF, 0x58, 0x00, 0x00, 0x85, 0xFF, 0xFD, 0xA9, 0xC0, 0x5F, 0x00, 0x00, 0x00,
0x1C, 0x21, 0x00, 0xA7, 0x69, 0x00, 0x00, 0x00, 0x00, 0x00, 0x00, 0xF8, 0x71, 0x10, 0x00, 0x00,
0x00, 0x00, 0x00, 0x84, 0xE0, 0x5F, 0x00, 0x00, 0x00, 0x00, 0x00, 0x0D, 0x0D, 0x00, 0x00, 0x00,
0x00, 0x00, 0x00, 0x00, 0x00, 0x00, 0x00, 0x27, 0xED, 0xED, 0x26, 0x00, 0x00, 0x00, 0x00, 0x00,
0x00, 0x00, 0x00, 0x00, 0x76, 0x57, 0x59, 0x73, 0x00, 0x00, 0x00, 0x00, 0x00, 0x00, 0x00, 0x00,
0x00, 0x00, 0x00, 0x00, 0x00, 0x00, 0x00, 0x00, 0x00, 0x00, 0xB6, 0xB9, 0x00, 0x00, 0x00, 0xCA,
0xF8, 0x4C, 0x00, 0x00, 0x2A, 0xF8, 0x1B, 0x81, 0xF4, 0x03, 0x00, 0x03, 0xF8, 0xE8, 0x7C, 0x00,
0x00, 0x63, 0xE1, 0x00, 0x45, 0xFF, 0x31, 0x00, 0x25, 0xFC, 0xA8, 0xAA, 0x00, 0x00, 0x9C, 0xA6,
0x00, 0x0D, 0xFD, 0x69, 0x00, 0x50, 0xD9, 0x7D, 0xD7, 0x00, 0x00, 0xD3, 0x6C, 0x00, 0x00, 0xCE,
0xA2, 0x00, 0x7B, 0xAD, 0x52, 0xFD, 0x09, 0x0E, 0xFE, 0x30, 0x00, 0x00, 0x93, 0xDC, 0x00, 0xA6,
0x81, 0x22, 0xFF, 0x32, 0x45, 0xF2, 0x03, 0x00, 0x00, 0x58, 0xFF, 0x15, 0xD1, 0x53, 0x01, 0xF4,
0x62, 0x7E, 0xBB, 0x00, 0x00, 0x00, 0x1C, 0xFF, 0x51, 0xF9, 0x26, 0x00, 0xC6, 0x8E, 0xB6, 0x7F,
0x00, 0x00, 0x00, 0x00, 0xE1, 0xA0, 0xF6, 0x02, 0x00, 0x98, 0xB7, 0xE7, 0x43, 0x00, 0x00, 0x00,
0x00, 0xA5, 0xEB, 0xCC, 0x00, 0x00, 0x6A, 0xEC, 0xFD, 0x0D, 0x00, 0x00, 0x00, 0x00, 0x6A, 0xFF,
0x9E, 0x00, 0x00, 0x3A, 0xFF, 0xCE, 0x00, 0x00, 0x00, 0x00, 0x00, 0x00, 0x00, 0x70, 0x70, 0x00,
0x00, 0x00, 0x00, 0x00, 0x00, 0x00, 0x4B, 0xE1, 0xE1, 0x48, 0x00, 0x00, 0x00, 0x00, 0x00, 0x00,
0x7D, 0x47, 0x48, 0x7C, 0x00, 0x00, 0x00, 0x64, 0x36, 0x00, 0x02, 0x6C, 0x3D, 0x00, 0x00, 0x65,
0x29, 0xC0, 0xA8, 0x00, 0x26, 0xFF, 0xB2, 0x00, 0x18, 0xFF, 0x34, 0x81, 0xE2, 0x00, 0x54, 0xE7,
0xE2, 0x00, 0x51, 0xF1, 0x03, 0x44, 0xFF, 0x1C, 0x82, 0xA5, 0xFF, 0x12, 0x8A, 0xB6, 0x00, 0x0A,
0xFA, 0x56, 0xAF, 0x62, 0xEE, 0x42, 0xC2, 0x77, 0x00, 0x00, 0xC4, 0x8D, 0xDB, 0x32, 0xBF, 0x74,
0xF6, 0x37, 0x00, 0x00, 0x84, 0xBF, 0xF8, 0x09, 0x92, 0xBB, 0xF3, 0x04, 0x00, 0x00, 0x44, 0xF8,
0xD6, 0x00, 0x62, 0xF8, 0xB7, 0x00, 0x00, 0x00, 0x0A, 0xFA, 0xA6, 0x00, 0x32, 0xFF, 0x77, 0x00,
0x00, 0x00, 0x00, 0x00, 0x0D, 0x0D, 0x00, 0x00, 0x00, 0x00, 0x00, 0x00, 0x27, 0xED, 0xED, 0x26,
0x00, 0x00, 0x00, 0x00, 0x00, 0x76, 0x57, 0x59, 0x73, 0x00, 0x00, 0x00, 0x00, 0x00, 0x00, 0x00,
0x00, 0x00, 0x00, 0x00, 0x00, 0x97, 0xE1, 0x0C, 0x00, 0x00, 0x00, 0x10, 0xE7, 0x59, 0x1A, 0xF6,
0x7F, 0x00, 0x00, 0x00, 0x86, 0xD0, 0x02, 0x00, 0x81, 0xF3, 0x17, 0x00, 0x1A, 0xF6, 0x44, 0x00,
0x00, 0x0C, 0xE7, 0x96, 0x00, 0x9B, 0xB9, 0x00, 0x00, 0x00, 0x00, 0x66, 0xFB, 0x4F, 0xF9, 0x2D,
0x00, 0x00, 0x00, 0x00, 0x03, 0xD4, 0xFC, 0x9E, 0x00, 0x00, 0x00, 0x00, 0x00, 0x00, 0x5F, 0xFF,
0x27, 0x00, 0x00, 0x00, 0x00, 0x00, 0x00, 0x50, 0xFF, 0x18, 0x00, 0x00, 0x00, 0x00, 0x00, 0x00,
0x50, 0xFF, 0x18, 0x00, 0x00, 0x00, 0x00, 0x00, 0x00, 0x50, 0xFF, 0x18, 0x00, 0x00, 0x00, 0x00,
0x00, 0x00, 0x50, 0xFF, 0x18, 0x00, 0x00, 0x00, 0x00, 0x00, 0x70, 0x70, 0x00, 0x00, 0x00, 0x00,
0x4B, 0xE1, 0xE1, 0x48, 0x00, 0x00, 0x00, 0x7D, 0x47, 0x48, 0x7C, 0x00, 0x00, 0x54, 0x46, 0x00,
0x00, 0x00, 0x68, 0x28, 0x90, 0xDC, 0x00, 0x00, 0x20, 0xFF, 0x2D, 0x42, 0xFF, 0x24, 0x00, 0x5F,
0xE7, 0x01, 0x04, 0xEE, 0x6E, 0x00, 0x9C, 0xA2, 0x00, 0x00, 0xA6, 0xB7, 0x00, 0xDA, 0x5D, 0x00,
0x00, 0x56, 0xF7, 0x22, 0xFF, 0x18, 0x00, 0x00, 0x0D, 0xFA, 0x9C, 0xD2, 0x00, 0x00, 0x00, 0x00,
0xBA, 0xFD, 0x8D, 0x00, 0x00, 0x00, 0x00, 0x6A, 0xFF, 0x47, 0x00, 0x00, 0x00, 0x00, 0x68, 0xF0,
0x07, 0x00, 0x00, 0x0D, 0x3C, 0xE2, 0x86, 0x00, 0x00, 0x00, 0x53, 0xE3, 0x9F, 0x07, 0x00, 0x00,
0x00, 0x00, 0x00, 0x90, 0x38, 0x56, 0x73, 0x00, 0x00, 0x00, 0x00, 0x00, 0xF4, 0x5F, 0x91, 0xC2,
0x00, 0x00, 0x00, 0x00, 0x00, 0x00, 0x00, 0x00, 0x00, 0x00, 0x00, 0x00, 0x00, 0x00, 0x00, 0x00,
0x00, 0x00, 0x00, 0x00, 0x00, 0x97, 0xE1, 0x0C, 0x00, 0x00, 0x00, 0x10, 0xE7, 0x59, 0x1A, 0xF6,
0x7F, 0x00, 0x00, 0x00, 0x86, 0xD0, 0x02, 0x00, 0x81, 0xF3, 0x17, 0x00, 0x1A, 0xF6, 0x44, 0x00,
0x00, 0x0C, 0xE7, 0x96, 0x00, 0x9B, 0xB9, 0x00, 0x00, 0x00, 0x00, 0x66, 0xFB, 0x4F, 0xF9, 0x2D,
0x00, 0x00, 0x00, 0x00, 0x03, 0xD4, 0xFC, 0x9E, 0x00, 0x00, 0x00, 0x00, 0x00, 0x00, 0x5F, 0xFF,
0x27, 0x00, 0x00, 0x00, 0x00, 0x00, 0x00, 0x50, 0xFF, 0x18, 0x00, 0x00, 0x00, 0x00, 0x00, 0x00,
0x50, 0xFF, 0x18, 0x00, 0x00, 0x00, 0x00, 0x00, 0x00, 0x50, 0xFF, 0x18, 0x00, 0x00, 0x00, 0x00,
0x00, 0x00, 0x50, 0xFF, 0x18, 0x00, 0x00, 0x00, 0x00, 0x00, 0x00, 0x00, 0x14, 0x14, 0x00, 0x00,
0x00, 0x00, 0x00, 0x3D, 0xF7, 0x4F, 0x00, 0x00, 0x00, 0x00, 0x00, 0x70, 0x49, 0x00, 0x00, 0x00,
0x00, 0x00, 0x00, 0x00, 0x00, 0x00, 0x00, 0x00, 0x55, 0xF8, 0xF8, 0xF8, 0xF8, 0xF8, 0xF8, 0x7E,
0x1A, 0x4C, 0x4C, 0x4C, 0x4C, 0xC5, 0xF3, 0x17, 0x00, 0x00, 0x00, 0x00, 0x2D, 0xFC, 0x78, 0x00,
0x00, 0x00, 0x00, 0x00, 0xBC, 0xDC, 0x07, 0x00, 0x00, 0x00, 0x00, 0x4E, 0xFF, 0x51, 0x00, 0x00,
0x00, 0x00, 0x06, 0xDC, 0xBE, 0x00, 0x00, 0x00, 0x00, 0x00, 0x75, 0xFD, 0x2D, 0x00, 0x00, 0x00,
0x00, 0x16, 0xF1, 0x97, 0x00, 0x00, 0x00, 0x00, 0x00, 0x9A, 0xEF, 0x14, 0x00, 0x00, 0x00, 0x00,
0x30, 0xFD, 0xA8, 0x48, 0x48, 0x48, 0x48, 0x2F, 0xA6, 0xFF, 0xFF, 0xFF, 0xFF, 0xFF, 0xFF, 0xA8,
0x00, 0x00, 0x00, 0x74, 0x5B, 0x00, 0x00, 0x00, 0x00, 0x52, 0xE3, 0x18, 0x00, 0x00, 0x00, 0x00,
0x74, 0x30, 0x00, 0x00, 0x00, 0x23, 0x6C, 0x6C, 0x6C, 0x6C, 0x64, 0x00, 0x3F, 0xC0, 0xC0, 0xC0,
0xFD, 0xBD, 0x00, 0x00, 0x00, 0x00, 0x4E, 0xFE, 0x30, 0x00, 0x00, 0x00, 0x05, 0xD9, 0xA2, 0x00,
0x00, 0x00, 0x00, 0x6C, 0xF6, 0x1C, 0x00, 0x00, 0x00, 0x0F, 0xEB, 0x82, 0x00, 0x00, 0x00, 0x00,
0x89, 0xE6, 0x0C, 0x00, 0x00, 0x00, 0x1F, 0xF8, 0x87, 0x2C, 0x2C, 0x2C, 0x06, 0x8A, 0xFF, 0xFF,
0xFF, 0xFF, 0xFF, 0x20, 0x00, 0x00, 0x00, 0x90, 0x3B, 0x00, 0x00, 0x00, 0x00, 0x00, 0x00, 0xF4,
0x63, 0x00, 0x00, 0x00, 0x00, 0x00, 0x00, 0x00, 0x00, 0x00, 0x00, 0x00, 0x00, 0x00, 0x00, 0x00,
0x00, 0x00, 0x00, 0x00, 0x55, 0xF8, 0xF8, 0xF8, 0xF8, 0xF8, 0xF8, 0x7E, 0x1A, 0x4C, 0x4C, 0x4C,
0x4C, 0xC5, 0xF3, 0x17, 0x00, 0x00, 0x00, 0x00, 0x2D, 0xFC, 0x78, 0x00, 0x00, 0x00, 0x00, 0x00,
0xBC, 0xDC, 0x07, 0x00, 0x00, 0x00, 0x00, 0x4E, 0xFF, 0x51, 0x00, 0x00, 0x00, 0x00, 0x06, 0xDC,
0xBE, 0x00, 0x00, 0x00, 0x00, 0x00, 0x75, 0xFD, 0x2D, 0x00, 0x00, 0x00, 0x00, 0x16, 0xF1, 0x97,
0x00, 0x00, 0x00, 0x00, 0x00, 0x9A, 0xEF, 0x14, 0x00, 0x00, 0x00, 0x00, 0x30, 0xFD, 0xA8, 0x48,
0x48, 0x48, 0x48, 0x2F, 0xA6, 0xFF, 0xFF, 0xFF, 0xFF, 0xFF, 0xFF, 0xA8, 0x00, 0x00, 0x00, 0x90,
0x34, 0x00, 0x00, 0x00, 0x00, 0x00, 0xF4, 0x58, 0x00, 0x00, 0x00, 0x00, 0x00, 0x00, 0x00, 0x00,
0x00, 0x23, 0x6C, 0x6C, 0x6C, 0x6C, 0x64, 0x00, 0x3F, 0xC0, 0xC0, 0xC0, 0xFD, 0xBD, 0x00, 0x00,
0x00, 0x00, 0x4E, 0xFE, 0x30, 0x00, 0x00, 0x00, 0x05, 0xD9, 0xA2, 0x00, 0x00, 0x00, 0x00, 0x6C,
0xF6, 0x1C, 0x00, 0x00, 0x00, 0x0F, 0xEB, 0x82, 0x00, 0x00, 0x00, 0x00, 0x89, 0xE6, 0x0C, 0x00,
0x00, 0x00, 0x1F, 0xF8, 0x87, 0x2C, 0x2C, 0x2C, 0x06, 0x8A, 0xFF, 0xFF, 0xFF, 0xFF, 0xFF, 0x20,
0x00, 0x00, 0x17, 0x08, 0x08, 0x17, 0x00, 0x00, 0x00, 0x00, 0x86, 0xC5, 0xCA, 0x80, 0x00, 0x00,
0x00, 0x00, 0x02, 0x83, 0x80, 0x01, 0x00, 0x00, 0x00, 0x00, 0x00, 0x00, 0x00, 0x00, 0x00, 0x00,
0x55, 0xF8, 0xF8, 0xF8, 0xF8, 0xF8, 0xF8, 0x7E, 0x1A, 0x4C, 0x4C, 0x4C, 0x4C, 0xC5, 0xF3, 0x17,
0x00, 0x00, 0x00, 0x00, 0x2D, 0xFC, 0x78, 0x00, 0x00, 0x00, 0x00, 0x00, 0xBC, 0xDC, 0x07, 0x00,
0x00, 0x00, 0x00, 0x4E, 0xFF, 0x51, 0x00, 0x00, 0x00, 0x00, 0x06, 0xDC, 0xBE, 0x00, 0x00, 0x00,
0x00, 0x00, 0x75, 0xFD, 0x2D, 0x00, 0x00, 0x00, 0x00, 0x16, 0xF1, 0x97, 0x00, 0x00, 0x00, 0x00,
0x00, 0x9A, 0xEF, 0x14, 0x00, 0x00, 0x00, 0x00, 0x30, 0xFD, 0xA8, 0x48, 0x48, 0x48, 0x48, 0x2F,
0xA6, 0xFF, 0xFF, 0xFF, 0xFF, 0xFF, 0xFF, 0xA8, 0x00, 0x25, 0x8B, 0x07, 0x80, 0x34, 0x00, 0x00,
0x01, 0xC3, 0xB8, 0xD8, 0x07, 0x00, 0x00, 0x00, 0x28, 0x98, 0x38, 0x00, 0x00, 0x23, 0x6C, 0x6C,
0x6C, 0x6C, 0x64, 0x00, 0x3F, 0xC0, 0xC0, 0xC0, 0xFD, 0xBD, 0x00, 0x00, 0x00, 0x00, 0x4E, 0xFE,
0x30, 0x00, 0x00, 0x00, 0x05, 0xD9, 0xA2, 0x00, 0x00, 0x00, 0x00, 0x6C, 0xF6, 0x1C, 0x00, 0x00,
0x00, 0x0F, 0xEB, 0x82, 0x00, 0x00, 0x00, 0x00, 0x89, 0xE6, 0x0C, 0x00, 0x00, 0x00, 0x1F, 0xF8,
0x87, 0x2C, 0x2C, 0x2C, 0x06, 0x8A, 0xFF, 0xFF, 0xFF, 0xFF, 0xFF, 0x20, 0x00, 0x55, 0xAD, 0x61,
0x09, 0xF7, 0xA0, 0x43, 0x1F, 0xFF, 0x31, 0x00, 0x70, 0xFF, 0x30, 0x00, 0xAD, 0xFF, 0x30, 0x00,
0x20, 0xFF, 0x30, 0x00, 0x20, 0xFF, 0x30, 0x00, 0x20, 0xFF, 0x30, 0x00, 0x20, 0xFF, 0x30, 0x00,
0x20, 0xFF, 0x30, 0x00, 0x20, 0xFF, 0x30, 0x00, 0x20, 0xFF, 0x30, 0x00, 0x00, 0x16, 0x41, 0x72,
0x63, 0x68, 0x69, 0x76, 0x6F, 0x20, 0x4E, 0x61, 0x72, 0x72, 0x6F, 0x77, 0x20, 0x52, 0x65, 0x67,
0x75, 0x6C, 0x61, 0x72, 0x00, 0x15, 0x41, 0x72, 0x63, 0x68, 0x69, 0x76, 0x6F, 0x4E, 0x61, 0x72,
0x72, 0x6F, 0x77, 0x2D, 0x52, 0x65, 0x67, 0x75, 0x6C, 0x61, 0x72, 0x01, 
};
