#include <pgmspace.h>

const uint8_t DejaVuSansMono6[] PROGMEM = {
0x00, 0x00, 0x01, 0x3E, 0x00, 0x00, 0x00, 0x0B, 0x00, 0x00, 0x00, 0x0C, 0x00, 0x00, 0x00, 0x00,
0x00, 0x00, 0x00, 0x0A, 0x00, 0x00, 0x00, 0x03, 0x00, 0x00, 0x00, 0x21, 0x00, 0x00, 0x00, 0x09,
0x00, 0x00, 0x00, 0x01, 0x00, 0x00, 0x00, 0x07, 0x00, 0x00, 0x00, 0x09, 0x00, 0x00, 0x00, 0x03,
0x00, 0x00, 0x00, 0x00, 0x00, 0x00, 0x00, 0x22, 0x00, 0x00, 0x00, 0x03, 0x00, 0x00, 0x00, 0x03,
0x00, 0x00, 0x00, 0x07, 0x00, 0x00, 0x00, 0x09, 0x00, 0x00, 0x00, 0x02, 0x00, 0x00, 0x00, 0x00,
0x00, 0x00, 0x00, 0x23, 0x00, 0x00, 0x00, 0x08, 0x00, 0x00, 0x00, 0x07, 0x00, 0x00, 0x00, 0x07,
0x00, 0x00, 0x00, 0x08, 0x00, 0x00, 0x00, 0x00, 0x00, 0x00, 0x00, 0x00, 0x00, 0x00, 0x00, 0x24,
0x00, 0x00, 0x00, 0x0B, 0x00, 0x00, 0x00, 0x05, 0x00, 0x00, 0x00, 0x07, 0x00, 0x00, 0x00, 0x09,
0x00, 0x00, 0x00, 0x01, 0x00, 0x00, 0x00, 0x00, 0x00, 0x00, 0x00, 0x25, 0x00, 0x00, 0x00, 0x09,
0x00, 0x00, 0x00, 0x07, 0x00, 0x00, 0x00, 0x07, 0x00, 0x00, 0x00, 0x09, 0x00, 0x00, 0x00, 0x00,
0x00, 0x00, 0x00, 0x00, 0x00, 0x00, 0x00, 0x26, 0x00, 0x00, 0x00, 0x09, 0x00, 0x00, 0x00, 0x06,
0x00, 0x00, 0x00, 0x07, 0x00, 0x00, 0x00, 0x09, 0x00, 0x00, 0x00, 0x01, 0x00, 0x00, 0x00, 0x00,
0x00, 0x00, 0x00, 0x27, 0x00, 0x00, 0x00, 0x03, 0x00, 0x00, 0x00, 0x01, 0x00, 0x00, 0x00, 0x07,
0x00, 0x00, 0x00, 0x09, 0x00, 0x00, 0x00, 0x03, 0x00, 0x00, 0x00, 0x00, 0x00, 0x00, 0x00, 0x28,
0x00, 0x00, 0x00, 0x0B, 0x00, 0x00, 0x00, 0x03, 0x00, 0x00, 0x00, 0x07, 0x00, 0x00, 0x00, 0x0A,
0x00, 0x00, 0x00, 0x03, 0x00, 0x00, 0x00, 0x00, 0x00, 0x00, 0x00, 0x29, 0x00, 0x00, 0x00, 0x0B,
0x00, 0x00, 0x00, 0x03, 0x00, 0x00, 0x00, 0x07, 0x00, 0x00, 0x00, 0x0A, 0x00, 0x00, 0x00, 0x02,
0x00, 0x00, 0x00, 0x00, 0x00, 0x00, 0x00, 0x2A, 0x00, 0x00, 0x00, 0x06, 0x00, 0x00, 0x00, 0x05,
0x00, 0x00, 0x00, 0x07, 0x00, 0x00, 0x00, 0x09, 0x00, 0x00, 0x00, 0x01, 0x00, 0x00, 0x00, 0x00,
0x00, 0x00, 0x00, 0x2B, 0x00, 0x00, 0x00, 0x07, 0x00, 0x00, 0x00, 0x07, 0x00, 0x00, 0x00, 0x07,
0x00, 0x00, 0x00, 0x07, 0x00, 0x00, 0x00, 0x00, 0x00, 0x00, 0x00, 0x00, 0x00, 0x00, 0x00, 0x2C,
0x00, 0x00, 0x00, 0x03, 0x00, 0x00, 0x00, 0x02, 0x00, 0x00, 0x00, 0x07, 0x00, 0x00, 0x00, 0x02,
0x00, 0x00, 0x00, 0x02, 0x00, 0x00, 0x00, 0x00, 0x00, 0x00, 0x00, 0x2D, 0x00, 0x00, 0x00, 0x01,
0x00, 0x00, 0x00, 0x03, 0x00, 0x00, 0x00, 0x07, 0x00, 0x00, 0x00, 0x04, 0x00, 0x00, 0x00, 0x02,
0x00, 0x00, 0x00, 0x00, 0x00, 0x00, 0x00, 0x2E, 0x00, 0x00, 0x00, 0x02, 0x00, 0x00, 0x00, 0x01,
0x00, 0x00, 0x00, 0x07, 0x00, 0x00, 0x00, 0x02, 0x00, 0x00, 0x00, 0x03, 0x00, 0x00, 0x00, 0x00,
0x00, 0x00, 0x00, 0x2F, 0x00, 0x00, 0x00, 0x0A, 0x00, 0x00, 0x00, 0x06, 0x00, 0x00, 0x00, 0x07,
0x00, 0x00, 0x00, 0x09, 0x00, 0x00, 0x00, 0x01, 0x00, 0x00, 0x00, 0x00, 0x00, 0x00, 0x00, 0x30,
0x00, 0x00, 0x00, 0x09, 0x00, 0x00, 0x00, 0x06, 0x00, 0x00, 0x00, 0x07, 0x00, 0x00, 0x00, 0x09,
0x00, 0x00, 0x00, 0x01, 0x00, 0x00, 0x00, 0x00, 0x00, 0x00, 0x00, 0x31, 0x00, 0x00, 0x00, 0x09,
0x00, 0x00, 0x00, 0x05, 0x00, 0x00, 0x00, 0x07, 0x00, 0x00, 0x00, 0x09, 0x00, 0x00, 0x00, 0x01,
0x00, 0x00, 0x00, 0x00, 0x00, 0x00, 0x00, 0x32, 0x00, 0x00, 0x00, 0x09, 0x00, 0x00, 0x00, 0x07,
0x00, 0x00, 0x00, 0x07, 0x00, 0x00, 0x00, 0x09, 0x00, 0x00, 0x00, 0x01, 0x00, 0x00, 0x00, 0x00,
0x00, 0x00, 0x00, 0x33, 0x00, 0x00, 0x00, 0x09, 0x00, 0x00, 0x00, 0x06, 0x00, 0x00, 0x00, 0x07,
0x00, 0x00, 0x00, 0x09, 0x00, 0x00, 0x00, 0x01, 0x00, 0x00, 0x00, 0x00, 0x00, 0x00, 0x00, 0x34,
0x00, 0x00, 0x00, 0x09, 0x00, 0x00, 0x00, 0x06, 0x00, 0x00, 0x00, 0x07, 0x00, 0x00, 0x00, 0x09,
0x00, 0x00, 0x00, 0x01, 0x00, 0x00, 0x00, 0x00, 0x00, 0x00, 0x00, 0x35, 0x00, 0x00, 0x00, 0x09,
0x00, 0x00, 0x00, 0x06, 0x00, 0x00, 0x00, 0x07, 0x00, 0x00, 0x00, 0x09, 0x00, 0x00, 0x00, 0x01,
0x00, 0x00, 0x00, 0x00, 0x00, 0x00, 0x00, 0x36, 0x00, 0x00, 0x00, 0x09, 0x00, 0x00, 0x00, 0x06,
0x00, 0x00, 0x00, 0x07, 0x00, 0x00, 0x00, 0x09, 0x00, 0x00, 0x00, 0x01, 0x00, 0x00, 0x00, 0x00,
0x00, 0x00, 0x00, 0x37, 0x00, 0x00, 0x00, 0x09, 0x00, 0x00, 0x00, 0x06, 0x00, 0x00, 0x00, 0x07,
0x00, 0x00, 0x00, 0x09, 0x00, 0x00, 0x00, 0x01, 0x00, 0x00, 0x00, 0x00, 0x00, 0x00, 0x00, 0x38,
0x00, 0x00, 0x00, 0x09, 0x00, 0x00, 0x00, 0x06, 0x00, 0x00, 0x00, 0x07, 0x00, 0x00, 0x00, 0x09,
0x00, 0x00, 0x00, 0x01, 0x00, 0x00, 0x00, 0x00, 0x00, 0x00, 0x00, 0x39, 0x00, 0x00, 0x00, 0x09,
0x00, 0x00, 0x00, 0x06, 0x00, 0x00, 0x00, 0x07, 0x00, 0x00, 0x00, 0x09, 0x00, 0x00, 0x00, 0x01,
0x00, 0x00, 0x00, 0x00, 0x00, 0x00, 0x00, 0x3A, 0x00, 0x00, 0x00, 0x06, 0x00, 0x00, 0x00, 0x01,
0x00, 0x00, 0x00, 0x07, 0x00, 0x00, 0x00, 0x06, 0x00, 0x00, 0x00, 0x03, 0x00, 0x00, 0x00, 0x00,
0x00, 0x00, 0x00, 0x3B, 0x00, 0x00, 0x00, 0x07, 0x00, 0x00, 0x00, 0x02, 0x00, 0x00, 0x00, 0x07,
0x00, 0x00, 0x00, 0x06, 0x00, 0x00, 0x00, 0x02, 0x00, 0x00, 0x00, 0x00, 0x00, 0x00, 0x00, 0x3C,
0x00, 0x00, 0x00, 0x06, 0x00, 0x00, 0x00, 0x06, 0x00, 0x00, 0x00, 0x07, 0x00, 0x00, 0x00, 0x07,
0x00, 0x00, 0x00, 0x01, 0x00, 0x00, 0x00, 0x00, 0x00, 0x00, 0x00, 0x3D, 0x00, 0x00, 0x00, 0x03,
0x00, 0x00, 0x00, 0x06, 0x00, 0x00, 0x00, 0x07, 0x00, 0x00, 0x00, 0x05, 0x00, 0x00, 0x00, 0x01,
0x00, 0x00, 0x00, 0x00, 0x00, 0x00, 0x00, 0x3E, 0x00, 0x00, 0x00, 0x06, 0x00, 0x00, 0x00, 0x06,
0x00, 0x00, 0x00, 0x07, 0x00, 0x00, 0x00, 0x07, 0x00, 0x00, 0x00, 0x01, 0x00, 0x00, 0x00, 0x00,
0x00, 0x00, 0x00, 0x3F, 0x00, 0x00, 0x00, 0x09, 0x00, 0x00, 0x00, 0x05, 0x00, 0x00, 0x00, 0x07,
0x00, 0x00, 0x00, 0x09, 0x00, 0x00, 0x00, 0x02, 0x00, 0x00, 0x00, 0x00, 0x00, 0x00, 0x00, 0x40,
0x00, 0x00, 0x00, 0x0A, 0x00, 0x00, 0x00, 0x06, 0x00, 0x00, 0x00, 0x07, 0x00, 0x00, 0x00, 0x08,
0x00, 0x00, 0x00, 0x01, 0x00, 0x00, 0x00, 0x00, 0x00, 0x00, 0x00, 0x41, 0x00, 0x00, 0x00, 0x09,
0x00, 0x00, 0x00, 0x06, 0x00, 0x00, 0x00, 0x07, 0x00, 0x00, 0x00, 0x09, 0x00, 0x00, 0x00, 0x01,
0x00, 0x00, 0x00, 0x00, 0x00, 0x00, 0x00, 0x42, 0x00, 0x00, 0x00, 0x09, 0x00, 0x00, 0x00, 0x06,
0x00, 0x00, 0x00, 0x07, 0x00, 0x00, 0x00, 0x09, 0x00, 0x00, 0x00, 0x01, 0x00, 0x00, 0x00, 0x00,
0x00, 0x00, 0x00, 0x43, 0x00, 0x00, 0x00, 0x09, 0x00, 0x00, 0x00, 0x06, 0x00, 0x00, 0x00, 0x07,
0x00, 0x00, 0x00, 0x09, 0x00, 0x00, 0x00, 0x01, 0x00, 0x00, 0x00, 0x00, 0x00, 0x00, 0x00, 0x44,
0x00, 0x00, 0x00, 0x09, 0x00, 0x00, 0x00, 0x06, 0x00, 0x00, 0x00, 0x07, 0x00, 0x00, 0x00, 0x09,
0x00, 0x00, 0x00, 0x01, 0x00, 0x00, 0x00, 0x00, 0x00, 0x00, 0x00, 0x45, 0x00, 0x00, 0x00, 0x09,
0x00, 0x00, 0x00, 0x06, 0x00, 0x00, 0x00, 0x07, 0x00, 0x00, 0x00, 0x09, 0x00, 0x00, 0x00, 0x01,
0x00, 0x00, 0x00, 0x00, 0x00, 0x00, 0x00, 0x46, 0x00, 0x00, 0x00, 0x09, 0x00, 0x00, 0x00, 0x06,
0x00, 0x00, 0x00, 0x07, 0x00, 0x00, 0x00, 0x09, 0x00, 0x00, 0x00, 0x01, 0x00, 0x00, 0x00, 0x00,
0x00, 0x00, 0x00, 0x47, 0x00, 0x00, 0x00, 0x09, 0x00, 0x00, 0x00, 0x06, 0x00, 0x00, 0x00, 0x07,
0x00, 0x00, 0x00, 0x09, 0x00, 0x00, 0x00, 0x01, 0x00, 0x00, 0x00, 0x00, 0x00, 0x00, 0x00, 0x48,
0x00, 0x00, 0x00, 0x09, 0x00, 0x00, 0x00, 0x06, 0x00, 0x00, 0x00, 0x07, 0x00, 0x00, 0x00, 0x09,
0x00, 0x00, 0x00, 0x01, 0x00, 0x00, 0x00, 0x00, 0x00, 0x00, 0x00, 0x49, 0x00, 0x00, 0x00, 0x09,
0x00, 0x00, 0x00, 0x05, 0x00, 0x00, 0x00, 0x07, 0x00, 0x00, 0x00, 0x09, 0x00, 0x00, 0x00, 0x01,
0x00, 0x00, 0x00, 0x00, 0x00, 0x00, 0x00, 0x4A, 0x00, 0x00, 0x00, 0x09, 0x00, 0x00, 0x00, 0x05,
0x00, 0x00, 0x00, 0x07, 0x00, 0x00, 0x00, 0x09, 0x00, 0x00, 0x00, 0x01, 0x00, 0x00, 0x00, 0x00,
0x00, 0x00, 0x00, 0x4B, 0x00, 0x00, 0x00, 0x09, 0x00, 0x00, 0x00, 0x07, 0x00, 0x00, 0x00, 0x07,
0x00, 0x00, 0x00, 0x09, 0x00, 0x00, 0x00, 0x01, 0x00, 0x00, 0x00, 0x00, 0x00, 0x00, 0x00, 0x4C,
0x00, 0x00, 0x00, 0x09, 0x00, 0x00, 0x00, 0x06, 0x00, 0x00, 0x00, 0x07, 0x00, 0x00, 0x00, 0x09,
0x00, 0x00, 0x00, 0x01, 0x00, 0x00, 0x00, 0x00, 0x00, 0x00, 0x00, 0x4D, 0x00, 0x00, 0x00, 0x09,
0x00, 0x00, 0x00, 0x06, 0x00, 0x00, 0x00, 0x07, 0x00, 0x00, 0x00, 0x09, 0x00, 0x00, 0x00, 0x01,
0x00, 0x00, 0x00, 0x00, 0x00, 0x00, 0x00, 0x4E, 0x00, 0x00, 0x00, 0x09, 0x00, 0x00, 0x00, 0x06,
0x00, 0x00, 0x00, 0x07, 0x00, 0x00, 0x00, 0x09, 0x00, 0x00, 0x00, 0x01, 0x00, 0x00, 0x00, 0x00,
0x00, 0x00, 0x00, 0x4F, 0x00, 0x00, 0x00, 0x09, 0x00, 0x00, 0x00, 0x06, 0x00, 0x00, 0x00, 0x07,
0x00, 0x00, 0x00, 0x09, 0x00, 0x00, 0x00, 0x01, 0x00, 0x00, 0x00, 0x00, 0x00, 0x00, 0x00, 0x50,
0x00, 0x00, 0x00, 0x09, 0x00, 0x00, 0x00, 0x06, 0x00, 0x00, 0x00, 0x07, 0x00, 0x00, 0x00, 0x09,
0x00, 0x00, 0x00, 0x01, 0x00, 0x00, 0x00, 0x00, 0x00, 0x00, 0x00, 0x51, 0x00, 0x00, 0x00, 0x0B,
0x00, 0x00, 0x00, 0x06, 0x00, 0x00, 0x00, 0x07, 0x00, 0x00, 0x00, 0x09, 0x00, 0x00, 0x00, 0x01,
0x00, 0x00, 0x00, 0x00, 0x00, 0x00, 0x00, 0x52, 0x00, 0x00, 0x00, 0x09, 0x00, 0x00, 0x00, 0x07,
0x00, 0x00, 0x00, 0x07, 0x00, 0x00, 0x00, 0x09, 0x00, 0x00, 0x00, 0x01, 0x00, 0x00, 0x00, 0x00,
0x00, 0x00, 0x00, 0x53, 0x00, 0x00, 0x00, 0x09, 0x00, 0x00, 0x00, 0x06, 0x00, 0x00, 0x00, 0x07,
0x00, 0x00, 0x00, 0x09, 0x00, 0x00, 0x00, 0x01, 0x00, 0x00, 0x00, 0x00, 0x00, 0x00, 0x00, 0x54,
0x00, 0x00, 0x00, 0x09, 0x00, 0x00, 0x00, 0x07, 0x00, 0x00, 0x00, 0x07, 0x00, 0x00, 0x00, 0x09,
0x00, 0x00, 0x00, 0x00, 0x00, 0x00, 0x00, 0x00, 0x00, 0x00, 0x00, 0x55, 0x00, 0x00, 0x00, 0x09,
0x00, 0x00, 0x00, 0x06, 0x00, 0x00, 0x00, 0x07, 0x00, 0x00, 0x00, 0x09, 0x00, 0x00, 0x00, 0x01,
0x00, 0x00, 0x00, 0x00, 0x00, 0x00, 0x00, 0x56, 0x00, 0x00, 0x00, 0x09, 0x00, 0x00, 0x00, 0x06,
0x00, 0x00, 0x00, 0x07, 0x00, 0x00, 0x00, 0x09, 0x00, 0x00, 0x00, 0x01, 0x00, 0x00, 0x00, 0x00,
0x00, 0x00, 0x00, 0x57, 0x00, 0x00, 0x00, 0x09, 0x00, 0x00, 0x00, 0x07, 0x00, 0x00, 0x00, 0x07,
0x00, 0x00, 0x00, 0x09, 0x00, 0x00, 0x00, 0x00, 0x00, 0x00, 0x00, 0x00, 0x00, 0x00, 0x00, 0x58,
0x00, 0x00, 0x00, 0x09, 0x00, 0x00, 0x00, 0x06, 0x00, 0x00, 0x00, 0x07, 0x00, 0x00, 0x00, 0x09,
0x00, 0x00, 0x00, 0x01, 0x00, 0x00, 0x00, 0x00, 0x00, 0x00, 0x00, 0x59, 0x00, 0x00, 0x00, 0x09,
0x00, 0x00, 0x00, 0x07, 0x00, 0x00, 0x00, 0x07, 0x00, 0x00, 0x00, 0x09, 0x00, 0x00, 0x00, 0x00,
0x00, 0x00, 0x00, 0x00, 0x00, 0x00, 0x00, 0x5A, 0x00, 0x00, 0x00, 0x09, 0x00, 0x00, 0x00, 0x06,
0x00, 0x00, 0x00, 0x07, 0x00, 0x00, 0x00, 0x09, 0x00, 0x00, 0x00, 0x01, 0x00, 0x00, 0x00, 0x00,
0x00, 0x00, 0x00, 0x5B, 0x00, 0x00, 0x00, 0x0B, 0x00, 0x00, 0x00, 0x02, 0x00, 0x00, 0x00, 0x07,
0x00, 0x00, 0x00, 0x0A, 0x00, 0x00, 0x00, 0x03, 0x00, 0x00, 0x00, 0x00, 0x00, 0x00, 0x00, 0x5C,
0x00, 0x00, 0x00, 0x0A, 0x00, 0x00, 0x00, 0x06, 0x00, 0x00, 0x00, 0x07, 0x00, 0x00, 0x00, 0x09,
0x00, 0x00, 0x00, 0x01, 0x00, 0x00, 0x00, 0x00, 0x00, 0x00, 0x00, 0x5D, 0x00, 0x00, 0x00, 0x0B,
0x00, 0x00, 0x00, 0x02, 0x00, 0x00, 0x00, 0x07, 0x00, 0x00, 0x00, 0x0A, 0x00, 0x00, 0x00, 0x02,
0x00, 0x00, 0x00, 0x00, 0x00, 0x00, 0x00, 0x5E, 0x00, 0x00, 0x00, 0x03, 0x00, 0x00, 0x00, 0x06,
0x00, 0x00, 0x00, 0x07, 0x00, 0x00, 0x00, 0x09, 0x00, 0x00, 0x00, 0x00, 0x00, 0x00, 0x00, 0x00,
0x00, 0x00, 0x00, 0x5F, 0x00, 0x00, 0x00, 0x01, 0x00, 0x00, 0x00, 0x07, 0x00, 0x00, 0x00, 0x07,
0xFF, 0xFF, 0xFF, 0xFE, 0x00, 0x00, 0x00, 0x00, 0x00, 0x00, 0x00, 0x00, 0x00, 0x00, 0x00, 0x60,
0x00, 0x00, 0x00, 0x02, 0x00, 0x00, 0x00, 0x03, 0x00, 0x00, 0x00, 0x07, 0x00, 0x00, 0x00, 0x0A,
0x00, 0x00, 0x00, 0x02, 0x00, 0x00, 0x00, 0x00, 0x00, 0x00, 0x00, 0x61, 0x00, 0x00, 0x00, 0x07,
0x00, 0x00, 0x00, 0x05, 0x00, 0x00, 0x00, 0x07, 0x00, 0x00, 0x00, 0x07, 0x00, 0x00, 0x00, 0x01,
0x00, 0x00, 0x00, 0x00, 0x00, 0x00, 0x00, 0x62, 0x00, 0x00, 0x00, 0x0A, 0x00, 0x00, 0x00, 0x05,
0x00, 0x00, 0x00, 0x07, 0x00, 0x00, 0x00, 0x0A, 0x00, 0x00, 0x00, 0x01, 0x00, 0x00, 0x00, 0x00,
0x00, 0x00, 0x00, 0x63, 0x00, 0x00, 0x00, 0x07, 0x00, 0x00, 0x00, 0x05, 0x00, 0x00, 0x00, 0x07,
0x00, 0x00, 0x00, 0x07, 0x00, 0x00, 0x00, 0x01, 0x00, 0x00, 0x00, 0x00, 0x00, 0x00, 0x00, 0x64,
0x00, 0x00, 0x00, 0x0A, 0x00, 0x00, 0x00, 0x05, 0x00, 0x00, 0x00, 0x07, 0x00, 0x00, 0x00, 0x0A,
0x00, 0x00, 0x00, 0x01, 0x00, 0x00, 0x00, 0x00, 0x00, 0x00, 0x00, 0x65, 0x00, 0x00, 0x00, 0x07,
0x00, 0x00, 0x00, 0x05, 0x00, 0x00, 0x00, 0x07, 0x00, 0x00, 0x00, 0x07, 0x00, 0x00, 0x00, 0x01,
0x00, 0x00, 0x00, 0x00, 0x00, 0x00, 0x00, 0x66, 0x00, 0x00, 0x00, 0x0A, 0x00, 0x00, 0x00, 0x05,
0x00, 0x00, 0x00, 0x07, 0x00, 0x00, 0x00, 0x0A, 0x00, 0x00, 0x00, 0x01, 0x00, 0x00, 0x00, 0x00,
0x00, 0x00, 0x00, 0x67, 0x00, 0x00, 0x00, 0x0A, 0x00, 0x00, 0x00, 0x05, 0x00, 0x00, 0x00, 0x07,
0x00, 0x00, 0x00, 0x07, 0x00, 0x00, 0x00, 0x01, 0x00, 0x00, 0x00, 0x00, 0x00, 0x00, 0x00, 0x68,
0x00, 0x00, 0x00, 0x0A, 0x00, 0x00, 0x00, 0x05, 0x00, 0x00, 0x00, 0x07, 0x00, 0x00, 0x00, 0x0A,
0x00, 0x00, 0x00, 0x01, 0x00, 0x00, 0x00, 0x00, 0x00, 0x00, 0x00, 0x69, 0x00, 0x00, 0x00, 0x0A,
0x00, 0x00, 0x00, 0x05, 0x00, 0x00, 0x00, 0x07, 0x00, 0x00, 0x00, 0x0A, 0x00, 0x00, 0x00, 0x01,
0x00, 0x00, 0x00, 0x00, 0x00, 0x00, 0x00, 0x6A, 0x00, 0x00, 0x00, 0x0D, 0x00, 0x00, 0x00, 0x03,
0x00, 0x00, 0x00, 0x07, 0x00, 0x00, 0x00, 0x0A, 0x00, 0x00, 0x00, 0x02, 0x00, 0x00, 0x00, 0x00,
0x00, 0x00, 0x00, 0x6B, 0x00, 0x00, 0x00, 0x0A, 0x00, 0x00, 0x00, 0x06, 0x00, 0x00, 0x00, 0x07,
0x00, 0x00, 0x00, 0x0A, 0x00, 0x00, 0x00, 0x01, 0x00, 0x00, 0x00, 0x00, 0x00, 0x00, 0x00, 0x6C,
0x00, 0x00, 0x00, 0x0A, 0x00, 0x00, 0x00, 0x05, 0x00, 0x00, 0x00, 0x07, 0x00, 0x00, 0x00, 0x0A,
0x00, 0x00, 0x00, 0x01, 0x00, 0x00, 0x00, 0x00, 0x00, 0x00, 0x00, 0x6D, 0x00, 0x00, 0x00, 0x07,
0x00, 0x00, 0x00, 0x05, 0x00, 0x00, 0x00, 0x07, 0x00, 0x00, 0x00, 0x07, 0x00, 0x00, 0x00, 0x01,
0x00, 0x00, 0x00, 0x00, 0x00, 0x00, 0x00, 0x6E, 0x00, 0x00, 0x00, 0x07, 0x00, 0x00, 0x00, 0x05,
0x00, 0x00, 0x00, 0x07, 0x00, 0x00, 0x00, 0x07, 0x00, 0x00, 0x00, 0x01, 0x00, 0x00, 0x00, 0x00,
0x00, 0x00, 0x00, 0x6F, 0x00, 0x00, 0x00, 0x07, 0x00, 0x00, 0x00, 0x05, 0x00, 0x00, 0x00, 0x07,
0x00, 0x00, 0x00, 0x07, 0x00, 0x00, 0x00, 0x01, 0x00, 0x00, 0x00, 0x00, 0x00, 0x00, 0x00, 0x70,
0x00, 0x00, 0x00, 0x0A, 0x00, 0x00, 0x00, 0x05, 0x00, 0x00, 0x00, 0x07, 0x00, 0x00, 0x00, 0x07,
0x00, 0x00, 0x00, 0x01, 0x00, 0x00, 0x00, 0x00, 0x00, 0x00, 0x00, 0x71, 0x00, 0x00, 0x00, 0x0A,
0x00, 0x00, 0x00, 0x05, 0x00, 0x00, 0x00, 0x07, 0x00, 0x00, 0x00, 0x07, 0x00, 0x00, 0x00, 0x01,
0x00, 0x00, 0x00, 0x00, 0x00, 0x00, 0x00, 0x72, 0x00, 0x00, 0x00, 0x07, 0x00, 0x00, 0x00, 0x05,
0x00, 0x00, 0x00, 0x07, 0x00, 0x00, 0x00, 0x07, 0x00, 0x00, 0x00, 0x02, 0x00, 0x00, 0x00, 0x00,
0x00, 0x00, 0x00, 0x73, 0x00, 0x00, 0x00, 0x07, 0x00, 0x00, 0x00, 0x05, 0x00, 0x00, 0x00, 0x07,
0x00, 0x00, 0x00, 0x07, 0x00, 0x00, 0x00, 0x01, 0x00, 0x00, 0x00, 0x00, 0x00, 0x00, 0x00, 0x74,
0x00, 0x00, 0x00, 0x09, 0x00, 0x00, 0x00, 0x05, 0x00, 0x00, 0x00, 0x07, 0x00, 0x00, 0x00, 0x09,
0x00, 0x00, 0x00, 0x01, 0x00, 0x00, 0x00, 0x00, 0x00, 0x00, 0x00, 0x75, 0x00, 0x00, 0x00, 0x07,
0x00, 0x00, 0x00, 0x05, 0x00, 0x00, 0x00, 0x07, 0x00, 0x00, 0x00, 0x07, 0x00, 0x00, 0x00, 0x01,
0x00, 0x00, 0x00, 0x00, 0x00, 0x00, 0x00, 0x76, 0x00, 0x00, 0x00, 0x07, 0x00, 0x00, 0x00, 0x05,
0x00, 0x00, 0x00, 0x07, 0x00, 0x00, 0x00, 0x07, 0x00, 0x00, 0x00, 0x01, 0x00, 0x00, 0x00, 0x00,
0x00, 0x00, 0x00, 0x77, 0x00, 0x00, 0x00, 0x07, 0x00, 0x00, 0x00, 0x08, 0x00, 0x00, 0x00, 0x07,
0x00, 0x00, 0x00, 0x07, 0x00, 0x00, 0x00, 0x00, 0x00, 0x00, 0x00, 0x00, 0x00, 0x00, 0x00, 0x78,
0x00, 0x00, 0x00, 0x07, 0x00, 0x00, 0x00, 0x05, 0x00, 0x00, 0x00, 0x07, 0x00, 0x00, 0x00, 0x07,
0x00, 0x00, 0x00, 0x01, 0x00, 0x00, 0x00, 0x00, 0x00, 0x00, 0x00, 0x79, 0x00, 0x00, 0x00, 0x0A,
0x00, 0x00, 0x00, 0x06, 0x00, 0x00, 0x00, 0x07, 0x00, 0x00, 0x00, 0x07, 0x00, 0x00, 0x00, 0x01,
0x00, 0x00, 0x00, 0x00, 0x00, 0x00, 0x00, 0x7A, 0x00, 0x00, 0x00, 0x07, 0x00, 0x00, 0x00, 0x05,
0x00, 0x00, 0x00, 0x07, 0x00, 0x00, 0x00, 0x07, 0x00, 0x00, 0x00, 0x01, 0x00, 0x00, 0x00, 0x00,
0x00, 0x00, 0x00, 0x7B, 0x00, 0x00, 0x00, 0x0B, 0x00, 0x00, 0x00, 0x05, 0x00, 0x00, 0x00, 0x07,
0x00, 0x00, 0x00, 0x0A, 0x00, 0x00, 0x00, 0x01, 0x00, 0x00, 0x00, 0x00, 0x00, 0x00, 0x00, 0x7C,
0x00, 0x00, 0x00, 0x0C, 0x00, 0x00, 0x00, 0x01, 0x00, 0x00, 0x00, 0x07, 0x00, 0x00, 0x00, 0x0A,
0x00, 0x00, 0x00, 0x03, 0x00, 0x00, 0x00, 0x00, 0x00, 0x00, 0x00, 0x7D, 0x00, 0x00, 0x00, 0x0B,
0x00, 0x00, 0x00, 0x05, 0x00, 0x00, 0x00, 0x07, 0x00, 0x00, 0x00, 0x0A, 0x00, 0x00, 0x00, 0x01,
0x00, 0x00, 0x00, 0x00, 0x00, 0x00, 0x00, 0x7E, 0x00, 0x00, 0x00, 0x02, 0x00, 0x00, 0x00, 0x06,
0x00, 0x00, 0x00, 0x07, 0x00, 0x00, 0x00, 0x05, 0x00, 0x00, 0x00, 0x01, 0x00, 0x00, 0x00, 0x00,
0x00, 0x00, 0x00, 0xA0, 0x00, 0x00, 0x00, 0x01, 0x00, 0x00, 0x00, 0x01, 0x00, 0x00, 0x00, 0x07,
0x00, 0x00, 0x00, 0x18, 0xFF, 0xFF, 0xFF, 0xF4, 0x00, 0x00, 0x00, 0x00, 0x00, 0x00, 0x00, 0xA1,
0x00, 0x00, 0x00, 0x09, 0x00, 0x00, 0x00, 0x01, 0x00, 0x00, 0x00, 0x07, 0x00, 0x00, 0x00, 0x07,
0x00, 0x00, 0x00, 0x03, 0x00, 0x00, 0x00, 0x00, 0x00, 0x00, 0x00, 0xA2, 0x00, 0x00, 0x00, 0x0B,
0x00, 0x00, 0x00, 0x05, 0x00, 0x00, 0x00, 0x07, 0x00, 0x00, 0x00, 0x09, 0x00, 0x00, 0x00, 0x01,
0x00, 0x00, 0x00, 0x00, 0x00, 0x00, 0x00, 0xA3, 0x00, 0x00, 0x00, 0x09, 0x00, 0x00, 0x00, 0x05,
0x00, 0x00, 0x00, 0x07, 0x00, 0x00, 0x00, 0x09, 0x00, 0x00, 0x00, 0x01, 0x00, 0x00, 0x00, 0x00,
0x00, 0x00, 0x00, 0xA4, 0x00, 0x00, 0x00, 0x06, 0x00, 0x00, 0x00, 0x06, 0x00, 0x00, 0x00, 0x07,
0x00, 0x00, 0x00, 0x07, 0x00, 0x00, 0x00, 0x01, 0x00, 0x00, 0x00, 0x00, 0x00, 0x00, 0x00, 0xA5,
0x00, 0x00, 0x00, 0x09, 0x00, 0x00, 0x00, 0x07, 0x00, 0x00, 0x00, 0x07, 0x00, 0x00, 0x00, 0x09,
0x00, 0x00, 0x00, 0x00, 0x00, 0x00, 0x00, 0x00, 0x00, 0x00, 0x00, 0xA6, 0x00, 0x00, 0x00, 0x0A,
0x00, 0x00, 0x00, 0x01, 0x00, 0x00, 0x00, 0x07, 0x00, 0x00, 0x00, 0x08, 0x00, 0x00, 0x00, 0x03,
0x00, 0x00, 0x00, 0x00, 0x00, 0x00, 0x00, 0xA7, 0x00, 0x00, 0x00, 0x0A, 0x00, 0x00, 0x00, 0x05,
0x00, 0x00, 0x00, 0x07, 0x00, 0x00, 0x00, 0x09, 0x00, 0x00, 0x00, 0x01, 0x00, 0x00, 0x00, 0x00,
0x00, 0x00, 0x00, 0xA8, 0x00, 0x00, 0x00, 0x01, 0x00, 0x00, 0x00, 0x03, 0x00, 0x00, 0x00, 0x07,
0x00, 0x00, 0x00, 0x09, 0x00, 0x00, 0x00, 0x02, 0x00, 0x00, 0x00, 0x00, 0x00, 0x00, 0x00, 0xA9,
0x00, 0x00, 0x00, 0x07, 0x00, 0x00, 0x00, 0x07, 0x00, 0x00, 0x00, 0x07, 0x00, 0x00, 0x00, 0x08,
0x00, 0x00, 0x00, 0x00, 0x00, 0x00, 0x00, 0x00, 0x00, 0x00, 0x00, 0xAA, 0x00, 0x00, 0x00, 0x07,
0x00, 0x00, 0x00, 0x05, 0x00, 0x00, 0x00, 0x07, 0x00, 0x00, 0x00, 0x09, 0x00, 0x00, 0x00, 0x01,
0x00, 0x00, 0x00, 0x00, 0x00, 0x00, 0x00, 0xAB, 0x00, 0x00, 0x00, 0x05, 0x00, 0x00, 0x00, 0x06,
0x00, 0x00, 0x00, 0x07, 0x00, 0x00, 0x00, 0x06, 0x00, 0x00, 0x00, 0x01, 0x00, 0x00, 0x00, 0x00,
0x00, 0x00, 0x00, 0xAC, 0x00, 0x00, 0x00, 0x03, 0x00, 0x00, 0x00, 0x06, 0x00, 0x00, 0x00, 0x07,
0x00, 0x00, 0x00, 0x05, 0x00, 0x00, 0x00, 0x01, 0x00, 0x00, 0x00, 0x00, 0x00, 0x00, 0x00, 0xAD,
0x00, 0x00, 0x00, 0x01, 0x00, 0x00, 0x00, 0x03, 0x00, 0x00, 0x00, 0x07, 0x00, 0x00, 0x00, 0x04,
0x00, 0x00, 0x00, 0x02, 0x00, 0x00, 0x00, 0x00, 0x00, 0x00, 0x00, 0xAE, 0x00, 0x00, 0x00, 0x07,
0x00, 0x00, 0x00, 0x07, 0x00, 0x00, 0x00, 0x07, 0x00, 0x00, 0x00, 0x08, 0x00, 0x00, 0x00, 0x00,
0x00, 0x00, 0x00, 0x00, 0x00, 0x00, 0x00, 0xAF, 0x00, 0x00, 0x00, 0x01, 0x00, 0x00, 0x00, 0x04,
0x00, 0x00, 0x00, 0x07, 0x00, 0x00, 0x00, 0x09, 0x00, 0x00, 0x00, 0x02, 0x00, 0x00, 0x00, 0x00,
0x00, 0x00, 0x00, 0xB0, 0x00, 0x00, 0x00, 0x04, 0x00, 0x00, 0x00, 0x04, 0x00, 0x00, 0x00, 0x07,
0x00, 0x00, 0x00, 0x09, 0x00, 0x00, 0x00, 0x02, 0x00, 0x00, 0x00, 0x00, 0x00, 0x00, 0x00, 0xB1,
0x00, 0x00, 0x00, 0x07, 0x00, 0x00, 0x00, 0x07, 0x00, 0x00, 0x00, 0x07, 0x00, 0x00, 0x00, 0x07,
0x00, 0x00, 0x00, 0x00, 0x00, 0x00, 0x00, 0x00, 0x00, 0x00, 0x00, 0xB2, 0x00, 0x00, 0x00, 0x05,
0x00, 0x00, 0x00, 0x03, 0x00, 0x00, 0x00, 0x07, 0x00, 0x00, 0x00, 0x09, 0x00, 0x00, 0x00, 0x02,
0x00, 0x00, 0x00, 0x00, 0x00, 0x00, 0x00, 0xB3, 0x00, 0x00, 0x00, 0x05, 0x00, 0x00, 0x00, 0x04,
0x00, 0x00, 0x00, 0x07, 0x00, 0x00, 0x00, 0x09, 0x00, 0x00, 0x00, 0x02, 0x00, 0x00, 0x00, 0x00,
0x00, 0x00, 0x00, 0xB4, 0x00, 0x00, 0x00, 0x02, 0x00, 0x00, 0x00, 0x03, 0x00, 0x00, 0x00, 0x07,
0x00, 0x00, 0x00, 0x0A, 0x00, 0x00, 0x00, 0x03, 0x00, 0x00, 0x00, 0x00, 0x00, 0x00, 0x00, 0xB5,
0x00, 0x00, 0x00, 0x0A, 0x00, 0x00, 0x00, 0x06, 0x00, 0x00, 0x00, 0x07, 0x00, 0x00, 0x00, 0x07,
0x00, 0x00, 0x00, 0x01, 0x00, 0x00, 0x00, 0x00, 0x00, 0x00, 0x00, 0xB6, 0x00, 0x00, 0x00, 0x0A,
0x00, 0x00, 0x00, 0x06, 0x00, 0x00, 0x00, 0x07, 0x00, 0x00, 0x00, 0x09, 0x00, 0x00, 0x00, 0x01,
0x00, 0x00, 0x00, 0x00, 0x00, 0x00, 0x00, 0xB7, 0x00, 0x00, 0x00, 0x02, 0x00, 0x00, 0x00, 0x01,
0x00, 0x00, 0x00, 0x07, 0x00, 0x00, 0x00, 0x05, 0x00, 0x00, 0x00, 0x03, 0x00, 0x00, 0x00, 0x00,
0x00, 0x00, 0x00, 0xB8, 0x00, 0x00, 0x00, 0x02, 0x00, 0x00, 0x00, 0x03, 0x00, 0x00, 0x00, 0x07,
0x00, 0x00, 0x00, 0x00, 0x00, 0x00, 0x00, 0x02, 0x00, 0x00, 0x00, 0x00, 0x00, 0x00, 0x00, 0xB9,
0x00, 0x00, 0x00, 0x05, 0x00, 0x00, 0x00, 0x03, 0x00, 0x00, 0x00, 0x07, 0x00, 0x00, 0x00, 0x09,
0x00, 0x00, 0x00, 0x02, 0x00, 0x00, 0x00, 0x00, 0x00, 0x00, 0x00, 0xBA, 0x00, 0x00, 0x00, 0x07,
0x00, 0x00, 0x00, 0x04, 0x00, 0x00, 0x00, 0x07, 0x00, 0x00, 0x00, 0x09, 0x00, 0x00, 0x00, 0x01,
0x00, 0x00, 0x00, 0x00, 0x00, 0x00, 0x00, 0xBB, 0x00, 0x00, 0x00, 0x05, 0x00, 0x00, 0x00, 0x06,
0x00, 0x00, 0x00, 0x07, 0x00, 0x00, 0x00, 0x06, 0x00, 0x00, 0x00, 0x01, 0x00, 0x00, 0x00, 0x00,
0x00, 0x00, 0x00, 0xBC, 0x00, 0x00, 0x00, 0x0B, 0x00, 0x00, 0x00, 0x07, 0x00, 0x00, 0x00, 0x07,
0x00, 0x00, 0x00, 0x0A, 0x00, 0x00, 0x00, 0x00, 0x00, 0x00, 0x00, 0x00, 0x00, 0x00, 0x00, 0xBD,
0x00, 0x00, 0x00, 0x0B, 0x00, 0x00, 0x00, 0x06, 0x00, 0x00, 0x00, 0x07, 0x00, 0x00, 0x00, 0x0A,
0x00, 0x00, 0x00, 0x00, 0x00, 0x00, 0x00, 0x00, 0x00, 0x00, 0x00, 0xBE, 0x00, 0x00, 0x00, 0x0B,
0x00, 0x00, 0x00, 0x07, 0x00, 0x00, 0x00, 0x07, 0x00, 0x00, 0x00, 0x0A, 0x00, 0x00, 0x00, 0x00,
0x00, 0x00, 0x00, 0x00, 0x00, 0x00, 0x00, 0xBF, 0x00, 0x00, 0x00, 0x0A, 0x00, 0x00, 0x00, 0x05,
0x00, 0x00, 0x00, 0x07, 0x00, 0x00, 0x00, 0x07, 0x00, 0x00, 0x00, 0x00, 0x00, 0x00, 0x00, 0x00,
0x00, 0x00, 0x00, 0xC0, 0x00, 0x00, 0x00, 0x0C, 0x00, 0x00, 0x00, 0x06, 0x00, 0x00, 0x00, 0x07,
0x00, 0x00, 0x00, 0x0C, 0x00, 0x00, 0x00, 0x01, 0x00, 0x00, 0x00, 0x00, 0x00, 0x00, 0x00, 0xC1,
0x00, 0x00, 0x00, 0x0C, 0x00, 0x00, 0x00, 0x06, 0x00, 0x00, 0x00, 0x07, 0x00, 0x00, 0x00, 0x0C,
0x00, 0x00, 0x00, 0x01, 0x00, 0x00, 0x00, 0x00, 0x00, 0x00, 0x00, 0xC2, 0x00, 0x00, 0x00, 0x0C,
0x00, 0x00, 0x00, 0x06, 0x00, 0x00, 0x00, 0x07, 0x00, 0x00, 0x00, 0x0C, 0x00, 0x00, 0x00, 0x01,
0x00, 0x00, 0x00, 0x00, 0x00, 0x00, 0x00, 0xC3, 0x00, 0x00, 0x00, 0x0C, 0x00, 0x00, 0x00, 0x06,
0x00, 0x00, 0x00, 0x07, 0x00, 0x00, 0x00, 0x0C, 0x00, 0x00, 0x00, 0x01, 0x00, 0x00, 0x00, 0x00,
0x00, 0x00, 0x00, 0xC4, 0x00, 0x00, 0x00, 0x0B, 0x00, 0x00, 0x00, 0x06, 0x00, 0x00, 0x00, 0x07,
0x00, 0x00, 0x00, 0x0B, 0x00, 0x00, 0x00, 0x01, 0x00, 0x00, 0x00, 0x00, 0x00, 0x00, 0x00, 0xC5,
0x00, 0x00, 0x00, 0x0B, 0x00, 0x00, 0x00, 0x06, 0x00, 0x00, 0x00, 0x07, 0x00, 0x00, 0x00, 0x0B,
0x00, 0x00, 0x00, 0x01, 0x00, 0x00, 0x00, 0x00, 0x00, 0x00, 0x00, 0xC6, 0x00, 0x00, 0x00, 0x09,
0x00, 0x00, 0x00, 0x07, 0x00, 0x00, 0x00, 0x07, 0x00, 0x00, 0x00, 0x09, 0x00, 0x00, 0x00, 0x00,
0x00, 0x00, 0x00, 0x00, 0x00, 0x00, 0x00, 0xC7, 0x00, 0x00, 0x00, 0x0B, 0x00, 0x00, 0x00, 0x06,
0x00, 0x00, 0x00, 0x07, 0x00, 0x00, 0x00, 0x09, 0x00, 0x00, 0x00, 0x01, 0x00, 0x00, 0x00, 0x00,
0x00, 0x00, 0x00, 0xC8, 0x00, 0x00, 0x00, 0x0C, 0x00, 0x00, 0x00, 0x06, 0x00, 0x00, 0x00, 0x07,
0x00, 0x00, 0x00, 0x0C, 0x00, 0x00, 0x00, 0x01, 0x00, 0x00, 0x00, 0x00, 0x00, 0x00, 0x00, 0xC9,
0x00, 0x00, 0x00, 0x0C, 0x00, 0x00, 0x00, 0x06, 0x00, 0x00, 0x00, 0x07, 0x00, 0x00, 0x00, 0x0C,
0x00, 0x00, 0x00, 0x01, 0x00, 0x00, 0x00, 0x00, 0x00, 0x00, 0x00, 0xCA, 0x00, 0x00, 0x00, 0x0C,
0x00, 0x00, 0x00, 0x06, 0x00, 0x00, 0x00, 0x07, 0x00, 0x00, 0x00, 0x0C, 0x00, 0x00, 0x00, 0x01,
0x00, 0x00, 0x00, 0x00, 0x00, 0x00, 0x00, 0xCB, 0x00, 0x00, 0x00, 0x0B, 0x00, 0x00, 0x00, 0x06,
0x00, 0x00, 0x00, 0x07, 0x00, 0x00, 0x00, 0x0B, 0x00, 0x00, 0x00, 0x01, 0x00, 0x00, 0x00, 0x00,
0x00, 0x00, 0x00, 0xCC, 0x00, 0x00, 0x00, 0x0C, 0x00, 0x00, 0x00, 0x05, 0x00, 0x00, 0x00, 0x07,
0x00, 0x00, 0x00, 0x0C, 0x00, 0x00, 0x00, 0x01, 0x00, 0x00, 0x00, 0x00, 0x00, 0x00, 0x00, 0xCD,
0x00, 0x00, 0x00, 0x0C, 0x00, 0x00, 0x00, 0x05, 0x00, 0x00, 0x00, 0x07, 0x00, 0x00, 0x00, 0x0C,
0x00, 0x00, 0x00, 0x01, 0x00, 0x00, 0x00, 0x00, 0x00, 0x00, 0x00, 0xCE, 0x00, 0x00, 0x00, 0x0C,
0x00, 0x00, 0x00, 0x05, 0x00, 0x00, 0x00, 0x07, 0x00, 0x00, 0x00, 0x0C, 0x00, 0x00, 0x00, 0x01,
0x00, 0x00, 0x00, 0x00, 0x00, 0x00, 0x00, 0xCF, 0x00, 0x00, 0x00, 0x0B, 0x00, 0x00, 0x00, 0x05,
0x00, 0x00, 0x00, 0x07, 0x00, 0x00, 0x00, 0x0B, 0x00, 0x00, 0x00, 0x01, 0x00, 0x00, 0x00, 0x00,
0x00, 0x00, 0x00, 0xD0, 0x00, 0x00, 0x00, 0x09, 0x00, 0x00, 0x00, 0x07, 0x00, 0x00, 0x00, 0x07,
0x00, 0x00, 0x00, 0x09, 0x00, 0x00, 0x00, 0x00, 0x00, 0x00, 0x00, 0x00, 0x00, 0x00, 0x00, 0xD1,
0x00, 0x00, 0x00, 0x0C, 0x00, 0x00, 0x00, 0x06, 0x00, 0x00, 0x00, 0x07, 0x00, 0x00, 0x00, 0x0C,
0x00, 0x00, 0x00, 0x01, 0x00, 0x00, 0x00, 0x00, 0x00, 0x00, 0x00, 0xD2, 0x00, 0x00, 0x00, 0x0C,
0x00, 0x00, 0x00, 0x06, 0x00, 0x00, 0x00, 0x07, 0x00, 0x00, 0x00, 0x0C, 0x00, 0x00, 0x00, 0x01,
0x00, 0x00, 0x00, 0x00, 0x00, 0x00, 0x00, 0xD3, 0x00, 0x00, 0x00, 0x0C, 0x00, 0x00, 0x00, 0x06,
0x00, 0x00, 0x00, 0x07, 0x00, 0x00, 0x00, 0x0C, 0x00, 0x00, 0x00, 0x01, 0x00, 0x00, 0x00, 0x00,
0x00, 0x00, 0x00, 0xD4, 0x00, 0x00, 0x00, 0x0C, 0x00, 0x00, 0x00, 0x06, 0x00, 0x00, 0x00, 0x07,
0x00, 0x00, 0x00, 0x0C, 0x00, 0x00, 0x00, 0x01, 0x00, 0x00, 0x00, 0x00, 0x00, 0x00, 0x00, 0xD5,
0x00, 0x00, 0x00, 0x0C, 0x00, 0x00, 0x00, 0x06, 0x00, 0x00, 0x00, 0x07, 0x00, 0x00, 0x00, 0x0C,
0x00, 0x00, 0x00, 0x01, 0x00, 0x00, 0x00, 0x00, 0x00, 0x00, 0x00, 0xD6, 0x00, 0x00, 0x00, 0x0B,
0x00, 0x00, 0x00, 0x06, 0x00, 0x00, 0x00, 0x07, 0x00, 0x00, 0x00, 0x0B, 0x00, 0x00, 0x00, 0x01,
0x00, 0x00, 0x00, 0x00, 0x00, 0x00, 0x00, 0xD7, 0x00, 0x00, 0x00, 0x05, 0x00, 0x00, 0x00, 0x05,
0x00, 0x00, 0x00, 0x07, 0x00, 0x00, 0x00, 0x07, 0x00, 0x00, 0x00, 0x01, 0x00, 0x00, 0x00, 0x00,
0x00, 0x00, 0x00, 0xD8, 0x00, 0x00, 0x00, 0x0B, 0x00, 0x00, 0x00, 0x08, 0x00, 0x00, 0x00, 0x07,
0x00, 0x00, 0x00, 0x0A, 0x00, 0x00, 0x00, 0x00, 0x00, 0x00, 0x00, 0x00, 0x00, 0x00, 0x00, 0xD9,
0x00, 0x00, 0x00, 0x0C, 0x00, 0x00, 0x00, 0x06, 0x00, 0x00, 0x00, 0x07, 0x00, 0x00, 0x00, 0x0C,
0x00, 0x00, 0x00, 0x01, 0x00, 0x00, 0x00, 0x00, 0x00, 0x00, 0x00, 0xDA, 0x00, 0x00, 0x00, 0x0C,
0x00, 0x00, 0x00, 0x06, 0x00, 0x00, 0x00, 0x07, 0x00, 0x00, 0x00, 0x0C, 0x00, 0x00, 0x00, 0x01,
0x00, 0x00, 0x00, 0x00, 0x00, 0x00, 0x00, 0xDB, 0x00, 0x00, 0x00, 0x0C, 0x00, 0x00, 0x00, 0x06,
0x00, 0x00, 0x00, 0x07, 0x00, 0x00, 0x00, 0x0C, 0x00, 0x00, 0x00, 0x01, 0x00, 0x00, 0x00, 0x00,
0x00, 0x00, 0x00, 0xDC, 0x00, 0x00, 0x00, 0x0B, 0x00, 0x00, 0x00, 0x06, 0x00, 0x00, 0x00, 0x07,
0x00, 0x00, 0x00, 0x0B, 0x00, 0x00, 0x00, 0x01, 0x00, 0x00, 0x00, 0x00, 0x00, 0x00, 0x00, 0xDD,
0x00, 0x00, 0x00, 0x0C, 0x00, 0x00, 0x00, 0x07, 0x00, 0x00, 0x00, 0x07, 0x00, 0x00, 0x00, 0x0C,
0x00, 0x00, 0x00, 0x00, 0x00, 0x00, 0x00, 0x00, 0x00, 0x00, 0x00, 0xDE, 0x00, 0x00, 0x00, 0x09,
0x00, 0x00, 0x00, 0x06, 0x00, 0x00, 0x00, 0x07, 0x00, 0x00, 0x00, 0x09, 0x00, 0x00, 0x00, 0x01,
0x00, 0x00, 0x00, 0x00, 0x00, 0x00, 0x00, 0xDF, 0x00, 0x00, 0x00, 0x0A, 0x00, 0x00, 0x00, 0x05,
0x00, 0x00, 0x00, 0x07, 0x00, 0x00, 0x00, 0x0A, 0x00, 0x00, 0x00, 0x01, 0x00, 0x00, 0x00, 0x00,
0x00, 0x00, 0x00, 0xE0, 0x00, 0x00, 0x00, 0x0A, 0x00, 0x00, 0x00, 0x05, 0x00, 0x00, 0x00, 0x07,
0x00, 0x00, 0x00, 0x0A, 0x00, 0x00, 0x00, 0x01, 0x00, 0x00, 0x00, 0x00, 0x00, 0x00, 0x00, 0xE1,
0x00, 0x00, 0x00, 0x0A, 0x00, 0x00, 0x00, 0x05, 0x00, 0x00, 0x00, 0x07, 0x00, 0x00, 0x00, 0x0A,
0x00, 0x00, 0x00, 0x01, 0x00, 0x00, 0x00, 0x00, 0x00, 0x00, 0x00, 0xE2, 0x00, 0x00, 0x00, 0x0A,
0x00, 0x00, 0x00, 0x05, 0x00, 0x00, 0x00, 0x07, 0x00, 0x00, 0x00, 0x0A, 0x00, 0x00, 0x00, 0x01,
0x00, 0x00, 0x00, 0x00, 0x00, 0x00, 0x00, 0xE3, 0x00, 0x00, 0x00, 0x0A, 0x00, 0x00, 0x00, 0x05,
0x00, 0x00, 0x00, 0x07, 0x00, 0x00, 0x00, 0x0A, 0x00, 0x00, 0x00, 0x01, 0x00, 0x00, 0x00, 0x00,
0x00, 0x00, 0x00, 0xE4, 0x00, 0x00, 0x00, 0x09, 0x00, 0x00, 0x00, 0x05, 0x00, 0x00, 0x00, 0x07,
0x00, 0x00, 0x00, 0x09, 0x00, 0x00, 0x00, 0x01, 0x00, 0x00, 0x00, 0x00, 0x00, 0x00, 0x00, 0xE5,
0x00, 0x00, 0x00, 0x0C, 0x00, 0x00, 0x00, 0x05, 0x00, 0x00, 0x00, 0x07, 0x00, 0x00, 0x00, 0x0C,
0x00, 0x00, 0x00, 0x01, 0x00, 0x00, 0x00, 0x00, 0x00, 0x00, 0x00, 0xE6, 0x00, 0x00, 0x00, 0x07,
0x00, 0x00, 0x00, 0x05, 0x00, 0x00, 0x00, 0x07, 0x00, 0x00, 0x00, 0x07, 0x00, 0x00, 0x00, 0x01,
0x00, 0x00, 0x00, 0x00, 0x00, 0x00, 0x00, 0xE7, 0x00, 0x00, 0x00, 0x09, 0x00, 0x00, 0x00, 0x05,
0x00, 0x00, 0x00, 0x07, 0x00, 0x00, 0x00, 0x07, 0x00, 0x00, 0x00, 0x01, 0x00, 0x00, 0x00, 0x00,
0x00, 0x00, 0x00, 0xE8, 0x00, 0x00, 0x00, 0x0A, 0x00, 0x00, 0x00, 0x05, 0x00, 0x00, 0x00, 0x07,
0x00, 0x00, 0x00, 0x0A, 0x00, 0x00, 0x00, 0x01, 0x00, 0x00, 0x00, 0x00, 0x00, 0x00, 0x00, 0xE9,
0x00, 0x00, 0x00, 0x0A, 0x00, 0x00, 0x00, 0x05, 0x00, 0x00, 0x00, 0x07, 0x00, 0x00, 0x00, 0x0A,
0x00, 0x00, 0x00, 0x01, 0x00, 0x00, 0x00, 0x00, 0x00, 0x00, 0x00, 0xEA, 0x00, 0x00, 0x00, 0x0A,
0x00, 0x00, 0x00, 0x05, 0x00, 0x00, 0x00, 0x07, 0x00, 0x00, 0x00, 0x0A, 0x00, 0x00, 0x00, 0x01,
0x00, 0x00, 0x00, 0x00, 0x00, 0x00, 0x00, 0xEB, 0x00, 0x00, 0x00, 0x09, 0x00, 0x00, 0x00, 0x05,
0x00, 0x00, 0x00, 0x07, 0x00, 0x00, 0x00, 0x09, 0x00, 0x00, 0x00, 0x01, 0x00, 0x00, 0x00, 0x00,
0x00, 0x00, 0x00, 0xEC, 0x00, 0x00, 0x00, 0x0A, 0x00, 0x00, 0x00, 0x05, 0x00, 0x00, 0x00, 0x07,
0x00, 0x00, 0x00, 0x0A, 0x00, 0x00, 0x00, 0x01, 0x00, 0x00, 0x00, 0x00, 0x00, 0x00, 0x00, 0xED,
0x00, 0x00, 0x00, 0x0A, 0x00, 0x00, 0x00, 0x05, 0x00, 0x00, 0x00, 0x07, 0x00, 0x00, 0x00, 0x0A,
0x00, 0x00, 0x00, 0x01, 0x00, 0x00, 0x00, 0x00, 0x00, 0x00, 0x00, 0xEE, 0x00, 0x00, 0x00, 0x0A,
0x00, 0x00, 0x00, 0x05, 0x00, 0x00, 0x00, 0x07, 0x00, 0x00, 0x00, 0x0A, 0x00, 0x00, 0x00, 0x01,
0x00, 0x00, 0x00, 0x00, 0x00, 0x00, 0x00, 0xEF, 0x00, 0x00, 0x00, 0x09, 0x00, 0x00, 0x00, 0x05,
0x00, 0x00, 0x00, 0x07, 0x00, 0x00, 0x00, 0x09, 0x00, 0x00, 0x00, 0x01, 0x00, 0x00, 0x00, 0x00,
0x00, 0x00, 0x00, 0xF0, 0x00, 0x00, 0x00, 0x0A, 0x00, 0x00, 0x00, 0x05, 0x00, 0x00, 0x00, 0x07,
0x00, 0x00, 0x00, 0x0A, 0x00, 0x00, 0x00, 0x01, 0x00, 0x00, 0x00, 0x00, 0x00, 0x00, 0x00, 0xF1,
0x00, 0x00, 0x00, 0x0A, 0x00, 0x00, 0x00, 0x05, 0x00, 0x00, 0x00, 0x07, 0x00, 0x00, 0x00, 0x0A,
0x00, 0x00, 0x00, 0x01, 0x00, 0x00, 0x00, 0x00, 0x00, 0x00, 0x00, 0xF2, 0x00, 0x00, 0x00, 0x0A,
0x00, 0x00, 0x00, 0x05, 0x00, 0x00, 0x00, 0x07, 0x00, 0x00, 0x00, 0x0A, 0x00, 0x00, 0x00, 0x01,
0x00, 0x00, 0x00, 0x00, 0x00, 0x00, 0x00, 0xF3, 0x00, 0x00, 0x00, 0x0A, 0x00, 0x00, 0x00, 0x05,
0x00, 0x00, 0x00, 0x07, 0x00, 0x00, 0x00, 0x0A, 0x00, 0x00, 0x00, 0x01, 0x00, 0x00, 0x00, 0x00,
0x00, 0x00, 0x00, 0xF4, 0x00, 0x00, 0x00, 0x0A, 0x00, 0x00, 0x00, 0x05, 0x00, 0x00, 0x00, 0x07,
0x00, 0x00, 0x00, 0x0A, 0x00, 0x00, 0x00, 0x01, 0x00, 0x00, 0x00, 0x00, 0x00, 0x00, 0x00, 0xF5,
0x00, 0x00, 0x00, 0x0A, 0x00, 0x00, 0x00, 0x05, 0x00, 0x00, 0x00, 0x07, 0x00, 0x00, 0x00, 0x0A,
0x00, 0x00, 0x00, 0x01, 0x00, 0x00, 0x00, 0x00, 0x00, 0x00, 0x00, 0xF6, 0x00, 0x00, 0x00, 0x09,
0x00, 0x00, 0x00, 0x05, 0x00, 0x00, 0x00, 0x07, 0x00, 0x00, 0x00, 0x09, 0x00, 0x00, 0x00, 0x01,
0x00, 0x00, 0x00, 0x00, 0x00, 0x00, 0x00, 0xF7, 0x00, 0x00, 0x00, 0x05, 0x00, 0x00, 0x00, 0x05,
0x00, 0x00, 0x00, 0x07, 0x00, 0x00, 0x00, 0x06, 0x00, 0x00, 0x00, 0x01, 0x00, 0x00, 0x00, 0x00,
0x00, 0x00, 0x00, 0xF8, 0x00, 0x00, 0x00, 0x09, 0x00, 0x00, 0x00, 0x07, 0x00, 0x00, 0x00, 0x07,
0x00, 0x00, 0x00, 0x08, 0x00, 0x00, 0x00, 0x00, 0x00, 0x00, 0x00, 0x00, 0x00, 0x00, 0x00, 0xF9,
0x00, 0x00, 0x00, 0x0A, 0x00, 0x00, 0x00, 0x05, 0x00, 0x00, 0x00, 0x07, 0x00, 0x00, 0x00, 0x0A,
0x00, 0x00, 0x00, 0x01, 0x00, 0x00, 0x00, 0x00, 0x00, 0x00, 0x00, 0xFA, 0x00, 0x00, 0x00, 0x0A,
0x00, 0x00, 0x00, 0x05, 0x00, 0x00, 0x00, 0x07, 0x00, 0x00, 0x00, 0x0A, 0x00, 0x00, 0x00, 0x01,
0x00, 0x00, 0x00, 0x00, 0x00, 0x00, 0x00, 0xFB, 0x00, 0x00, 0x00, 0x0A, 0x00, 0x00, 0x00, 0x05,
0x00, 0x00, 0x00, 0x07, 0x00, 0x00, 0x00, 0x0A, 0x00, 0x00, 0x00, 0x01, 0x00, 0x00, 0x00, 0x00,
0x00, 0x00, 0x00, 0xFC, 0x00, 0x00, 0x00, 0x09, 0x00, 0x00, 0x00, 0x05, 0x00, 0x00, 0x00, 0x07,
0x00, 0x00, 0x00, 0x09, 0x00, 0x00, 0x00, 0x01, 0x00, 0x00, 0x00, 0x00, 0x00, 0x00, 0x00, 0xFD,
0x00, 0x00, 0x00, 0x0D, 0x00, 0x00, 0x00, 0x06, 0x00, 0x00, 0x00, 0x07, 0x00, 0x00, 0x00, 0x0A,
0x00, 0x00, 0x00, 0x01, 0x00, 0x00, 0x00, 0x00, 0x00, 0x00, 0x00, 0xFE, 0x00, 0x00, 0x00, 0x0D,
0x00, 0x00, 0x00, 0x05, 0x00, 0x00, 0x00, 0x07, 0x00, 0x00, 0x00, 0x0A, 0x00, 0x00, 0x00, 0x01,
0x00, 0x00, 0x00, 0x00, 0x00, 0x00, 0x00, 0xFF, 0x00, 0x00, 0x00, 0x0C, 0x00, 0x00, 0x00, 0x06,
0x00, 0x00, 0x00, 0x07, 0x00, 0x00, 0x00, 0x09, 0x00, 0x00, 0x00, 0x01, 0x00, 0x00, 0x00, 0x00,
0x00, 0x00, 0x01, 0x00, 0x00, 0x00, 0x00, 0x0B, 0x00, 0x00, 0x00, 0x06, 0x00, 0x00, 0x00, 0x07,
0x00, 0x00, 0x00, 0x0B, 0x00, 0x00, 0x00, 0x01, 0x00, 0x00, 0x00, 0x00, 0x00, 0x00, 0x01, 0x01,
0x00, 0x00, 0x00, 0x09, 0x00, 0x00, 0x00, 0x05, 0x00, 0x00, 0x00, 0x07, 0x00, 0x00, 0x00, 0x09,
0x00, 0x00, 0x00, 0x01, 0x00, 0x00, 0x00, 0x00, 0x00, 0x00, 0x01, 0x02, 0x00, 0x00, 0x00, 0x0C,
0x00, 0x00, 0x00, 0x06, 0x00, 0x00, 0x00, 0x07, 0x00, 0x00, 0x00, 0x0C, 0x00, 0x00, 0x00, 0x01,
0x00, 0x00, 0x00, 0x00, 0x00, 0x00, 0x01, 0x03, 0x00, 0x00, 0x00, 0x0A, 0x00, 0x00, 0x00, 0x05,
0x00, 0x00, 0x00, 0x07, 0x00, 0x00, 0x00, 0x0A, 0x00, 0x00, 0x00, 0x01, 0x00, 0x00, 0x00, 0x00,
0x00, 0x00, 0x01, 0x04, 0x00, 0x00, 0x00, 0x0B, 0x00, 0x00, 0x00, 0x06, 0x00, 0x00, 0x00, 0x07,
0x00, 0x00, 0x00, 0x09, 0x00, 0x00, 0x00, 0x01, 0x00, 0x00, 0x00, 0x00, 0x00, 0x00, 0x01, 0x05,
0x00, 0x00, 0x00, 0x09, 0x00, 0x00, 0x00, 0x05, 0x00, 0x00, 0x00, 0x07, 0x00, 0x00, 0x00, 0x07,
0x00, 0x00, 0x00, 0x01, 0x00, 0x00, 0x00, 0x00, 0x00, 0x00, 0x01, 0x06, 0x00, 0x00, 0x00, 0x0C,
0x00, 0x00, 0x00, 0x06, 0x00, 0x00, 0x00, 0x07, 0x00, 0x00, 0x00, 0x0C, 0x00, 0x00, 0x00, 0x01,
0x00, 0x00, 0x00, 0x00, 0x00, 0x00, 0x01, 0x07, 0x00, 0x00, 0x00, 0x0A, 0x00, 0x00, 0x00, 0x06,
0x00, 0x00, 0x00, 0x07, 0x00, 0x00, 0x00, 0x0A, 0x00, 0x00, 0x00, 0x01, 0x00, 0x00, 0x00, 0x00,
0x00, 0x00, 0x01, 0x08, 0x00, 0x00, 0x00, 0x0C, 0x00, 0x00, 0x00, 0x06, 0x00, 0x00, 0x00, 0x07,
0x00, 0x00, 0x00, 0x0C, 0x00, 0x00, 0x00, 0x01, 0x00, 0x00, 0x00, 0x00, 0x00, 0x00, 0x01, 0x09,
0x00, 0x00, 0x00, 0x0A, 0x00, 0x00, 0x00, 0x06, 0x00, 0x00, 0x00, 0x07, 0x00, 0x00, 0x00, 0x0A,
0x00, 0x00, 0x00, 0x01, 0x00, 0x00, 0x00, 0x00, 0x00, 0x00, 0x01, 0x0A, 0x00, 0x00, 0x00, 0x0B,
0x00, 0x00, 0x00, 0x06, 0x00, 0x00, 0x00, 0x07, 0x00, 0x00, 0x00, 0x0B, 0x00, 0x00, 0x00, 0x01,
0x00, 0x00, 0x00, 0x00, 0x00, 0x00, 0x01, 0x0B, 0x00, 0x00, 0x00, 0x09, 0x00, 0x00, 0x00, 0x05,
0x00, 0x00, 0x00, 0x07, 0x00, 0x00, 0x00, 0x09, 0x00, 0x00, 0x00, 0x01, 0x00, 0x00, 0x00, 0x00,
0x00, 0x00, 0x01, 0x0C, 0x00, 0x00, 0x00, 0x0C, 0x00, 0x00, 0x00, 0x06, 0x00, 0x00, 0x00, 0x07,
0x00, 0x00, 0x00, 0x0C, 0x00, 0x00, 0x00, 0x01, 0x00, 0x00, 0x00, 0x00, 0x00, 0x00, 0x01, 0x0D,
0x00, 0x00, 0x00, 0x0A, 0x00, 0x00, 0x00, 0x06, 0x00, 0x00, 0x00, 0x07, 0x00, 0x00, 0x00, 0x0A,
0x00, 0x00, 0x00, 0x01, 0x00, 0x00, 0x00, 0x00, 0x00, 0x00, 0x01, 0x0E, 0x00, 0x00, 0x00, 0x0C,
0x00, 0x00, 0x00, 0x06, 0x00, 0x00, 0x00, 0x07, 0x00, 0x00, 0x00, 0x0C, 0x00, 0x00, 0x00, 0x01,
0x00, 0x00, 0x00, 0x00, 0x00, 0x00, 0x01, 0x0F, 0x00, 0x00, 0x00, 0x0A, 0x00, 0x00, 0x00, 0x08,
0x00, 0x00, 0x00, 0x07, 0x00, 0x00, 0x00, 0x0A, 0x00, 0x00, 0x00, 0x01, 0x00, 0x00, 0x00, 0x00,
0x00, 0x00, 0x01, 0x10, 0x00, 0x00, 0x00, 0x09, 0x00, 0x00, 0x00, 0x07, 0x00, 0x00, 0x00, 0x07,
0x00, 0x00, 0x00, 0x09, 0x00, 0x00, 0x00, 0x00, 0x00, 0x00, 0x00, 0x00, 0x00, 0x00, 0x01, 0x11,
0x00, 0x00, 0x00, 0x0A, 0x00, 0x00, 0x00, 0x06, 0x00, 0x00, 0x00, 0x07, 0x00, 0x00, 0x00, 0x0A,
0x00, 0x00, 0x00, 0x01, 0x00, 0x00, 0x00, 0x00, 0x00, 0x00, 0x01, 0x12, 0x00, 0x00, 0x00, 0x0B,
0x00, 0x00, 0x00, 0x06, 0x00, 0x00, 0x00, 0x07, 0x00, 0x00, 0x00, 0x0B, 0x00, 0x00, 0x00, 0x01,
0x00, 0x00, 0x00, 0x00, 0x00, 0x00, 0x01, 0x13, 0x00, 0x00, 0x00, 0x09, 0x00, 0x00, 0x00, 0x05,
0x00, 0x00, 0x00, 0x07, 0x00, 0x00, 0x00, 0x09, 0x00, 0x00, 0x00, 0x01, 0x00, 0x00, 0x00, 0x00,
0x00, 0x00, 0x01, 0x14, 0x00, 0x00, 0x00, 0x0C, 0x00, 0x00, 0x00, 0x06, 0x00, 0x00, 0x00, 0x07,
0x00, 0x00, 0x00, 0x0C, 0x00, 0x00, 0x00, 0x01, 0x00, 0x00, 0x00, 0x00, 0x00, 0x00, 0x01, 0x15,
0x00, 0x00, 0x00, 0x0A, 0x00, 0x00, 0x00, 0x05, 0x00, 0x00, 0x00, 0x07, 0x00, 0x00, 0x00, 0x0A,
0x00, 0x00, 0x00, 0x01, 0x00, 0x00, 0x00, 0x00, 0x00, 0x00, 0x01, 0x16, 0x00, 0x00, 0x00, 0x0B,
0x00, 0x00, 0x00, 0x06, 0x00, 0x00, 0x00, 0x07, 0x00, 0x00, 0x00, 0x0B, 0x00, 0x00, 0x00, 0x01,
0x00, 0x00, 0x00, 0x00, 0x00, 0x00, 0x01, 0x17, 0x00, 0x00, 0x00, 0x09, 0x00, 0x00, 0x00, 0x05,
0x00, 0x00, 0x00, 0x07, 0x00, 0x00, 0x00, 0x09, 0x00, 0x00, 0x00, 0x01, 0x00, 0x00, 0x00, 0x00,
0x00, 0x00, 0x01, 0x18, 0x00, 0x00, 0x00, 0x0B, 0x00, 0x00, 0x00, 0x06, 0x00, 0x00, 0x00, 0x07,
0x00, 0x00, 0x00, 0x09, 0x00, 0x00, 0x00, 0x01, 0x00, 0x00, 0x00, 0x00, 0x00, 0x00, 0x01, 0x19,
0x00, 0x00, 0x00, 0x09, 0x00, 0x00, 0x00, 0x05, 0x00, 0x00, 0x00, 0x07, 0x00, 0x00, 0x00, 0x07,
0x00, 0x00, 0x00, 0x01, 0x00, 0x00, 0x00, 0x00, 0x00, 0x00, 0x01, 0x1A, 0x00, 0x00, 0x00, 0x0C,
0x00, 0x00, 0x00, 0x06, 0x00, 0x00, 0x00, 0x07, 0x00, 0x00, 0x00, 0x0C, 0x00, 0x00, 0x00, 0x01,
0x00, 0x00, 0x00, 0x00, 0x00, 0x00, 0x01, 0x1B, 0x00, 0x00, 0x00, 0x0A, 0x00, 0x00, 0x00, 0x05,
0x00, 0x00, 0x00, 0x07, 0x00, 0x00, 0x00, 0x0A, 0x00, 0x00, 0x00, 0x01, 0x00, 0x00, 0x00, 0x00,
0x00, 0x00, 0x01, 0x1C, 0x00, 0x00, 0x00, 0x0C, 0x00, 0x00, 0x00, 0x06, 0x00, 0x00, 0x00, 0x07,
0x00, 0x00, 0x00, 0x0C, 0x00, 0x00, 0x00, 0x01, 0x00, 0x00, 0x00, 0x00, 0x00, 0x00, 0x01, 0x1D,
0x00, 0x00, 0x00, 0x0D, 0x00, 0x00, 0x00, 0x05, 0x00, 0x00, 0x00, 0x07, 0x00, 0x00, 0x00, 0x0A,
0x00, 0x00, 0x00, 0x01, 0x00, 0x00, 0x00, 0x00, 0x00, 0x00, 0x01, 0x1E, 0x00, 0x00, 0x00, 0x0C,
0x00, 0x00, 0x00, 0x06, 0x00, 0x00, 0x00, 0x07, 0x00, 0x00, 0x00, 0x0C, 0x00, 0x00, 0x00, 0x01,
0x00, 0x00, 0x00, 0x00, 0x00, 0x00, 0x01, 0x1F, 0x00, 0x00, 0x00, 0x0D, 0x00, 0x00, 0x00, 0x05,
0x00, 0x00, 0x00, 0x07, 0x00, 0x00, 0x00, 0x0A, 0x00, 0x00, 0x00, 0x01, 0x00, 0x00, 0x00, 0x00,
0x00, 0x00, 0x01, 0x20, 0x00, 0x00, 0x00, 0x0B, 0x00, 0x00, 0x00, 0x06, 0x00, 0x00, 0x00, 0x07,
0x00, 0x00, 0x00, 0x0B, 0x00, 0x00, 0x00, 0x01, 0x00, 0x00, 0x00, 0x00, 0x00, 0x00, 0x01, 0x21,
0x00, 0x00, 0x00, 0x0C, 0x00, 0x00, 0x00, 0x05, 0x00, 0x00, 0x00, 0x07, 0x00, 0x00, 0x00, 0x09,
0x00, 0x00, 0x00, 0x01, 0x00, 0x00, 0x00, 0x00, 0x00, 0x00, 0x01, 0x22, 0x00, 0x00, 0x00, 0x0C,
0x00, 0x00, 0x00, 0x06, 0x00, 0x00, 0x00, 0x07, 0x00, 0x00, 0x00, 0x09, 0x00, 0x00, 0x00, 0x01,
0x00, 0x00, 0x00, 0x00, 0x00, 0x00, 0x01, 0x23, 0x00, 0x00, 0x00, 0x0D, 0x00, 0x00, 0x00, 0x05,
0x00, 0x00, 0x00, 0x07, 0x00, 0x00, 0x00, 0x0A, 0x00, 0x00, 0x00, 0x01, 0x00, 0x00, 0x00, 0x00,
0x00, 0x00, 0x01, 0x24, 0x00, 0x00, 0x00, 0x0C, 0x00, 0x00, 0x00, 0x06, 0x00, 0x00, 0x00, 0x07,
0x00, 0x00, 0x00, 0x0C, 0x00, 0x00, 0x00, 0x01, 0x00, 0x00, 0x00, 0x00, 0x00, 0x00, 0x01, 0x25,
0x00, 0x00, 0x00, 0x0D, 0x00, 0x00, 0x00, 0x05, 0x00, 0x00, 0x00, 0x07, 0x00, 0x00, 0x00, 0x0D,
0x00, 0x00, 0x00, 0x01, 0x00, 0x00, 0x00, 0x00, 0x00, 0x00, 0x01, 0x26, 0x00, 0x00, 0x00, 0x09,
0x00, 0x00, 0x00, 0x08, 0x00, 0x00, 0x00, 0x07, 0x00, 0x00, 0x00, 0x09, 0x00, 0x00, 0x00, 0x00,
0x00, 0x00, 0x00, 0x00, 0x00, 0x00, 0x01, 0x27, 0x00, 0x00, 0x00, 0x0A, 0x00, 0x00, 0x00, 0x06,
0x00, 0x00, 0x00, 0x07, 0x00, 0x00, 0x00, 0x0A, 0x00, 0x00, 0x00, 0x00, 0x00, 0x00, 0x00, 0x00,
0x00, 0x00, 0x01, 0x28, 0x00, 0x00, 0x00, 0x0C, 0x00, 0x00, 0x00, 0x05, 0x00, 0x00, 0x00, 0x07,
0x00, 0x00, 0x00, 0x0C, 0x00, 0x00, 0x00, 0x01, 0x00, 0x00, 0x00, 0x00, 0x00, 0x00, 0x01, 0x29,
0x00, 0x00, 0x00, 0x0A, 0x00, 0x00, 0x00, 0x05, 0x00, 0x00, 0x00, 0x07, 0x00, 0x00, 0x00, 0x0A,
0x00, 0x00, 0x00, 0x01, 0x00, 0x00, 0x00, 0x00, 0x00, 0x00, 0x01, 0x2A, 0x00, 0x00, 0x00, 0x0B,
0x00, 0x00, 0x00, 0x05, 0x00, 0x00, 0x00, 0x07, 0x00, 0x00, 0x00, 0x0B, 0x00, 0x00, 0x00, 0x01,
0x00, 0x00, 0x00, 0x00, 0x00, 0x00, 0x01, 0x2B, 0x00, 0x00, 0x00, 0x09, 0x00, 0x00, 0x00, 0x05,
0x00, 0x00, 0x00, 0x07, 0x00, 0x00, 0x00, 0x09, 0x00, 0x00, 0x00, 0x01, 0x00, 0x00, 0x00, 0x00,
0x00, 0x00, 0x01, 0x2C, 0x00, 0x00, 0x00, 0x0C, 0x00, 0x00, 0x00, 0x05, 0x00, 0x00, 0x00, 0x07,
0x00, 0x00, 0x00, 0x0C, 0x00, 0x00, 0x00, 0x01, 0x00, 0x00, 0x00, 0x00, 0x00, 0x00, 0x01, 0x2D,
0x00, 0x00, 0x00, 0x0A, 0x00, 0x00, 0x00, 0x05, 0x00, 0x00, 0x00, 0x07, 0x00, 0x00, 0x00, 0x0A,
0x00, 0x00, 0x00, 0x01, 0x00, 0x00, 0x00, 0x00, 0x00, 0x00, 0x01, 0x2E, 0x00, 0x00, 0x00, 0x0B,
0x00, 0x00, 0x00, 0x05, 0x00, 0x00, 0x00, 0x07, 0x00, 0x00, 0x00, 0x09, 0x00, 0x00, 0x00, 0x01,
0x00, 0x00, 0x00, 0x00, 0x00, 0x00, 0x01, 0x2F, 0x00, 0x00, 0x00, 0x0C, 0x00, 0x00, 0x00, 0x05,
0x00, 0x00, 0x00, 0x07, 0x00, 0x00, 0x00, 0x0A, 0x00, 0x00, 0x00, 0x01, 0x00, 0x00, 0x00, 0x00,
0x00, 0x00, 0x01, 0x30, 0x00, 0x00, 0x00, 0x0B, 0x00, 0x00, 0x00, 0x05, 0x00, 0x00, 0x00, 0x07,
0x00, 0x00, 0x00, 0x0B, 0x00, 0x00, 0x00, 0x01, 0x00, 0x00, 0x00, 0x00, 0x00, 0x00, 0x01, 0x31,
0x00, 0x00, 0x00, 0x07, 0x00, 0x00, 0x00, 0x05, 0x00, 0x00, 0x00, 0x07, 0x00, 0x00, 0x00, 0x07,
0x00, 0x00, 0x00, 0x01, 0x00, 0x00, 0x00, 0x00, 0x00, 0x00, 0x01, 0x32, 0x00, 0x00, 0x00, 0x09,
0x00, 0x00, 0x00, 0x07, 0x00, 0x00, 0x00, 0x07, 0x00, 0x00, 0x00, 0x09, 0x00, 0x00, 0x00, 0x00,
0x00, 0x00, 0x00, 0x00, 0x00, 0x00, 0x01, 0x33, 0x00, 0x00, 0x00, 0x0D, 0x00, 0x00, 0x00, 0x06,
0x00, 0x00, 0x00, 0x07, 0x00, 0x00, 0x00, 0x0A, 0x00, 0x00, 0x00, 0x00, 0x00, 0x00, 0x00, 0x00,
0x00, 0x00, 0x01, 0x34, 0x00, 0x00, 0x00, 0x0C, 0x00, 0x00, 0x00, 0x05, 0x00, 0x00, 0x00, 0x07,
0x00, 0x00, 0x00, 0x0C, 0x00, 0x00, 0x00, 0x01, 0x00, 0x00, 0x00, 0x00, 0x00, 0x00, 0x01, 0x35,
0x00, 0x00, 0x00, 0x0D, 0x00, 0x00, 0x00, 0x04, 0x00, 0x00, 0x00, 0x07, 0x00, 0x00, 0x00, 0x0A,
0x00, 0x00, 0x00, 0x02, 0x00, 0x00, 0x00, 0x00, 0x00, 0x00, 0x01, 0x36, 0x00, 0x00, 0x00, 0x0C,
0x00, 0x00, 0x00, 0x07, 0x00, 0x00, 0x00, 0x07, 0x00, 0x00, 0x00, 0x09, 0x00, 0x00, 0x00, 0x01,
0x00, 0x00, 0x00, 0x00, 0x00, 0x00, 0x01, 0x37, 0x00, 0x00, 0x00, 0x0D, 0x00, 0x00, 0x00, 0x06,
0x00, 0x00, 0x00, 0x07, 0x00, 0x00, 0x00, 0x0A, 0x00, 0x00, 0x00, 0x01, 0x00, 0x00, 0x00, 0x00,
0x00, 0x00, 0x01, 0x38, 0x00, 0x00, 0x00, 0x07, 0x00, 0x00, 0x00, 0x06, 0x00, 0x00, 0x00, 0x07,
0x00, 0x00, 0x00, 0x07, 0x00, 0x00, 0x00, 0x01, 0x00, 0x00, 0x00, 0x00, 0x00, 0x00, 0x01, 0x39,
0x00, 0x00, 0x00, 0x0C, 0x00, 0x00, 0x00, 0x06, 0x00, 0x00, 0x00, 0x07, 0x00, 0x00, 0x00, 0x0C,
0x00, 0x00, 0x00, 0x01, 0x00, 0x00, 0x00, 0x00, 0x00, 0x00, 0x01, 0x3A, 0x00, 0x00, 0x00, 0x0D,
0x00, 0x00, 0x00, 0x05, 0x00, 0x00, 0x00, 0x07, 0x00, 0x00, 0x00, 0x0D, 0x00, 0x00, 0x00, 0x01,
0x00, 0x00, 0x00, 0x00, 0x00, 0x00, 0x01, 0x3B, 0x00, 0x00, 0x00, 0x0C, 0x00, 0x00, 0x00, 0x06,
0x00, 0x00, 0x00, 0x07, 0x00, 0x00, 0x00, 0x09, 0x00, 0x00, 0x00, 0x01, 0x00, 0x00, 0x00, 0x00,
0x00, 0x00, 0x01, 0x3C, 0x00, 0x00, 0x00, 0x0D, 0x00, 0x00, 0x00, 0x05, 0x00, 0x00, 0x00, 0x07,
0x00, 0x00, 0x00, 0x0A, 0x00, 0x00, 0x00, 0x01, 0x00, 0x00, 0x00, 0x00, 0x00, 0x00, 0x01, 0x3D,
0x00, 0x00, 0x00, 0x09, 0x00, 0x00, 0x00, 0x06, 0x00, 0x00, 0x00, 0x07, 0x00, 0x00, 0x00, 0x09,
0x00, 0x00, 0x00, 0x01, 0x00, 0x00, 0x00, 0x00, 0x00, 0x00, 0x01, 0x3E, 0x00, 0x00, 0x00, 0x0A,
0x00, 0x00, 0x00, 0x06, 0x00, 0x00, 0x00, 0x07, 0x00, 0x00, 0x00, 0x0A, 0x00, 0x00, 0x00, 0x01,
0x00, 0x00, 0x00, 0x00, 0x00, 0x00, 0x01, 0x3F, 0x00, 0x00, 0x00, 0x09, 0x00, 0x00, 0x00, 0x06,
0x00, 0x00, 0x00, 0x07, 0x00, 0x00, 0x00, 0x09, 0x00, 0x00, 0x00, 0x01, 0x00, 0x00, 0x00, 0x00,
0x00, 0x00, 0x01, 0x40, 0x00, 0x00, 0x00, 0x0A, 0x00, 0x00, 0x00, 0x06, 0x00, 0x00, 0x00, 0x07,
0x00, 0x00, 0x00, 0x0A, 0x00, 0x00, 0x00, 0x01, 0x00, 0x00, 0x00, 0x00, 0x00, 0x00, 0x01, 0x41,
0x00, 0x00, 0x00, 0x09, 0x00, 0x00, 0x00, 0x08, 0x00, 0x00, 0x00, 0x07, 0x00, 0x00, 0x00, 0x09,
0xFF, 0xFF, 0xFF, 0xFF, 0x00, 0x00, 0x00, 0x00, 0x00, 0x00, 0x01, 0x42, 0x00, 0x00, 0x00, 0x0A,
0x00, 0x00, 0x00, 0x06, 0x00, 0x00, 0x00, 0x07, 0x00, 0x00, 0x00, 0x0A, 0x00, 0x00, 0x00, 0x00,
0x00, 0x00, 0x00, 0x00, 0x00, 0x00, 0x01, 0x43, 0x00, 0x00, 0x00, 0x0C, 0x00, 0x00, 0x00, 0x06,
0x00, 0x00, 0x00, 0x07, 0x00, 0x00, 0x00, 0x0C, 0x00, 0x00, 0x00, 0x01, 0x00, 0x00, 0x00, 0x00,
0x00, 0x00, 0x01, 0x44, 0x00, 0x00, 0x00, 0x0A, 0x00, 0x00, 0x00, 0x05, 0x00, 0x00, 0x00, 0x07,
0x00, 0x00, 0x00, 0x0A, 0x00, 0x00, 0x00, 0x01, 0x00, 0x00, 0x00, 0x00, 0x00, 0x00, 0x01, 0x45,
0x00, 0x00, 0x00, 0x0C, 0x00, 0x00, 0x00, 0x06, 0x00, 0x00, 0x00, 0x07, 0x00, 0x00, 0x00, 0x09,
0x00, 0x00, 0x00, 0x01, 0x00, 0x00, 0x00, 0x00, 0x00, 0x00, 0x01, 0x46, 0x00, 0x00, 0x00, 0x0A,
0x00, 0x00, 0x00, 0x05, 0x00, 0x00, 0x00, 0x07, 0x00, 0x00, 0x00, 0x07, 0x00, 0x00, 0x00, 0x01,
0x00, 0x00, 0x00, 0x00, 0x00, 0x00, 0x01, 0x47, 0x00, 0x00, 0x00, 0x0C, 0x00, 0x00, 0x00, 0x06,
0x00, 0x00, 0x00, 0x07, 0x00, 0x00, 0x00, 0x0C, 0x00, 0x00, 0x00, 0x01, 0x00, 0x00, 0x00, 0x00,
0x00, 0x00, 0x01, 0x48, 0x00, 0x00, 0x00, 0x0A, 0x00, 0x00, 0x00, 0x05, 0x00, 0x00, 0x00, 0x07,
0x00, 0x00, 0x00, 0x0A, 0x00, 0x00, 0x00, 0x01, 0x00, 0x00, 0x00, 0x00, 0x00, 0x00, 0x01, 0x49,
0x00, 0x00, 0x00, 0x0A, 0x00, 0x00, 0x00, 0x08, 0x00, 0x00, 0x00, 0x07, 0x00, 0x00, 0x00, 0x0A,
0xFF, 0xFF, 0xFF, 0xFF, 0x00, 0x00, 0x00, 0x00, 0x00, 0x00, 0x01, 0x4A, 0x00, 0x00, 0x00, 0x0C,
0x00, 0x00, 0x00, 0x06, 0x00, 0x00, 0x00, 0x07, 0x00, 0x00, 0x00, 0x09, 0x00, 0x00, 0x00, 0x01,
0x00, 0x00, 0x00, 0x00, 0x00, 0x00, 0x01, 0x4B, 0x00, 0x00, 0x00, 0x0A, 0x00, 0x00, 0x00, 0x05,
0x00, 0x00, 0x00, 0x07, 0x00, 0x00, 0x00, 0x07, 0x00, 0x00, 0x00, 0x01, 0x00, 0x00, 0x00, 0x00,
0x00, 0x00, 0x01, 0x4C, 0x00, 0x00, 0x00, 0x0B, 0x00, 0x00, 0x00, 0x06, 0x00, 0x00, 0x00, 0x07,
0x00, 0x00, 0x00, 0x0B, 0x00, 0x00, 0x00, 0x01, 0x00, 0x00, 0x00, 0x00, 0x00, 0x00, 0x01, 0x4D,
0x00, 0x00, 0x00, 0x09, 0x00, 0x00, 0x00, 0x05, 0x00, 0x00, 0x00, 0x07, 0x00, 0x00, 0x00, 0x09,
0x00, 0x00, 0x00, 0x01, 0x00, 0x00, 0x00, 0x00, 0x00, 0x00, 0x01, 0x4E, 0x00, 0x00, 0x00, 0x0C,
0x00, 0x00, 0x00, 0x06, 0x00, 0x00, 0x00, 0x07, 0x00, 0x00, 0x00, 0x0C, 0x00, 0x00, 0x00, 0x01,
0x00, 0x00, 0x00, 0x00, 0x00, 0x00, 0x01, 0x4F, 0x00, 0x00, 0x00, 0x0A, 0x00, 0x00, 0x00, 0x05,
0x00, 0x00, 0x00, 0x07, 0x00, 0x00, 0x00, 0x0A, 0x00, 0x00, 0x00, 0x01, 0x00, 0x00, 0x00, 0x00,
0x00, 0x00, 0x01, 0x50, 0x00, 0x00, 0x00, 0x0C, 0x00, 0x00, 0x00, 0x06, 0x00, 0x00, 0x00, 0x07,
0x00, 0x00, 0x00, 0x0C, 0x00, 0x00, 0x00, 0x01, 0x00, 0x00, 0x00, 0x00, 0x00, 0x00, 0x01, 0x51,
0x00, 0x00, 0x00, 0x0A, 0x00, 0x00, 0x00, 0x05, 0x00, 0x00, 0x00, 0x07, 0x00, 0x00, 0x00, 0x0A,
0x00, 0x00, 0x00, 0x01, 0x00, 0x00, 0x00, 0x00, 0x00, 0x00, 0x01, 0x52, 0x00, 0x00, 0x00, 0x09,
0x00, 0x00, 0x00, 0x06, 0x00, 0x00, 0x00, 0x07, 0x00, 0x00, 0x00, 0x09, 0x00, 0x00, 0x00, 0x01,
0x00, 0x00, 0x00, 0x00, 0x00, 0x00, 0x01, 0x53, 0x00, 0x00, 0x00, 0x07, 0x00, 0x00, 0x00, 0x05,
0x00, 0x00, 0x00, 0x07, 0x00, 0x00, 0x00, 0x07, 0x00, 0x00, 0x00, 0x01, 0x00, 0x00, 0x00, 0x00,
0x00, 0x00, 0x01, 0x54, 0x00, 0x00, 0x00, 0x0C, 0x00, 0x00, 0x00, 0x07, 0x00, 0x00, 0x00, 0x07,
0x00, 0x00, 0x00, 0x0C, 0x00, 0x00, 0x00, 0x01, 0x00, 0x00, 0x00, 0x00, 0x00, 0x00, 0x01, 0x55,
0x00, 0x00, 0x00, 0x0A, 0x00, 0x00, 0x00, 0x05, 0x00, 0x00, 0x00, 0x07, 0x00, 0x00, 0x00, 0x0A,
0x00, 0x00, 0x00, 0x02, 0x00, 0x00, 0x00, 0x00, 0x00, 0x00, 0x01, 0x56, 0x00, 0x00, 0x00, 0x0C,
0x00, 0x00, 0x00, 0x07, 0x00, 0x00, 0x00, 0x07, 0x00, 0x00, 0x00, 0x09, 0x00, 0x00, 0x00, 0x01,
0x00, 0x00, 0x00, 0x00, 0x00, 0x00, 0x01, 0x57, 0x00, 0x00, 0x00, 0x0A, 0x00, 0x00, 0x00, 0x06,
0x00, 0x00, 0x00, 0x07, 0x00, 0x00, 0x00, 0x07, 0x00, 0x00, 0x00, 0x01, 0x00, 0x00, 0x00, 0x00,
0x00, 0x00, 0x01, 0x58, 0x00, 0x00, 0x00, 0x0C, 0x00, 0x00, 0x00, 0x07, 0x00, 0x00, 0x00, 0x07,
0x00, 0x00, 0x00, 0x0C, 0x00, 0x00, 0x00, 0x01, 0x00, 0x00, 0x00, 0x00, 0x00, 0x00, 0x01, 0x59,
0x00, 0x00, 0x00, 0x0A, 0x00, 0x00, 0x00, 0x05, 0x00, 0x00, 0x00, 0x07, 0x00, 0x00, 0x00, 0x0A,
0x00, 0x00, 0x00, 0x02, 0x00, 0x00, 0x00, 0x00, 0x00, 0x00, 0x01, 0x5A, 0x00, 0x00, 0x00, 0x0C,
0x00, 0x00, 0x00, 0x06, 0x00, 0x00, 0x00, 0x07, 0x00, 0x00, 0x00, 0x0C, 0x00, 0x00, 0x00, 0x01,
0x00, 0x00, 0x00, 0x00, 0x00, 0x00, 0x01, 0x5B, 0x00, 0x00, 0x00, 0x0A, 0x00, 0x00, 0x00, 0x05,
0x00, 0x00, 0x00, 0x07, 0x00, 0x00, 0x00, 0x0A, 0x00, 0x00, 0x00, 0x01, 0x00, 0x00, 0x00, 0x00,
0x00, 0x00, 0x01, 0x5C, 0x00, 0x00, 0x00, 0x0C, 0x00, 0x00, 0x00, 0x06, 0x00, 0x00, 0x00, 0x07,
0x00, 0x00, 0x00, 0x0C, 0x00, 0x00, 0x00, 0x01, 0x00, 0x00, 0x00, 0x00, 0x00, 0x00, 0x01, 0x5D,
0x00, 0x00, 0x00, 0x0A, 0x00, 0x00, 0x00, 0x05, 0x00, 0x00, 0x00, 0x07, 0x00, 0x00, 0x00, 0x0A,
0x00, 0x00, 0x00, 0x01, 0x00, 0x00, 0x00, 0x00, 0x00, 0x00, 0x01, 0x5E, 0x00, 0x00, 0x00, 0x0B,
0x00, 0x00, 0x00, 0x06, 0x00, 0x00, 0x00, 0x07, 0x00, 0x00, 0x00, 0x09, 0x00, 0x00, 0x00, 0x01,
0x00, 0x00, 0x00, 0x00, 0x00, 0x00, 0x01, 0x5F, 0x00, 0x00, 0x00, 0x09, 0x00, 0x00, 0x00, 0x05,
0x00, 0x00, 0x00, 0x07, 0x00, 0x00, 0x00, 0x07, 0x00, 0x00, 0x00, 0x01, 0x00, 0x00, 0x00, 0x00,
0x00, 0x00, 0x01, 0x60, 0x00, 0x00, 0x00, 0x0C, 0x00, 0x00, 0x00, 0x06, 0x00, 0x00, 0x00, 0x07,
0x00, 0x00, 0x00, 0x0C, 0x00, 0x00, 0x00, 0x01, 0x00, 0x00, 0x00, 0x00, 0x00, 0x00, 0x01, 0x61,
0x00, 0x00, 0x00, 0x0A, 0x00, 0x00, 0x00, 0x05, 0x00, 0x00, 0x00, 0x07, 0x00, 0x00, 0x00, 0x0A,
0x00, 0x00, 0x00, 0x01, 0x00, 0x00, 0x00, 0x00, 0x00, 0x00, 0x01, 0x62, 0x00, 0x00, 0x00, 0x0B,
0x00, 0x00, 0x00, 0x07, 0x00, 0x00, 0x00, 0x07, 0x00, 0x00, 0x00, 0x09, 0x00, 0x00, 0x00, 0x00,
0x00, 0x00, 0x00, 0x00, 0x00, 0x00, 0x01, 0x63, 0x00, 0x00, 0x00, 0x0B, 0x00, 0x00, 0x00, 0x05,
0x00, 0x00, 0x00, 0x07, 0x00, 0x00, 0x00, 0x09, 0x00, 0x00, 0x00, 0x01, 0x00, 0x00, 0x00, 0x00,
0x00, 0x00, 0x01, 0x64, 0x00, 0x00, 0x00, 0x0C, 0x00, 0x00, 0x00, 0x07, 0x00, 0x00, 0x00, 0x07,
0x00, 0x00, 0x00, 0x0C, 0x00, 0x00, 0x00, 0x00, 0x00, 0x00, 0x00, 0x00, 0x00, 0x00, 0x01, 0x65,
0x00, 0x00, 0x00, 0x09, 0x00, 0x00, 0x00, 0x06, 0x00, 0x00, 0x00, 0x07, 0x00, 0x00, 0x00, 0x09,
0x00, 0x00, 0x00, 0x01, 0x00, 0x00, 0x00, 0x00, 0x00, 0x00, 0x01, 0x66, 0x00, 0x00, 0x00, 0x09,
0x00, 0x00, 0x00, 0x07, 0x00, 0x00, 0x00, 0x07, 0x00, 0x00, 0x00, 0x09, 0x00, 0x00, 0x00, 0x00,
0x00, 0x00, 0x00, 0x00, 0x00, 0x00, 0x01, 0x67, 0x00, 0x00, 0x00, 0x09, 0x00, 0x00, 0x00, 0x05,
0x00, 0x00, 0x00, 0x07, 0x00, 0x00, 0x00, 0x09, 0x00, 0x00, 0x00, 0x01, 0x00, 0x00, 0x00, 0x00,
0x00, 0x00, 0x01, 0x68, 0x00, 0x00, 0x00, 0x0C, 0x00, 0x00, 0x00, 0x06, 0x00, 0x00, 0x00, 0x07,
0x00, 0x00, 0x00, 0x0C, 0x00, 0x00, 0x00, 0x01, 0x00, 0x00, 0x00, 0x00, 0x00, 0x00, 0x01, 0x69,
0x00, 0x00, 0x00, 0x0A, 0x00, 0x00, 0x00, 0x05, 0x00, 0x00, 0x00, 0x07, 0x00, 0x00, 0x00, 0x0A,
0x00, 0x00, 0x00, 0x01, 0x00, 0x00, 0x00, 0x00, 0x00, 0x00, 0x01, 0x6A, 0x00, 0x00, 0x00, 0x0B,
0x00, 0x00, 0x00, 0x06, 0x00, 0x00, 0x00, 0x07, 0x00, 0x00, 0x00, 0x0B, 0x00, 0x00, 0x00, 0x01,
0x00, 0x00, 0x00, 0x00, 0x00, 0x00, 0x01, 0x6B, 0x00, 0x00, 0x00, 0x09, 0x00, 0x00, 0x00, 0x05,
0x00, 0x00, 0x00, 0x07, 0x00, 0x00, 0x00, 0x09, 0x00, 0x00, 0x00, 0x01, 0x00, 0x00, 0x00, 0x00,
0x00, 0x00, 0x01, 0x6C, 0x00, 0x00, 0x00, 0x0C, 0x00, 0x00, 0x00, 0x06, 0x00, 0x00, 0x00, 0x07,
0x00, 0x00, 0x00, 0x0C, 0x00, 0x00, 0x00, 0x01, 0x00, 0x00, 0x00, 0x00, 0x00, 0x00, 0x01, 0x6D,
0x00, 0x00, 0x00, 0x0A, 0x00, 0x00, 0x00, 0x05, 0x00, 0x00, 0x00, 0x07, 0x00, 0x00, 0x00, 0x0A,
0x00, 0x00, 0x00, 0x01, 0x00, 0x00, 0x00, 0x00, 0x00, 0x00, 0x01, 0x6E, 0x00, 0x00, 0x00, 0x0D,
0x00, 0x00, 0x00, 0x06, 0x00, 0x00, 0x00, 0x07, 0x00, 0x00, 0x00, 0x0D, 0x00, 0x00, 0x00, 0x01,
0x00, 0x00, 0x00, 0x00, 0x00, 0x00, 0x01, 0x6F, 0x00, 0x00, 0x00, 0x0C, 0x00, 0x00, 0x00, 0x05,
0x00, 0x00, 0x00, 0x07, 0x00, 0x00, 0x00, 0x0C, 0x00, 0x00, 0x00, 0x01, 0x00, 0x00, 0x00, 0x00,
0x00, 0x00, 0x01, 0x70, 0x00, 0x00, 0x00, 0x0C, 0x00, 0x00, 0x00, 0x06, 0x00, 0x00, 0x00, 0x07,
0x00, 0x00, 0x00, 0x0C, 0x00, 0x00, 0x00, 0x01, 0x00, 0x00, 0x00, 0x00, 0x00, 0x00, 0x01, 0x71,
0x00, 0x00, 0x00, 0x0A, 0x00, 0x00, 0x00, 0x05, 0x00, 0x00, 0x00, 0x07, 0x00, 0x00, 0x00, 0x0A,
0x00, 0x00, 0x00, 0x01, 0x00, 0x00, 0x00, 0x00, 0x00, 0x00, 0x01, 0x72, 0x00, 0x00, 0x00, 0x0B,
0x00, 0x00, 0x00, 0x06, 0x00, 0x00, 0x00, 0x07, 0x00, 0x00, 0x00, 0x09, 0x00, 0x00, 0x00, 0x01,
0x00, 0x00, 0x00, 0x00, 0x00, 0x00, 0x01, 0x73, 0x00, 0x00, 0x00, 0x09, 0x00, 0x00, 0x00, 0x05,
0x00, 0x00, 0x00, 0x07, 0x00, 0x00, 0x00, 0x07, 0x00, 0x00, 0x00, 0x01, 0x00, 0x00, 0x00, 0x00,
0x00, 0x00, 0x01, 0x74, 0x00, 0x00, 0x00, 0x0C, 0x00, 0x00, 0x00, 0x07, 0x00, 0x00, 0x00, 0x07,
0x00, 0x00, 0x00, 0x0C, 0x00, 0x00, 0x00, 0x00, 0x00, 0x00, 0x00, 0x00, 0x00, 0x00, 0x01, 0x75,
0x00, 0x00, 0x00, 0x0A, 0x00, 0x00, 0x00, 0x08, 0x00, 0x00, 0x00, 0x07, 0x00, 0x00, 0x00, 0x0A,
0x00, 0x00, 0x00, 0x00, 0x00, 0x00, 0x00, 0x00, 0x00, 0x00, 0x01, 0x76, 0x00, 0x00, 0x00, 0x0C,
0x00, 0x00, 0x00, 0x07, 0x00, 0x00, 0x00, 0x07, 0x00, 0x00, 0x00, 0x0C, 0x00, 0x00, 0x00, 0x00,
0x00, 0x00, 0x00, 0x00, 0x00, 0x00, 0x01, 0x77, 0x00, 0x00, 0x00, 0x0D, 0x00, 0x00, 0x00, 0x06,
0x00, 0x00, 0x00, 0x07, 0x00, 0x00, 0x00, 0x0A, 0x00, 0x00, 0x00, 0x01, 0x00, 0x00, 0x00, 0x00,
0x00, 0x00, 0x01, 0x78, 0x00, 0x00, 0x00, 0x0B, 0x00, 0x00, 0x00, 0x07, 0x00, 0x00, 0x00, 0x07,
0x00, 0x00, 0x00, 0x0B, 0x00, 0x00, 0x00, 0x00, 0x00, 0x00, 0x00, 0x00, 0x00, 0x00, 0x01, 0x79,
0x00, 0x00, 0x00, 0x0C, 0x00, 0x00, 0x00, 0x06, 0x00, 0x00, 0x00, 0x07, 0x00, 0x00, 0x00, 0x0C,
0x00, 0x00, 0x00, 0x01, 0x00, 0x00, 0x00, 0x00, 0x00, 0x00, 0x01, 0x7A, 0x00, 0x00, 0x00, 0x0A,
0x00, 0x00, 0x00, 0x06, 0x00, 0x00, 0x00, 0x07, 0x00, 0x00, 0x00, 0x0A, 0x00, 0x00, 0x00, 0x01,
0x00, 0x00, 0x00, 0x00, 0x00, 0x00, 0x01, 0x7B, 0x00, 0x00, 0x00, 0x0B, 0x00, 0x00, 0x00, 0x06,
0x00, 0x00, 0x00, 0x07, 0x00, 0x00, 0x00, 0x0B, 0x00, 0x00, 0x00, 0x01, 0x00, 0x00, 0x00, 0x00,
0x00, 0x00, 0x01, 0x7C, 0x00, 0x00, 0x00, 0x09, 0x00, 0x00, 0x00, 0x05, 0x00, 0x00, 0x00, 0x07,
0x00, 0x00, 0x00, 0x09, 0x00, 0x00, 0x00, 0x01, 0x00, 0x00, 0x00, 0x00, 0x00, 0x00, 0x01, 0x7D,
0x00, 0x00, 0x00, 0x0C, 0x00, 0x00, 0x00, 0x06, 0x00, 0x00, 0x00, 0x07, 0x00, 0x00, 0x00, 0x0C,
0x00, 0x00, 0x00, 0x01, 0x00, 0x00, 0x00, 0x00, 0x00, 0x00, 0x01, 0x7E, 0x00, 0x00, 0x00, 0x0A,
0x00, 0x00, 0x00, 0x05, 0x00, 0x00, 0x00, 0x07, 0x00, 0x00, 0x00, 0x0A, 0x00, 0x00, 0x00, 0x01,
0x00, 0x00, 0x00, 0x00, 0x00, 0x00, 0x01, 0x7F, 0x00, 0x00, 0x00, 0x0A, 0x00, 0x00, 0x00, 0x05,
0x00, 0x00, 0x00, 0x07, 0x00, 0x00, 0x00, 0x0A, 0x00, 0x00, 0x00, 0x01, 0x00, 0x00, 0x00, 0x00,
0xFF, 0xFF, 0xFF, 0xFF, 0xF0, 0xD5, 0x00, 0xFF, 0xFF, 0xFF, 0x00, 0xFF, 0xFF, 0x00, 0xFF, 0xFF,
0x00, 0xFF, 0x00, 0x00, 0x2B, 0xBD, 0x00, 0xD7, 0x11, 0x00, 0x00, 0x76, 0x71, 0x29, 0xC1, 0x00,
0x58, 0xFF, 0xFF, 0xFF, 0xFF, 0xFF, 0xFF, 0x00, 0x02, 0xE4, 0x04, 0xA3, 0x45, 0x00, 0x00, 0x31,
0xBA, 0x00, 0xDB, 0x0D, 0x00, 0xFF, 0xFF, 0xFF, 0xFF, 0xFF, 0xFF, 0x58, 0x00, 0xAF, 0x3C, 0x5F,
0x8A, 0x00, 0x00, 0x06, 0xDF, 0x02, 0xAA, 0x40, 0x00, 0x00, 0x00, 0x00, 0xFF, 0x00, 0x00, 0x48,
0xDF, 0xFF, 0xD5, 0x54, 0xE0, 0x46, 0xFF, 0x26, 0xA7, 0xF2, 0x13, 0xFF, 0x00, 0x00, 0x8B, 0xB9,
0xFF, 0x2E, 0x00, 0x00, 0x3B, 0xFF, 0xBB, 0x7D, 0x00, 0x00, 0xFF, 0x15, 0xF0, 0xA1, 0x22, 0xFF,
0x42, 0xDC, 0x5B, 0xDB, 0xFF, 0xDC, 0x41, 0x00, 0x00, 0xFF, 0x00, 0x00, 0x00, 0x00, 0xFF, 0x00,
0x00, 0x4C, 0xE4, 0xE1, 0x48, 0x00, 0x00, 0x00, 0xE5, 0x3A, 0x3B, 0xE2, 0x00, 0x00, 0x00, 0xE5,
0x38, 0x3A, 0xE3, 0x00, 0x00, 0x19, 0x4C, 0xE5, 0xE4, 0x4D, 0x5A, 0xB9, 0x5F, 0x00, 0x08, 0x69,
0xBB, 0x68, 0x07, 0x00, 0x4E, 0xBA, 0x59, 0x4F, 0xE5, 0xE1, 0x46, 0x0E, 0x00, 0x00, 0xE5, 0x3A,
0x3C, 0xE1, 0x00, 0x00, 0x00, 0xE6, 0x38, 0x3A, 0xE3, 0x00, 0x00, 0x00, 0x51, 0xE7, 0xE4, 0x49,
0x00, 0x48, 0xDA, 0xFE, 0xFF, 0x00, 0x00, 0xE3, 0x4B, 0x02, 0x00, 0x00, 0x00, 0xED, 0x1C, 0x00,
0x00, 0x00, 0x00, 0x9E, 0x9A, 0x00, 0x00, 0x00, 0x38, 0xE8, 0xE4, 0x4C, 0x00, 0x00, 0xCE, 0x53,
0x3D, 0xE6, 0x14, 0xF1, 0xF4, 0x12, 0x00, 0x89, 0xAE, 0xB5, 0xB4, 0xA8, 0x1E, 0x07, 0xDA, 0x3B,
0x17, 0xAB, 0xF0, 0xC2, 0x8F, 0xAF, 0xFF, 0xFF, 0xFF, 0x00, 0x80, 0xAE, 0x13, 0xED, 0x1B, 0x71,
0x9E, 0x00, 0xBC, 0x4B, 0x00, 0xEA, 0x17, 0x00, 0xFB, 0x05, 0x00, 0xEA, 0x17, 0x00, 0xBC, 0x4B,
0x00, 0x70, 0x9E, 0x00, 0x12, 0xED, 0x1C, 0x00, 0x7F, 0xAF, 0xAF, 0x7F, 0x00, 0x1C, 0xED, 0x12,
0x00, 0x9E, 0x70, 0x00, 0x4C, 0xBB, 0x00, 0x17, 0xEA, 0x00, 0x06, 0xFA, 0x00, 0x18, 0xEA, 0x00,
0x4D, 0xBB, 0x00, 0xA0, 0x71, 0x1D, 0xEE, 0x13, 0xB0, 0x7F, 0x00, 0x00, 0x00, 0xFF, 0x00, 0x00,
0x9F, 0x1C, 0xFF, 0x1C, 0x9F, 0x1C, 0xA7, 0xFF, 0xA8, 0x1B, 0x1B, 0xA8, 0xFF, 0xA7, 0x1B, 0xA0,
0x1C, 0xFF, 0x1C, 0xA0, 0x00, 0x00, 0xFF, 0x00, 0x00, 0x00, 0x00, 0x00, 0xFF, 0x00, 0x00, 0x00,
0x00, 0x00, 0x00, 0xFF, 0x00, 0x00, 0x00, 0x00, 0x00, 0x00, 0xFF, 0x00, 0x00, 0x00, 0xFF, 0xFF,
0xFF, 0xFF, 0xFF, 0xFF, 0xFF, 0x00, 0x00, 0x00, 0xFF, 0x00, 0x00, 0x00, 0x00, 0x00, 0x00, 0xFF,
0x00, 0x00, 0x00, 0x00, 0x00, 0x00, 0xFF, 0x00, 0x00, 0x00, 0x00, 0xFF, 0x3B, 0xC4, 0xBE, 0x41,
0xFF, 0xFF, 0xFF, 0xFF, 0xFF, 0x00, 0x00, 0x00, 0x00, 0x40, 0xBF, 0x00, 0x00, 0x00, 0x00, 0xC0,
0x3F, 0x00, 0x00, 0x00, 0x40, 0xBF, 0x00, 0x00, 0x00, 0x00, 0xC0, 0x3F, 0x00, 0x00, 0x00, 0x40,
0xBF, 0x00, 0x00, 0x00, 0x00, 0xC0, 0x3F, 0x00, 0x00, 0x00, 0x40, 0xBF, 0x00, 0x00, 0x00, 0x00,
0xC0, 0x3F, 0x00, 0x00, 0x00, 0x40, 0xBF, 0x00, 0x00, 0x00, 0x00, 0xC0, 0x3F, 0x00, 0x00, 0x00,
0x00, 0x02, 0x8E, 0xEF, 0xEF, 0x8C, 0x01, 0x6D, 0xCB, 0x20, 0x21, 0xCD, 0x69, 0xC8, 0x46, 0x00,
0x00, 0x48, 0xC6, 0xF1, 0x14, 0x00, 0x00, 0x15, 0xF0, 0xFD, 0x05, 0x00, 0xB4, 0x05, 0xFC, 0xF1,
0x14, 0x00, 0x00, 0x15, 0xF0, 0xC8, 0x45, 0x00, 0x00, 0x48, 0xC6, 0x6D, 0xC9, 0x20, 0x20, 0xCB,
0x69, 0x02, 0x8F, 0xF0, 0xF0, 0x8D, 0x02, 0xFF, 0xFF, 0xFF, 0x00, 0x00, 0x00, 0x00, 0xFF, 0x00,
0x00, 0x00, 0x00, 0xFF, 0x00, 0x00, 0x00, 0x00, 0xFF, 0x00, 0x00, 0x00, 0x00, 0xFF, 0x00, 0x00,
0x00, 0x00, 0xFF, 0x00, 0x00, 0x00, 0x00, 0xFF, 0x00, 0x00, 0x00, 0x00, 0xFF, 0x00, 0x00, 0xFF,
0xFF, 0xFF, 0xFF, 0xFF, 0x45, 0xBF, 0xF2, 0xE5, 0x9A, 0x12, 0x00, 0xC3, 0x4F, 0x15, 0x12, 0x8D,
0xB3, 0x00, 0x00, 0x00, 0x00, 0x00, 0x0F, 0xF7, 0x00, 0x00, 0x00, 0x00, 0x00, 0x4E, 0xD5, 0x00,
0x00, 0x00, 0x00, 0x29, 0xE8, 0x48, 0x00, 0x00, 0x00, 0x36, 0xE7, 0x62, 0x00, 0x00, 0x00, 0x4F,
0xEA, 0x4B, 0x00, 0x00, 0x00, 0x6E, 0xE6, 0x34, 0x00, 0x00, 0x00, 0x00, 0xFF, 0xFF, 0xFF, 0xFF,
0xFF, 0xFF, 0x10, 0x3F, 0xB6, 0xF1, 0xE5, 0x99, 0x12, 0xC0, 0x4A, 0x12, 0x13, 0x86, 0xB4, 0x00,
0x00, 0x00, 0x00, 0x0D, 0xF4, 0x00, 0x00, 0x00, 0x0F, 0x82, 0xBD, 0x00, 0x00, 0xFF, 0xFF, 0xE7,
0x20, 0x00, 0x00, 0x00, 0x10, 0x85, 0xB6, 0x00, 0x00, 0x00, 0x00, 0x0E, 0xF5, 0xB8, 0x3D, 0x0C,
0x18, 0x8F, 0xBF, 0x48, 0xC3, 0xF4, 0xE8, 0xA3, 0x19, 0x00, 0x00, 0x00, 0xB7, 0xFF, 0x00, 0x00,
0x00, 0x55, 0xD5, 0xFF, 0x00, 0x00, 0x0D, 0xE3, 0x3D, 0xFF, 0x00, 0x00, 0x91, 0x9C, 0x00, 0xFF,
0x00, 0x31, 0xE7, 0x12, 0x00, 0xFF, 0x00, 0xCA, 0x5F, 0x00, 0x00, 0xFF, 0x00, 0xFF, 0xFF, 0xFF,
0xFF, 0xFF, 0xFF, 0x00, 0x00, 0x00, 0x00, 0xFF, 0x00, 0x00, 0x00, 0x00, 0x00, 0xFF, 0x00, 0xFF,
0xFF, 0xFF, 0xFF, 0xFF, 0x00, 0xFF, 0x00, 0x00, 0x00, 0x00, 0x00, 0xFF, 0x00, 0x00, 0x00, 0x00,
0x00, 0xFF, 0xE9, 0xF6, 0xD4, 0x71, 0x03, 0x00, 0x00, 0x07, 0x32, 0xC1, 0x86, 0x00, 0x00, 0x00,
0x00, 0x1D, 0xE6, 0x00, 0x00, 0x00, 0x00, 0x19, 0xE7, 0xB5, 0x38, 0x0A, 0x24, 0xB2, 0x91, 0x54,
0xCF, 0xF5, 0xDE, 0x85, 0x08, 0x00, 0x42, 0xC4, 0xF6, 0xE5, 0x5E, 0x3A, 0xE8, 0x56, 0x11, 0x1B,
0xA2, 0xB3, 0x60, 0x00, 0x00, 0x00, 0x00, 0xEC, 0x75, 0xE6, 0xEF, 0xAA, 0x15, 0xFD, 0x9F, 0x17,
0x12, 0x99, 0xA7, 0xF2, 0x15, 0x00, 0x00, 0x13, 0xEC, 0xCC, 0x15, 0x00, 0x00, 0x13, 0xEC, 0x76,
0xA4, 0x16, 0x12, 0x99, 0xA6, 0x04, 0x93, 0xEE, 0xEF, 0xAB, 0x15, 0xFF, 0xFF, 0xFF, 0xFF, 0xFF,
0xF2, 0x00, 0x00, 0x00, 0x00, 0x8F, 0x8B, 0x00, 0x00, 0x00, 0x11, 0xED, 0x1C, 0x00, 0x00, 0x00,
0x7A, 0xA0, 0x00, 0x00, 0x00, 0x07, 0xE6, 0x2B, 0x00, 0x00, 0x00, 0x65, 0xB4, 0x00, 0x00, 0x00,
0x01, 0xD8, 0x3E, 0x00, 0x00, 0x00, 0x50, 0xC8, 0x00, 0x00, 0x00, 0x00, 0xC5, 0x52, 0x00, 0x00,
0x00, 0x22, 0xB3, 0xEF, 0xEF, 0xB2, 0x20, 0xC6, 0x81, 0x0F, 0x0F, 0x81, 0xC5, 0xF5, 0x0C, 0x00,
0x00, 0x0D, 0xF4, 0xAD, 0x7D, 0x0E, 0x0E, 0x7D, 0xAA, 0x18, 0xDB, 0xFF, 0xFF, 0xDB, 0x18, 0xB6,
0x81, 0x0F, 0x10, 0x83, 0xB8, 0xF6, 0x0D, 0x00, 0x00, 0x0D, 0xF5, 0xC9, 0x83, 0x10, 0x0F, 0x82,
0xC8, 0x24, 0xB6, 0xF0, 0xF0, 0xB6, 0x24, 0x16, 0xAC, 0xEF, 0xED, 0x91, 0x03, 0xA9, 0x9C, 0x13,
0x17, 0xA7, 0x74, 0xED, 0x13, 0x00, 0x00, 0x16, 0xCB, 0xED, 0x12, 0x00, 0x00, 0x16, 0xF2, 0xA8,
0x96, 0x12, 0x16, 0xA1, 0xFC, 0x16, 0xAB, 0xEF, 0xE6, 0x77, 0xEB, 0x00, 0x00, 0x00, 0x00, 0x61,
0xB2, 0x9F, 0x22, 0x11, 0x56, 0xE7, 0x3A, 0x60, 0xDF, 0xF6, 0xC4, 0x43, 0x00, 0xFF, 0xFF, 0x00,
0x00, 0xFF, 0xFF, 0x00, 0xFF, 0x00, 0xFF, 0x00, 0x00, 0x00, 0x00, 0x00, 0xFF, 0x3B, 0xC4, 0xBE,
0x41, 0x00, 0x00, 0x00, 0x08, 0x5F, 0xCA, 0x00, 0x22, 0x8A, 0xE8, 0xB0, 0x4B, 0xB5, 0xDB, 0x7A,
0x19, 0x00, 0x00, 0xB5, 0xDA, 0x79, 0x18, 0x00, 0x00, 0x00, 0x22, 0x8B, 0xE8, 0xAF, 0x4A, 0x00,
0x00, 0x00, 0x08, 0x60, 0xCB, 0xFF, 0xFF, 0xFF, 0xFF, 0xFF, 0xFF, 0x00, 0x00, 0x00, 0x00, 0x00,
0x00, 0xFF, 0xFF, 0xFF, 0xFF, 0xFF, 0xFF, 0xCA, 0x5F, 0x08, 0x00, 0x00, 0x00, 0x4B, 0xB0, 0xE8,
0x8A, 0x21, 0x00, 0x00, 0x00, 0x19, 0x7A, 0xDB, 0xB4, 0x00, 0x00, 0x19, 0x79, 0xDB, 0xB6, 0x4A,
0xAF, 0xE8, 0x8B, 0x22, 0x00, 0xCB, 0x60, 0x08, 0x00, 0x00, 0x00, 0x50, 0xCD, 0xF5, 0xCF, 0x3D,
0xB3, 0x35, 0x05, 0x41, 0xE1, 0x00, 0x00, 0x00, 0x57, 0xE4, 0x00, 0x11, 0x91, 0xF6, 0x5B, 0x00,
0xC2, 0x90, 0x18, 0x00, 0x00, 0xFE, 0x01, 0x00, 0x00, 0x00, 0x00, 0x00, 0x00, 0x00, 0x00, 0xFF,
0x00, 0x00, 0x00, 0x00, 0xFF, 0x00, 0x00, 0x00, 0x00, 0x3A, 0xCA, 0xF5, 0xB9, 0x12, 0x1D, 0xE8,
0x4D, 0x0D, 0x9F, 0x96, 0x8E, 0x80, 0x00, 0x00, 0x22, 0xE2, 0xD4, 0x2A, 0x5D, 0xED, 0xA7, 0xFC,
0xF1, 0x0C, 0xE9, 0x36, 0x37, 0xFF, 0xF8, 0x0F, 0xE9, 0x34, 0x36, 0xFF, 0xDA, 0x33, 0x5D, 0xED,
0xA5, 0xFF, 0x92, 0x95, 0x00, 0x00, 0x00, 0x00, 0x1B, 0xE9, 0x6B, 0x0B, 0x00, 0x00, 0x00, 0x2C,
0xBC, 0xF6, 0xD4, 0x01, 0x00, 0x00, 0xC6, 0xC5, 0x00, 0x00, 0x00, 0x0D, 0xF3, 0xF3, 0x0D, 0x00,
0x00, 0x4C, 0xBC, 0xBE, 0x4B, 0x00, 0x00, 0x8F, 0x7A, 0x7B, 0x8E, 0x00, 0x00, 0xD2, 0x37, 0x38,
0xD1, 0x00, 0x16, 0xF0, 0x03, 0x03, 0xF0, 0x15, 0x58, 0xFF, 0xFF, 0xFF, 0xFF, 0x57, 0x9B, 0x6D,
0x00, 0x00, 0x6F, 0x9A, 0xDE, 0x29, 0x00, 0x00, 0x2A, 0xDE, 0xFF, 0xFF, 0xFF, 0xEC, 0xAF, 0x20,
0xFF, 0x00, 0x00, 0x0F, 0x74, 0xC3, 0xFF, 0x00, 0x00, 0x00, 0x0C, 0xF6, 0xFF, 0x00, 0x00, 0x11,
0x7F, 0xC6, 0xFF, 0xFF, 0xFF, 0xFF, 0xEC, 0x2D, 0xFF, 0x00, 0x00, 0x11, 0x7F, 0xBC, 0xFF, 0x00,
0x00, 0x00, 0x0C, 0xF6, 0xFF, 0x00, 0x00, 0x0D, 0x71, 0xCE, 0xFF, 0xFF, 0xFF, 0xEF, 0xBA, 0x2A,
0x00, 0x3F, 0xC4, 0xF7, 0xDB, 0x5E, 0x35, 0xE4, 0x4E, 0x0D, 0x25, 0xAB, 0xAF, 0x62, 0x00, 0x00,
0x00, 0x00, 0xEB, 0x1C, 0x00, 0x00, 0x00, 0x00, 0xFC, 0x07, 0x00, 0x00, 0x00, 0x00, 0xEB, 0x1C,
0x00, 0x00, 0x00, 0x00, 0xB1, 0x62, 0x00, 0x00, 0x00, 0x00, 0x37, 0xE5, 0x4D, 0x0D, 0x2A, 0xA7,
0x00, 0x42, 0xC6, 0xF7, 0xDC, 0x5E, 0xFF, 0xFF, 0xF0, 0xBD, 0x42, 0x00, 0xFF, 0x00, 0x10, 0x4E,
0xE1, 0x3F, 0xFF, 0x00, 0x00, 0x00, 0x51, 0xB6, 0xFF, 0x00, 0x00, 0x00, 0x13, 0xEC, 0xFF, 0x00,
0x00, 0x00, 0x03, 0xFB, 0xFF, 0x00, 0x00, 0x00, 0x12, 0xEC, 0xFF, 0x00, 0x00, 0x00, 0x50, 0xB6,
0xFF, 0x00, 0x0F, 0x4C, 0xDF, 0x3F, 0xFF, 0xFF, 0xF1, 0xBD, 0x43, 0x00, 0xFF, 0xFF, 0xFF, 0xFF,
0xFF, 0xFF, 0xFF, 0x00, 0x00, 0x00, 0x00, 0x00, 0xFF, 0x00, 0x00, 0x00, 0x00, 0x00, 0xFF, 0x00,
0x00, 0x00, 0x00, 0x00, 0xFF, 0xFF, 0xFF, 0xFF, 0xFF, 0xFF, 0xFF, 0x00, 0x00, 0x00, 0x00, 0x00,
0xFF, 0x00, 0x00, 0x00, 0x00, 0x00, 0xFF, 0x00, 0x00, 0x00, 0x00, 0x00, 0xFF, 0xFF, 0xFF, 0xFF,
0xFF, 0xFF, 0xFF, 0xFF, 0xFF, 0xFF, 0xFF, 0xFF, 0xFF, 0x00, 0x00, 0x00, 0x00, 0x00, 0xFF, 0x00,
0x00, 0x00, 0x00, 0x00, 0xFF, 0x00, 0x00, 0x00, 0x00, 0x00, 0xFF, 0xFF, 0xFF, 0xFF, 0xFF, 0xFF,
0xFF, 0x00, 0x00, 0x00, 0x00, 0x00, 0xFF, 0x00, 0x00, 0x00, 0x00, 0x00, 0xFF, 0x00, 0x00, 0x00,
0x00, 0x00, 0xFF, 0x00, 0x00, 0x00, 0x00, 0x00, 0x00, 0x43, 0xC8, 0xF7, 0xD9, 0x5B, 0x2C, 0xE3,
0x4A, 0x0D, 0x2D, 0xA0, 0xA9, 0x5F, 0x00, 0x00, 0x00, 0x00, 0xDF, 0x1B, 0x00, 0x00, 0x00, 0x00,
0xF8, 0x06, 0x00, 0x00, 0xFF, 0xFF, 0xE1, 0x1A, 0x00, 0x00, 0x00, 0xFF, 0xB0, 0x5B, 0x00, 0x00,
0x00, 0xFF, 0x39, 0xE3, 0x44, 0x0A, 0x2E, 0xFF, 0x00, 0x55, 0xD5, 0xF8, 0xD6, 0x65, 0xFF, 0x00,
0x00, 0x00, 0x00, 0xFF, 0xFF, 0x00, 0x00, 0x00, 0x00, 0xFF, 0xFF, 0x00, 0x00, 0x00, 0x00, 0xFF,
0xFF, 0x00, 0x00, 0x00, 0x00, 0xFF, 0xFF, 0xFF, 0xFF, 0xFF, 0xFF, 0xFF, 0xFF, 0x00, 0x00, 0x00,
0x00, 0xFF, 0xFF, 0x00, 0x00, 0x00, 0x00, 0xFF, 0xFF, 0x00, 0x00, 0x00, 0x00, 0xFF, 0xFF, 0x00,
0x00, 0x00, 0x00, 0xFF, 0xFF, 0xFF, 0xFF, 0xFF, 0xFF, 0x00, 0x00, 0xFF, 0x00, 0x00, 0x00, 0x00,
0xFF, 0x00, 0x00, 0x00, 0x00, 0xFF, 0x00, 0x00, 0x00, 0x00, 0xFF, 0x00, 0x00, 0x00, 0x00, 0xFF,
0x00, 0x00, 0x00, 0x00, 0xFF, 0x00, 0x00, 0x00, 0x00, 0xFF, 0x00, 0x00, 0xFF, 0xFF, 0xFF, 0xFF,
0xFF, 0x00, 0x00, 0xFF, 0xFF, 0xFF, 0x00, 0x00, 0x00, 0x00, 0xFF, 0x00, 0x00, 0x00, 0x00, 0xFF,
0x00, 0x00, 0x00, 0x00, 0xFF, 0x00, 0x00, 0x00, 0x00, 0xFF, 0x00, 0x00, 0x00, 0x00, 0xFF, 0x00,
0x00, 0x00, 0x0E, 0xEE, 0xAC, 0x2F, 0x0A, 0x70, 0xBE, 0x5C, 0xD4, 0xF4, 0xC7, 0x2D, 0xFF, 0x00,
0x00, 0x00, 0x67, 0x9F, 0x01, 0xFF, 0x00, 0x00, 0x5E, 0xAE, 0x03, 0x00, 0xFF, 0x00, 0x55, 0xBA,
0x07, 0x00, 0x00, 0xFF, 0x4C, 0xDB, 0x0D, 0x00, 0x00, 0x00, 0xFF, 0xCA, 0xE5, 0x3C, 0x00, 0x00,
0x00, 0xFF, 0x19, 0x50, 0xDA, 0x09, 0x00, 0x00, 0xFF, 0x00, 0x00, 0xA9, 0x8B, 0x00, 0x00, 0xFF,
0x00, 0x00, 0x15, 0xE8, 0x36, 0x00, 0xFF, 0x00, 0x00, 0x00, 0x58, 0xD4, 0x06, 0xFF, 0x00, 0x00,
0x00, 0x00, 0x00, 0xFF, 0x00, 0x00, 0x00, 0x00, 0x00, 0xFF, 0x00, 0x00, 0x00, 0x00, 0x00, 0xFF,
0x00, 0x00, 0x00, 0x00, 0x00, 0xFF, 0x00, 0x00, 0x00, 0x00, 0x00, 0xFF, 0x00, 0x00, 0x00, 0x00,
0x00, 0xFF, 0x00, 0x00, 0x00, 0x00, 0x00, 0xFF, 0x00, 0x00, 0x00, 0x00, 0x00, 0xFF, 0xFF, 0xFF,
0xFF, 0xFF, 0xFF, 0xFF, 0x6B, 0x00, 0x00, 0x6C, 0xFF, 0xFF, 0xC8, 0x00, 0x00, 0xC8, 0xFF, 0xFF,
0xBF, 0x29, 0x2A, 0xB8, 0xFF, 0xFF, 0x66, 0x88, 0x89, 0x58, 0xFF, 0xFF, 0x12, 0xDF, 0xD5, 0x08,
0xFF, 0xFF, 0x00, 0xB4, 0x98, 0x00, 0xFF, 0xFF, 0x00, 0x00, 0x00, 0x00, 0xFF, 0xFF, 0x00, 0x00,
0x00, 0x00, 0xFF, 0xFF, 0x00, 0x00, 0x00, 0x00, 0xFF, 0xFF, 0xAB, 0x00, 0x00, 0x00, 0xFF, 0xFF,
0xDF, 0x26, 0x00, 0x00, 0xFF, 0xFF, 0x70, 0x9C, 0x00, 0x00, 0xFF, 0xFF, 0x0B, 0xE7, 0x1A, 0x00,
0xFF, 0xFF, 0x00, 0x84, 0x8C, 0x00, 0xFF, 0xFF, 0x00, 0x16, 0xEA, 0x11, 0xFF, 0xFF, 0x00, 0x00,
0x98, 0x7C, 0xFF, 0xFF, 0x00, 0x00, 0x24, 0xE7, 0xFF, 0xFF, 0x00, 0x00, 0x00, 0xAB, 0xFF, 0x03,
0x93, 0xF0, 0xF0, 0x92, 0x03, 0x73, 0xC0, 0x1D, 0x1D, 0xC1, 0x6F, 0xCB, 0x37, 0x00, 0x00, 0x38,
0xC9, 0xF2, 0x0C, 0x00, 0x00, 0x0D, 0xF1, 0xFD, 0x01, 0x00, 0x00, 0x02, 0xFD, 0xF3, 0x0C, 0x00,
0x00, 0x0D, 0xF1, 0xCC, 0x37, 0x00, 0x00, 0x37, 0xC9, 0x75, 0xBE, 0x1C, 0x1C, 0xBF, 0x71, 0x04,
0x95, 0xF1, 0xF1, 0x94, 0x03, 0xFF, 0xFF, 0xFF, 0xEA, 0xAC, 0x1E, 0xFF, 0x00, 0x00, 0x17, 0x8C,
0xC1, 0xFF, 0x00, 0x00, 0x00, 0x0F, 0xF3, 0xFF, 0x00, 0x00, 0x17, 0x8D, 0xC1, 0xFF, 0xFF, 0xFF,
0xEB, 0xAF, 0x20, 0xFF, 0x00, 0x00, 0x00, 0x00, 0x00, 0xFF, 0x00, 0x00, 0x00, 0x00, 0x00, 0xFF,
0x00, 0x00, 0x00, 0x00, 0x00, 0xFF, 0x00, 0x00, 0x00, 0x00, 0x00, 0x03, 0x93, 0xF0, 0xF0, 0x92,
0x03, 0x73, 0xC0, 0x1D, 0x1D, 0xC1, 0x6F, 0xCB, 0x37, 0x00, 0x00, 0x38, 0xC9, 0xF2, 0x0C, 0x00,
0x00, 0x0D, 0xF1, 0xFD, 0x01, 0x00, 0x00, 0x02, 0xFC, 0xF2, 0x0C, 0x00, 0x00, 0x0D, 0xF0, 0xCA,
0x37, 0x00, 0x00, 0x37, 0xCE, 0x71, 0xBE, 0x1C, 0x1C, 0xBF, 0x80, 0x03, 0x93, 0xF0, 0xFF, 0xCE,
0x0B, 0x00, 0x00, 0x00, 0x55, 0xF5, 0x2D, 0x00, 0x00, 0x00, 0x00, 0x82, 0x53, 0xFF, 0xFF, 0xFE,
0xE7, 0xA6, 0x1B, 0x00, 0xFF, 0x00, 0x01, 0x19, 0x8D, 0xBE, 0x00, 0xFF, 0x00, 0x00, 0x00, 0x0E,
0xF4, 0x00, 0xFF, 0x00, 0x00, 0x14, 0x82, 0xBD, 0x00, 0xFF, 0xFD, 0xFB, 0xFF, 0xC0, 0x10, 0x00,
0xFF, 0x00, 0x00, 0x27, 0xDA, 0x59, 0x00, 0xFF, 0x00, 0x00, 0x00, 0x41, 0xDB, 0x02, 0xFF, 0x00,
0x00, 0x00, 0x00, 0xC6, 0x52, 0xFF, 0x00, 0x00, 0x00, 0x00, 0x52, 0xC6, 0x0F, 0x94, 0xE3, 0xF3,
0xBF, 0x45, 0xAE, 0x91, 0x19, 0x0D, 0x3F, 0xB9, 0xF2, 0x0D, 0x00, 0x00, 0x00, 0x00, 0xC1, 0x98,
0x26, 0x00, 0x00, 0x00, 0x15, 0x94, 0xE4, 0xEC, 0x98, 0x13, 0x00, 0x00, 0x00, 0x1A, 0x8F, 0xBA,
0x00, 0x00, 0x00, 0x00, 0x0D, 0xF4, 0xB4, 0x40, 0x0F, 0x14, 0x8A, 0xC1, 0x47, 0xC0, 0xF3, 0xEA,
0xAB, 0x1E, 0xFF, 0xFF, 0xFF, 0xFF, 0xFF, 0xFF, 0xFF, 0x00, 0x00, 0x00, 0xFF, 0x00, 0x00, 0x00,
0x00, 0x00, 0x00, 0xFF, 0x00, 0x00, 0x00, 0x00, 0x00, 0x00, 0xFF, 0x00, 0x00, 0x00, 0x00, 0x00,
0x00, 0xFF, 0x00, 0x00, 0x00, 0x00, 0x00, 0x00, 0xFF, 0x00, 0x00, 0x00, 0x00, 0x00, 0x00, 0xFF,
0x00, 0x00, 0x00, 0x00, 0x00, 0x00, 0xFF, 0x00, 0x00, 0x00, 0x00, 0x00, 0x00, 0xFF, 0x00, 0x00,
0x00, 0xFF, 0x00, 0x00, 0x00, 0x00, 0xFF, 0xFF, 0x00, 0x00, 0x00, 0x00, 0xFF, 0xFF, 0x00, 0x00,
0x00, 0x00, 0xFF, 0xFF, 0x00, 0x00, 0x00, 0x00, 0xFF, 0xFF, 0x00, 0x00, 0x00, 0x00, 0xFF, 0xFE,
0x00, 0x00, 0x00, 0x00, 0xFE, 0xF2, 0x05, 0x00, 0x00, 0x05, 0xF1, 0xB0, 0x81, 0x13, 0x14, 0x82,
0xB9, 0x18, 0xAA, 0xEE, 0xEE, 0xAA, 0x1B, 0xDF, 0x28, 0x00, 0x00, 0x2A, 0xDE, 0x9C, 0x6B, 0x00,
0x00, 0x6C, 0x9B, 0x5A, 0xAE, 0x00, 0x00, 0xAF, 0x58, 0x18, 0xEE, 0x02, 0x02, 0xEE, 0x17, 0x00,
0xD4, 0x34, 0x35, 0xD3, 0x00, 0x00, 0x92, 0x76, 0x77, 0x90, 0x00, 0x00, 0x4F, 0xB9, 0xBA, 0x4E,
0x00, 0x00, 0x0F, 0xF2, 0xF2, 0x0F, 0x00, 0x00, 0x00, 0xC9, 0xC9, 0x00, 0x00, 0xF2, 0x0D, 0x00,
0x00, 0x00, 0x0E, 0xF4, 0xD5, 0x22, 0x10, 0xF5, 0x10, 0x22, 0xDF, 0xB8, 0x37, 0x59, 0xFF, 0x59,
0x36, 0xC9, 0x9B, 0x4B, 0xA7, 0xCC, 0xA8, 0x4A, 0xB3, 0x7E, 0x64, 0xEF, 0x43, 0xF1, 0x64, 0x9D,
0x61, 0xB7, 0xD5, 0x00, 0xE2, 0xB8, 0x88, 0x44, 0xFD, 0x8C, 0x00, 0x9F, 0xFD, 0x72, 0x27, 0xFF,
0x44, 0x00, 0x5C, 0xFF, 0x5C, 0x0A, 0xF4, 0x07, 0x00, 0x1A, 0xFF, 0x46, 0xB9, 0x65, 0x00, 0x00,
0x69, 0xB5, 0x2D, 0xDA, 0x03, 0x06, 0xDC, 0x26, 0x00, 0x9C, 0x5D, 0x69, 0x8D, 0x00, 0x00, 0x19,
0xCB, 0xCB, 0x0F, 0x00, 0x00, 0x00, 0xCD, 0xB6, 0x00, 0x00, 0x00, 0x45, 0xD5, 0xE4, 0x33, 0x00,
0x00, 0xC3, 0x57, 0x6A, 0xB6, 0x00, 0x42, 0xD7, 0x02, 0x06, 0xDF, 0x3A, 0xC1, 0x5B, 0x00, 0x00,
0x62, 0xBE, 0xB3, 0x78, 0x00, 0x00, 0x00, 0x7A, 0xB2, 0x21, 0xEC, 0x1E, 0x00, 0x1E, 0xEC, 0x21,
0x00, 0x7E, 0xAD, 0x00, 0xAE, 0x7D, 0x00, 0x00, 0x07, 0xDB, 0x8E, 0xDB, 0x07, 0x00, 0x00, 0x00,
0x48, 0xFF, 0x48, 0x00, 0x00, 0x00, 0x00, 0x00, 0xFF, 0x00, 0x00, 0x00, 0x00, 0x00, 0x00, 0xFF,
0x00, 0x00, 0x00, 0x00, 0x00, 0x00, 0xFF, 0x00, 0x00, 0x00, 0x00, 0x00, 0x00, 0xFF, 0x00, 0x00,
0x00, 0xFF, 0xFF, 0xFF, 0xFF, 0xFF, 0xFF, 0x00, 0x00, 0x00, 0x00, 0x97, 0x9E, 0x00, 0x00, 0x00,
0x43, 0xE1, 0x0F, 0x00, 0x00, 0x0D, 0xDF, 0x45, 0x00, 0x00, 0x00, 0x9B, 0x98, 0x00, 0x00, 0x00,
0x47, 0xDE, 0x0C, 0x00, 0x00, 0x0F, 0xE1, 0x40, 0x00, 0x00, 0x00, 0xA0, 0x92, 0x00, 0x00, 0x00,
0x00, 0xFF, 0xFF, 0xFF, 0xFF, 0xFF, 0xFF, 0xFF, 0xFF, 0xFF, 0x00, 0xFF, 0x00, 0xFF, 0x00, 0xFF,
0x00, 0xFF, 0x00, 0xFF, 0x00, 0xFF, 0x00, 0xFF, 0x00, 0xFF, 0x00, 0xFF, 0xFF, 0xC0, 0x3F, 0x00,
0x00, 0x00, 0x00, 0x40, 0xBF, 0x00, 0x00, 0x00, 0x00, 0x00, 0xC0, 0x3F, 0x00, 0x00, 0x00, 0x00,
0x40, 0xBF, 0x00, 0x00, 0x00, 0x00, 0x00, 0xC0, 0x3F, 0x00, 0x00, 0x00, 0x00, 0x40, 0xBF, 0x00,
0x00, 0x00, 0x00, 0x00, 0xC0, 0x3F, 0x00, 0x00, 0x00, 0x00, 0x40, 0xBF, 0x00, 0x00, 0x00, 0x00,
0x00, 0xC0, 0x3F, 0x00, 0x00, 0x00, 0x00, 0x40, 0xBF, 0xFF, 0xFF, 0x00, 0xFF, 0x00, 0xFF, 0x00,
0xFF, 0x00, 0xFF, 0x00, 0xFF, 0x00, 0xFF, 0x00, 0xFF, 0x00, 0xFF, 0x00, 0xFF, 0xFF, 0xFF, 0x00,
0x0F, 0xD5, 0xD5, 0x0F, 0x00, 0x04, 0xB9, 0x68, 0x69, 0xB9, 0x03, 0x94, 0x75, 0x00, 0x00, 0x75,
0x94, 0xFF, 0xFF, 0xFF, 0xFF, 0xFF, 0xFF, 0xFF, 0x7E, 0xAA, 0x01, 0x00, 0x7B, 0x8E, 0x24, 0xB6,
0xF6, 0xBE, 0x20, 0xD8, 0x47, 0x0A, 0x71, 0xB8, 0x00, 0x00, 0x00, 0x08, 0xF5, 0x43, 0xD1, 0xF9,
0xFF, 0xFF, 0xE2, 0x51, 0x06, 0x0D, 0xFF, 0xEB, 0x44, 0x0E, 0x8A, 0xFF, 0x5C, 0xE9, 0xEE, 0x6D,
0xFF, 0xFF, 0x00, 0x00, 0x00, 0x00, 0xFF, 0x00, 0x00, 0x00, 0x00, 0xFF, 0x00, 0x00, 0x00, 0x00,
0xFF, 0x7C, 0xF4, 0xBE, 0x16, 0xFF, 0x8F, 0x10, 0x8F, 0x9C, 0xFF, 0x1C, 0x00, 0x1C, 0xE4, 0xFF,
0x05, 0x00, 0x06, 0xF8, 0xFF, 0x1B, 0x00, 0x1C, 0xE3, 0xFF, 0x8D, 0x0F, 0x8D, 0x99, 0xFF, 0x7F,
0xF4, 0xBD, 0x15, 0x04, 0x83, 0xE0, 0xE7, 0x71, 0x7B, 0xBD, 0x21, 0x17, 0x89, 0xDB, 0x2A, 0x00,
0x00, 0x00, 0xF7, 0x08, 0x00, 0x00, 0x00, 0xDB, 0x29, 0x00, 0x00, 0x00, 0x7C, 0xBA, 0x1F, 0x15,
0x85, 0x05, 0x86, 0xE2, 0xE8, 0x6C, 0x00, 0x00, 0x00, 0x00, 0xFF, 0x00, 0x00, 0x00, 0x00, 0xFF,
0x00, 0x00, 0x00, 0x00, 0xFF, 0x16, 0xBD, 0xF4, 0x86, 0xFF, 0x9D, 0x8F, 0x10, 0x92, 0xFF, 0xE4,
0x1C, 0x00, 0x1D, 0xFF, 0xF9, 0x05, 0x00, 0x06, 0xFF, 0xE4, 0x1B, 0x00, 0x1D, 0xFF, 0x9D, 0x8D,
0x0F, 0x90, 0xFF, 0x17, 0xBE, 0xF4, 0x7C, 0xFF, 0x0B, 0xA4, 0xEF, 0xC2, 0x19, 0x8C, 0x9B, 0x0E,
0x7C, 0xA2, 0xDF, 0x1A, 0x00, 0x0F, 0xE6, 0xF8, 0xFC, 0xFD, 0xFE, 0xFD, 0xDD, 0x0C, 0x00, 0x00,
0x00, 0x89, 0x95, 0x11, 0x26, 0xA7, 0x0A, 0x99, 0xEB, 0xDB, 0x59, 0x00, 0x00, 0x5F, 0xEF, 0xFF,
0x00, 0x00, 0xE1, 0x30, 0x00, 0x00, 0x00, 0xFD, 0x00, 0x00, 0xFF, 0xFF, 0xFF, 0xFF, 0xFF, 0x00,
0x00, 0xFF, 0x00, 0x00, 0x00, 0x00, 0xFF, 0x00, 0x00, 0x00, 0x00, 0xFF, 0x00, 0x00, 0x00, 0x00,
0xFF, 0x00, 0x00, 0x00, 0x00, 0xFF, 0x00, 0x00, 0x00, 0x00, 0xFF, 0x00, 0x00, 0x14, 0xBC, 0xF4,
0x82, 0xFF, 0x99, 0x93, 0x10, 0x8D, 0xFF, 0xE3, 0x1D, 0x00, 0x1C, 0xFF, 0xF9, 0x05, 0x00, 0x06,
0xFF, 0xE3, 0x1D, 0x00, 0x1D, 0xFF, 0x99, 0x94, 0x0F, 0x8C, 0xFF, 0x14, 0xBD, 0xF4, 0x80, 0xFC,
0x00, 0x00, 0x00, 0x14, 0xE5, 0x00, 0x8B, 0x13, 0x7C, 0xA4, 0x00, 0x71, 0xEC, 0xC5, 0x1D, 0xFF,
0x00, 0x00, 0x00, 0x00, 0xFF, 0x00, 0x00, 0x00, 0x00, 0xFF, 0x00, 0x00, 0x00, 0x00, 0xFF, 0x66,
0xEC, 0xE4, 0x47, 0xFF, 0x8D, 0x0E, 0x64, 0xD1, 0xFF, 0x15, 0x00, 0x08, 0xF7, 0xFF, 0x00, 0x00,
0x00, 0xFF, 0xFF, 0x00, 0x00, 0x00, 0xFF, 0xFF, 0x00, 0x00, 0x00, 0xFF, 0xFF, 0x00, 0x00, 0x00,
0xFF, 0x00, 0x00, 0xFF, 0x00, 0x00, 0x00, 0x00, 0x00, 0x00, 0x00, 0x00, 0x00, 0x00, 0x00, 0x00,
0xFF, 0xFF, 0xFF, 0x00, 0x00, 0x00, 0x00, 0xFF, 0x00, 0x00, 0x00, 0x00, 0xFF, 0x00, 0x00, 0x00,
0x00, 0xFF, 0x00, 0x00, 0x00, 0x00, 0xFF, 0x00, 0x00, 0x00, 0x00, 0xFF, 0x00, 0x00, 0xFF, 0xFF,
0xFF, 0xFF, 0xFF, 0x00, 0x00, 0xFF, 0x00, 0x00, 0x00, 0x00, 0x00, 0x00, 0xFF, 0xFF, 0xFF, 0x00,
0x00, 0xFF, 0x00, 0x00, 0xFF, 0x00, 0x00, 0xFF, 0x00, 0x00, 0xFF, 0x00, 0x00, 0xFF, 0x00, 0x00,
0xFF, 0x00, 0x05, 0xFA, 0x00, 0x55, 0xD2, 0xFF, 0xE4, 0x44, 0xFF, 0x00, 0x00, 0x00, 0x00, 0x00,
0xFF, 0x00, 0x00, 0x00, 0x00, 0x00, 0xFF, 0x00, 0x00, 0x00, 0x00, 0x00, 0xFF, 0x00, 0x00, 0x79,
0xCC, 0x0D, 0xFF, 0x00, 0x61, 0xD7, 0x15, 0x00, 0xFF, 0x4D, 0xDF, 0x1E, 0x00, 0x00, 0xFF, 0xEE,
0x8A, 0x00, 0x00, 0x00, 0xFF, 0x20, 0xC9, 0x39, 0x00, 0x00, 0xFF, 0x00, 0x22, 0xCE, 0x0E, 0x00,
0xFF, 0x00, 0x00, 0x4F, 0xA2, 0x00, 0xFF, 0xFF, 0xFF, 0x00, 0x00, 0x00, 0x00, 0xFF, 0x00, 0x00,
0x00, 0x00, 0xFF, 0x00, 0x00, 0x00, 0x00, 0xFF, 0x00, 0x00, 0x00, 0x00, 0xFF, 0x00, 0x00, 0x00,
0x00, 0xFF, 0x00, 0x00, 0x00, 0x00, 0xFF, 0x00, 0x00, 0x00, 0x00, 0xFB, 0x03, 0x00, 0x00, 0x00,
0xD9, 0x3F, 0x00, 0x00, 0x00, 0x52, 0xED, 0xFF, 0xFF, 0xE1, 0x80, 0xB8, 0x82, 0xFF, 0x67, 0xFF,
0x67, 0xDE, 0xFF, 0x0C, 0xFF, 0x0C, 0xFA, 0xFF, 0x00, 0xFF, 0x00, 0xFF, 0xFF, 0x00, 0xFF, 0x00,
0xFF, 0xFF, 0x00, 0xFF, 0x00, 0xFF, 0xFF, 0x00, 0xFF, 0x00, 0xFF, 0xFF, 0x66, 0xEC, 0xE4, 0x47,
0xFF, 0x8D, 0x0E, 0x64, 0xD1, 0xFF, 0x15, 0x00, 0x08, 0xF7, 0xFF, 0x00, 0x00, 0x00, 0xFF, 0xFF,
0x00, 0x00, 0x00, 0xFF, 0xFF, 0x00, 0x00, 0x00, 0xFF, 0xFF, 0x00, 0x00, 0x00, 0xFF, 0x17, 0xBA,
0xF2, 0xBA, 0x17, 0x9F, 0x90, 0x10, 0x92, 0x9E, 0xE5, 0x1C, 0x00, 0x1D, 0xE4, 0xF9, 0x05, 0x00,
0x06, 0xF9, 0xE5, 0x1B, 0x00, 0x1D, 0xE4, 0xA0, 0x8E, 0x0F, 0x91, 0x9F, 0x18, 0xBC, 0xF3, 0xBC,
0x18, 0xFF, 0x86, 0xF4, 0xBD, 0x15, 0xFF, 0x90, 0x10, 0x8F, 0x99, 0xFF, 0x1C, 0x00, 0x1C, 0xE3,
0xFF, 0x05, 0x00, 0x06, 0xF8, 0xFF, 0x1B, 0x00, 0x1C, 0xE4, 0xFF, 0x8D, 0x0F, 0x8D, 0x9C, 0xFF,
0x7F, 0xF4, 0xBE, 0x16, 0xFF, 0x00, 0x00, 0x00, 0x00, 0xFF, 0x00, 0x00, 0x00, 0x00, 0xFF, 0x00,
0x00, 0x00, 0x00, 0x16, 0xBE, 0xF4, 0x84, 0xFF, 0x9D, 0x8F, 0x10, 0x92, 0xFF, 0xE4, 0x1C, 0x00,
0x1D, 0xFF, 0xF9, 0x05, 0x00, 0x06, 0xFF, 0xE5, 0x1B, 0x00, 0x1D, 0xFF, 0x9F, 0x8D, 0x0F, 0x90,
0xFF, 0x18, 0xBF, 0xF4, 0x79, 0xFF, 0x00, 0x00, 0x00, 0x00, 0xFF, 0x00, 0x00, 0x00, 0x00, 0xFF,
0x00, 0x00, 0x00, 0x00, 0xFF, 0xFF, 0x74, 0xE2, 0xF5, 0x72, 0xFF, 0xB9, 0x25, 0x15, 0xBA, 0xFF,
0x21, 0x00, 0x00, 0x00, 0xFF, 0x01, 0x00, 0x00, 0x00, 0xFF, 0x00, 0x00, 0x00, 0x00, 0xFF, 0x00,
0x00, 0x00, 0x00, 0xFF, 0x00, 0x00, 0x00, 0x00, 0x41, 0xCD, 0xF6, 0xD6, 0x59, 0xE4, 0x4C, 0x07,
0x2B, 0xA9, 0xE2, 0x78, 0x2D, 0x06, 0x00, 0x32, 0xAB, 0xE3, 0xF4, 0x67, 0x00, 0x00, 0x00, 0x46,
0xEE, 0xB3, 0x34, 0x08, 0x54, 0xE0, 0x50, 0xD0, 0xF6, 0xCC, 0x3D, 0x00, 0x00, 0xFF, 0x00, 0x00,
0x00, 0x00, 0xFF, 0x00, 0x00, 0xFF, 0xFF, 0xFF, 0xFF, 0xFF, 0x00, 0x00, 0xFF, 0x00, 0x00, 0x00,
0x00, 0xFF, 0x00, 0x00, 0x00, 0x00, 0xFF, 0x00, 0x00, 0x00, 0x00, 0xFE, 0x01, 0x00, 0x00, 0x00,
0xE9, 0x35, 0x00, 0x00, 0x00, 0x71, 0xF0, 0xFF, 0xFF, 0x00, 0x00, 0x00, 0xFF, 0xFF, 0x00, 0x00,
0x00, 0xFF, 0xFF, 0x00, 0x00, 0x00, 0xFF, 0xFF, 0x00, 0x00, 0x00, 0xFF, 0xF8, 0x07, 0x00, 0x15,
0xFF, 0xD1, 0x62, 0x0D, 0x8B, 0xFF, 0x47, 0xE4, 0xEC, 0x66, 0xFF, 0xDD, 0x2A, 0x00, 0x2C, 0xDC,
0x97, 0x71, 0x00, 0x72, 0x96, 0x51, 0xB8, 0x00, 0xB9, 0x50, 0x0E, 0xF2, 0x11, 0xF2, 0x0E, 0x00,
0xC4, 0x8D, 0xC3, 0x00, 0x00, 0x7E, 0xF8, 0x7D, 0x00, 0x00, 0x37, 0xFF, 0x37, 0x00, 0xD9, 0x2B,
0x00, 0x00, 0x00, 0x06, 0xEA, 0x17, 0x8C, 0x7A, 0x00, 0x00, 0x00, 0x50, 0xBE, 0x00, 0x3F, 0xC9,
0x13, 0xFC, 0x10, 0xAD, 0x68, 0x00, 0x04, 0xEC, 0x69, 0xFB, 0x5D, 0xF5, 0x15, 0x00, 0x00, 0xA5,
0xE7, 0xB0, 0xE4, 0xBB, 0x00, 0x00, 0x00, 0x58, 0xFF, 0x4A, 0xFF, 0x65, 0x00, 0x00, 0x00, 0x10,
0xEB, 0x02, 0xEB, 0x13, 0x00, 0x00, 0xB3, 0x66, 0x00, 0x68, 0xB2, 0x22, 0xD7, 0x0A, 0xD8, 0x22,
0x00, 0x81, 0xBE, 0x80, 0x00, 0x00, 0x27, 0xFF, 0x26, 0x00, 0x00, 0xA2, 0xA3, 0xA1, 0x00, 0x2F,
0xD5, 0x04, 0xD5, 0x2F, 0xBA, 0x60, 0x00, 0x61, 0xB9, 0xDF, 0x28, 0x00, 0x18, 0xEC, 0x05, 0x9E,
0x6B, 0x00, 0x6B, 0x9F, 0x00, 0x5C, 0xAE, 0x00, 0xC0, 0x49, 0x00, 0x1A, 0xEE, 0x1A, 0xEB, 0x05,
0x00, 0x00, 0xD9, 0x9F, 0x9E, 0x00, 0x00, 0x00, 0x97, 0xFE, 0x4D, 0x00, 0x00, 0x00, 0x55, 0xF6,
0x09, 0x00, 0x00, 0x00, 0x5B, 0xB1, 0x00, 0x00, 0x00, 0x07, 0xC0, 0x5F, 0x00, 0x00, 0x00, 0xFD,
0xB8, 0x06, 0x00, 0x00, 0x00, 0xFF, 0xFF, 0xFF, 0xFF, 0xFF, 0x00, 0x00, 0x00, 0x67, 0x9E, 0x00,
0x00, 0x3B, 0xC1, 0x07, 0x00, 0x1C, 0xCE, 0x19, 0x00, 0x08, 0xC3, 0x37, 0x00, 0x00, 0xA1, 0x60,
0x00, 0x00, 0x00, 0xFF, 0xFF, 0xFF, 0xFF, 0xFF, 0x00, 0x00, 0x6B, 0xE8, 0xFE, 0x00, 0x00, 0xE9,
0x3A, 0x02, 0x00, 0x00, 0xFF, 0x00, 0x00, 0x00, 0x03, 0xFE, 0x00, 0x00, 0x04, 0x53, 0xE2, 0x00,
0x00, 0xFF, 0xFF, 0x63, 0x00, 0x00, 0x06, 0x6C, 0xE0, 0x00, 0x00, 0x00, 0x0B, 0xFE, 0x00, 0x00,
0x00, 0x00, 0xFF, 0x00, 0x00, 0x00, 0x00, 0xEA, 0x3A, 0x02, 0x00, 0x00, 0x6E, 0xE9, 0xFE, 0xFF,
0xFF, 0xFF, 0xFF, 0xFF, 0xFF, 0xFF, 0xFF, 0xFF, 0xFF, 0xFF, 0xFF, 0xFD, 0xE8, 0x6B, 0x00, 0x00,
0x02, 0x3F, 0xE9, 0x00, 0x00, 0x00, 0x01, 0xFF, 0x00, 0x00, 0x00, 0x00, 0xFE, 0x03, 0x00, 0x00,
0x00, 0xE2, 0x53, 0x04, 0x00, 0x00, 0x62, 0xFE, 0xFF, 0x00, 0x00, 0xE0, 0x6C, 0x06, 0x00, 0x00,
0xFE, 0x0B, 0x00, 0x00, 0x00, 0xFF, 0x00, 0x00, 0x02, 0x3D, 0xE9, 0x00, 0x00, 0xFE, 0xE9, 0x6D,
0x00, 0x00, 0x83, 0xED, 0xCD, 0x4E, 0x12, 0x8C, 0x86, 0x13, 0x3F, 0xBF, 0xEE, 0x7D, 0x00, 0xFF,
0xFF, 0x00, 0xD5, 0xF0, 0xFF, 0xFF, 0xFF, 0xFF, 0x00, 0x00, 0xFF, 0x00, 0x00, 0x00, 0x00, 0xFF,
0x00, 0x00, 0x19, 0xCB, 0xFF, 0xD7, 0x54, 0xA1, 0x75, 0xFF, 0x26, 0xA7, 0xE6, 0x17, 0xFF, 0x00,
0x00, 0xFA, 0x04, 0xFF, 0x00, 0x00, 0xE6, 0x19, 0xFF, 0x00, 0x00, 0xA1, 0x7F, 0xFF, 0x28, 0xA8,
0x19, 0xCA, 0xFF, 0xD7, 0x54, 0x00, 0x00, 0xFF, 0x00, 0x00, 0x00, 0x00, 0xFF, 0x00, 0x00, 0x00,
0x29, 0xC9, 0xEE, 0x75, 0x00, 0xBB, 0x7B, 0x10, 0x83, 0x00, 0xF0, 0x10, 0x00, 0x00, 0x00, 0xFF,
0x00, 0x00, 0x00, 0xFF, 0xFF, 0xFF, 0xFF, 0x00, 0x00, 0xFF, 0x00, 0x00, 0x00, 0x00, 0xFF, 0x00,
0x00, 0x00, 0x00, 0xFF, 0x00, 0x00, 0x00, 0xFF, 0xFF, 0xFF, 0xFF, 0xFF, 0x97, 0x4F, 0x00, 0x00,
0x49, 0x9A, 0x50, 0xE8, 0xCA, 0xCB, 0xE6, 0x4D, 0x00, 0xCA, 0x3A, 0x3B, 0xCB, 0x00, 0x00, 0xCD,
0x38, 0x3C, 0xC9, 0x00, 0x49, 0xE7, 0xCF, 0xCB, 0xE8, 0x51, 0x9B, 0x4F, 0x00, 0x00, 0x4E, 0x98,
0xA1, 0x7B, 0x00, 0x00, 0x00, 0x7D, 0x9F, 0x0B, 0xD0, 0x24, 0x00, 0x24, 0xCC, 0x0A, 0x00, 0x2F,
0xB3, 0x00, 0xB1, 0x2A, 0x00, 0x00, 0xFF, 0xFF, 0xAC, 0xFF, 0xFF, 0x00, 0x00, 0x00, 0x2F, 0xFF,
0x2B, 0x00, 0x00, 0x00, 0xFF, 0xFF, 0xFF, 0xFF, 0xFF, 0x00, 0x00, 0x00, 0x00, 0xFF, 0x00, 0x00,
0x00, 0x00, 0x00, 0x00, 0xFF, 0x00, 0x00, 0x00, 0x00, 0x00, 0x00, 0xFF, 0x00, 0x00, 0x00, 0xFF,
0xFF, 0xFF, 0xFF, 0x00, 0x00, 0xFF, 0xFF, 0xFF, 0xFF, 0x55, 0xD3, 0xF9, 0xFF, 0xFF, 0xEB, 0x41,
0x04, 0x00, 0x00, 0x75, 0xC4, 0x55, 0x08, 0x00, 0x96, 0x85, 0xDE, 0xD6, 0x24, 0xF1, 0x0E, 0x07,
0x97, 0xD0, 0xC3, 0xB0, 0x14, 0x0C, 0xEC, 0x16, 0xBF, 0xF0, 0xA3, 0x7E, 0x00, 0x01, 0x3A, 0xB0,
0x8D, 0x00, 0x00, 0x04, 0x43, 0xEA, 0xFF, 0xFF, 0xF9, 0xD1, 0x4B, 0xFF, 0x00, 0xFF, 0x00, 0x4C,
0xD4, 0xF9, 0xD3, 0x4A, 0x00, 0x4D, 0xDF, 0x44, 0x0D, 0x44, 0xE0, 0x57, 0xCF, 0x43, 0x7E, 0xF2,
0xFF, 0x44, 0xD5, 0xF4, 0x0C, 0xF3, 0x3F, 0x00, 0x0D, 0xF9, 0xCF, 0x44, 0x81, 0xF2, 0xFF, 0x44,
0xD5, 0x4C, 0xE1, 0x44, 0x0C, 0x44, 0xE1, 0x55, 0x00, 0x4C, 0xCF, 0xF4, 0xCD, 0x4A, 0x00, 0xFF,
0xFE, 0xDC, 0x46, 0x00, 0x00, 0x03, 0x43, 0xD8, 0x00, 0x78, 0xED, 0xFF, 0xFC, 0x00, 0xF4, 0x39,
0x42, 0xFF, 0x00, 0x94, 0xF6, 0x84, 0xFF, 0x00, 0x00, 0x00, 0x00, 0x00, 0x00, 0xFF, 0xFF, 0xFF,
0xFF, 0x0C, 0x00, 0x09, 0x9E, 0x00, 0x09, 0x9E, 0x26, 0xCC, 0x6F, 0x26, 0xC9, 0x6A, 0xE5, 0x6F,
0x00, 0xE5, 0x5B, 0x00, 0x26, 0xCC, 0x6D, 0x26, 0xC9, 0x69, 0x00, 0x09, 0x9F, 0x00, 0x09, 0x9F,
0xFF, 0xFF, 0xFF, 0xFF, 0xFF, 0xFF, 0x00, 0x00, 0x00, 0x00, 0x00, 0xFF, 0x00, 0x00, 0x00, 0x00,
0x00, 0xFF, 0xFF, 0xFF, 0xFF, 0x00, 0x4C, 0xD4, 0xF9, 0xD3, 0x4A, 0x00, 0x4D, 0xDF, 0x44, 0x0D,
0x44, 0xE0, 0x57, 0xCF, 0x43, 0xFF, 0xFC, 0xBD, 0x44, 0xD5, 0xF4, 0x0C, 0xFF, 0xFE, 0x84, 0x0D,
0xF9, 0xCF, 0x44, 0xFF, 0x94, 0xA7, 0x44, 0xD5, 0x4C, 0xE1, 0x44, 0x0C, 0x44, 0xE1, 0x55, 0x00,
0x4C, 0xCF, 0xF4, 0xCD, 0x4A, 0x00, 0xFF, 0xFF, 0xFF, 0xFF, 0x49, 0xE3, 0xE2, 0x48, 0xE4, 0x3A,
0x3C, 0xE2, 0xE7, 0x37, 0x3A, 0xE4, 0x51, 0xE7, 0xE4, 0x49, 0x00, 0x00, 0x00, 0xFF, 0x00, 0x00,
0x00, 0x00, 0x00, 0x00, 0xFF, 0x00, 0x00, 0x00, 0xFF, 0xFF, 0xFF, 0xFF, 0xFF, 0xFF, 0xFF, 0x00,
0x00, 0x00, 0xFF, 0x00, 0x00, 0x00, 0x00, 0x00, 0x00, 0xFF, 0x00, 0x00, 0x00, 0x00, 0x00, 0x00,
0x00, 0x00, 0x00, 0x00, 0xFF, 0xFF, 0xFF, 0xFF, 0xFF, 0xFF, 0xFF, 0xFF, 0xF7, 0x91, 0x00, 0x2F,
0xF9, 0x00, 0x93, 0xDA, 0x6B, 0xD3, 0x30, 0xF8, 0xFF, 0xFF, 0xFF, 0xFF, 0xE9, 0x7B, 0x00, 0x02,
0x45, 0xEC, 0x00, 0xFF, 0xFE, 0x70, 0x00, 0x03, 0x47, 0xEF, 0xFF, 0xFD, 0xE5, 0x75, 0x01, 0xAB,
0x7E, 0x8F, 0x7A, 0x00, 0xFF, 0x00, 0x00, 0x00, 0xFF, 0x00, 0xFF, 0x00, 0x00, 0x00, 0xFF, 0x00,
0xFF, 0x00, 0x00, 0x00, 0xFF, 0x00, 0xFF, 0x00, 0x00, 0x00, 0xFF, 0x00, 0xFF, 0x06, 0x00, 0x0D,
0xFF, 0x00, 0xFF, 0x68, 0x0B, 0x7F, 0xFF, 0x12, 0xEA, 0xA5, 0xF0, 0xA1, 0x9C, 0xE7, 0xE8, 0x00,
0x00, 0x00, 0x00, 0x00, 0xE8, 0x00, 0x00, 0x00, 0x00, 0x00, 0xE8, 0x00, 0x00, 0x00, 0x00, 0x00,
0x16, 0xA2, 0xE9, 0xFF, 0xFF, 0xFF, 0xB8, 0xFF, 0xFF, 0xFF, 0x00, 0xFF, 0xF3, 0xFF, 0xFF, 0xFF,
0x00, 0xFF, 0xBA, 0xFF, 0xFF, 0xFF, 0x00, 0xFF, 0x17, 0xA1, 0xE8, 0xFF, 0x00, 0xFF, 0x00, 0x00,
0x00, 0xFF, 0x00, 0xFF, 0x00, 0x00, 0x00, 0xFF, 0x00, 0xFF, 0x00, 0x00, 0x00, 0xFF, 0x00, 0xFF,
0x00, 0x00, 0x00, 0xFF, 0x00, 0xFF, 0x00, 0x00, 0x00, 0xFF, 0x00, 0xFF, 0xFF, 0xFF, 0x00, 0x59,
0x97, 0xEA, 0xFA, 0xB9, 0xFF, 0xFF, 0x00, 0x00, 0xFF, 0x00, 0x00, 0xFF, 0x00, 0x00, 0xFF, 0x00,
0xFF, 0xFF, 0xFF, 0x3F, 0xE1, 0xE2, 0x3F, 0xD2, 0x4B, 0x4B, 0xD2, 0xF7, 0x06, 0x07, 0xF7, 0xD4,
0x49, 0x49, 0xD2, 0x44, 0xE3, 0xE3, 0x42, 0x00, 0x00, 0x00, 0x00, 0xCC, 0xFF, 0xFF, 0xC4, 0x9E,
0x09, 0x00, 0x9E, 0x09, 0x00, 0x6A, 0xC9, 0x26, 0x6E, 0xCC, 0x26, 0x00, 0x5B, 0xE5, 0x00, 0x6F,
0xE5, 0x69, 0xC9, 0x26, 0x6E, 0xCC, 0x26, 0x9F, 0x09, 0x00, 0x9F, 0x09, 0x00, 0xFF, 0xFF, 0x00,
0x00, 0x00, 0x00, 0x00, 0x00, 0xFF, 0x00, 0x00, 0x00, 0x00, 0x00, 0x00, 0xFF, 0x00, 0x00, 0x00,
0x00, 0x00, 0x00, 0xFF, 0x00, 0x00, 0x00, 0x00, 0x00, 0xFF, 0xFF, 0xFF, 0x00, 0x00, 0x00, 0x00,
0x00, 0x00, 0x00, 0x32, 0x8A, 0xCC, 0x00, 0x2B, 0x83, 0xDA, 0xD9, 0xBB, 0xFF, 0x00, 0xCE, 0x88,
0x31, 0x08, 0x5A, 0xFF, 0x00, 0x00, 0x00, 0x00, 0x61, 0x08, 0xFF, 0x00, 0x00, 0x00, 0x00, 0xFB,
0xFF, 0xFF, 0xFF, 0x00, 0x00, 0x00, 0x00, 0x00, 0xFF, 0x00, 0xFF, 0xFF, 0x00, 0x00, 0x00, 0x00,
0x00, 0xFF, 0x00, 0x00, 0x00, 0x00, 0x00, 0xFF, 0x00, 0x00, 0x00, 0x00, 0x00, 0xFF, 0x00, 0x00,
0x00, 0x00, 0xFF, 0xFF, 0xFF, 0x00, 0x00, 0x00, 0x00, 0x00, 0x00, 0x32, 0x8A, 0xCC, 0x2B, 0x83,
0xDA, 0xFF, 0xFF, 0xBD, 0xCE, 0x88, 0x31, 0x00, 0x2F, 0xF9, 0x00, 0x00, 0x00, 0x00, 0x93, 0xDA,
0x00, 0x00, 0x00, 0x6B, 0xD3, 0x30, 0x00, 0x00, 0x00, 0xF8, 0xFF, 0xFF, 0x00, 0xFF, 0xFF, 0xE9,
0x7B, 0x00, 0x00, 0x00, 0x00, 0x02, 0x45, 0xEC, 0x00, 0x00, 0x00, 0x00, 0xFF, 0xFE, 0x70, 0x00,
0x00, 0x00, 0x00, 0x03, 0x47, 0xEF, 0x00, 0x00, 0x00, 0xFF, 0xFD, 0xE5, 0x75, 0x00, 0x00, 0x00,
0x00, 0x00, 0x32, 0x8A, 0xCC, 0x00, 0x2B, 0x83, 0xDA, 0xD9, 0xBB, 0xFF, 0x00, 0xCE, 0x88, 0x31,
0x08, 0x5A, 0xFF, 0x00, 0x00, 0x00, 0x00, 0x61, 0x08, 0xFF, 0x00, 0x00, 0x00, 0x00, 0xFB, 0xFF,
0xFF, 0xFF, 0x00, 0x00, 0x00, 0x00, 0x00, 0xFF, 0x00, 0x00, 0x00, 0x00, 0xFF, 0x00, 0x00, 0x00,
0x00, 0xFF, 0x00, 0x00, 0x00, 0x00, 0x00, 0x00, 0x00, 0x00, 0x00, 0xFC, 0x00, 0x00, 0x00, 0x3A,
0xE0, 0x00, 0x0C, 0x92, 0xE3, 0x42, 0x00, 0xA2, 0xCB, 0x17, 0x00, 0x00, 0xF2, 0x1B, 0x00, 0x00,
0x00, 0xD5, 0x5E, 0x09, 0x35, 0xB3, 0x34, 0xCB, 0xF5, 0xCD, 0x4F, 0x00, 0xB4, 0x39, 0x00, 0x00,
0x00, 0x00, 0x24, 0xB6, 0x00, 0x00, 0x00, 0x00, 0x00, 0x00, 0x00, 0x00, 0x00, 0x00, 0x00, 0xC6,
0xC5, 0x00, 0x00, 0x00, 0x0D, 0xF3, 0xF3, 0x0D, 0x00, 0x00, 0x4C, 0xBC, 0xBE, 0x4B, 0x00, 0x00,
0x8F, 0x7A, 0x7B, 0x8E, 0x00, 0x00, 0xD2, 0x37, 0x38, 0xD1, 0x00, 0x16, 0xF0, 0x03, 0x03, 0xF0,
0x15, 0x58, 0xFF, 0xFF, 0xFF, 0xFF, 0x57, 0x9B, 0x6D, 0x00, 0x00, 0x6F, 0x9A, 0xDE, 0x29, 0x00,
0x00, 0x2A, 0xDE, 0x00, 0x00, 0x3A, 0xB1, 0x00, 0x00, 0x00, 0x00, 0xB5, 0x21, 0x00, 0x00, 0x00,
0x00, 0x00, 0x00, 0x00, 0x00, 0x00, 0x00, 0xC6, 0xC5, 0x00, 0x00, 0x00, 0x0D, 0xF3, 0xF3, 0x0D,
0x00, 0x00, 0x4C, 0xBC, 0xBE, 0x4B, 0x00, 0x00, 0x8F, 0x7A, 0x7B, 0x8E, 0x00, 0x00, 0xD2, 0x37,
0x38, 0xD1, 0x00, 0x16, 0xF0, 0x03, 0x03, 0xF0, 0x15, 0x58, 0xFF, 0xFF, 0xFF, 0xFF, 0x57, 0x9B,
0x6D, 0x00, 0x00, 0x6F, 0x9A, 0xDE, 0x29, 0x00, 0x00, 0x2A, 0xDE, 0x00, 0x12, 0xD9, 0xD9, 0x11,
0x00, 0x00, 0xA7, 0x53, 0x54, 0xA6, 0x00, 0x00, 0x00, 0x00, 0x00, 0x00, 0x00, 0x00, 0x00, 0xC6,
0xC5, 0x00, 0x00, 0x00, 0x0D, 0xF3, 0xF3, 0x0D, 0x00, 0x00, 0x4C, 0xBC, 0xBE, 0x4B, 0x00, 0x00,
0x8F, 0x7A, 0x7B, 0x8E, 0x00, 0x00, 0xD2, 0x37, 0x38, 0xD1, 0x00, 0x16, 0xF0, 0x03, 0x03, 0xF0,
0x15, 0x58, 0xFF, 0xFF, 0xFF, 0xFF, 0x57, 0x9B, 0x6D, 0x00, 0x00, 0x6F, 0x9A, 0xDE, 0x29, 0x00,
0x00, 0x2A, 0xDE, 0x00, 0x92, 0xDC, 0x40, 0xF0, 0x00, 0x00, 0xF2, 0x40, 0xDE, 0x8F, 0x00, 0x00,
0x00, 0x00, 0x00, 0x00, 0x00, 0x00, 0x00, 0xC6, 0xC5, 0x00, 0x00, 0x00, 0x0D, 0xF3, 0xF3, 0x0D,
0x00, 0x00, 0x4C, 0xBC, 0xBE, 0x4B, 0x00, 0x00, 0x8F, 0x7A, 0x7B, 0x8E, 0x00, 0x00, 0xD2, 0x37,
0x38, 0xD1, 0x00, 0x16, 0xF0, 0x03, 0x03, 0xF0, 0x15, 0x58, 0xFF, 0xFF, 0xFF, 0xFF, 0x57, 0x9B,
0x6D, 0x00, 0x00, 0x6F, 0x9A, 0xDE, 0x29, 0x00, 0x00, 0x2A, 0xDE, 0x00, 0xFF, 0x00, 0x00, 0xFF,
0x00, 0x00, 0x00, 0x00, 0x00, 0x00, 0x00, 0x00, 0x00, 0xC6, 0xC5, 0x00, 0x00, 0x00, 0x0D, 0xF3,
0xF3, 0x0D, 0x00, 0x00, 0x4C, 0xBC, 0xBE, 0x4B, 0x00, 0x00, 0x8F, 0x7A, 0x7B, 0x8E, 0x00, 0x00,
0xD2, 0x37, 0x38, 0xD1, 0x00, 0x16, 0xF0, 0x03, 0x03, 0xF0, 0x15, 0x58, 0xFF, 0xFF, 0xFF, 0xFF,
0x57, 0x9B, 0x6D, 0x00, 0x00, 0x6F, 0x9A, 0xDE, 0x29, 0x00, 0x00, 0x2A, 0xDE, 0x00, 0x00, 0xB2,
0xAF, 0x00, 0x00, 0x00, 0x00, 0xEF, 0xEF, 0x00, 0x00, 0x00, 0x00, 0x3D, 0x3D, 0x00, 0x00, 0x00,
0x00, 0x5B, 0x5A, 0x00, 0x00, 0x00, 0x00, 0xB5, 0xB4, 0x00, 0x00, 0x00, 0x14, 0xEF, 0xEF, 0x13,
0x00, 0x00, 0x6A, 0xA6, 0xA7, 0x69, 0x00, 0x00, 0xC4, 0x4C, 0x4D, 0xC3, 0x00, 0x1F, 0xFE, 0xFF,
0xFF, 0xFE, 0x1F, 0x79, 0x96, 0x00, 0x00, 0x98, 0x78, 0xD3, 0x3C, 0x00, 0x00, 0x3D, 0xD2, 0x00,
0x00, 0x91, 0xFF, 0xFF, 0xFF, 0xFF, 0x00, 0x00, 0xDA, 0x2F, 0xFF, 0x00, 0x00, 0x00, 0x23, 0xE5,
0x00, 0xFF, 0x00, 0x00, 0x00, 0x6D, 0x9D, 0x00, 0xFF, 0x00, 0x00, 0x00, 0xB6, 0x54, 0x00, 0xFF,
0xFF, 0xFF, 0x09, 0xF2, 0x10, 0x00, 0xFF, 0x00, 0x00, 0x49, 0xFF, 0xFF, 0xFF, 0xFF, 0x00, 0x00,
0x92, 0x7A, 0x00, 0x00, 0xFF, 0x00, 0x00, 0xDB, 0x30, 0x00, 0x00, 0xFF, 0xFF, 0xFF, 0x00, 0x3F,
0xC4, 0xF7, 0xDB, 0x5E, 0x35, 0xE4, 0x4E, 0x0D, 0x25, 0xAB, 0xAF, 0x62, 0x00, 0x00, 0x00, 0x00,
0xEB, 0x1C, 0x00, 0x00, 0x00, 0x00, 0xFC, 0x07, 0x00, 0x00, 0x00, 0x00, 0xEB, 0x1C, 0x00, 0x00,
0x00, 0x00, 0xB1, 0x62, 0x00, 0x00, 0x00, 0x00, 0x37, 0xE5, 0x4D, 0x0D, 0x2A, 0xA7, 0x00, 0x42,
0xC6, 0xF7, 0xDC, 0x5E, 0x00, 0x00, 0x00, 0x59, 0x97, 0x00, 0x00, 0x00, 0xEA, 0xFA, 0xB9, 0x00,
0x00, 0xB4, 0x39, 0x00, 0x00, 0x00, 0x00, 0x24, 0xB6, 0x00, 0x00, 0x00, 0x00, 0x00, 0x00, 0x00,
0x00, 0x00, 0xFF, 0xFF, 0xFF, 0xFF, 0xFF, 0xFF, 0xFF, 0x00, 0x00, 0x00, 0x00, 0x00, 0xFF, 0x00,
0x00, 0x00, 0x00, 0x00, 0xFF, 0x00, 0x00, 0x00, 0x00, 0x00, 0xFF, 0xFF, 0xFF, 0xFF, 0xFF, 0xFF,
0xFF, 0x00, 0x00, 0x00, 0x00, 0x00, 0xFF, 0x00, 0x00, 0x00, 0x00, 0x00, 0xFF, 0x00, 0x00, 0x00,
0x00, 0x00, 0xFF, 0xFF, 0xFF, 0xFF, 0xFF, 0xFF, 0x00, 0x00, 0x3A, 0xB1, 0x00, 0x00, 0x00, 0x00,
0xB5, 0x21, 0x00, 0x00, 0x00, 0x00, 0x00, 0x00, 0x00, 0x00, 0xFF, 0xFF, 0xFF, 0xFF, 0xFF, 0xFF,
0xFF, 0x00, 0x00, 0x00, 0x00, 0x00, 0xFF, 0x00, 0x00, 0x00, 0x00, 0x00, 0xFF, 0x00, 0x00, 0x00,
0x00, 0x00, 0xFF, 0xFF, 0xFF, 0xFF, 0xFF, 0xFF, 0xFF, 0x00, 0x00, 0x00, 0x00, 0x00, 0xFF, 0x00,
0x00, 0x00, 0x00, 0x00, 0xFF, 0x00, 0x00, 0x00, 0x00, 0x00, 0xFF, 0xFF, 0xFF, 0xFF, 0xFF, 0xFF,
0x00, 0x12, 0xD9, 0xD9, 0x11, 0x00, 0x00, 0xA7, 0x53, 0x54, 0xA6, 0x00, 0x00, 0x00, 0x00, 0x00,
0x00, 0x00, 0xFF, 0xFF, 0xFF, 0xFF, 0xFF, 0xFF, 0xFF, 0x00, 0x00, 0x00, 0x00, 0x00, 0xFF, 0x00,
0x00, 0x00, 0x00, 0x00, 0xFF, 0x00, 0x00, 0x00, 0x00, 0x00, 0xFF, 0xFF, 0xFF, 0xFF, 0xFF, 0xFF,
0xFF, 0x00, 0x00, 0x00, 0x00, 0x00, 0xFF, 0x00, 0x00, 0x00, 0x00, 0x00, 0xFF, 0x00, 0x00, 0x00,
0x00, 0x00, 0xFF, 0xFF, 0xFF, 0xFF, 0xFF, 0xFF, 0x00, 0xFF, 0x00, 0xFF, 0x00, 0x00, 0x00, 0x00,
0x00, 0x00, 0x00, 0x00, 0xFF, 0xFF, 0xFF, 0xFF, 0xFF, 0xFF, 0xFF, 0x00, 0x00, 0x00, 0x00, 0x00,
0xFF, 0x00, 0x00, 0x00, 0x00, 0x00, 0xFF, 0x00, 0x00, 0x00, 0x00, 0x00, 0xFF, 0xFF, 0xFF, 0xFF,
0xFF, 0xFF, 0xFF, 0x00, 0x00, 0x00, 0x00, 0x00, 0xFF, 0x00, 0x00, 0x00, 0x00, 0x00, 0xFF, 0x00,
0x00, 0x00, 0x00, 0x00, 0xFF, 0xFF, 0xFF, 0xFF, 0xFF, 0xFF, 0x00, 0xB4, 0x39, 0x00, 0x00, 0x00,
0x24, 0xB6, 0x00, 0x00, 0x00, 0x00, 0x00, 0x00, 0x00, 0xFF, 0xFF, 0xFF, 0xFF, 0xFF, 0x00, 0x00,
0xFF, 0x00, 0x00, 0x00, 0x00, 0xFF, 0x00, 0x00, 0x00, 0x00, 0xFF, 0x00, 0x00, 0x00, 0x00, 0xFF,
0x00, 0x00, 0x00, 0x00, 0xFF, 0x00, 0x00, 0x00, 0x00, 0xFF, 0x00, 0x00, 0x00, 0x00, 0xFF, 0x00,
0x00, 0xFF, 0xFF, 0xFF, 0xFF, 0xFF, 0x00, 0x00, 0x3A, 0xB1, 0x00, 0x00, 0x00, 0xB5, 0x21, 0x00,
0x00, 0x00, 0x00, 0x00, 0x00, 0xFF, 0xFF, 0xFF, 0xFF, 0xFF, 0x00, 0x00, 0xFF, 0x00, 0x00, 0x00,
0x00, 0xFF, 0x00, 0x00, 0x00, 0x00, 0xFF, 0x00, 0x00, 0x00, 0x00, 0xFF, 0x00, 0x00, 0x00, 0x00,
0xFF, 0x00, 0x00, 0x00, 0x00, 0xFF, 0x00, 0x00, 0x00, 0x00, 0xFF, 0x00, 0x00, 0xFF, 0xFF, 0xFF,
0xFF, 0xFF, 0x00, 0x79, 0xE7, 0x77, 0x00, 0x2E, 0xC4, 0x10, 0xC4, 0x2E, 0x00, 0x00, 0x00, 0x00,
0x00, 0xFF, 0xFF, 0xFF, 0xFF, 0xFF, 0x00, 0x00, 0xFF, 0x00, 0x00, 0x00, 0x00, 0xFF, 0x00, 0x00,
0x00, 0x00, 0xFF, 0x00, 0x00, 0x00, 0x00, 0xFF, 0x00, 0x00, 0x00, 0x00, 0xFF, 0x00, 0x00, 0x00,
0x00, 0xFF, 0x00, 0x00, 0x00, 0x00, 0xFF, 0x00, 0x00, 0xFF, 0xFF, 0xFF, 0xFF, 0xFF, 0x00, 0xFF,
0x00, 0xFF, 0x00, 0x00, 0x00, 0x00, 0x00, 0x00, 0xFF, 0xFF, 0xFF, 0xFF, 0xFF, 0x00, 0x00, 0xFF,
0x00, 0x00, 0x00, 0x00, 0xFF, 0x00, 0x00, 0x00, 0x00, 0xFF, 0x00, 0x00, 0x00, 0x00, 0xFF, 0x00,
0x00, 0x00, 0x00, 0xFF, 0x00, 0x00, 0x00, 0x00, 0xFF, 0x00, 0x00, 0x00, 0x00, 0xFF, 0x00, 0x00,
0xFF, 0xFF, 0xFF, 0xFF, 0xFF, 0x00, 0xFF, 0xFF, 0xF1, 0xBD, 0x42, 0x00, 0x00, 0xFF, 0x00, 0x0F,
0x4B, 0xDF, 0x3F, 0x00, 0xFF, 0x00, 0x00, 0x00, 0x50, 0xB6, 0x00, 0xFF, 0x00, 0x00, 0x00, 0x13,
0xEC, 0xFF, 0xFF, 0xFF, 0xFF, 0x00, 0x03, 0xFB, 0x00, 0xFF, 0x00, 0x00, 0x00, 0x12, 0xEC, 0x00,
0xFF, 0x00, 0x00, 0x00, 0x4E, 0xB6, 0x00, 0xFF, 0x00, 0x0D, 0x49, 0xDD, 0x3F, 0x00, 0xFF, 0xFF,
0xF2, 0xBE, 0x43, 0x00, 0x00, 0x92, 0xDC, 0x40, 0xF0, 0x00, 0x00, 0xF2, 0x40, 0xDE, 0x8F, 0x00,
0x00, 0x00, 0x00, 0x00, 0x00, 0x00, 0xFF, 0xAB, 0x00, 0x00, 0x00, 0xFF, 0xFF, 0xDF, 0x26, 0x00,
0x00, 0xFF, 0xFF, 0x70, 0x9C, 0x00, 0x00, 0xFF, 0xFF, 0x0B, 0xE7, 0x1A, 0x00, 0xFF, 0xFF, 0x00,
0x84, 0x8C, 0x00, 0xFF, 0xFF, 0x00, 0x16, 0xEA, 0x11, 0xFF, 0xFF, 0x00, 0x00, 0x98, 0x7C, 0xFF,
0xFF, 0x00, 0x00, 0x24, 0xE7, 0xFF, 0xFF, 0x00, 0x00, 0x00, 0xAB, 0xFF, 0x00, 0xB4, 0x39, 0x00,
0x00, 0x00, 0x00, 0x24, 0xB6, 0x00, 0x00, 0x00, 0x00, 0x00, 0x00, 0x00, 0x00, 0x00, 0x03, 0x93,
0xF0, 0xF0, 0x92, 0x03, 0x73, 0xC0, 0x1D, 0x1D, 0xC1, 0x6F, 0xCB, 0x37, 0x00, 0x00, 0x38, 0xC9,
0xF2, 0x0C, 0x00, 0x00, 0x0D, 0xF1, 0xFD, 0x01, 0x00, 0x00, 0x02, 0xFD, 0xF3, 0x0C, 0x00, 0x00,
0x0D, 0xF1, 0xCC, 0x37, 0x00, 0x00, 0x37, 0xC9, 0x75, 0xBE, 0x1C, 0x1C, 0xBF, 0x71, 0x04, 0x95,
0xF1, 0xF1, 0x94, 0x03, 0x00, 0x00, 0x3A, 0xB1, 0x00, 0x00, 0x00, 0x00, 0xB5, 0x21, 0x00, 0x00,
0x00, 0x00, 0x00, 0x00, 0x00, 0x00, 0x03, 0x93, 0xF0, 0xF0, 0x92, 0x03, 0x73, 0xC0, 0x1D, 0x1D,
0xC1, 0x6F, 0xCB, 0x37, 0x00, 0x00, 0x38, 0xC9, 0xF2, 0x0C, 0x00, 0x00, 0x0D, 0xF1, 0xFD, 0x01,
0x00, 0x00, 0x02, 0xFD, 0xF3, 0x0C, 0x00, 0x00, 0x0D, 0xF1, 0xCC, 0x37, 0x00, 0x00, 0x37, 0xC9,
0x75, 0xBE, 0x1C, 0x1C, 0xBF, 0x71, 0x04, 0x95, 0xF1, 0xF1, 0x94, 0x03, 0x00, 0x12, 0xD9, 0xD9,
0x11, 0x00, 0x00, 0xA7, 0x53, 0x54, 0xA6, 0x00, 0x00, 0x00, 0x00, 0x00, 0x00, 0x00, 0x03, 0x93,
0xF0, 0xF0, 0x92, 0x03, 0x73, 0xC0, 0x1D, 0x1D, 0xC1, 0x6F, 0xCB, 0x37, 0x00, 0x00, 0x38, 0xC9,
0xF2, 0x0C, 0x00, 0x00, 0x0D, 0xF1, 0xFD, 0x01, 0x00, 0x00, 0x02, 0xFD, 0xF3, 0x0C, 0x00, 0x00,
0x0D, 0xF1, 0xCC, 0x37, 0x00, 0x00, 0x37, 0xC9, 0x75, 0xBE, 0x1C, 0x1C, 0xBF, 0x71, 0x04, 0x95,
0xF1, 0xF1, 0x94, 0x03, 0x00, 0x92, 0xDC, 0x40, 0xF0, 0x00, 0x00, 0xF2, 0x40, 0xDE, 0x8F, 0x00,
0x00, 0x00, 0x00, 0x00, 0x00, 0x00, 0x03, 0x93, 0xF0, 0xF0, 0x92, 0x03, 0x73, 0xC0, 0x1D, 0x1D,
0xC1, 0x6F, 0xCB, 0x37, 0x00, 0x00, 0x38, 0xC9, 0xF2, 0x0C, 0x00, 0x00, 0x0D, 0xF1, 0xFD, 0x01,
0x00, 0x00, 0x02, 0xFD, 0xF3, 0x0C, 0x00, 0x00, 0x0D, 0xF1, 0xCC, 0x37, 0x00, 0x00, 0x37, 0xC9,
0x75, 0xBE, 0x1C, 0x1C, 0xBF, 0x71, 0x04, 0x95, 0xF1, 0xF1, 0x94, 0x03, 0x00, 0xFF, 0x00, 0x00,
0xFF, 0x00, 0x00, 0x00, 0x00, 0x00, 0x00, 0x00, 0x03, 0x93, 0xF0, 0xF0, 0x92, 0x03, 0x73, 0xC0,
0x1D, 0x1D, 0xC1, 0x6F, 0xCB, 0x37, 0x00, 0x00, 0x38, 0xC9, 0xF2, 0x0C, 0x00, 0x00, 0x0D, 0xF1,
0xFD, 0x01, 0x00, 0x00, 0x02, 0xFD, 0xF3, 0x0C, 0x00, 0x00, 0x0D, 0xF1, 0xCC, 0x37, 0x00, 0x00,
0x37, 0xC9, 0x75, 0xBE, 0x1C, 0x1C, 0xBF, 0x71, 0x04, 0x95, 0xF1, 0xF1, 0x94, 0x03, 0xAA, 0x31,
0x00, 0x31, 0xA9, 0x32, 0xDB, 0x5F, 0xDC, 0x31, 0x00, 0x60, 0xFF, 0x5F, 0x00, 0x33, 0xDC, 0x60,
0xDB, 0x31, 0xAA, 0x31, 0x00, 0x32, 0xA7, 0x00, 0x00, 0x00, 0x00, 0x00, 0x00, 0x07, 0x04, 0x00,
0x02, 0x8B, 0xEC, 0xEB, 0x98, 0x81, 0x46, 0x00, 0x6E, 0xC1, 0x1D, 0x20, 0xC8, 0xC1, 0x00, 0x00,
0xC9, 0x3B, 0x00, 0x10, 0xD3, 0xD3, 0x00, 0x00, 0xF2, 0x10, 0x04, 0xB8, 0x5A, 0xEE, 0x00, 0x00,
0xFD, 0x02, 0x98, 0x70, 0x01, 0xFC, 0x00, 0x00, 0xF4, 0x77, 0x97, 0x00, 0x0D, 0xF1, 0x00, 0x00,
0xDC, 0xB9, 0x04, 0x00, 0x37, 0xC9, 0x00, 0x05, 0xD6, 0xB5, 0x1E, 0x1C, 0xBF, 0x6E, 0x00, 0x8F,
0x6D, 0xA3, 0xED, 0xEE, 0x8D, 0x02, 0x00, 0x1D, 0x01, 0x00, 0x00, 0x00, 0x00, 0x00, 0x00, 0x00,
0xB4, 0x39, 0x00, 0x00, 0x00, 0x00, 0x24, 0xB6, 0x00, 0x00, 0x00, 0x00, 0x00, 0x00, 0x00, 0x00,
0x00, 0xFF, 0x00, 0x00, 0x00, 0x00, 0xFF, 0xFF, 0x00, 0x00, 0x00, 0x00, 0xFF, 0xFF, 0x00, 0x00,
0x00, 0x00, 0xFF, 0xFF, 0x00, 0x00, 0x00, 0x00, 0xFF, 0xFF, 0x00, 0x00, 0x00, 0x00, 0xFF, 0xFE,
0x00, 0x00, 0x00, 0x00, 0xFE, 0xF2, 0x05, 0x00, 0x00, 0x05, 0xF1, 0xB0, 0x81, 0x13, 0x14, 0x82,
0xB9, 0x18, 0xAA, 0xEE, 0xEE, 0xAA, 0x1B, 0x00, 0x00, 0x3A, 0xB1, 0x00, 0x00, 0x00, 0x00, 0xB5,
0x21, 0x00, 0x00, 0x00, 0x00, 0x00, 0x00, 0x00, 0x00, 0xFF, 0x00, 0x00, 0x00, 0x00, 0xFF, 0xFF,
0x00, 0x00, 0x00, 0x00, 0xFF, 0xFF, 0x00, 0x00, 0x00, 0x00, 0xFF, 0xFF, 0x00, 0x00, 0x00, 0x00,
0xFF, 0xFF, 0x00, 0x00, 0x00, 0x00, 0xFF, 0xFE, 0x00, 0x00, 0x00, 0x00, 0xFE, 0xF2, 0x05, 0x00,
0x00, 0x05, 0xF1, 0xB0, 0x81, 0x13, 0x14, 0x82, 0xB9, 0x18, 0xAA, 0xEE, 0xEE, 0xAA, 0x1B, 0x00,
0x12, 0xD9, 0xD9, 0x11, 0x00, 0x00, 0xA7, 0x53, 0x54, 0xA6, 0x00, 0x00, 0x00, 0x00, 0x00, 0x00,
0x00, 0xFF, 0x00, 0x00, 0x00, 0x00, 0xFF, 0xFF, 0x00, 0x00, 0x00, 0x00, 0xFF, 0xFF, 0x00, 0x00,
0x00, 0x00, 0xFF, 0xFF, 0x00, 0x00, 0x00, 0x00, 0xFF, 0xFF, 0x00, 0x00, 0x00, 0x00, 0xFF, 0xFE,
0x00, 0x00, 0x00, 0x00, 0xFE, 0xF2, 0x05, 0x00, 0x00, 0x05, 0xF1, 0xB0, 0x81, 0x13, 0x14, 0x82,
0xB9, 0x18, 0xAA, 0xEE, 0xEE, 0xAA, 0x1B, 0x00, 0xFF, 0x00, 0x00, 0xFF, 0x00, 0x00, 0x00, 0x00,
0x00, 0x00, 0x00, 0xFF, 0x00, 0x00, 0x00, 0x00, 0xFF, 0xFF, 0x00, 0x00, 0x00, 0x00, 0xFF, 0xFF,
0x00, 0x00, 0x00, 0x00, 0xFF, 0xFF, 0x00, 0x00, 0x00, 0x00, 0xFF, 0xFF, 0x00, 0x00, 0x00, 0x00,
0xFF, 0xFE, 0x00, 0x00, 0x00, 0x00, 0xFE, 0xF2, 0x05, 0x00, 0x00, 0x05, 0xF1, 0xB0, 0x81, 0x13,
0x14, 0x82, 0xB9, 0x18, 0xAA, 0xEE, 0xEE, 0xAA, 0x1B, 0x00, 0x00, 0x00, 0x3A, 0xB1, 0x00, 0x00,
0x00, 0x00, 0x00, 0xB5, 0x21, 0x00, 0x00, 0x00, 0x00, 0x00, 0x00, 0x00, 0x00, 0x00, 0xB3, 0x78,
0x00, 0x00, 0x00, 0x7A, 0xB2, 0x21, 0xEC, 0x1E, 0x00, 0x1E, 0xEC, 0x21, 0x00, 0x7E, 0xAD, 0x00,
0xAE, 0x7D, 0x00, 0x00, 0x07, 0xDB, 0x8E, 0xDB, 0x07, 0x00, 0x00, 0x00, 0x48, 0xFF, 0x48, 0x00,
0x00, 0x00, 0x00, 0x00, 0xFF, 0x00, 0x00, 0x00, 0x00, 0x00, 0x00, 0xFF, 0x00, 0x00, 0x00, 0x00,
0x00, 0x00, 0xFF, 0x00, 0x00, 0x00, 0x00, 0x00, 0x00, 0xFF, 0x00, 0x00, 0x00, 0xFF, 0x00, 0x00,
0x00, 0x00, 0x00, 0xFF, 0xFF, 0xFF, 0xEC, 0xB5, 0x25, 0xFF, 0x00, 0x01, 0x16, 0x87, 0xC6, 0xFF,
0x00, 0x00, 0x00, 0x0E, 0xF4, 0xFF, 0x00, 0x01, 0x16, 0x87, 0xC7, 0xFF, 0xFF, 0xFF, 0xEE, 0xB7,
0x27, 0xFF, 0x00, 0x00, 0x00, 0x00, 0x00, 0xFF, 0x00, 0x00, 0x00, 0x00, 0x00, 0xFF, 0x00, 0x00,
0x00, 0x00, 0x00, 0x47, 0xE4, 0xE4, 0x42, 0x00, 0xD2, 0x4B, 0x47, 0xCC, 0x00, 0xF8, 0x08, 0x5E,
0xE9, 0x00, 0xFF, 0x9F, 0x78, 0x03, 0x00, 0xFF, 0xF3, 0x12, 0x00, 0x00, 0xFF, 0xB9, 0xBA, 0x26,
0x00, 0xFF, 0x11, 0xA5, 0xF4, 0x53, 0xFF, 0x00, 0x00, 0x3C, 0xE7, 0xFF, 0x00, 0x00, 0x32, 0xEB,
0xFF, 0x00, 0xFF, 0xF0, 0x65, 0x00, 0x7E, 0xAA, 0x01, 0x00, 0x00, 0x00, 0x7B, 0x8E, 0x00, 0x00,
0x00, 0x00, 0x00, 0x00, 0x24, 0xB6, 0xF6, 0xBE, 0x20, 0xD8, 0x47, 0x0A, 0x71, 0xB8, 0x00, 0x00,
0x00, 0x08, 0xF5, 0x43, 0xD1, 0xF9, 0xFF, 0xFF, 0xE2, 0x51, 0x06, 0x0D, 0xFF, 0xEB, 0x44, 0x0E,
0x8A, 0xFF, 0x5C, 0xE9, 0xEE, 0x6D, 0xFF, 0x00, 0x00, 0x01, 0xAB, 0x7E, 0x00, 0x00, 0x8F, 0x7A,
0x00, 0x00, 0x00, 0x00, 0x00, 0x00, 0x24, 0xB6, 0xF6, 0xBE, 0x20, 0xD8, 0x47, 0x0A, 0x71, 0xB8,
0x00, 0x00, 0x00, 0x08, 0xF5, 0x43, 0xD1, 0xF9, 0xFF, 0xFF, 0xE2, 0x51, 0x06, 0x0D, 0xFF, 0xEB,
0x44, 0x0E, 0x8A, 0xFF, 0x5C, 0xE9, 0xEE, 0x6D, 0xFF, 0x00, 0x08, 0xC4, 0xC4, 0x08, 0x00, 0x9B,
0x51, 0x52, 0x9A, 0x00, 0x00, 0x00, 0x00, 0x00, 0x24, 0xB6, 0xF6, 0xBE, 0x20, 0xD8, 0x47, 0x0A,
0x71, 0xB8, 0x00, 0x00, 0x00, 0x08, 0xF5, 0x43, 0xD1, 0xF9, 0xFF, 0xFF, 0xE2, 0x51, 0x06, 0x0D,
0xFF, 0xEB, 0x44, 0x0E, 0x8A, 0xFF, 0x5C, 0xE9, 0xEE, 0x6D, 0xFF, 0x00, 0x93, 0xDC, 0x30, 0xF2,
0x00, 0xF3, 0x31, 0xDC, 0x95, 0x00, 0x00, 0x00, 0x00, 0x00, 0x24, 0xB6, 0xF6, 0xBE, 0x20, 0xD8,
0x47, 0x0A, 0x71, 0xB8, 0x00, 0x00, 0x00, 0x08, 0xF5, 0x43, 0xD1, 0xF9, 0xFF, 0xFF, 0xE2, 0x51,
0x06, 0x0D, 0xFF, 0xEB, 0x44, 0x0E, 0x8A, 0xFF, 0x5C, 0xE9, 0xEE, 0x6D, 0xFF, 0x00, 0xFF, 0x00,
0xFF, 0x00, 0x00, 0x00, 0x00, 0x00, 0x00, 0x24, 0xB6, 0xF6, 0xBE, 0x20, 0xD8, 0x47, 0x0A, 0x71,
0xB8, 0x00, 0x00, 0x00, 0x08, 0xF5, 0x43, 0xD1, 0xF9, 0xFF, 0xFF, 0xE2, 0x51, 0x06, 0x0D, 0xFF,
0xEB, 0x44, 0x0E, 0x8A, 0xFF, 0x5C, 0xE9, 0xEE, 0x6D, 0xFF, 0x00, 0x4C, 0xE4, 0xE5, 0x4B, 0x00,
0xE5, 0x3A, 0x3B, 0xE5, 0x00, 0xE4, 0x38, 0x3A, 0xE4, 0x00, 0x4C, 0xE5, 0xE5, 0x4B, 0x00, 0x00,
0x00, 0x00, 0x00, 0x24, 0xB6, 0xF6, 0xBE, 0x20, 0xD8, 0x47, 0x0A, 0x71, 0xB8, 0x00, 0x00, 0x00,
0x08, 0xF5, 0x43, 0xD1, 0xF9, 0xFF, 0xFF, 0xE2, 0x51, 0x06, 0x0D, 0xFF, 0xEB, 0x44, 0x0E, 0x8A,
0xFF, 0x5C, 0xE9, 0xEE, 0x6D, 0xFF, 0x59, 0xEB, 0x98, 0xED, 0x73, 0x92, 0x3A, 0xFF, 0x43, 0xDD,
0x00, 0x01, 0xFF, 0x04, 0xF8, 0x73, 0xF5, 0xFF, 0xFF, 0xFF, 0xEE, 0x25, 0xFE, 0x01, 0x00, 0xF3,
0x3F, 0xFF, 0x38, 0x62, 0x8D, 0xEF, 0x63, 0xEB, 0x95, 0x04, 0x83, 0xE0, 0xE7, 0x71, 0x7B, 0xBD,
0x21, 0x17, 0x89, 0xDB, 0x2A, 0x00, 0x00, 0x00, 0xF7, 0x08, 0x00, 0x00, 0x00, 0xDB, 0x29, 0x00,
0x00, 0x00, 0x7C, 0xBA, 0x1F, 0x15, 0x85, 0x05, 0x86, 0xE2, 0xE8, 0x6C, 0x00, 0x00, 0x00, 0x59,
0x97, 0x00, 0x00, 0xEA, 0xFA, 0xB9, 0x00, 0x7E, 0xAA, 0x01, 0x00, 0x00, 0x00, 0x7B, 0x8E, 0x00,
0x00, 0x00, 0x00, 0x00, 0x00, 0x0B, 0xA4, 0xEF, 0xC2, 0x19, 0x8C, 0x9B, 0x0E, 0x7C, 0xA2, 0xDF,
0x1A, 0x00, 0x0F, 0xE6, 0xF8, 0xFC, 0xFD, 0xFE, 0xFD, 0xDD, 0x0C, 0x00, 0x00, 0x00, 0x89, 0x95,
0x11, 0x26, 0xA7, 0x0A, 0x99, 0xEB, 0xDB, 0x59, 0x00, 0x00, 0x01, 0xAB, 0x7E, 0x00, 0x00, 0x8F,
0x7A, 0x00, 0x00, 0x00, 0x00, 0x00, 0x00, 0x0B, 0xA4, 0xEF, 0xC2, 0x19, 0x8C, 0x9B, 0x0E, 0x7C,
0xA2, 0xDF, 0x1A, 0x00, 0x0F, 0xE6, 0xF8, 0xFC, 0xFD, 0xFE, 0xFD, 0xDD, 0x0C, 0x00, 0x00, 0x00,
0x89, 0x95, 0x11, 0x26, 0xA7, 0x0A, 0x99, 0xEB, 0xDB, 0x59, 0x00, 0x08, 0xC4, 0xC4, 0x08, 0x00,
0x9B, 0x51, 0x52, 0x9A, 0x00, 0x00, 0x00, 0x00, 0x00, 0x0B, 0xA4, 0xEF, 0xC2, 0x19, 0x8C, 0x9B,
0x0E, 0x7C, 0xA2, 0xDF, 0x1A, 0x00, 0x0F, 0xE6, 0xF8, 0xFC, 0xFD, 0xFE, 0xFD, 0xDD, 0x0C, 0x00,
0x00, 0x00, 0x89, 0x95, 0x11, 0x26, 0xA7, 0x0A, 0x99, 0xEB, 0xDB, 0x59, 0x00, 0xFF, 0x00, 0xFF,
0x00, 0x00, 0x00, 0x00, 0x00, 0x00, 0x0B, 0xA4, 0xEF, 0xC2, 0x19, 0x8C, 0x9B, 0x0E, 0x7C, 0xA2,
0xDF, 0x1A, 0x00, 0x0F, 0xE6, 0xF8, 0xFC, 0xFD, 0xFE, 0xFD, 0xDD, 0x0C, 0x00, 0x00, 0x00, 0x89,
0x95, 0x11, 0x26, 0xA7, 0x0A, 0x99, 0xEB, 0xDB, 0x59, 0x00, 0x7E, 0xAA, 0x01, 0x00, 0x00, 0x00,
0x7B, 0x8E, 0x00, 0x00, 0x00, 0x00, 0x00, 0x00, 0xFF, 0xFF, 0xFF, 0x00, 0x00, 0x00, 0x00, 0xFF,
0x00, 0x00, 0x00, 0x00, 0xFF, 0x00, 0x00, 0x00, 0x00, 0xFF, 0x00, 0x00, 0x00, 0x00, 0xFF, 0x00,
0x00, 0x00, 0x00, 0xFF, 0x00, 0x00, 0xFF, 0xFF, 0xFF, 0xFF, 0xFF, 0x00, 0x00, 0x01, 0xAB, 0x7E,
0x00, 0x00, 0x8F, 0x7A, 0x00, 0x00, 0x00, 0x00, 0x00, 0x00, 0xFF, 0xFF, 0xFF, 0x00, 0x00, 0x00,
0x00, 0xFF, 0x00, 0x00, 0x00, 0x00, 0xFF, 0x00, 0x00, 0x00, 0x00, 0xFF, 0x00, 0x00, 0x00, 0x00,
0xFF, 0x00, 0x00, 0x00, 0x00, 0xFF, 0x00, 0x00, 0xFF, 0xFF, 0xFF, 0xFF, 0xFF, 0x08, 0xC4, 0xC4,
0x08, 0x00, 0x9B, 0x51, 0x52, 0x9A, 0x00, 0x00, 0x00, 0x00, 0x00, 0x00, 0xFF, 0xFF, 0xFF, 0x00,
0x00, 0x00, 0x00, 0xFF, 0x00, 0x00, 0x00, 0x00, 0xFF, 0x00, 0x00, 0x00, 0x00, 0xFF, 0x00, 0x00,
0x00, 0x00, 0xFF, 0x00, 0x00, 0x00, 0x00, 0xFF, 0x00, 0x00, 0xFF, 0xFF, 0xFF, 0xFF, 0xFF, 0x00,
0xFF, 0x00, 0xFF, 0x00, 0x00, 0x00, 0x00, 0x00, 0x00, 0xFF, 0xFF, 0xFF, 0x00, 0x00, 0x00, 0x00,
0xFF, 0x00, 0x00, 0x00, 0x00, 0xFF, 0x00, 0x00, 0x00, 0x00, 0xFF, 0x00, 0x00, 0x00, 0x00, 0xFF,
0x00, 0x00, 0x00, 0x00, 0xFF, 0x00, 0x00, 0xFF, 0xFF, 0xFF, 0xFF, 0xFF, 0x06, 0xDD, 0x3F, 0x33,
0x1E, 0x00, 0x6D, 0xEB, 0xBC, 0x1F, 0x48, 0xCD, 0xD2, 0x66, 0x00, 0x11, 0x03, 0x1E, 0xE0, 0x19,
0x20, 0xC1, 0xF9, 0xFE, 0x8B, 0xB3, 0x85, 0x0A, 0x69, 0xDA, 0xEF, 0x10, 0x00, 0x13, 0xF8, 0xEF,
0x0F, 0x00, 0x0F, 0xE7, 0xB3, 0x80, 0x0C, 0x81, 0xA2, 0x21, 0xC2, 0xF3, 0xBB, 0x18, 0x00, 0x93,
0xDC, 0x30, 0xF2, 0x00, 0xF3, 0x31, 0xDC, 0x95, 0x00, 0x00, 0x00, 0x00, 0x00, 0xFF, 0x66, 0xEC,
0xE4, 0x47, 0xFF, 0x8D, 0x0E, 0x64, 0xD1, 0xFF, 0x15, 0x00, 0x08, 0xF7, 0xFF, 0x00, 0x00, 0x00,
0xFF, 0xFF, 0x00, 0x00, 0x00, 0xFF, 0xFF, 0x00, 0x00, 0x00, 0xFF, 0xFF, 0x00, 0x00, 0x00, 0xFF,
0x00, 0x7E, 0xAA, 0x01, 0x00, 0x00, 0x00, 0x7B, 0x8E, 0x00, 0x00, 0x00, 0x00, 0x00, 0x00, 0x17,
0xBA, 0xF2, 0xBA, 0x17, 0x9F, 0x90, 0x10, 0x92, 0x9E, 0xE5, 0x1C, 0x00, 0x1D, 0xE4, 0xF9, 0x05,
0x00, 0x06, 0xF9, 0xE5, 0x1B, 0x00, 0x1D, 0xE4, 0xA0, 0x8E, 0x0F, 0x91, 0x9F, 0x18, 0xBC, 0xF3,
0xBC, 0x18, 0x00, 0x00, 0x01, 0xAB, 0x7E, 0x00, 0x00, 0x8F, 0x7A, 0x00, 0x00, 0x00, 0x00, 0x00,
0x00, 0x17, 0xBA, 0xF2, 0xBA, 0x17, 0x9F, 0x90, 0x10, 0x92, 0x9E, 0xE5, 0x1C, 0x00, 0x1D, 0xE4,
0xF9, 0x05, 0x00, 0x06, 0xF9, 0xE5, 0x1B, 0x00, 0x1D, 0xE4, 0xA0, 0x8E, 0x0F, 0x91, 0x9F, 0x18,
0xBC, 0xF3, 0xBC, 0x18, 0x00, 0x27, 0xE6, 0x26, 0x00, 0x00, 0x9F, 0x25, 0x9E, 0x00, 0x00, 0x00,
0x00, 0x00, 0x00, 0x17, 0xBA, 0xF2, 0xBA, 0x17, 0x9F, 0x90, 0x10, 0x92, 0x9E, 0xE5, 0x1C, 0x00,
0x1D, 0xE4, 0xF9, 0x05, 0x00, 0x06, 0xF9, 0xE5, 0x1B, 0x00, 0x1D, 0xE4, 0xA0, 0x8E, 0x0F, 0x91,
0x9F, 0x18, 0xBC, 0xF3, 0xBC, 0x18, 0x7D, 0xF2, 0x7F, 0x5B, 0xEF, 0xF0, 0x5D, 0x7B, 0xF2, 0x7F,
0x00, 0x00, 0x00, 0x00, 0x00, 0x17, 0xBA, 0xF2, 0xBA, 0x17, 0x9F, 0x90, 0x10, 0x92, 0x9E, 0xE5,
0x1C, 0x00, 0x1D, 0xE4, 0xF9, 0x05, 0x00, 0x06, 0xF9, 0xE5, 0x1B, 0x00, 0x1D, 0xE4, 0xA0, 0x8E,
0x0F, 0x91, 0x9F, 0x18, 0xBC, 0xF3, 0xBC, 0x18, 0x00, 0xFF, 0x00, 0xFF, 0x00, 0x00, 0x00, 0x00,
0x00, 0x00, 0x17, 0xBA, 0xF2, 0xBA, 0x17, 0x9F, 0x90, 0x10, 0x92, 0x9E, 0xE5, 0x1C, 0x00, 0x1D,
0xE4, 0xF9, 0x05, 0x00, 0x06, 0xF9, 0xE5, 0x1B, 0x00, 0x1D, 0xE4, 0xA0, 0x8E, 0x0F, 0x91, 0x9F,
0x18, 0xBC, 0xF3, 0xBC, 0x18, 0x00, 0x00, 0xFF, 0x00, 0x00, 0x00, 0x00, 0x00, 0x00, 0x00, 0xFF,
0xFF, 0xFF, 0xFF, 0xFF, 0x00, 0x00, 0x00, 0x00, 0x00, 0x00, 0x00, 0xFF, 0x00, 0x00, 0x00, 0x00,
0x00, 0x00, 0x00, 0x13, 0x0E, 0x00, 0x18, 0xBB, 0xF2, 0xB7, 0xAD, 0x2C, 0x00, 0xA1, 0x91, 0x0F,
0xAF, 0xAD, 0x00, 0x00, 0xE6, 0x1A, 0x2F, 0xB2, 0xE6, 0x00, 0x00, 0xFA, 0x11, 0xB6, 0x13, 0xF9,
0x00, 0x00, 0xE6, 0xB5, 0x32, 0x1C, 0xE5, 0x00, 0x00, 0xB1, 0xB2, 0x0F, 0x8D, 0xA2, 0x00, 0x42,
0xA9, 0xB5, 0xF3, 0xBD, 0x1A, 0x00, 0x20, 0x0F, 0x00, 0x00, 0x00, 0x00, 0x00, 0x00, 0x7E, 0xAA,
0x01, 0x00, 0x00, 0x00, 0x7B, 0x8E, 0x00, 0x00, 0x00, 0x00, 0x00, 0x00, 0xFF, 0x00, 0x00, 0x00,
0xFF, 0xFF, 0x00, 0x00, 0x00, 0xFF, 0xFF, 0x00, 0x00, 0x00, 0xFF, 0xFF, 0x00, 0x00, 0x00, 0xFF,
0xF8, 0x07, 0x00, 0x15, 0xFF, 0xD1, 0x62, 0x0D, 0x8B, 0xFF, 0x47, 0xE4, 0xEC, 0x66, 0xFF, 0x00,
0x00, 0x01, 0xAB, 0x7E, 0x00, 0x00, 0x8F, 0x7A, 0x00, 0x00, 0x00, 0x00, 0x00, 0x00, 0xFF, 0x00,
0x00, 0x00, 0xFF, 0xFF, 0x00, 0x00, 0x00, 0xFF, 0xFF, 0x00, 0x00, 0x00, 0xFF, 0xFF, 0x00, 0x00,
0x00, 0xFF, 0xF8, 0x07, 0x00, 0x15, 0xFF, 0xD1, 0x62, 0x0D, 0x8B, 0xFF, 0x47, 0xE4, 0xEC, 0x66,
0xFF, 0x00, 0x27, 0xE6, 0x26, 0x00, 0x00, 0x9F, 0x25, 0x9E, 0x00, 0x00, 0x00, 0x00, 0x00, 0x00,
0xFF, 0x00, 0x00, 0x00, 0xFF, 0xFF, 0x00, 0x00, 0x00, 0xFF, 0xFF, 0x00, 0x00, 0x00, 0xFF, 0xFF,
0x00, 0x00, 0x00, 0xFF, 0xF8, 0x07, 0x00, 0x15, 0xFF, 0xD1, 0x62, 0x0D, 0x8B, 0xFF, 0x47, 0xE4,
0xEC, 0x66, 0xFF, 0x00, 0xFF, 0x00, 0xFF, 0x00, 0x00, 0x00, 0x00, 0x00, 0x00, 0xFF, 0x00, 0x00,
0x00, 0xFF, 0xFF, 0x00, 0x00, 0x00, 0xFF, 0xFF, 0x00, 0x00, 0x00, 0xFF, 0xFF, 0x00, 0x00, 0x00,
0xFF, 0xF8, 0x07, 0x00, 0x15, 0xFF, 0xD1, 0x62, 0x0D, 0x8B, 0xFF, 0x47, 0xE4, 0xEC, 0x66, 0xFF,
0x00, 0x00, 0x01, 0xAB, 0x7E, 0x00, 0x00, 0x00, 0x8F, 0x7A, 0x00, 0x00, 0x00, 0x00, 0x00, 0x00,
0x00, 0x00, 0xDF, 0x28, 0x00, 0x18, 0xEC, 0x05, 0x9E, 0x6B, 0x00, 0x6B, 0x9F, 0x00, 0x5C, 0xAE,
0x00, 0xC0, 0x49, 0x00, 0x1A, 0xEE, 0x1A, 0xEB, 0x05, 0x00, 0x00, 0xD9, 0x9F, 0x9E, 0x00, 0x00,
0x00, 0x97, 0xFE, 0x4D, 0x00, 0x00, 0x00, 0x55, 0xF6, 0x09, 0x00, 0x00, 0x00, 0x5B, 0xB1, 0x00,
0x00, 0x00, 0x07, 0xC0, 0x5F, 0x00, 0x00, 0x00, 0xFD, 0xB8, 0x06, 0x00, 0x00, 0x00, 0xFF, 0x00,
0x00, 0x00, 0x00, 0xFF, 0x00, 0x00, 0x00, 0x00, 0xFF, 0x00, 0x00, 0x00, 0x00, 0xFF, 0x86, 0xF4,
0xBD, 0x15, 0xFF, 0x90, 0x10, 0x8F, 0x99, 0xFF, 0x1C, 0x00, 0x1C, 0xE3, 0xFF, 0x05, 0x00, 0x06,
0xF8, 0xFF, 0x1B, 0x00, 0x1C, 0xE4, 0xFF, 0x8D, 0x0F, 0x8D, 0x9C, 0xFF, 0x7F, 0xF4, 0xBE, 0x16,
0xFF, 0x00, 0x00, 0x00, 0x00, 0xFF, 0x00, 0x00, 0x00, 0x00, 0xFF, 0x00, 0x00, 0x00, 0x00, 0x00,
0xFF, 0x00, 0xFF, 0x00, 0x00, 0x00, 0x00, 0x00, 0x00, 0x00, 0x00, 0xDF, 0x28, 0x00, 0x18, 0xEC,
0x05, 0x9E, 0x6B, 0x00, 0x6B, 0x9F, 0x00, 0x5C, 0xAE, 0x00, 0xC0, 0x49, 0x00, 0x1A, 0xEE, 0x1A,
0xEB, 0x05, 0x00, 0x00, 0xD9, 0x9F, 0x9E, 0x00, 0x00, 0x00, 0x97, 0xFE, 0x4D, 0x00, 0x00, 0x00,
0x55, 0xF6, 0x09, 0x00, 0x00, 0x00, 0x5B, 0xB1, 0x00, 0x00, 0x00, 0x07, 0xC0, 0x5F, 0x00, 0x00,
0x00, 0xFD, 0xB8, 0x06, 0x00, 0x00, 0x00, 0x00, 0xFF, 0xFF, 0xFF, 0xFF, 0x00, 0x00, 0x00, 0x00,
0x00, 0x00, 0x00, 0x00, 0x00, 0xC6, 0xC5, 0x00, 0x00, 0x00, 0x0D, 0xF3, 0xF3, 0x0D, 0x00, 0x00,
0x4C, 0xBC, 0xBE, 0x4B, 0x00, 0x00, 0x8F, 0x7A, 0x7B, 0x8E, 0x00, 0x00, 0xD2, 0x37, 0x38, 0xD1,
0x00, 0x16, 0xF0, 0x03, 0x03, 0xF0, 0x15, 0x58, 0xFF, 0xFF, 0xFF, 0xFF, 0x57, 0x9B, 0x6D, 0x00,
0x00, 0x6F, 0x9A, 0xDE, 0x29, 0x00, 0x00, 0x2A, 0xDE, 0x00, 0xFF, 0xFF, 0xFF, 0xFF, 0x00, 0x00,
0x00, 0x00, 0x00, 0x24, 0xB6, 0xF6, 0xBE, 0x20, 0xD8, 0x47, 0x0A, 0x71, 0xB8, 0x00, 0x00, 0x00,
0x08, 0xF5, 0x43, 0xD1, 0xF9, 0xFF, 0xFF, 0xE2, 0x51, 0x06, 0x0D, 0xFF, 0xEB, 0x44, 0x0E, 0x8A,
0xFF, 0x5C, 0xE9, 0xEE, 0x6D, 0xFF, 0x00, 0xE5, 0x48, 0x49, 0xE4, 0x00, 0x00, 0x5B, 0xEA, 0xEA,
0x58, 0x00, 0x00, 0x00, 0x00, 0x00, 0x00, 0x00, 0x00, 0x00, 0xC6, 0xC5, 0x00, 0x00, 0x00, 0x0D,
0xF3, 0xF3, 0x0D, 0x00, 0x00, 0x4C, 0xBC, 0xBE, 0x4B, 0x00, 0x00, 0x8F, 0x7A, 0x7B, 0x8E, 0x00,
0x00, 0xD2, 0x37, 0x38, 0xD1, 0x00, 0x16, 0xF0, 0x03, 0x03, 0xF0, 0x15, 0x58, 0xFF, 0xFF, 0xFF,
0xFF, 0x57, 0x9B, 0x6D, 0x00, 0x00, 0x6F, 0x9A, 0xDE, 0x29, 0x00, 0x00, 0x2A, 0xDE, 0x00, 0xE6,
0x46, 0x49, 0xE4, 0x00, 0x5B, 0xEA, 0xEA, 0x58, 0x00, 0x00, 0x00, 0x00, 0x00, 0x24, 0xB6, 0xF6,
0xBE, 0x20, 0xD8, 0x47, 0x0A, 0x71, 0xB8, 0x00, 0x00, 0x00, 0x08, 0xF5, 0x43, 0xD1, 0xF9, 0xFF,
0xFF, 0xE2, 0x51, 0x06, 0x0D, 0xFF, 0xEB, 0x44, 0x0E, 0x8A, 0xFF, 0x5C, 0xE9, 0xEE, 0x6D, 0xFF,
0x00, 0x00, 0xC6, 0xC5, 0x00, 0x00, 0x00, 0x0D, 0xF3, 0xF3, 0x0D, 0x00, 0x00, 0x4C, 0xBC, 0xBE,
0x4B, 0x00, 0x00, 0x8F, 0x7A, 0x7B, 0x8E, 0x00, 0x00, 0xD2, 0x37, 0x38, 0xD1, 0x00, 0x16, 0xF0,
0x03, 0x03, 0xF0, 0x15, 0x58, 0xFF, 0xFF, 0xFF, 0xFF, 0x57, 0x9B, 0x6D, 0x00, 0x00, 0x6F, 0x9A,
0xDE, 0x29, 0x00, 0x00, 0x2A, 0xDE, 0x00, 0x00, 0x00, 0x00, 0x99, 0x4C, 0x00, 0x00, 0x00, 0x00,
0xCC, 0xF4, 0x24, 0xB6, 0xF6, 0xBE, 0x20, 0xD8, 0x47, 0x0A, 0x71, 0xB8, 0x00, 0x00, 0x00, 0x08,
0xF5, 0x43, 0xD1, 0xF9, 0xFF, 0xFF, 0xE2, 0x51, 0x06, 0x0D, 0xFF, 0xEB, 0x44, 0x0E, 0x8A, 0xFF,
0x5C, 0xE9, 0xEE, 0x6D, 0xFF, 0x00, 0x00, 0x00, 0x99, 0x4C, 0x00, 0x00, 0x00, 0xCC, 0xF4, 0x00,
0x00, 0x00, 0x3A, 0xB1, 0x00, 0x00, 0x00, 0x00, 0xB5, 0x21, 0x00, 0x00, 0x00, 0x00, 0x00, 0x00,
0x00, 0x00, 0x3F, 0xC4, 0xF7, 0xDB, 0x5E, 0x35, 0xE4, 0x4E, 0x0D, 0x25, 0xAB, 0xAF, 0x62, 0x00,
0x00, 0x00, 0x00, 0xEB, 0x1C, 0x00, 0x00, 0x00, 0x00, 0xFC, 0x07, 0x00, 0x00, 0x00, 0x00, 0xEB,
0x1C, 0x00, 0x00, 0x00, 0x00, 0xB1, 0x62, 0x00, 0x00, 0x00, 0x00, 0x37, 0xE5, 0x4D, 0x0D, 0x2A,
0xA7, 0x00, 0x42, 0xC6, 0xF7, 0xDC, 0x5E, 0x00, 0x00, 0x00, 0x01, 0xAB, 0x7E, 0x00, 0x00, 0x00,
0x8F, 0x7A, 0x00, 0x00, 0x00, 0x00, 0x00, 0x00, 0x00, 0x04, 0x83, 0xE0, 0xE7, 0x71, 0x00, 0x7B,
0xBD, 0x21, 0x17, 0x89, 0x00, 0xDB, 0x2A, 0x00, 0x00, 0x00, 0x00, 0xF7, 0x08, 0x00, 0x00, 0x00,
0x00, 0xDB, 0x29, 0x00, 0x00, 0x00, 0x00, 0x7C, 0xBA, 0x1F, 0x15, 0x85, 0x00, 0x05, 0x86, 0xE2,
0xE8, 0x6C, 0x00, 0x00, 0x00, 0x12, 0xD9, 0xD9, 0x11, 0x00, 0x00, 0xA7, 0x53, 0x54, 0xA6, 0x00,
0x00, 0x00, 0x00, 0x00, 0x00, 0x00, 0x3F, 0xC4, 0xF7, 0xDB, 0x5E, 0x35, 0xE4, 0x4E, 0x0D, 0x25,
0xAB, 0xAF, 0x62, 0x00, 0x00, 0x00, 0x00, 0xEB, 0x1C, 0x00, 0x00, 0x00, 0x00, 0xFC, 0x07, 0x00,
0x00, 0x00, 0x00, 0xEB, 0x1C, 0x00, 0x00, 0x00, 0x00, 0xB1, 0x62, 0x00, 0x00, 0x00, 0x00, 0x37,
0xE5, 0x4D, 0x0D, 0x2A, 0xA7, 0x00, 0x42, 0xC6, 0xF7, 0xDC, 0x5E, 0x00, 0x00, 0x08, 0xC4, 0xC4,
0x08, 0x00, 0x00, 0x9B, 0x51, 0x52, 0x9A, 0x00, 0x00, 0x00, 0x00, 0x00, 0x00, 0x04, 0x83, 0xE0,
0xE7, 0x71, 0x00, 0x7B, 0xBD, 0x21, 0x17, 0x89, 0x00, 0xDB, 0x2A, 0x00, 0x00, 0x00, 0x00, 0xF7,
0x08, 0x00, 0x00, 0x00, 0x00, 0xDB, 0x29, 0x00, 0x00, 0x00, 0x00, 0x7C, 0xBA, 0x1F, 0x15, 0x85,
0x00, 0x05, 0x86, 0xE2, 0xE8, 0x6C, 0x00, 0x00, 0x00, 0xFF, 0x00, 0x00, 0x00, 0x00, 0x00, 0x00,
0x00, 0x00, 0x00, 0x00, 0x3F, 0xC4, 0xF7, 0xDB, 0x5E, 0x35, 0xE4, 0x4E, 0x0D, 0x25, 0xAB, 0xAF,
0x62, 0x00, 0x00, 0x00, 0x00, 0xEB, 0x1C, 0x00, 0x00, 0x00, 0x00, 0xFC, 0x07, 0x00, 0x00, 0x00,
0x00, 0xEB, 0x1C, 0x00, 0x00, 0x00, 0x00, 0xB1, 0x62, 0x00, 0x00, 0x00, 0x00, 0x37, 0xE5, 0x4D,
0x0D, 0x2A, 0xA7, 0x00, 0x42, 0xC6, 0xF7, 0xDC, 0x5E, 0x00, 0x00, 0xFF, 0x00, 0x00, 0x00, 0x00,
0x00, 0x00, 0x00, 0x04, 0x83, 0xE0, 0xE7, 0x71, 0x7B, 0xBD, 0x21, 0x17, 0x89, 0xDB, 0x2A, 0x00,
0x00, 0x00, 0xF7, 0x08, 0x00, 0x00, 0x00, 0xDB, 0x29, 0x00, 0x00, 0x00, 0x7C, 0xBA, 0x1F, 0x15,
0x85, 0x05, 0x86, 0xE2, 0xE8, 0x6C, 0x00, 0x00, 0xA7, 0x53, 0x53, 0xA6, 0x00, 0x00, 0x12, 0xD9,
0xD9, 0x12, 0x00, 0x00, 0x00, 0x00, 0x00, 0x00, 0x00, 0x3F, 0xC4, 0xF7, 0xDB, 0x5E, 0x35, 0xE4,
0x4E, 0x0D, 0x25, 0xAB, 0xAF, 0x62, 0x00, 0x00, 0x00, 0x00, 0xEB, 0x1C, 0x00, 0x00, 0x00, 0x00,
0xFC, 0x07, 0x00, 0x00, 0x00, 0x00, 0xEB, 0x1C, 0x00, 0x00, 0x00, 0x00, 0xB1, 0x62, 0x00, 0x00,
0x00, 0x00, 0x37, 0xE5, 0x4D, 0x0D, 0x2A, 0xA7, 0x00, 0x42, 0xC6, 0xF7, 0xDC, 0x5E, 0x00, 0x00,
0x9B, 0x51, 0x51, 0x99, 0x00, 0x00, 0x08, 0xC4, 0xC4, 0x08, 0x00, 0x00, 0x00, 0x00, 0x00, 0x00,
0x04, 0x83, 0xE0, 0xE7, 0x71, 0x00, 0x7B, 0xBD, 0x21, 0x17, 0x89, 0x00, 0xDB, 0x2A, 0x00, 0x00,
0x00, 0x00, 0xF7, 0x08, 0x00, 0x00, 0x00, 0x00, 0xDB, 0x29, 0x00, 0x00, 0x00, 0x00, 0x7C, 0xBA,
0x1F, 0x15, 0x85, 0x00, 0x05, 0x86, 0xE2, 0xE8, 0x6C, 0x00, 0x00, 0xA7, 0x53, 0x53, 0xA6, 0x00,
0x00, 0x12, 0xD9, 0xD9, 0x12, 0x00, 0x00, 0x00, 0x00, 0x00, 0x00, 0x00, 0xFF, 0xFF, 0xF0, 0xBD,
0x42, 0x00, 0xFF, 0x00, 0x10, 0x4E, 0xE1, 0x3F, 0xFF, 0x00, 0x00, 0x00, 0x51, 0xB6, 0xFF, 0x00,
0x00, 0x00, 0x13, 0xEC, 0xFF, 0x00, 0x00, 0x00, 0x03, 0xFB, 0xFF, 0x00, 0x00, 0x00, 0x12, 0xEC,
0xFF, 0x00, 0x00, 0x00, 0x50, 0xB6, 0xFF, 0x00, 0x0F, 0x4C, 0xDF, 0x3F, 0xFF, 0xFF, 0xF1, 0xBD,
0x43, 0x00, 0x00, 0x00, 0x00, 0x00, 0xFF, 0x00, 0x00, 0x00, 0x00, 0x00, 0x00, 0x00, 0xFF, 0x00,
0x9E, 0xC9, 0x00, 0x00, 0x00, 0x00, 0xFF, 0x00, 0xDF, 0x5D, 0x16, 0xBD, 0xF4, 0x86, 0xFF, 0x00,
0x00, 0x00, 0x9D, 0x8F, 0x10, 0x92, 0xFF, 0x00, 0x00, 0x00, 0xE4, 0x1C, 0x00, 0x1D, 0xFF, 0x00,
0x00, 0x00, 0xF9, 0x05, 0x00, 0x06, 0xFF, 0x00, 0x00, 0x00, 0xE4, 0x1B, 0x00, 0x1D, 0xFF, 0x00,
0x00, 0x00, 0x9D, 0x8D, 0x0F, 0x90, 0xFF, 0x00, 0x00, 0x00, 0x17, 0xBE, 0xF4, 0x7C, 0xFF, 0x00,
0x00, 0x00, 0x00, 0xFF, 0xFF, 0xF1, 0xBD, 0x42, 0x00, 0x00, 0xFF, 0x00, 0x0F, 0x4B, 0xDF, 0x3F,
0x00, 0xFF, 0x00, 0x00, 0x00, 0x50, 0xB6, 0x00, 0xFF, 0x00, 0x00, 0x00, 0x13, 0xEC, 0xFF, 0xFF,
0xFF, 0xFF, 0x00, 0x03, 0xFB, 0x00, 0xFF, 0x00, 0x00, 0x00, 0x12, 0xEC, 0x00, 0xFF, 0x00, 0x00,
0x00, 0x4E, 0xB6, 0x00, 0xFF, 0x00, 0x0D, 0x49, 0xDD, 0x3F, 0x00, 0xFF, 0xFF, 0xF2, 0xBE, 0x43,
0x00, 0x00, 0x00, 0x00, 0x00, 0xFF, 0x00, 0x00, 0x00, 0xFF, 0xFF, 0xFF, 0xFF, 0x00, 0x00, 0x00,
0x00, 0xFF, 0x00, 0x16, 0xBD, 0xF4, 0x86, 0xFF, 0x00, 0x9D, 0x8F, 0x10, 0x92, 0xFF, 0x00, 0xE4,
0x1C, 0x00, 0x1D, 0xFF, 0x00, 0xF9, 0x05, 0x00, 0x06, 0xFF, 0x00, 0xE4, 0x1B, 0x00, 0x1D, 0xFF,
0x00, 0x9D, 0x8D, 0x0F, 0x90, 0xFF, 0x00, 0x17, 0xBE, 0xF4, 0x7C, 0xFF, 0x00, 0x00, 0xFF, 0xFF,
0xFF, 0xFF, 0x00, 0x00, 0x00, 0x00, 0x00, 0x00, 0x00, 0xFF, 0xFF, 0xFF, 0xFF, 0xFF, 0xFF, 0xFF,
0x00, 0x00, 0x00, 0x00, 0x00, 0xFF, 0x00, 0x00, 0x00, 0x00, 0x00, 0xFF, 0x00, 0x00, 0x00, 0x00,
0x00, 0xFF, 0xFF, 0xFF, 0xFF, 0xFF, 0xFF, 0xFF, 0x00, 0x00, 0x00, 0x00, 0x00, 0xFF, 0x00, 0x00,
0x00, 0x00, 0x00, 0xFF, 0x00, 0x00, 0x00, 0x00, 0x00, 0xFF, 0xFF, 0xFF, 0xFF, 0xFF, 0xFF, 0x00,
0xFF, 0xFF, 0xFF, 0xFF, 0x00, 0x00, 0x00, 0x00, 0x00, 0x0B, 0xA4, 0xEF, 0xC2, 0x19, 0x8C, 0x9B,
0x0E, 0x7C, 0xA2, 0xDF, 0x1A, 0x00, 0x0F, 0xE6, 0xF8, 0xFC, 0xFD, 0xFE, 0xFD, 0xDD, 0x0C, 0x00,
0x00, 0x00, 0x89, 0x95, 0x11, 0x26, 0xA7, 0x0A, 0x99, 0xEB, 0xDB, 0x59, 0x00, 0xE5, 0x48, 0x49,
0xE4, 0x00, 0x00, 0x5B, 0xEA, 0xEA, 0x58, 0x00, 0x00, 0x00, 0x00, 0x00, 0x00, 0x00, 0xFF, 0xFF,
0xFF, 0xFF, 0xFF, 0xFF, 0xFF, 0x00, 0x00, 0x00, 0x00, 0x00, 0xFF, 0x00, 0x00, 0x00, 0x00, 0x00,
0xFF, 0x00, 0x00, 0x00, 0x00, 0x00, 0xFF, 0xFF, 0xFF, 0xFF, 0xFF, 0xFF, 0xFF, 0x00, 0x00, 0x00,
0x00, 0x00, 0xFF, 0x00, 0x00, 0x00, 0x00, 0x00, 0xFF, 0x00, 0x00, 0x00, 0x00, 0x00, 0xFF, 0xFF,
0xFF, 0xFF, 0xFF, 0xFF, 0x00, 0xE6, 0x46, 0x49, 0xE4, 0x00, 0x5B, 0xEA, 0xEA, 0x58, 0x00, 0x00,
0x00, 0x00, 0x00, 0x0B, 0xA4, 0xEF, 0xC2, 0x19, 0x8C, 0x9B, 0x0E, 0x7C, 0xA2, 0xDF, 0x1A, 0x00,
0x0F, 0xE6, 0xF8, 0xFC, 0xFD, 0xFE, 0xFD, 0xDD, 0x0C, 0x00, 0x00, 0x00, 0x89, 0x95, 0x11, 0x26,
0xA7, 0x0A, 0x99, 0xEB, 0xDB, 0x59, 0x00, 0x00, 0xFF, 0x00, 0x00, 0x00, 0x00, 0x00, 0x00, 0x00,
0x00, 0x00, 0xFF, 0xFF, 0xFF, 0xFF, 0xFF, 0xFF, 0xFF, 0x00, 0x00, 0x00, 0x00, 0x00, 0xFF, 0x00,
0x00, 0x00, 0x00, 0x00, 0xFF, 0x00, 0x00, 0x00, 0x00, 0x00, 0xFF, 0xFF, 0xFF, 0xFF, 0xFF, 0xFF,
0xFF, 0x00, 0x00, 0x00, 0x00, 0x00, 0xFF, 0x00, 0x00, 0x00, 0x00, 0x00, 0xFF, 0x00, 0x00, 0x00,
0x00, 0x00, 0xFF, 0xFF, 0xFF, 0xFF, 0xFF, 0xFF, 0x00, 0x00, 0xFF, 0x00, 0x00, 0x00, 0x00, 0x00,
0x00, 0x00, 0x0B, 0xA4, 0xEF, 0xC2, 0x19, 0x8C, 0x9B, 0x0E, 0x7C, 0xA2, 0xDF, 0x1A, 0x00, 0x0F,
0xE6, 0xF8, 0xFC, 0xFD, 0xFE, 0xFD, 0xDD, 0x0C, 0x00, 0x00, 0x00, 0x89, 0x95, 0x11, 0x26, 0xA7,
0x0A, 0x99, 0xEB, 0xDB, 0x59, 0xFF, 0xFF, 0xFF, 0xFF, 0xFF, 0xFF, 0xFF, 0x00, 0x00, 0x00, 0x00,
0x00, 0xFF, 0x00, 0x00, 0x00, 0x00, 0x00, 0xFF, 0x00, 0x00, 0x00, 0x00, 0x00, 0xFF, 0xFF, 0xFF,
0xFF, 0xFF, 0xFF, 0xFF, 0x00, 0x00, 0x00, 0x00, 0x00, 0xFF, 0x00, 0x00, 0x00, 0x00, 0x00, 0xFF,
0x00, 0x00, 0x00, 0x00, 0x00, 0xFF, 0xFF, 0xFF, 0xFF, 0xFF, 0xFF, 0x00, 0x00, 0x00, 0x99, 0x4C,
0x00, 0x00, 0x00, 0x00, 0xCC, 0xF4, 0x00, 0x0B, 0xA4, 0xEF, 0xC2, 0x19, 0x8C, 0x9B, 0x0E, 0x7C,
0xA2, 0xDF, 0x1A, 0x00, 0x0F, 0xE6, 0xF8, 0xFC, 0xFD, 0xFE, 0xFD, 0xDD, 0x0C, 0x00, 0x00, 0x00,
0x89, 0x95, 0x11, 0x26, 0xA7, 0x0A, 0x99, 0xEB, 0xDB, 0x59, 0x00, 0x00, 0x99, 0x4C, 0x00, 0x00,
0x00, 0xCC, 0xF4, 0x00, 0x00, 0xA7, 0x53, 0x53, 0xA6, 0x00, 0x00, 0x12, 0xD9, 0xD9, 0x12, 0x00,
0x00, 0x00, 0x00, 0x00, 0x00, 0x00, 0xFF, 0xFF, 0xFF, 0xFF, 0xFF, 0xFF, 0xFF, 0x00, 0x00, 0x00,
0x00, 0x00, 0xFF, 0x00, 0x00, 0x00, 0x00, 0x00, 0xFF, 0x00, 0x00, 0x00, 0x00, 0x00, 0xFF, 0xFF,
0xFF, 0xFF, 0xFF, 0xFF, 0xFF, 0x00, 0x00, 0x00, 0x00, 0x00, 0xFF, 0x00, 0x00, 0x00, 0x00, 0x00,
0xFF, 0x00, 0x00, 0x00, 0x00, 0x00, 0xFF, 0xFF, 0xFF, 0xFF, 0xFF, 0xFF, 0x00, 0x9B, 0x51, 0x51,
0x99, 0x00, 0x08, 0xC4, 0xC4, 0x08, 0x00, 0x00, 0x00, 0x00, 0x00, 0x0B, 0xA4, 0xEF, 0xC2, 0x19,
0x8C, 0x9B, 0x0E, 0x7C, 0xA2, 0xDF, 0x1A, 0x00, 0x0F, 0xE6, 0xF8, 0xFC, 0xFD, 0xFE, 0xFD, 0xDD,
0x0C, 0x00, 0x00, 0x00, 0x89, 0x95, 0x11, 0x26, 0xA7, 0x0A, 0x99, 0xEB, 0xDB, 0x59, 0x00, 0x12,
0xD9, 0xD9, 0x11, 0x00, 0x00, 0xA7, 0x53, 0x54, 0xA6, 0x00, 0x00, 0x00, 0x00, 0x00, 0x00, 0x00,
0x00, 0x43, 0xC8, 0xF7, 0xD9, 0x5B, 0x2C, 0xE3, 0x4A, 0x0D, 0x2D, 0xA0, 0xA9, 0x5F, 0x00, 0x00,
0x00, 0x00, 0xDF, 0x1B, 0x00, 0x00, 0x00, 0x00, 0xF8, 0x06, 0x00, 0x00, 0xFF, 0xFF, 0xE1, 0x1A,
0x00, 0x00, 0x00, 0xFF, 0xB0, 0x5B, 0x00, 0x00, 0x00, 0xFF, 0x39, 0xE3, 0x44, 0x0A, 0x2E, 0xFF,
0x00, 0x55, 0xD5, 0xF8, 0xD6, 0x65, 0x00, 0x08, 0xC4, 0xC4, 0x08, 0x00, 0x9B, 0x51, 0x52, 0x9A,
0x00, 0x00, 0x00, 0x00, 0x00, 0x14, 0xBC, 0xF4, 0x82, 0xFF, 0x99, 0x93, 0x10, 0x8D, 0xFF, 0xE3,
0x1D, 0x00, 0x1C, 0xFF, 0xF9, 0x05, 0x00, 0x06, 0xFF, 0xE3, 0x1D, 0x00, 0x1D, 0xFF, 0x99, 0x94,
0x0F, 0x8C, 0xFF, 0x14, 0xBD, 0xF4, 0x80, 0xFC, 0x00, 0x00, 0x00, 0x14, 0xE5, 0x00, 0x8B, 0x13,
0x7C, 0xA4, 0x00, 0x71, 0xEC, 0xC5, 0x1D, 0x00, 0xE5, 0x48, 0x49, 0xE4, 0x00, 0x00, 0x5B, 0xEA,
0xEA, 0x58, 0x00, 0x00, 0x00, 0x00, 0x00, 0x00, 0x00, 0x00, 0x43, 0xC8, 0xF7, 0xD9, 0x5B, 0x2C,
0xE3, 0x4A, 0x0D, 0x2D, 0xA0, 0xA9, 0x5F, 0x00, 0x00, 0x00, 0x00, 0xDF, 0x1B, 0x00, 0x00, 0x00,
0x00, 0xF8, 0x06, 0x00, 0x00, 0xFF, 0xFF, 0xE1, 0x1A, 0x00, 0x00, 0x00, 0xFF, 0xB0, 0x5B, 0x00,
0x00, 0x00, 0xFF, 0x39, 0xE3, 0x44, 0x0A, 0x2E, 0xFF, 0x00, 0x55, 0xD5, 0xF8, 0xD6, 0x65, 0x00,
0xE6, 0x46, 0x49, 0xE4, 0x00, 0x5B, 0xEA, 0xEA, 0x58, 0x00, 0x00, 0x00, 0x00, 0x00, 0x14, 0xBC,
0xF4, 0x82, 0xFF, 0x99, 0x93, 0x10, 0x8D, 0xFF, 0xE3, 0x1D, 0x00, 0x1C, 0xFF, 0xF9, 0x05, 0x00,
0x06, 0xFF, 0xE3, 0x1D, 0x00, 0x1D, 0xFF, 0x99, 0x94, 0x0F, 0x8C, 0xFF, 0x14, 0xBD, 0xF4, 0x80,
0xFC, 0x00, 0x00, 0x00, 0x14, 0xE5, 0x00, 0x8B, 0x13, 0x7C, 0xA4, 0x00, 0x71, 0xEC, 0xC5, 0x1D,
0x00, 0x00, 0xFF, 0x00, 0x00, 0x00, 0x00, 0x00, 0x00, 0x00, 0x00, 0x00, 0x00, 0x43, 0xC8, 0xF7,
0xD9, 0x5B, 0x2C, 0xE3, 0x4A, 0x0D, 0x2D, 0xA0, 0xA9, 0x5F, 0x00, 0x00, 0x00, 0x00, 0xDF, 0x1B,
0x00, 0x00, 0x00, 0x00, 0xF8, 0x06, 0x00, 0x00, 0xFF, 0xFF, 0xE1, 0x1A, 0x00, 0x00, 0x00, 0xFF,
0xB0, 0x5B, 0x00, 0x00, 0x00, 0xFF, 0x39, 0xE3, 0x44, 0x0A, 0x2E, 0xFF, 0x00, 0x55, 0xD5, 0xF8,
0xD6, 0x65, 0x00, 0x00, 0xFF, 0x00, 0x00, 0x00, 0x00, 0x00, 0x00, 0x00, 0x14, 0xBC, 0xF4, 0x82,
0xFF, 0x99, 0x93, 0x10, 0x8D, 0xFF, 0xE3, 0x1D, 0x00, 0x1C, 0xFF, 0xF9, 0x05, 0x00, 0x06, 0xFF,
0xE3, 0x1D, 0x00, 0x1D, 0xFF, 0x99, 0x94, 0x0F, 0x8C, 0xFF, 0x14, 0xBD, 0xF4, 0x80, 0xFC, 0x00,
0x00, 0x00, 0x14, 0xE5, 0x00, 0x8B, 0x13, 0x7C, 0xA4, 0x00, 0x71, 0xEC, 0xC5, 0x1D, 0x00, 0x43,
0xC8, 0xF7, 0xD9, 0x5B, 0x2C, 0xE3, 0x4A, 0x0D, 0x2D, 0xA0, 0xA9, 0x5F, 0x00, 0x00, 0x00, 0x00,
0xDF, 0x1B, 0x00, 0x00, 0x00, 0x00, 0xF8, 0x06, 0x00, 0x00, 0xFF, 0xFF, 0xE1, 0x1A, 0x00, 0x00,
0x00, 0xFF, 0xB0, 0x5B, 0x00, 0x00, 0x00, 0xFF, 0x39, 0xE3, 0x44, 0x0A, 0x2E, 0xFF, 0x00, 0x55,
0xD5, 0xF8, 0xD6, 0x65, 0x00, 0x00, 0x00, 0x00, 0x00, 0x00, 0x00, 0x00, 0x95, 0xB7, 0x00, 0x00,
0x00, 0x00, 0xD9, 0x2B, 0x00, 0x00, 0x00, 0x00, 0x3C, 0x6B, 0x00, 0x00, 0x01, 0xCB, 0x61, 0x00,
0x00, 0x0D, 0x54, 0x10, 0x00, 0x14, 0xBC, 0xF4, 0x82, 0xFF, 0x99, 0x93, 0x10, 0x8D, 0xFF, 0xE3,
0x1D, 0x00, 0x1C, 0xFF, 0xF9, 0x05, 0x00, 0x06, 0xFF, 0xE3, 0x1D, 0x00, 0x1D, 0xFF, 0x99, 0x94,
0x0F, 0x8C, 0xFF, 0x14, 0xBD, 0xF4, 0x80, 0xFC, 0x00, 0x00, 0x00, 0x14, 0xE5, 0x00, 0x8B, 0x13,
0x7C, 0xA4, 0x00, 0x71, 0xEC, 0xC5, 0x1D, 0x00, 0x12, 0xD9, 0xD9, 0x11, 0x00, 0x00, 0xA7, 0x53,
0x54, 0xA6, 0x00, 0x00, 0x00, 0x00, 0x00, 0x00, 0x00, 0xFF, 0x00, 0x00, 0x00, 0x00, 0xFF, 0xFF,
0x00, 0x00, 0x00, 0x00, 0xFF, 0xFF, 0x00, 0x00, 0x00, 0x00, 0xFF, 0xFF, 0x00, 0x00, 0x00, 0x00,
0xFF, 0xFF, 0xFF, 0xFF, 0xFF, 0xFF, 0xFF, 0xFF, 0x00, 0x00, 0x00, 0x00, 0xFF, 0xFF, 0x00, 0x00,
0x00, 0x00, 0xFF, 0xFF, 0x00, 0x00, 0x00, 0x00, 0xFF, 0xFF, 0x00, 0x00, 0x00, 0x00, 0xFF, 0x00,
0x12, 0xD9, 0xD9, 0x11, 0x00, 0xA7, 0x53, 0x54, 0xA6, 0x00, 0x00, 0x00, 0x00, 0x00, 0xFF, 0x00,
0x00, 0x00, 0x00, 0xFF, 0x00, 0x00, 0x00, 0x00, 0xFF, 0x00, 0x00, 0x00, 0x00, 0xFF, 0x66, 0xEC,
0xE4, 0x47, 0xFF, 0x8D, 0x0E, 0x64, 0xD1, 0xFF, 0x15, 0x00, 0x08, 0xF7, 0xFF, 0x00, 0x00, 0x00,
0xFF, 0xFF, 0x00, 0x00, 0x00, 0xFF, 0xFF, 0x00, 0x00, 0x00, 0xFF, 0xFF, 0x00, 0x00, 0x00, 0xFF,
0x00, 0xFF, 0x00, 0x00, 0x00, 0x00, 0xFF, 0x00, 0x00, 0xFF, 0x00, 0x00, 0x00, 0x00, 0xFF, 0x00,
0xFF, 0xFF, 0xFF, 0xFF, 0xFF, 0xFF, 0xFF, 0xFF, 0x00, 0xFF, 0x00, 0x00, 0x00, 0x00, 0xFF, 0x00,
0x00, 0xFF, 0xFF, 0xFF, 0xFF, 0xFF, 0xFF, 0x00, 0x00, 0xFF, 0x00, 0x00, 0x00, 0x00, 0xFF, 0x00,
0x00, 0xFF, 0x00, 0x00, 0x00, 0x00, 0xFF, 0x00, 0x00, 0xFF, 0x00, 0x00, 0x00, 0x00, 0xFF, 0x00,
0x00, 0xFF, 0x00, 0x00, 0x00, 0x00, 0xFF, 0x00, 0x00, 0xFF, 0x00, 0x00, 0x00, 0x00, 0xFF, 0xFF,
0xFF, 0xFF, 0x00, 0x00, 0x00, 0xFF, 0x00, 0x00, 0x00, 0x00, 0x00, 0xFF, 0x70, 0xEF, 0xE5, 0x4B,
0x00, 0xFF, 0x8C, 0x0D, 0x5E, 0xD6, 0x00, 0xFF, 0x11, 0x00, 0x06, 0xFA, 0x00, 0xFF, 0x00, 0x00,
0x00, 0xFF, 0x00, 0xFF, 0x00, 0x00, 0x00, 0xFF, 0x00, 0xFF, 0x00, 0x00, 0x00, 0xFF, 0x00, 0xFF,
0x00, 0x00, 0x00, 0xFF, 0x7C, 0xF3, 0x8A, 0x61, 0xED, 0xEF, 0x62, 0x8C, 0xF3, 0x79, 0x00, 0x00,
0x00, 0x00, 0x00, 0xFF, 0xFF, 0xFF, 0xFF, 0xFF, 0x00, 0x00, 0xFF, 0x00, 0x00, 0x00, 0x00, 0xFF,
0x00, 0x00, 0x00, 0x00, 0xFF, 0x00, 0x00, 0x00, 0x00, 0xFF, 0x00, 0x00, 0x00, 0x00, 0xFF, 0x00,
0x00, 0x00, 0x00, 0xFF, 0x00, 0x00, 0x00, 0x00, 0xFF, 0x00, 0x00, 0xFF, 0xFF, 0xFF, 0xFF, 0xFF,
0x00, 0x93, 0xDC, 0x30, 0xF2, 0x00, 0xF3, 0x31, 0xDC, 0x95, 0x00, 0x00, 0x00, 0x00, 0x00, 0xFF,
0xFF, 0xFF, 0x00, 0x00, 0x00, 0x00, 0xFF, 0x00, 0x00, 0x00, 0x00, 0xFF, 0x00, 0x00, 0x00, 0x00,
0xFF, 0x00, 0x00, 0x00, 0x00, 0xFF, 0x00, 0x00, 0x00, 0x00, 0xFF, 0x00, 0x00, 0xFF, 0xFF, 0xFF,
0xFF, 0xFF, 0x00, 0xFF, 0xFF, 0xFF, 0x00, 0x00, 0x00, 0x00, 0x00, 0x00, 0xFF, 0xFF, 0xFF, 0xFF,
0xFF, 0x00, 0x00, 0xFF, 0x00, 0x00, 0x00, 0x00, 0xFF, 0x00, 0x00, 0x00, 0x00, 0xFF, 0x00, 0x00,
0x00, 0x00, 0xFF, 0x00, 0x00, 0x00, 0x00, 0xFF, 0x00, 0x00, 0x00, 0x00, 0xFF, 0x00, 0x00, 0x00,
0x00, 0xFF, 0x00, 0x00, 0xFF, 0xFF, 0xFF, 0xFF, 0xFF, 0x00, 0xFF, 0xFF, 0xFF, 0xFF, 0x00, 0x00,
0x00, 0x00, 0x00, 0xFF, 0xFF, 0xFF, 0x00, 0x00, 0x00, 0x00, 0xFF, 0x00, 0x00, 0x00, 0x00, 0xFF,
0x00, 0x00, 0x00, 0x00, 0xFF, 0x00, 0x00, 0x00, 0x00, 0xFF, 0x00, 0x00, 0x00, 0x00, 0xFF, 0x00,
0x00, 0xFF, 0xFF, 0xFF, 0xFF, 0xFF, 0x00, 0xD2, 0x1F, 0xD3, 0x00, 0x00, 0x7A, 0xF3, 0x77, 0x00,
0x00, 0x00, 0x00, 0x00, 0x00, 0xFF, 0xFF, 0xFF, 0xFF, 0xFF, 0x00, 0x00, 0xFF, 0x00, 0x00, 0x00,
0x00, 0xFF, 0x00, 0x00, 0x00, 0x00, 0xFF, 0x00, 0x00, 0x00, 0x00, 0xFF, 0x00, 0x00, 0x00, 0x00,
0xFF, 0x00, 0x00, 0x00, 0x00, 0xFF, 0x00, 0x00, 0x00, 0x00, 0xFF, 0x00, 0x00, 0xFF, 0xFF, 0xFF,
0xFF, 0xFF, 0x00, 0xE6, 0x46, 0x49, 0xE4, 0x00, 0x5B, 0xEA, 0xEA, 0x58, 0x00, 0x00, 0x00, 0x00,
0x00, 0xFF, 0xFF, 0xFF, 0x00, 0x00, 0x00, 0x00, 0xFF, 0x00, 0x00, 0x00, 0x00, 0xFF, 0x00, 0x00,
0x00, 0x00, 0xFF, 0x00, 0x00, 0x00, 0x00, 0xFF, 0x00, 0x00, 0x00, 0x00, 0xFF, 0x00, 0x00, 0xFF,
0xFF, 0xFF, 0xFF, 0xFF, 0xFF, 0xFF, 0xFF, 0xFF, 0xFF, 0x00, 0x00, 0xFF, 0x00, 0x00, 0x00, 0x00,
0xFF, 0x00, 0x00, 0x00, 0x00, 0xFF, 0x00, 0x00, 0x00, 0x00, 0xFF, 0x00, 0x00, 0x00, 0x00, 0xFF,
0x00, 0x00, 0x00, 0x00, 0xFF, 0x00, 0x00, 0x00, 0x00, 0xFF, 0x00, 0x00, 0xFF, 0xFF, 0xFF, 0xFF,
0xFF, 0x00, 0x99, 0x4C, 0x00, 0x00, 0x00, 0xCC, 0xF4, 0x00, 0x00, 0x00, 0x00, 0xFF, 0x00, 0x00,
0x00, 0x00, 0x00, 0x00, 0x00, 0x00, 0x00, 0x00, 0x00, 0x00, 0xFF, 0xFF, 0xFF, 0x00, 0x00, 0x00,
0x00, 0xFF, 0x00, 0x00, 0x00, 0x00, 0xFF, 0x00, 0x00, 0x00, 0x00, 0xFF, 0x00, 0x00, 0x00, 0x00,
0xFF, 0x00, 0x00, 0x00, 0x00, 0xFF, 0x00, 0x00, 0xFF, 0xFF, 0xFF, 0xFF, 0xFF, 0x00, 0x99, 0x4C,
0x00, 0x00, 0x00, 0xCC, 0xF4, 0x00, 0x00, 0x00, 0x00, 0xFF, 0x00, 0x00, 0x00, 0x00, 0x00, 0x00,
0x00, 0xFF, 0xFF, 0xFF, 0xFF, 0xFF, 0x00, 0x00, 0xFF, 0x00, 0x00, 0x00, 0x00, 0xFF, 0x00, 0x00,
0x00, 0x00, 0xFF, 0x00, 0x00, 0x00, 0x00, 0xFF, 0x00, 0x00, 0x00, 0x00, 0xFF, 0x00, 0x00, 0x00,
0x00, 0xFF, 0x00, 0x00, 0x00, 0x00, 0xFF, 0x00, 0x00, 0xFF, 0xFF, 0xFF, 0xFF, 0xFF, 0xFF, 0xFF,
0xFF, 0x00, 0x00, 0x00, 0x00, 0xFF, 0x00, 0x00, 0x00, 0x00, 0xFF, 0x00, 0x00, 0x00, 0x00, 0xFF,
0x00, 0x00, 0x00, 0x00, 0xFF, 0x00, 0x00, 0x00, 0x00, 0xFF, 0x00, 0x00, 0xFF, 0xFF, 0xFF, 0xFF,
0xFF, 0xFF, 0xFF, 0xFF, 0x00, 0x00, 0xFC, 0xFF, 0x00, 0xFF, 0x00, 0x00, 0x00, 0x00, 0xFF, 0x00,
0xFF, 0x00, 0x00, 0x00, 0x00, 0xFF, 0x00, 0xFF, 0x00, 0x00, 0x00, 0x00, 0xFF, 0x00, 0xFF, 0x00,
0x00, 0x00, 0x00, 0xFF, 0x00, 0xFF, 0x00, 0x00, 0x00, 0x00, 0xFF, 0x00, 0xFF, 0x00, 0x00, 0x00,
0x06, 0xF6, 0x00, 0xFF, 0x00, 0x00, 0x6E, 0x3C, 0xD9, 0xFF, 0xFF, 0xFF, 0x00, 0x86, 0xEE, 0x67,
0x00, 0x00, 0xFF, 0x00, 0x00, 0xFF, 0x00, 0x00, 0x00, 0x00, 0x00, 0x10, 0x00, 0x00, 0x00, 0x00,
0x00, 0x00, 0x00, 0xFF, 0xFF, 0xF0, 0xF0, 0xF0, 0x00, 0x00, 0xFF, 0x10, 0x10, 0xFF, 0x00, 0x00,
0xFF, 0x00, 0x00, 0xFF, 0x00, 0x00, 0xFF, 0x00, 0x00, 0xFF, 0x00, 0x00, 0xFF, 0x00, 0x00, 0xFF,
0x00, 0x00, 0xFF, 0x00, 0x00, 0xFF, 0xFF, 0xFF, 0xFF, 0xFF, 0xFF, 0xFF, 0x00, 0x00, 0x00, 0x00,
0x03, 0xFB, 0x00, 0x00, 0x00, 0x00, 0x3E, 0xD9, 0x00, 0x00, 0x00, 0xFF, 0xF0, 0x57, 0x00, 0x12,
0xD9, 0xD9, 0x11, 0x00, 0xA7, 0x53, 0x54, 0xA6, 0x00, 0x00, 0x00, 0x00, 0x00, 0x00, 0x00, 0xFF,
0xFF, 0xFF, 0x00, 0x00, 0x00, 0x00, 0xFF, 0x00, 0x00, 0x00, 0x00, 0xFF, 0x00, 0x00, 0x00, 0x00,
0xFF, 0x00, 0x00, 0x00, 0x00, 0xFF, 0x00, 0x00, 0x00, 0x00, 0xFF, 0x00, 0x00, 0x00, 0x0E, 0xEE,
0xAC, 0x2F, 0x0A, 0x70, 0xBE, 0x5C, 0xD4, 0xF4, 0xC7, 0x2D, 0x08, 0xC4, 0xC4, 0x08, 0x9B, 0x51,
0x52, 0x9A, 0x00, 0x00, 0x00, 0x00, 0xFF, 0xFF, 0xFF, 0x00, 0x00, 0x00, 0xFF, 0x00, 0x00, 0x00,
0xFF, 0x00, 0x00, 0x00, 0xFF, 0x00, 0x00, 0x00, 0xFF, 0x00, 0x00, 0x00, 0xFF, 0x00, 0x00, 0x00,
0xFF, 0x00, 0x00, 0x05, 0xFA, 0x00, 0x00, 0x55, 0xD2, 0x00, 0xFF, 0xE4, 0x44, 0x00, 0xFF, 0x00,
0x00, 0x00, 0x67, 0x9F, 0x01, 0xFF, 0x00, 0x00, 0x5E, 0xAE, 0x03, 0x00, 0xFF, 0x00, 0x55, 0xBA,
0x07, 0x00, 0x00, 0xFF, 0x4C, 0xDB, 0x0D, 0x00, 0x00, 0x00, 0xFF, 0xCA, 0xE5, 0x3C, 0x00, 0x00,
0x00, 0xFF, 0x19, 0x50, 0xDA, 0x09, 0x00, 0x00, 0xFF, 0x00, 0x00, 0xA9, 0x8B, 0x00, 0x00, 0xFF,
0x00, 0x00, 0x15, 0xE8, 0x36, 0x00, 0xFF, 0x00, 0x00, 0x00, 0x58, 0xD4, 0x06, 0x00, 0x00, 0x00,
0x00, 0x00, 0x00, 0x00, 0x00, 0x00, 0x95, 0xB7, 0x00, 0x00, 0x00, 0x00, 0x00, 0xD9, 0x2B, 0x00,
0x00, 0x00, 0xFF, 0x00, 0x00, 0x00, 0x00, 0x00, 0xFF, 0x00, 0x00, 0x00, 0x00, 0x00, 0xFF, 0x00,
0x00, 0x00, 0x00, 0x00, 0xFF, 0x00, 0x00, 0x79, 0xCC, 0x0D, 0xFF, 0x00, 0x61, 0xD7, 0x15, 0x00,
0xFF, 0x4D, 0xDF, 0x1E, 0x00, 0x00, 0xFF, 0xEE, 0x8A, 0x00, 0x00, 0x00, 0xFF, 0x20, 0xC9, 0x39,
0x00, 0x00, 0xFF, 0x00, 0x22, 0xCE, 0x0E, 0x00, 0xFF, 0x00, 0x00, 0x4F, 0xA2, 0x00, 0x00, 0x00,
0x00, 0x00, 0x00, 0x00, 0x00, 0x00, 0x95, 0xB7, 0x00, 0x00, 0x00, 0x00, 0xD9, 0x2B, 0x00, 0x00,
0xFF, 0x00, 0x00, 0x79, 0xCC, 0x0D, 0xFF, 0x00, 0x61, 0xD7, 0x15, 0x00, 0xFF, 0x4D, 0xDF, 0x1E,
0x00, 0x00, 0xFF, 0xEE, 0x8A, 0x00, 0x00, 0x00, 0xFF, 0x20, 0xC9, 0x39, 0x00, 0x00, 0xFF, 0x00,
0x22, 0xCE, 0x0E, 0x00, 0xFF, 0x00, 0x00, 0x4F, 0xA2, 0x00, 0x3A, 0xB1, 0x00, 0x00, 0x00, 0x00,
0xB5, 0x21, 0x00, 0x00, 0x00, 0x00, 0x00, 0x00, 0x00, 0x00, 0x00, 0x00, 0xFF, 0x00, 0x00, 0x00,
0x00, 0x00, 0xFF, 0x00, 0x00, 0x00, 0x00, 0x00, 0xFF, 0x00, 0x00, 0x00, 0x00, 0x00, 0xFF, 0x00,
0x00, 0x00, 0x00, 0x00, 0xFF, 0x00, 0x00, 0x00, 0x00, 0x00, 0xFF, 0x00, 0x00, 0x00, 0x00, 0x00,
0xFF, 0x00, 0x00, 0x00, 0x00, 0x00, 0xFF, 0x00, 0x00, 0x00, 0x00, 0x00, 0xFF, 0xFF, 0xFF, 0xFF,
0xFF, 0xFF, 0x00, 0x3A, 0xB1, 0x00, 0x00, 0x00, 0xB5, 0x21, 0x00, 0x00, 0x00, 0x00, 0x00, 0x00,
0x00, 0xFF, 0xFF, 0xFF, 0x00, 0x00, 0x00, 0x00, 0xFF, 0x00, 0x00, 0x00, 0x00, 0xFF, 0x00, 0x00,
0x00, 0x00, 0xFF, 0x00, 0x00, 0x00, 0x00, 0xFF, 0x00, 0x00, 0x00, 0x00, 0xFF, 0x00, 0x00, 0x00,
0x00, 0xFF, 0x00, 0x00, 0x00, 0x00, 0xFB, 0x03, 0x00, 0x00, 0x00, 0xD9, 0x3F, 0x00, 0x00, 0x00,
0x52, 0xED, 0xFF, 0xFF, 0x00, 0x00, 0x00, 0x00, 0x00, 0xFF, 0x00, 0x00, 0x00, 0x00, 0x00, 0xFF,
0x00, 0x00, 0x00, 0x00, 0x00, 0xFF, 0x00, 0x00, 0x00, 0x00, 0x00, 0xFF, 0x00, 0x00, 0x00, 0x00,
0x00, 0xFF, 0x00, 0x00, 0x00, 0x00, 0x00, 0xFF, 0x00, 0x00, 0x00, 0x00, 0x00, 0xFF, 0x00, 0x00,
0x00, 0x00, 0x00, 0xFF, 0xFF, 0xFF, 0xFF, 0xFF, 0xFF, 0x00, 0x00, 0x00, 0x00, 0x00, 0x00, 0x00,
0x00, 0x95, 0xB7, 0x00, 0x00, 0x00, 0x00, 0xD9, 0x2B, 0x00, 0x00, 0xFF, 0xFF, 0xFF, 0x00, 0x00,
0x00, 0x00, 0xFF, 0x00, 0x00, 0x00, 0x00, 0xFF, 0x00, 0x00, 0x00, 0x00, 0xFF, 0x00, 0x00, 0x00,
0x00, 0xFF, 0x00, 0x00, 0x00, 0x00, 0xFF, 0x00, 0x00, 0x00, 0x00, 0xFF, 0x00, 0x00, 0x00, 0x00,
0xFB, 0x03, 0x00, 0x00, 0x00, 0xD9, 0x3F, 0x00, 0x00, 0x00, 0x52, 0xED, 0xFF, 0x00, 0x00, 0x00,
0x00, 0x00, 0x00, 0x95, 0xB7, 0x00, 0x00, 0x00, 0xD9, 0x2B, 0x00, 0x00, 0xFF, 0x00, 0x00, 0x00,
0x00, 0x00, 0xFF, 0x00, 0x00, 0x9E, 0xC9, 0x00, 0xFF, 0x00, 0x00, 0xDF, 0x5D, 0x00, 0xFF, 0x00,
0x00, 0x00, 0x00, 0x00, 0xFF, 0x00, 0x00, 0x00, 0x00, 0x00, 0xFF, 0x00, 0x00, 0x00, 0x00, 0x00,
0xFF, 0x00, 0x00, 0x00, 0x00, 0x00, 0xFF, 0x00, 0x00, 0x00, 0x00, 0x00, 0xFF, 0xFF, 0xFF, 0xFF,
0xFF, 0xFF, 0xFF, 0xFF, 0xFF, 0x00, 0x00, 0x00, 0x00, 0x00, 0xFF, 0x00, 0x9E, 0xC9, 0x00, 0x00,
0xFF, 0x00, 0xDF, 0x5D, 0x00, 0x00, 0xFF, 0x00, 0x00, 0x00, 0x00, 0x00, 0xFF, 0x00, 0x00, 0x00,
0x00, 0x00, 0xFF, 0x00, 0x00, 0x00, 0x00, 0x00, 0xFF, 0x00, 0x00, 0x00, 0x00, 0x00, 0xFB, 0x03,
0x00, 0x00, 0x00, 0x00, 0xD9, 0x3F, 0x00, 0x00, 0x00, 0x00, 0x52, 0xED, 0xFF, 0x00, 0xFF, 0x00,
0x00, 0x00, 0x00, 0x00, 0xFF, 0x00, 0x00, 0x00, 0x00, 0x00, 0xFF, 0x00, 0x00, 0x00, 0x00, 0x00,
0xFF, 0x00, 0x00, 0x00, 0xFF, 0x00, 0xFF, 0x00, 0x00, 0x00, 0xFF, 0x00, 0xFF, 0x00, 0x00, 0x00,
0x00, 0x00, 0xFF, 0x00, 0x00, 0x00, 0x00, 0x00, 0xFF, 0x00, 0x00, 0x00, 0x00, 0x00, 0xFF, 0xFF,
0xFF, 0xFF, 0xFF, 0xFF, 0xFF, 0xFF, 0xFF, 0x00, 0x00, 0x00, 0x00, 0x00, 0xFF, 0x00, 0x00, 0x00,
0x00, 0x00, 0xFF, 0x00, 0x00, 0x00, 0x00, 0x00, 0xFF, 0x00, 0x00, 0x00, 0x00, 0x00, 0xFF, 0x00,
0x00, 0xFF, 0x00, 0x00, 0xFF, 0x00, 0x00, 0xFF, 0x00, 0x00, 0xFF, 0x00, 0x00, 0x00, 0x00, 0x00,
0xFB, 0x03, 0x00, 0x00, 0x00, 0x00, 0xD9, 0x3F, 0x00, 0x00, 0x00, 0x00, 0x52, 0xED, 0xFF, 0x00,
0x00, 0x00, 0xFF, 0x00, 0x00, 0x00, 0x00, 0x00, 0x00, 0x00, 0xFF, 0x00, 0x00, 0x00, 0x00, 0x00,
0x00, 0x00, 0xFF, 0x00, 0x31, 0x3D, 0x00, 0x00, 0x00, 0x00, 0xFF, 0x94, 0xCB, 0x36, 0x00, 0x00,
0x00, 0x17, 0xFF, 0x6E, 0x03, 0x00, 0x00, 0x00, 0x01, 0xBC, 0xFF, 0x00, 0x00, 0x00, 0x00, 0x00,
0x00, 0x09, 0xFF, 0x00, 0x00, 0x00, 0x00, 0x00, 0x00, 0x00, 0xFF, 0x00, 0x00, 0x00, 0x00, 0x00,
0x00, 0x00, 0xFF, 0xFF, 0xFF, 0xFF, 0xFF, 0xFF, 0x00, 0xFF, 0xFF, 0xFF, 0x00, 0x00, 0x00, 0x00,
0x00, 0xFF, 0x00, 0x00, 0x00, 0x00, 0x00, 0xFF, 0x02, 0x58, 0x00, 0x00, 0x00, 0xFF, 0xAF, 0x7B,
0x00, 0x00, 0x2A, 0xFF, 0x59, 0x00, 0x04, 0x79, 0xD5, 0xFF, 0x00, 0x00, 0x45, 0x8C, 0x09, 0xFF,
0x00, 0x00, 0x00, 0x00, 0x00, 0xFB, 0x03, 0x00, 0x00, 0x00, 0x00, 0xD9, 0x3F, 0x00, 0x00, 0x00,
0x00, 0x52, 0xED, 0xFF, 0x00, 0x00, 0x3A, 0xB1, 0x00, 0x00, 0x00, 0x00, 0xB5, 0x21, 0x00, 0x00,
0x00, 0x00, 0x00, 0x00, 0x00, 0x00, 0xFF, 0xAB, 0x00, 0x00, 0x00, 0xFF, 0xFF, 0xDF, 0x26, 0x00,
0x00, 0xFF, 0xFF, 0x70, 0x9C, 0x00, 0x00, 0xFF, 0xFF, 0x0B, 0xE7, 0x1A, 0x00, 0xFF, 0xFF, 0x00,
0x84, 0x8C, 0x00, 0xFF, 0xFF, 0x00, 0x16, 0xEA, 0x11, 0xFF, 0xFF, 0x00, 0x00, 0x98, 0x7C, 0xFF,
0xFF, 0x00, 0x00, 0x24, 0xE7, 0xFF, 0xFF, 0x00, 0x00, 0x00, 0xAB, 0xFF, 0x00, 0x00, 0x01, 0xAB,
0x7E, 0x00, 0x00, 0x8F, 0x7A, 0x00, 0x00, 0x00, 0x00, 0x00, 0x00, 0xFF, 0x66, 0xEC, 0xE4, 0x47,
0xFF, 0x8D, 0x0E, 0x64, 0xD1, 0xFF, 0x15, 0x00, 0x08, 0xF7, 0xFF, 0x00, 0x00, 0x00, 0xFF, 0xFF,
0x00, 0x00, 0x00, 0xFF, 0xFF, 0x00, 0x00, 0x00, 0xFF, 0xFF, 0x00, 0x00, 0x00, 0xFF, 0xFF, 0xAB,
0x00, 0x00, 0x00, 0xFF, 0xFF, 0xDF, 0x26, 0x00, 0x00, 0xFF, 0xFF, 0x70, 0x9C, 0x00, 0x00, 0xFF,
0xFF, 0x0B, 0xE7, 0x1A, 0x00, 0xFF, 0xFF, 0x00, 0x84, 0x8C, 0x00, 0xFF, 0xFF, 0x00, 0x16, 0xEA,
0x11, 0xFF, 0xFF, 0x00, 0x00, 0x98, 0x7C, 0xFF, 0xFF, 0x00, 0x00, 0x24, 0xE7, 0xFF, 0xFF, 0x00,
0x00, 0x00, 0xAB, 0xFF, 0x00, 0x00, 0x00, 0x00, 0x00, 0x00, 0x00, 0x95, 0xB7, 0x00, 0x00, 0x00,
0x00, 0xD9, 0x2B, 0x00, 0x00, 0x00, 0xFF, 0x66, 0xEC, 0xE4, 0x47, 0xFF, 0x8D, 0x0E, 0x64, 0xD1,
0xFF, 0x15, 0x00, 0x08, 0xF7, 0xFF, 0x00, 0x00, 0x00, 0xFF, 0xFF, 0x00, 0x00, 0x00, 0xFF, 0xFF,
0x00, 0x00, 0x00, 0xFF, 0xFF, 0x00, 0x00, 0x00, 0xFF, 0x00, 0x00, 0x00, 0x00, 0x00, 0x00, 0x95,
0xB7, 0x00, 0x00, 0x00, 0xD9, 0x2B, 0x00, 0x00, 0x00, 0xA7, 0x53, 0x53, 0xA6, 0x00, 0x00, 0x12,
0xD9, 0xD9, 0x12, 0x00, 0x00, 0x00, 0x00, 0x00, 0x00, 0x00, 0xFF, 0xAB, 0x00, 0x00, 0x00, 0xFF,
0xFF, 0xDF, 0x26, 0x00, 0x00, 0xFF, 0xFF, 0x70, 0x9C, 0x00, 0x00, 0xFF, 0xFF, 0x0B, 0xE7, 0x1A,
0x00, 0xFF, 0xFF, 0x00, 0x84, 0x8C, 0x00, 0xFF, 0xFF, 0x00, 0x16, 0xEA, 0x11, 0xFF, 0xFF, 0x00,
0x00, 0x98, 0x7C, 0xFF, 0xFF, 0x00, 0x00, 0x24, 0xE7, 0xFF, 0xFF, 0x00, 0x00, 0x00, 0xAB, 0xFF,
0x00, 0x9B, 0x51, 0x51, 0x99, 0x00, 0x08, 0xC4, 0xC4, 0x08, 0x00, 0x00, 0x00, 0x00, 0x00, 0xFF,
0x66, 0xEC, 0xE4, 0x47, 0xFF, 0x8D, 0x0E, 0x64, 0xD1, 0xFF, 0x15, 0x00, 0x08, 0xF7, 0xFF, 0x00,
0x00, 0x00, 0xFF, 0xFF, 0x00, 0x00, 0x00, 0xFF, 0xFF, 0x00, 0x00, 0x00, 0xFF, 0xFF, 0x00, 0x00,
0x00, 0xFF, 0x00, 0xFF, 0x00, 0x00, 0x00, 0x00, 0x00, 0x00, 0x3B, 0xC4, 0x00, 0x00, 0x00, 0x00,
0x00, 0x00, 0xBE, 0x41, 0x00, 0x00, 0x00, 0x00, 0x00, 0x00, 0x00, 0x00, 0x00, 0xFF, 0x66, 0xEC,
0xE4, 0x47, 0x00, 0x00, 0x00, 0xFF, 0x8D, 0x0E, 0x64, 0xD1, 0x00, 0x00, 0x00, 0xFF, 0x15, 0x00,
0x08, 0xF7, 0x00, 0x00, 0x00, 0xFF, 0x00, 0x00, 0x00, 0xFF, 0x00, 0x00, 0x00, 0xFF, 0x00, 0x00,
0x00, 0xFF, 0x00, 0x00, 0x00, 0xFF, 0x00, 0x00, 0x00, 0xFF, 0x00, 0x00, 0x00, 0xFF, 0x00, 0x00,
0x00, 0xFF, 0xFF, 0x44, 0xD3, 0xF6, 0xC5, 0x25, 0xFF, 0xB1, 0x23, 0x0D, 0x8C, 0xB6, 0xFF, 0x2A,
0x00, 0x00, 0x12, 0xED, 0xFF, 0x03, 0x00, 0x00, 0x00, 0xFF, 0xFF, 0x00, 0x00, 0x00, 0x00, 0xFF,
0xFF, 0x00, 0x00, 0x00, 0x00, 0xFF, 0xFF, 0x00, 0x00, 0x00, 0x00, 0xFF, 0xFF, 0x00, 0x00, 0x00,
0x00, 0xFF, 0xFF, 0x00, 0x00, 0x00, 0x00, 0xFF, 0x00, 0x00, 0x00, 0x00, 0x04, 0xFB, 0x00, 0x00,
0x00, 0x00, 0x48, 0xD9, 0x00, 0x00, 0x00, 0xFF, 0xEB, 0x50, 0xFF, 0x66, 0xEC, 0xE4, 0x47, 0xFF,
0x8B, 0x0D, 0x64, 0xD1, 0xFF, 0x15, 0x00, 0x08, 0xF7, 0xFF, 0x00, 0x00, 0x00, 0xFF, 0xFF, 0x00,
0x00, 0x00, 0xFF, 0xFF, 0x00, 0x00, 0x00, 0xFF, 0xFF, 0x00, 0x00, 0x00, 0xFF, 0x00, 0x00, 0x00,
0x03, 0xFA, 0x00, 0x00, 0x00, 0x46, 0xD5, 0x00, 0x00, 0xFF, 0xEA, 0x4C, 0x00, 0xFF, 0xFF, 0xFF,
0xFF, 0x00, 0x00, 0x00, 0x00, 0x00, 0x00, 0x00, 0x03, 0x93, 0xF0, 0xF0, 0x92, 0x03, 0x73, 0xC0,
0x1D, 0x1D, 0xC1, 0x6F, 0xCB, 0x37, 0x00, 0x00, 0x38, 0xC9, 0xF2, 0x0C, 0x00, 0x00, 0x0D, 0xF1,
0xFD, 0x01, 0x00, 0x00, 0x02, 0xFD, 0xF3, 0x0C, 0x00, 0x00, 0x0D, 0xF1, 0xCC, 0x37, 0x00, 0x00,
0x37, 0xC9, 0x75, 0xBE, 0x1C, 0x1C, 0xBF, 0x71, 0x04, 0x95, 0xF1, 0xF1, 0x94, 0x03, 0x00, 0xFF,
0xFF, 0xFF, 0x00, 0x00, 0x00, 0x00, 0x00, 0x00, 0x17, 0xBA, 0xF2, 0xBA, 0x17, 0x9F, 0x90, 0x10,
0x92, 0x9E, 0xE5, 0x1C, 0x00, 0x1D, 0xE4, 0xF9, 0x05, 0x00, 0x06, 0xF9, 0xE5, 0x1B, 0x00, 0x1D,
0xE4, 0xA0, 0x8E, 0x0F, 0x91, 0x9F, 0x18, 0xBC, 0xF3, 0xBC, 0x18, 0x00, 0xE5, 0x48, 0x49, 0xE4,
0x00, 0x00, 0x5B, 0xEA, 0xEA, 0x58, 0x00, 0x00, 0x00, 0x00, 0x00, 0x00, 0x00, 0x03, 0x93, 0xF0,
0xF0, 0x92, 0x03, 0x73, 0xC0, 0x1D, 0x1D, 0xC1, 0x6F, 0xCB, 0x37, 0x00, 0x00, 0x38, 0xC9, 0xF2,
0x0C, 0x00, 0x00, 0x0D, 0xF1, 0xFD, 0x01, 0x00, 0x00, 0x02, 0xFD, 0xF3, 0x0C, 0x00, 0x00, 0x0D,
0xF1, 0xCC, 0x37, 0x00, 0x00, 0x37, 0xC9, 0x75, 0xBE, 0x1C, 0x1C, 0xBF, 0x71, 0x04, 0x95, 0xF1,
0xF1, 0x94, 0x03, 0x00, 0xD1, 0x1E, 0xD3, 0x00, 0x00, 0x7A, 0xF3, 0x78, 0x00, 0x00, 0x00, 0x00,
0x00, 0x00, 0x17, 0xBA, 0xF2, 0xBA, 0x17, 0x9F, 0x90, 0x10, 0x92, 0x9E, 0xE5, 0x1C, 0x00, 0x1D,
0xE4, 0xF9, 0x05, 0x00, 0x06, 0xF9, 0xE5, 0x1B, 0x00, 0x1D, 0xE4, 0xA0, 0x8E, 0x0F, 0x91, 0x9F,
0x18, 0xBC, 0xF3, 0xBC, 0x18, 0x00, 0x3A, 0xB1, 0x3A, 0xB1, 0x00, 0x00, 0xB5, 0x21, 0xB5, 0x21,
0x00, 0x00, 0x00, 0x00, 0x00, 0x00, 0x00, 0x03, 0x93, 0xF0, 0xF0, 0x92, 0x03, 0x73, 0xC0, 0x1D,
0x1D, 0xC1, 0x6F, 0xCB, 0x37, 0x00, 0x00, 0x38, 0xC9, 0xF2, 0x0C, 0x00, 0x00, 0x0D, 0xF1, 0xFD,
0x01, 0x00, 0x00, 0x02, 0xFD, 0xF3, 0x0C, 0x00, 0x00, 0x0D, 0xF1, 0xCC, 0x37, 0x00, 0x00, 0x37,
0xC9, 0x75, 0xBE, 0x1C, 0x1C, 0xBF, 0x71, 0x04, 0x95, 0xF1, 0xF1, 0x94, 0x03, 0x00, 0x23, 0xA8,
0x4A, 0xAC, 0x00, 0xA9, 0x1E, 0xB2, 0x18, 0x00, 0x00, 0x00, 0x00, 0x00, 0x17, 0xBA, 0xF2, 0xBA,
0x17, 0x9F, 0x90, 0x10, 0x92, 0x9E, 0xE5, 0x1C, 0x00, 0x1D, 0xE4, 0xF9, 0x05, 0x00, 0x06, 0xF9,
0xE5, 0x1B, 0x00, 0x1D, 0xE4, 0xA0, 0x8E, 0x0F, 0x91, 0x9F, 0x18, 0xBC, 0xF3, 0xBC, 0x18, 0x0F,
0xAB, 0xF0, 0xFF, 0xFF, 0xFF, 0x96, 0x96, 0x0C, 0xFF, 0x00, 0x00, 0xD9, 0x23, 0x00, 0xFF, 0x00,
0x00, 0xF6, 0x07, 0x00, 0xFF, 0x00, 0x00, 0xFE, 0x01, 0x00, 0xFF, 0xFF, 0xFF, 0xF6, 0x07, 0x00,
0xFF, 0x00, 0x00, 0xDA, 0x22, 0x00, 0xFF, 0x00, 0x00, 0x96, 0x95, 0x0C, 0xFF, 0x00, 0x00, 0x0F,
0xAC, 0xF0, 0xFF, 0xFF, 0xFF, 0x64, 0xEA, 0x83, 0xEA, 0x76, 0xD6, 0x4E, 0xFF, 0x47, 0xDF, 0xF7,
0x0A, 0xFF, 0x04, 0xF8, 0xFF, 0x01, 0xFF, 0xFF, 0xFF, 0xF7, 0x0A, 0xFF, 0x03, 0x00, 0xD6, 0x4D,
0xFF, 0x3D, 0x60, 0x66, 0xE8, 0x65, 0xE2, 0x9D, 0x00, 0x00, 0x3A, 0xB1, 0x00, 0x00, 0x00, 0x00,
0x00, 0xB5, 0x21, 0x00, 0x00, 0x00, 0x00, 0x00, 0x00, 0x00, 0x00, 0x00, 0x00, 0xFF, 0xFF, 0xFE,
0xE7, 0xA6, 0x1B, 0x00, 0xFF, 0x00, 0x01, 0x19, 0x8D, 0xBE, 0x00, 0xFF, 0x00, 0x00, 0x00, 0x0E,
0xF4, 0x00, 0xFF, 0x00, 0x00, 0x14, 0x82, 0xBD, 0x00, 0xFF, 0xFD, 0xFB, 0xFF, 0xC0, 0x10, 0x00,
0xFF, 0x00, 0x00, 0x27, 0xDA, 0x59, 0x00, 0xFF, 0x00, 0x00, 0x00, 0x41, 0xDB, 0x02, 0xFF, 0x00,
0x00, 0x00, 0x00, 0xC6, 0x52, 0xFF, 0x00, 0x00, 0x00, 0x00, 0x52, 0xC6, 0x00, 0x00, 0x01, 0xAB,
0x7E, 0x00, 0x00, 0x8F, 0x7A, 0x00, 0x00, 0x00, 0x00, 0x00, 0x00, 0xFF, 0x74, 0xE2, 0xF5, 0x72,
0xFF, 0xB9, 0x25, 0x15, 0xBA, 0xFF, 0x21, 0x00, 0x00, 0x00, 0xFF, 0x01, 0x00, 0x00, 0x00, 0xFF,
0x00, 0x00, 0x00, 0x00, 0xFF, 0x00, 0x00, 0x00, 0x00, 0xFF, 0x00, 0x00, 0x00, 0x00, 0xFF, 0xFF,
0xFE, 0xE7, 0xA6, 0x1B, 0x00, 0xFF, 0x00, 0x01, 0x19, 0x8D, 0xBE, 0x00, 0xFF, 0x00, 0x00, 0x00,
0x0E, 0xF4, 0x00, 0xFF, 0x00, 0x00, 0x14, 0x82, 0xBD, 0x00, 0xFF, 0xFD, 0xFB, 0xFF, 0xC0, 0x10,
0x00, 0xFF, 0x00, 0x00, 0x27, 0xDA, 0x59, 0x00, 0xFF, 0x00, 0x00, 0x00, 0x41, 0xDB, 0x02, 0xFF,
0x00, 0x00, 0x00, 0x00, 0xC6, 0x52, 0xFF, 0x00, 0x00, 0x00, 0x00, 0x52, 0xC6, 0x00, 0x00, 0x00,
0x00, 0x00, 0x00, 0x00, 0x00, 0x00, 0x95, 0xB7, 0x00, 0x00, 0x00, 0x00, 0x00, 0xD9, 0x2B, 0x00,
0x00, 0x00, 0x00, 0xFF, 0x74, 0xE2, 0xF5, 0x72, 0x00, 0xFF, 0xB9, 0x25, 0x15, 0xBA, 0x00, 0xFF,
0x21, 0x00, 0x00, 0x00, 0x00, 0xFF, 0x01, 0x00, 0x00, 0x00, 0x00, 0xFF, 0x00, 0x00, 0x00, 0x00,
0x00, 0xFF, 0x00, 0x00, 0x00, 0x00, 0x00, 0xFF, 0x00, 0x00, 0x00, 0x00, 0x00, 0x00, 0x00, 0x00,
0x00, 0x00, 0x95, 0xB7, 0x00, 0x00, 0x00, 0x00, 0xD9, 0x2B, 0x00, 0x00, 0x00, 0x00, 0x00, 0xA7,
0x53, 0x53, 0xA6, 0x00, 0x00, 0x00, 0x12, 0xD9, 0xD9, 0x12, 0x00, 0x00, 0x00, 0x00, 0x00, 0x00,
0x00, 0x00, 0x00, 0xFF, 0xFF, 0xFE, 0xE7, 0xA6, 0x1B, 0x00, 0xFF, 0x00, 0x01, 0x19, 0x8D, 0xBE,
0x00, 0xFF, 0x00, 0x00, 0x00, 0x0E, 0xF4, 0x00, 0xFF, 0x00, 0x00, 0x14, 0x82, 0xBD, 0x00, 0xFF,
0xFD, 0xFB, 0xFF, 0xC0, 0x10, 0x00, 0xFF, 0x00, 0x00, 0x27, 0xDA, 0x59, 0x00, 0xFF, 0x00, 0x00,
0x00, 0x41, 0xDB, 0x02, 0xFF, 0x00, 0x00, 0x00, 0x00, 0xC6, 0x52, 0xFF, 0x00, 0x00, 0x00, 0x00,
0x52, 0xC6, 0x00, 0x9B, 0x51, 0x51, 0x99, 0x00, 0x08, 0xC4, 0xC4, 0x08, 0x00, 0x00, 0x00, 0x00,
0x00, 0xFF, 0x74, 0xE2, 0xF5, 0x72, 0xFF, 0xB9, 0x25, 0x15, 0xBA, 0xFF, 0x21, 0x00, 0x00, 0x00,
0xFF, 0x01, 0x00, 0x00, 0x00, 0xFF, 0x00, 0x00, 0x00, 0x00, 0xFF, 0x00, 0x00, 0x00, 0x00, 0xFF,
0x00, 0x00, 0x00, 0x00, 0x00, 0x00, 0x3A, 0xB1, 0x00, 0x00, 0x00, 0x00, 0xB5, 0x21, 0x00, 0x00,
0x00, 0x00, 0x00, 0x00, 0x00, 0x00, 0x0F, 0x94, 0xE3, 0xF3, 0xBF, 0x45, 0xAE, 0x91, 0x19, 0x0D,
0x3F, 0xB9, 0xF2, 0x0D, 0x00, 0x00, 0x00, 0x00, 0xC1, 0x98, 0x26, 0x00, 0x00, 0x00, 0x15, 0x94,
0xE4, 0xEC, 0x98, 0x13, 0x00, 0x00, 0x00, 0x1A, 0x8F, 0xBA, 0x00, 0x00, 0x00, 0x00, 0x0D, 0xF4,
0xB4, 0x40, 0x0F, 0x14, 0x8A, 0xC1, 0x47, 0xC0, 0xF3, 0xEA, 0xAB, 0x1E, 0x00, 0x00, 0x01, 0xAB,
0x7E, 0x00, 0x00, 0x8F, 0x7A, 0x00, 0x00, 0x00, 0x00, 0x00, 0x00, 0x41, 0xCD, 0xF6, 0xD6, 0x59,
0xE4, 0x4C, 0x07, 0x2B, 0xA9, 0xE2, 0x78, 0x2D, 0x06, 0x00, 0x32, 0xAB, 0xE3, 0xF4, 0x67, 0x00,
0x00, 0x00, 0x46, 0xEE, 0xB3, 0x34, 0x08, 0x54, 0xE0, 0x50, 0xD0, 0xF6, 0xCC, 0x3D, 0x00, 0x12,
0xD9, 0xD9, 0x11, 0x00, 0x00, 0xA7, 0x53, 0x54, 0xA6, 0x00, 0x00, 0x00, 0x00, 0x00, 0x00, 0x00,
0x0F, 0x94, 0xE3, 0xF3, 0xBF, 0x45, 0xAE, 0x91, 0x19, 0x0D, 0x3F, 0xB9, 0xF2, 0x0D, 0x00, 0x00,
0x00, 0x00, 0xC1, 0x98, 0x26, 0x00, 0x00, 0x00, 0x15, 0x94, 0xE4, 0xEC, 0x98, 0x13, 0x00, 0x00,
0x00, 0x1A, 0x8F, 0xBA, 0x00, 0x00, 0x00, 0x00, 0x0D, 0xF4, 0xB4, 0x40, 0x0F, 0x14, 0x8A, 0xC1,
0x47, 0xC0, 0xF3, 0xEA, 0xAB, 0x1E, 0x00, 0x08, 0xC4, 0xC4, 0x08, 0x00, 0x9B, 0x51, 0x52, 0x9A,
0x00, 0x00, 0x00, 0x00, 0x00, 0x41, 0xCD, 0xF6, 0xD6, 0x59, 0xE4, 0x4C, 0x07, 0x2B, 0xA9, 0xE2,
0x78, 0x2D, 0x06, 0x00, 0x32, 0xAB, 0xE3, 0xF4, 0x67, 0x00, 0x00, 0x00, 0x46, 0xEE, 0xB3, 0x34,
0x08, 0x54, 0xE0, 0x50, 0xD0, 0xF6, 0xCC, 0x3D, 0x0F, 0x94, 0xE3, 0xF3, 0xBF, 0x45, 0xAE, 0x91,
0x19, 0x0D, 0x3F, 0xB9, 0xF2, 0x0D, 0x00, 0x00, 0x00, 0x00, 0xC1, 0x98, 0x26, 0x00, 0x00, 0x00,
0x15, 0x94, 0xE4, 0xEC, 0x98, 0x13, 0x00, 0x00, 0x00, 0x1A, 0x8F, 0xBA, 0x00, 0x00, 0x00, 0x00,
0x0D, 0xF4, 0xB4, 0x40, 0x0F, 0x14, 0x8A, 0xC1, 0x47, 0xC0, 0xF3, 0xEA, 0xAB, 0x1E, 0x00, 0x00,
0x59, 0x97, 0x00, 0x00, 0x00, 0xEA, 0xFA, 0xB9, 0x00, 0x00, 0x41, 0xCD, 0xF6, 0xD6, 0x59, 0xE4,
0x4C, 0x07, 0x2B, 0xA9, 0xE2, 0x78, 0x2D, 0x06, 0x00, 0x32, 0xAB, 0xE3, 0xF4, 0x67, 0x00, 0x00,
0x00, 0x46, 0xEE, 0xB3, 0x34, 0x08, 0x54, 0xE0, 0x50, 0xD0, 0xF6, 0xCC, 0x3D, 0x00, 0x00, 0x59,
0x97, 0x00, 0x00, 0xEA, 0xFA, 0xB9, 0x00, 0x00, 0xA7, 0x53, 0x53, 0xA6, 0x00, 0x00, 0x12, 0xD9,
0xD9, 0x12, 0x00, 0x00, 0x00, 0x00, 0x00, 0x00, 0x00, 0x0F, 0x94, 0xE3, 0xF3, 0xBF, 0x45, 0xAE,
0x91, 0x19, 0x0D, 0x3F, 0xB9, 0xF2, 0x0D, 0x00, 0x00, 0x00, 0x00, 0xC1, 0x98, 0x26, 0x00, 0x00,
0x00, 0x15, 0x94, 0xE4, 0xEC, 0x98, 0x13, 0x00, 0x00, 0x00, 0x1A, 0x8F, 0xBA, 0x00, 0x00, 0x00,
0x00, 0x0D, 0xF4, 0xB4, 0x40, 0x0F, 0x14, 0x8A, 0xC1, 0x47, 0xC0, 0xF3, 0xEA, 0xAB, 0x1E, 0x00,
0x9B, 0x51, 0x51, 0x99, 0x00, 0x08, 0xC4, 0xC4, 0x08, 0x00, 0x00, 0x00, 0x00, 0x00, 0x41, 0xCD,
0xF6, 0xD6, 0x59, 0xE4, 0x4C, 0x07, 0x2B, 0xA9, 0xE2, 0x78, 0x2D, 0x06, 0x00, 0x32, 0xAB, 0xE3,
0xF4, 0x67, 0x00, 0x00, 0x00, 0x46, 0xEE, 0xB3, 0x34, 0x08, 0x54, 0xE0, 0x50, 0xD0, 0xF6, 0xCC,
0x3D, 0xFF, 0xFF, 0xFF, 0xFF, 0xFF, 0xFF, 0xFF, 0x00, 0x00, 0x00, 0xFF, 0x00, 0x00, 0x00, 0x00,
0x00, 0x00, 0xFF, 0x00, 0x00, 0x00, 0x00, 0x00, 0x00, 0xFF, 0x00, 0x00, 0x00, 0x00, 0x00, 0x00,
0xFF, 0x00, 0x00, 0x00, 0x00, 0x00, 0x00, 0xFF, 0x00, 0x00, 0x00, 0x00, 0x00, 0x00, 0xFF, 0x00,
0x00, 0x00, 0x00, 0x00, 0x00, 0xFF, 0x00, 0x00, 0x00, 0x00, 0x00, 0x00, 0xFF, 0x00, 0x00, 0x00,
0x00, 0x00, 0x00, 0x59, 0x97, 0x00, 0x00, 0x00, 0x00, 0xEA, 0xFA, 0xB9, 0x00, 0x00, 0x00, 0x00,
0xFF, 0x00, 0x00, 0x00, 0x00, 0xFF, 0x00, 0x00, 0xFF, 0xFF, 0xFF, 0xFF, 0xFF, 0x00, 0x00, 0xFF,
0x00, 0x00, 0x00, 0x00, 0xFF, 0x00, 0x00, 0x00, 0x00, 0xFF, 0x00, 0x00, 0x00, 0x00, 0xFE, 0x01,
0x00, 0x00, 0x00, 0xE9, 0x35, 0x00, 0x00, 0x00, 0x71, 0xF0, 0xFF, 0x00, 0x00, 0x00, 0x59, 0x97,
0x00, 0x00, 0xEA, 0xFA, 0xB9, 0x00, 0x00, 0xA9, 0x23, 0xA8, 0x00, 0x00, 0x00, 0x00, 0x3A, 0xED,
0x39, 0x00, 0x00, 0x00, 0x00, 0x00, 0x00, 0x00, 0x00, 0x00, 0xFF, 0xFF, 0xFF, 0xFF, 0xFF, 0xFF,
0xFF, 0x00, 0x00, 0x00, 0xFF, 0x00, 0x00, 0x00, 0x00, 0x00, 0x00, 0xFF, 0x00, 0x00, 0x00, 0x00,
0x00, 0x00, 0xFF, 0x00, 0x00, 0x00, 0x00, 0x00, 0x00, 0xFF, 0x00, 0x00, 0x00, 0x00, 0x00, 0x00,
0xFF, 0x00, 0x00, 0x00, 0x00, 0x00, 0x00, 0xFF, 0x00, 0x00, 0x00, 0x00, 0x00, 0x00, 0xFF, 0x00,
0x00, 0x00, 0x00, 0x00, 0x00, 0xFF, 0x00, 0x00, 0x00, 0x00, 0x00, 0xFF, 0x00, 0x9E, 0xC9, 0x00,
0x00, 0xFF, 0x00, 0xDF, 0x5D, 0xFF, 0xFF, 0xFF, 0xFF, 0xFF, 0x00, 0x00, 0x00, 0xFF, 0x00, 0x00,
0x00, 0x00, 0x00, 0xFF, 0x00, 0x00, 0x00, 0x00, 0x00, 0xFF, 0x00, 0x00, 0x00, 0x00, 0x00, 0xFE,
0x01, 0x00, 0x00, 0x00, 0x00, 0xE9, 0x35, 0x00, 0x00, 0x00, 0x00, 0x71, 0xF0, 0xFF, 0x00, 0xFF,
0xFF, 0xFF, 0xFF, 0xFF, 0xFF, 0xFF, 0x00, 0x00, 0x00, 0xFF, 0x00, 0x00, 0x00, 0x00, 0x00, 0x00,
0xFF, 0x00, 0x00, 0x00, 0x00, 0x00, 0x00, 0xFF, 0x00, 0x00, 0x00, 0x00, 0xFF, 0xFF, 0xFF, 0xFF,
0xFF, 0x00, 0x00, 0x00, 0x00, 0xFF, 0x00, 0x00, 0x00, 0x00, 0x00, 0x00, 0xFF, 0x00, 0x00, 0x00,
0x00, 0x00, 0x00, 0xFF, 0x00, 0x00, 0x00, 0x00, 0x00, 0x00, 0xFF, 0x00, 0x00, 0x00, 0x00, 0x00,
0xFF, 0x00, 0x00, 0x00, 0x00, 0xFF, 0x00, 0x00, 0xFF, 0xFF, 0xFF, 0xFF, 0xFF, 0x00, 0x00, 0xFF,
0x00, 0x00, 0x00, 0xFF, 0xFF, 0xFF, 0x00, 0x00, 0x00, 0xFF, 0x00, 0x00, 0x00, 0x00, 0xFD, 0x02,
0x00, 0x00, 0x00, 0xE4, 0x3A, 0x00, 0x00, 0x00, 0x69, 0xEF, 0xFF, 0x00, 0x92, 0xDC, 0x40, 0xF0,
0x00, 0x00, 0xF2, 0x40, 0xDE, 0x8F, 0x00, 0x00, 0x00, 0x00, 0x00, 0x00, 0x00, 0xFF, 0x00, 0x00,
0x00, 0x00, 0xFF, 0xFF, 0x00, 0x00, 0x00, 0x00, 0xFF, 0xFF, 0x00, 0x00, 0x00, 0x00, 0xFF, 0xFF,
0x00, 0x00, 0x00, 0x00, 0xFF, 0xFF, 0x00, 0x00, 0x00, 0x00, 0xFF, 0xFE, 0x00, 0x00, 0x00, 0x00,
0xFE, 0xF2, 0x05, 0x00, 0x00, 0x05, 0xF1, 0xB0, 0x81, 0x13, 0x14, 0x82, 0xB9, 0x18, 0xAA, 0xEE,
0xEE, 0xAA, 0x1B, 0x00, 0xAD, 0x7C, 0xC6, 0x00, 0x00, 0xC7, 0x7B, 0xAE, 0x00, 0x00, 0x00, 0x00,
0x00, 0x00, 0xFF, 0x00, 0x00, 0x00, 0xFF, 0xFF, 0x00, 0x00, 0x00, 0xFF, 0xFF, 0x00, 0x00, 0x00,
0xFF, 0xFF, 0x00, 0x00, 0x00, 0xFF, 0xF8, 0x07, 0x00, 0x15, 0xFF, 0xD1, 0x62, 0x0D, 0x8B, 0xFF,
0x47, 0xE4, 0xEC, 0x66, 0xFF, 0x00, 0xFF, 0xFF, 0xFF, 0xFF, 0x00, 0x00, 0x00, 0x00, 0x00, 0x00,
0x00, 0xFF, 0x00, 0x00, 0x00, 0x00, 0xFF, 0xFF, 0x00, 0x00, 0x00, 0x00, 0xFF, 0xFF, 0x00, 0x00,
0x00, 0x00, 0xFF, 0xFF, 0x00, 0x00, 0x00, 0x00, 0xFF, 0xFF, 0x00, 0x00, 0x00, 0x00, 0xFF, 0xFE,
0x00, 0x00, 0x00, 0x00, 0xFE, 0xF2, 0x05, 0x00, 0x00, 0x05, 0xF1, 0xB0, 0x81, 0x13, 0x14, 0x82,
0xB9, 0x18, 0xAA, 0xEE, 0xEE, 0xAA, 0x1B, 0x00, 0xFF, 0xFF, 0xFF, 0x00, 0x00, 0x00, 0x00, 0x00,
0x00, 0xFF, 0x00, 0x00, 0x00, 0xFF, 0xFF, 0x00, 0x00, 0x00, 0xFF, 0xFF, 0x00, 0x00, 0x00, 0xFF,
0xFF, 0x00, 0x00, 0x00, 0xFF, 0xF8, 0x07, 0x00, 0x15, 0xFF, 0xD1, 0x62, 0x0D, 0x8B, 0xFF, 0x47,
0xE4, 0xEC, 0x66, 0xFF, 0x00, 0xE5, 0x48, 0x49, 0xE4, 0x00, 0x00, 0x5B, 0xEA, 0xEA, 0x58, 0x00,
0x00, 0x00, 0x00, 0x00, 0x00, 0x00, 0xFF, 0x00, 0x00, 0x00, 0x00, 0xFF, 0xFF, 0x00, 0x00, 0x00,
0x00, 0xFF, 0xFF, 0x00, 0x00, 0x00, 0x00, 0xFF, 0xFF, 0x00, 0x00, 0x00, 0x00, 0xFF, 0xFF, 0x00,
0x00, 0x00, 0x00, 0xFF, 0xFE, 0x00, 0x00, 0x00, 0x00, 0xFE, 0xF2, 0x05, 0x00, 0x00, 0x05, 0xF1,
0xB0, 0x81, 0x13, 0x14, 0x82, 0xB9, 0x18, 0xAA, 0xEE, 0xEE, 0xAA, 0x1B, 0x00, 0xD1, 0x1E, 0xD3,
0x00, 0x00, 0x7A, 0xF3, 0x78, 0x00, 0x00, 0x00, 0x00, 0x00, 0x00, 0xFF, 0x00, 0x00, 0x00, 0xFF,
0xFF, 0x00, 0x00, 0x00, 0xFF, 0xFF, 0x00, 0x00, 0x00, 0xFF, 0xFF, 0x00, 0x00, 0x00, 0xFF, 0xF8,
0x07, 0x00, 0x15, 0xFF, 0xD1, 0x62, 0x0D, 0x8B, 0xFF, 0x47, 0xE4, 0xEC, 0x66, 0xFF, 0x00, 0x4C,
0xE4, 0xE5, 0x4B, 0x00, 0x00, 0xE5, 0x3A, 0x3B, 0xE5, 0x00, 0x00, 0xE4, 0x38, 0x3A, 0xE4, 0x00,
0x00, 0x4C, 0xE5, 0xE5, 0x4B, 0x00, 0xFF, 0x00, 0x00, 0x00, 0x00, 0xFF, 0xFF, 0x00, 0x00, 0x00,
0x00, 0xFF, 0xFF, 0x00, 0x00, 0x00, 0x00, 0xFF, 0xFF, 0x00, 0x00, 0x00, 0x00, 0xFF, 0xFF, 0x00,
0x00, 0x00, 0x00, 0xFF, 0xFE, 0x00, 0x00, 0x00, 0x00, 0xFE, 0xF2, 0x05, 0x00, 0x00, 0x05, 0xF1,
0xB0, 0x81, 0x13, 0x14, 0x82, 0xB9, 0x18, 0xAA, 0xEE, 0xEE, 0xAA, 0x1B, 0x00, 0x4C, 0xE4, 0xE5,
0x4B, 0x00, 0xE5, 0x3A, 0x3B, 0xE5, 0x00, 0xE4, 0x38, 0x3A, 0xE4, 0x00, 0x4C, 0xE5, 0xE5, 0x4B,
0x00, 0x00, 0x00, 0x00, 0x00, 0xFF, 0x00, 0x00, 0x00, 0xFF, 0xFF, 0x00, 0x00, 0x00, 0xFF, 0xFF,
0x00, 0x00, 0x00, 0xFF, 0xFF, 0x00, 0x00, 0x00, 0xFF, 0xF8, 0x07, 0x00, 0x15, 0xFF, 0xD1, 0x62,
0x0D, 0x8B, 0xFF, 0x47, 0xE4, 0xEC, 0x66, 0xFF, 0x00, 0x3A, 0xB1, 0x3A, 0xB1, 0x00, 0x00, 0xB5,
0x21, 0xB5, 0x21, 0x00, 0x00, 0x00, 0x00, 0x00, 0x00, 0x00, 0xFF, 0x00, 0x00, 0x00, 0x00, 0xFF,
0xFF, 0x00, 0x00, 0x00, 0x00, 0xFF, 0xFF, 0x00, 0x00, 0x00, 0x00, 0xFF, 0xFF, 0x00, 0x00, 0x00,
0x00, 0xFF, 0xFF, 0x00, 0x00, 0x00, 0x00, 0xFF, 0xFE, 0x00, 0x00, 0x00, 0x00, 0xFE, 0xF2, 0x05,
0x00, 0x00, 0x05, 0xF1, 0xB0, 0x81, 0x13, 0x14, 0x82, 0xB9, 0x18, 0xAA, 0xEE, 0xEE, 0xAA, 0x1B,
0x00, 0x23, 0xA8, 0x4A, 0xAC, 0x00, 0xA9, 0x1E, 0xB2, 0x18, 0x00, 0x00, 0x00, 0x00, 0x00, 0xFF,
0x00, 0x00, 0x00, 0xFF, 0xFF, 0x00, 0x00, 0x00, 0xFF, 0xFF, 0x00, 0x00, 0x00, 0xFF, 0xFF, 0x00,
0x00, 0x00, 0xFF, 0xF8, 0x07, 0x00, 0x15, 0xFF, 0xD1, 0x62, 0x0D, 0x8B, 0xFF, 0x47, 0xE4, 0xEC,
0x66, 0xFF, 0xFF, 0x00, 0x00, 0x00, 0x00, 0xFF, 0xFF, 0x00, 0x00, 0x00, 0x00, 0xFF, 0xFF, 0x00,
0x00, 0x00, 0x00, 0xFF, 0xFF, 0x00, 0x00, 0x00, 0x00, 0xFF, 0xFF, 0x00, 0x00, 0x00, 0x00, 0xFF,
0xFE, 0x00, 0x00, 0x00, 0x00, 0xFE, 0xF2, 0x05, 0x00, 0x00, 0x05, 0xF1, 0xB0, 0x81, 0x13, 0x14,
0x82, 0xB9, 0x18, 0xAA, 0xEE, 0xEE, 0xAA, 0x1B, 0x00, 0x99, 0x4C, 0x00, 0x00, 0x00, 0x00, 0xCC,
0xF4, 0x00, 0x00, 0x00, 0xFF, 0x00, 0x00, 0x00, 0xFF, 0xFF, 0x00, 0x00, 0x00, 0xFF, 0xFF, 0x00,
0x00, 0x00, 0xFF, 0xFF, 0x00, 0x00, 0x00, 0xFF, 0xF8, 0x07, 0x00, 0x15, 0xFF, 0xD1, 0x62, 0x0D,
0x8B, 0xFF, 0x47, 0xE4, 0xEC, 0x66, 0xFF, 0x00, 0x00, 0x00, 0x99, 0x4C, 0x00, 0x00, 0x00, 0xCC,
0xF4, 0x00, 0x00, 0x3A, 0xED, 0x39, 0x00, 0x00, 0x00, 0x00, 0xA9, 0x24, 0xA8, 0x00, 0x00, 0x00,
0x00, 0x00, 0x00, 0x00, 0x00, 0x00, 0xF2, 0x0D, 0x00, 0x00, 0x00, 0x0E, 0xF4, 0xD5, 0x22, 0x10,
0xF5, 0x10, 0x22, 0xDF, 0xB8, 0x37, 0x59, 0xFF, 0x59, 0x36, 0xC9, 0x9B, 0x4B, 0xA7, 0xCC, 0xA8,
0x4A, 0xB3, 0x7E, 0x64, 0xEF, 0x43, 0xF1, 0x64, 0x9D, 0x61, 0xB7, 0xD5, 0x00, 0xE2, 0xB8, 0x88,
0x44, 0xFD, 0x8C, 0x00, 0x9F, 0xFD, 0x72, 0x27, 0xFF, 0x44, 0x00, 0x5C, 0xFF, 0x5C, 0x0A, 0xF4,
0x07, 0x00, 0x1A, 0xFF, 0x46, 0x00, 0x00, 0x1C, 0xE3, 0x4F, 0x00, 0x00, 0x00, 0x00, 0x00, 0xA2,
0x24, 0xAD, 0x0C, 0x00, 0x00, 0x00, 0x00, 0x00, 0x00, 0x00, 0x00, 0x00, 0x00, 0xD9, 0x2B, 0x00,
0x00, 0x00, 0x06, 0xEA, 0x17, 0x8C, 0x7A, 0x00, 0x00, 0x00, 0x50, 0xBE, 0x00, 0x3F, 0xC9, 0x13,
0xFC, 0x10, 0xAD, 0x68, 0x00, 0x04, 0xEC, 0x69, 0xFB, 0x5D, 0xF5, 0x15, 0x00, 0x00, 0xA5, 0xE7,
0xB0, 0xE4, 0xBB, 0x00, 0x00, 0x00, 0x58, 0xFF, 0x4A, 0xFF, 0x65, 0x00, 0x00, 0x00, 0x10, 0xEB,
0x02, 0xEB, 0x13, 0x00, 0x00, 0x00, 0x00, 0x3A, 0xED, 0x39, 0x00, 0x00, 0x00, 0x00, 0xA9, 0x24,
0xA8, 0x00, 0x00, 0x00, 0x00, 0x00, 0x00, 0x00, 0x00, 0x00, 0xB3, 0x78, 0x00, 0x00, 0x00, 0x7A,
0xB2, 0x21, 0xEC, 0x1E, 0x00, 0x1E, 0xEC, 0x21, 0x00, 0x7E, 0xAD, 0x00, 0xAE, 0x7D, 0x00, 0x00,
0x07, 0xDB, 0x8E, 0xDB, 0x07, 0x00, 0x00, 0x00, 0x48, 0xFF, 0x48, 0x00, 0x00, 0x00, 0x00, 0x00,
0xFF, 0x00, 0x00, 0x00, 0x00, 0x00, 0x00, 0xFF, 0x00, 0x00, 0x00, 0x00, 0x00, 0x00, 0xFF, 0x00,
0x00, 0x00, 0x00, 0x00, 0x00, 0xFF, 0x00, 0x00, 0x00, 0x00, 0x08, 0xC4, 0xC4, 0x08, 0x00, 0x00,
0x9B, 0x51, 0x52, 0x9A, 0x00, 0x00, 0x00, 0x00, 0x00, 0x00, 0x00, 0xDF, 0x28, 0x00, 0x18, 0xEC,
0x05, 0x9E, 0x6B, 0x00, 0x6B, 0x9F, 0x00, 0x5C, 0xAE, 0x00, 0xC0, 0x49, 0x00, 0x1A, 0xEE, 0x1A,
0xEB, 0x05, 0x00, 0x00, 0xD9, 0x9F, 0x9E, 0x00, 0x00, 0x00, 0x97, 0xFE, 0x4D, 0x00, 0x00, 0x00,
0x55, 0xF6, 0x09, 0x00, 0x00, 0x00, 0x5B, 0xB1, 0x00, 0x00, 0x00, 0x07, 0xC0, 0x5F, 0x00, 0x00,
0x00, 0xFD, 0xB8, 0x06, 0x00, 0x00, 0x00, 0x00, 0x00, 0xFF, 0x00, 0xFF, 0x00, 0x00, 0x00, 0x00,
0x00, 0x00, 0x00, 0x00, 0x00, 0xB3, 0x78, 0x00, 0x00, 0x00, 0x7A, 0xB2, 0x21, 0xEC, 0x1E, 0x00,
0x1E, 0xEC, 0x21, 0x00, 0x7E, 0xAD, 0x00, 0xAE, 0x7D, 0x00, 0x00, 0x07, 0xDB, 0x8E, 0xDB, 0x07,
0x00, 0x00, 0x00, 0x48, 0xFF, 0x48, 0x00, 0x00, 0x00, 0x00, 0x00, 0xFF, 0x00, 0x00, 0x00, 0x00,
0x00, 0x00, 0xFF, 0x00, 0x00, 0x00, 0x00, 0x00, 0x00, 0xFF, 0x00, 0x00, 0x00, 0x00, 0x00, 0x00,
0xFF, 0x00, 0x00, 0x00, 0x00, 0x00, 0x3A, 0xB1, 0x00, 0x00, 0x00, 0x00, 0xB5, 0x21, 0x00, 0x00,
0x00, 0x00, 0x00, 0x00, 0x00, 0x00, 0xFF, 0xFF, 0xFF, 0xFF, 0xFF, 0xFF, 0x00, 0x00, 0x00, 0x00,
0x97, 0x9E, 0x00, 0x00, 0x00, 0x43, 0xE1, 0x0F, 0x00, 0x00, 0x0D, 0xDF, 0x45, 0x00, 0x00, 0x00,
0x9B, 0x98, 0x00, 0x00, 0x00, 0x47, 0xDE, 0x0C, 0x00, 0x00, 0x0F, 0xE1, 0x40, 0x00, 0x00, 0x00,
0xA0, 0x92, 0x00, 0x00, 0x00, 0x00, 0xFF, 0xFF, 0xFF, 0xFF, 0xFF, 0xFF, 0x00, 0x00, 0x00, 0x01,
0xAB, 0x7E, 0x00, 0x00, 0x00, 0x8F, 0x7A, 0x00, 0x00, 0x00, 0x00, 0x00, 0x00, 0x00, 0xFF, 0xFF,
0xFF, 0xFF, 0xFF, 0x00, 0x00, 0x00, 0x00, 0x67, 0x9E, 0x00, 0x00, 0x00, 0x3B, 0xC1, 0x07, 0x00,
0x00, 0x1C, 0xCE, 0x19, 0x00, 0x00, 0x08, 0xC3, 0x37, 0x00, 0x00, 0x00, 0xA1, 0x60, 0x00, 0x00,
0x00, 0x00, 0xFF, 0xFF, 0xFF, 0xFF, 0xFF, 0x00, 0x00, 0x00, 0xFF, 0x00, 0x00, 0x00, 0x00, 0x00,
0x00, 0x00, 0x00, 0x00, 0xFF, 0xFF, 0xFF, 0xFF, 0xFF, 0xFF, 0x00, 0x00, 0x00, 0x00, 0x97, 0x9E,
0x00, 0x00, 0x00, 0x43, 0xE1, 0x0F, 0x00, 0x00, 0x0D, 0xDF, 0x45, 0x00, 0x00, 0x00, 0x9B, 0x98,
0x00, 0x00, 0x00, 0x47, 0xDE, 0x0C, 0x00, 0x00, 0x0F, 0xE1, 0x40, 0x00, 0x00, 0x00, 0xA0, 0x92,
0x00, 0x00, 0x00, 0x00, 0xFF, 0xFF, 0xFF, 0xFF, 0xFF, 0xFF, 0x00, 0x00, 0xFF, 0x00, 0x00, 0x00,
0x00, 0x00, 0x00, 0x00, 0xFF, 0xFF, 0xFF, 0xFF, 0xFF, 0x00, 0x00, 0x00, 0x67, 0x9E, 0x00, 0x00,
0x3B, 0xC1, 0x07, 0x00, 0x1C, 0xCE, 0x19, 0x00, 0x08, 0xC3, 0x37, 0x00, 0x00, 0xA1, 0x60, 0x00,
0x00, 0x00, 0xFF, 0xFF, 0xFF, 0xFF, 0xFF, 0x00, 0xA7, 0x53, 0x53, 0xA6, 0x00, 0x00, 0x12, 0xD9,
0xD9, 0x12, 0x00, 0x00, 0x00, 0x00, 0x00, 0x00, 0x00, 0xFF, 0xFF, 0xFF, 0xFF, 0xFF, 0xFF, 0x00,
0x00, 0x00, 0x00, 0x97, 0x9E, 0x00, 0x00, 0x00, 0x43, 0xE1, 0x0F, 0x00, 0x00, 0x0D, 0xDF, 0x45,
0x00, 0x00, 0x00, 0x9B, 0x98, 0x00, 0x00, 0x00, 0x47, 0xDE, 0x0C, 0x00, 0x00, 0x0F, 0xE1, 0x40,
0x00, 0x00, 0x00, 0xA0, 0x92, 0x00, 0x00, 0x00, 0x00, 0xFF, 0xFF, 0xFF, 0xFF, 0xFF, 0xFF, 0x00,
0x9B, 0x51, 0x51, 0x99, 0x00, 0x08, 0xC4, 0xC4, 0x08, 0x00, 0x00, 0x00, 0x00, 0x00, 0xFF, 0xFF,
0xFF, 0xFF, 0xFF, 0x00, 0x00, 0x00, 0x67, 0x9E, 0x00, 0x00, 0x3B, 0xC1, 0x07, 0x00, 0x1C, 0xCE,
0x19, 0x00, 0x08, 0xC3, 0x37, 0x00, 0x00, 0xA1, 0x60, 0x00, 0x00, 0x00, 0xFF, 0xFF, 0xFF, 0xFF,
0xFF, 0x00, 0x00, 0x5F, 0xEF, 0xFF, 0x00, 0x00, 0xE1, 0x30, 0x00, 0x00, 0x00, 0xFD, 0x00, 0x00,
0xFF, 0xFF, 0xFF, 0x00, 0x00, 0x00, 0x00, 0xFF, 0x00, 0x00, 0x00, 0x00, 0xFF, 0x00, 0x00, 0x00,
0x00, 0xFF, 0x00, 0x00, 0x00, 0x00, 0xFF, 0x00, 0x00, 0x00, 0x00, 0xFF, 0x00, 0x00, 0x00, 0x00,
0xFF, 0x00, 0x00, 0x00, 0x10, 0x44, 0x65, 0x6A, 0x61, 0x56, 0x75, 0x20, 0x53, 0x61, 0x6E, 0x73,
0x20, 0x4D, 0x6F, 0x6E, 0x6F, 0x00, 0x0E, 0x44, 0x65, 0x6A, 0x61, 0x56, 0x75, 0x53, 0x61, 0x6E,
0x73, 0x4D, 0x6F, 0x6E, 0x6F, 0x01, 
};
