#include <pgmspace.h>

const uint8_t DejaVuSansMono12[] PROGMEM = {
0x00, 0x00, 0x01, 0x3E, 0x00, 0x00, 0x00, 0x0B, 0x00, 0x00, 0x00, 0x18, 0x00, 0x00, 0x00, 0x00,
0x00, 0x00, 0x00, 0x12, 0x00, 0x00, 0x00, 0x05, 0x00, 0x00, 0x00, 0x21, 0x00, 0x00, 0x00, 0x12,
0x00, 0x00, 0x00, 0x02, 0x00, 0x00, 0x00, 0x0E, 0x00, 0x00, 0x00, 0x12, 0x00, 0x00, 0x00, 0x06,
0x00, 0x00, 0x00, 0x00, 0x00, 0x00, 0x00, 0x22, 0x00, 0x00, 0x00, 0x07, 0x00, 0x00, 0x00, 0x06,
0x00, 0x00, 0x00, 0x0E, 0x00, 0x00, 0x00, 0x12, 0x00, 0x00, 0x00, 0x04, 0x00, 0x00, 0x00, 0x00,
0x00, 0x00, 0x00, 0x23, 0x00, 0x00, 0x00, 0x12, 0x00, 0x00, 0x00, 0x0E, 0x00, 0x00, 0x00, 0x0E,
0x00, 0x00, 0x00, 0x12, 0x00, 0x00, 0x00, 0x00, 0x00, 0x00, 0x00, 0x00, 0x00, 0x00, 0x00, 0x24,
0x00, 0x00, 0x00, 0x16, 0x00, 0x00, 0x00, 0x0B, 0x00, 0x00, 0x00, 0x0E, 0x00, 0x00, 0x00, 0x12,
0x00, 0x00, 0x00, 0x02, 0x00, 0x00, 0x00, 0x00, 0x00, 0x00, 0x00, 0x25, 0x00, 0x00, 0x00, 0x12,
0x00, 0x00, 0x00, 0x0E, 0x00, 0x00, 0x00, 0x0E, 0x00, 0x00, 0x00, 0x12, 0x00, 0x00, 0x00, 0x00,
0x00, 0x00, 0x00, 0x00, 0x00, 0x00, 0x00, 0x26, 0x00, 0x00, 0x00, 0x12, 0x00, 0x00, 0x00, 0x0E,
0x00, 0x00, 0x00, 0x0E, 0x00, 0x00, 0x00, 0x12, 0x00, 0x00, 0x00, 0x01, 0x00, 0x00, 0x00, 0x00,
0x00, 0x00, 0x00, 0x27, 0x00, 0x00, 0x00, 0x07, 0x00, 0x00, 0x00, 0x02, 0x00, 0x00, 0x00, 0x0E,
0x00, 0x00, 0x00, 0x12, 0x00, 0x00, 0x00, 0x06, 0x00, 0x00, 0x00, 0x00, 0x00, 0x00, 0x00, 0x28,
0x00, 0x00, 0x00, 0x15, 0x00, 0x00, 0x00, 0x05, 0x00, 0x00, 0x00, 0x0E, 0x00, 0x00, 0x00, 0x12,
0x00, 0x00, 0x00, 0x05, 0x00, 0x00, 0x00, 0x00, 0x00, 0x00, 0x00, 0x29, 0x00, 0x00, 0x00, 0x15,
0x00, 0x00, 0x00, 0x05, 0x00, 0x00, 0x00, 0x0E, 0x00, 0x00, 0x00, 0x12, 0x00, 0x00, 0x00, 0x04,
0x00, 0x00, 0x00, 0x00, 0x00, 0x00, 0x00, 0x2A, 0x00, 0x00, 0x00, 0x0A, 0x00, 0x00, 0x00, 0x0B,
0x00, 0x00, 0x00, 0x0E, 0x00, 0x00, 0x00, 0x12, 0x00, 0x00, 0x00, 0x02, 0x00, 0x00, 0x00, 0x00,
0x00, 0x00, 0x00, 0x2B, 0x00, 0x00, 0x00, 0x0C, 0x00, 0x00, 0x00, 0x0C, 0x00, 0x00, 0x00, 0x0E,
0x00, 0x00, 0x00, 0x0E, 0x00, 0x00, 0x00, 0x01, 0x00, 0x00, 0x00, 0x00, 0x00, 0x00, 0x00, 0x2C,
0x00, 0x00, 0x00, 0x07, 0x00, 0x00, 0x00, 0x04, 0x00, 0x00, 0x00, 0x0E, 0x00, 0x00, 0x00, 0x04,
0x00, 0x00, 0x00, 0x05, 0x00, 0x00, 0x00, 0x00, 0x00, 0x00, 0x00, 0x2D, 0x00, 0x00, 0x00, 0x02,
0x00, 0x00, 0x00, 0x06, 0x00, 0x00, 0x00, 0x0E, 0x00, 0x00, 0x00, 0x08, 0x00, 0x00, 0x00, 0x04,
0x00, 0x00, 0x00, 0x00, 0x00, 0x00, 0x00, 0x2E, 0x00, 0x00, 0x00, 0x04, 0x00, 0x00, 0x00, 0x03,
0x00, 0x00, 0x00, 0x0E, 0x00, 0x00, 0x00, 0x04, 0x00, 0x00, 0x00, 0x06, 0x00, 0x00, 0x00, 0x00,
0x00, 0x00, 0x00, 0x2F, 0x00, 0x00, 0x00, 0x14, 0x00, 0x00, 0x00, 0x0B, 0x00, 0x00, 0x00, 0x0E,
0x00, 0x00, 0x00, 0x12, 0x00, 0x00, 0x00, 0x01, 0x00, 0x00, 0x00, 0x00, 0x00, 0x00, 0x00, 0x30,
0x00, 0x00, 0x00, 0x12, 0x00, 0x00, 0x00, 0x0B, 0x00, 0x00, 0x00, 0x0E, 0x00, 0x00, 0x00, 0x12,
0x00, 0x00, 0x00, 0x02, 0x00, 0x00, 0x00, 0x00, 0x00, 0x00, 0x00, 0x31, 0x00, 0x00, 0x00, 0x12,
0x00, 0x00, 0x00, 0x0A, 0x00, 0x00, 0x00, 0x0E, 0x00, 0x00, 0x00, 0x12, 0x00, 0x00, 0x00, 0x03,
0x00, 0x00, 0x00, 0x00, 0x00, 0x00, 0x00, 0x32, 0x00, 0x00, 0x00, 0x12, 0x00, 0x00, 0x00, 0x0C,
0x00, 0x00, 0x00, 0x0E, 0x00, 0x00, 0x00, 0x12, 0x00, 0x00, 0x00, 0x02, 0x00, 0x00, 0x00, 0x00,
0x00, 0x00, 0x00, 0x33, 0x00, 0x00, 0x00, 0x12, 0x00, 0x00, 0x00, 0x0B, 0x00, 0x00, 0x00, 0x0E,
0x00, 0x00, 0x00, 0x12, 0x00, 0x00, 0x00, 0x02, 0x00, 0x00, 0x00, 0x00, 0x00, 0x00, 0x00, 0x34,
0x00, 0x00, 0x00, 0x12, 0x00, 0x00, 0x00, 0x0C, 0x00, 0x00, 0x00, 0x0E, 0x00, 0x00, 0x00, 0x12,
0x00, 0x00, 0x00, 0x01, 0x00, 0x00, 0x00, 0x00, 0x00, 0x00, 0x00, 0x35, 0x00, 0x00, 0x00, 0x12,
0x00, 0x00, 0x00, 0x0B, 0x00, 0x00, 0x00, 0x0E, 0x00, 0x00, 0x00, 0x12, 0x00, 0x00, 0x00, 0x02,
0x00, 0x00, 0x00, 0x00, 0x00, 0x00, 0x00, 0x36, 0x00, 0x00, 0x00, 0x12, 0x00, 0x00, 0x00, 0x0B,
0x00, 0x00, 0x00, 0x0E, 0x00, 0x00, 0x00, 0x12, 0x00, 0x00, 0x00, 0x02, 0x00, 0x00, 0x00, 0x00,
0x00, 0x00, 0x00, 0x37, 0x00, 0x00, 0x00, 0x12, 0x00, 0x00, 0x00, 0x0B, 0x00, 0x00, 0x00, 0x0E,
0x00, 0x00, 0x00, 0x12, 0x00, 0x00, 0x00, 0x02, 0x00, 0x00, 0x00, 0x00, 0x00, 0x00, 0x00, 0x38,
0x00, 0x00, 0x00, 0x12, 0x00, 0x00, 0x00, 0x0B, 0x00, 0x00, 0x00, 0x0E, 0x00, 0x00, 0x00, 0x12,
0x00, 0x00, 0x00, 0x02, 0x00, 0x00, 0x00, 0x00, 0x00, 0x00, 0x00, 0x39, 0x00, 0x00, 0x00, 0x12,
0x00, 0x00, 0x00, 0x0B, 0x00, 0x00, 0x00, 0x0E, 0x00, 0x00, 0x00, 0x12, 0x00, 0x00, 0x00, 0x02,
0x00, 0x00, 0x00, 0x00, 0x00, 0x00, 0x00, 0x3A, 0x00, 0x00, 0x00, 0x0C, 0x00, 0x00, 0x00, 0x03,
0x00, 0x00, 0x00, 0x0E, 0x00, 0x00, 0x00, 0x0C, 0x00, 0x00, 0x00, 0x06, 0x00, 0x00, 0x00, 0x00,
0x00, 0x00, 0x00, 0x3B, 0x00, 0x00, 0x00, 0x0F, 0x00, 0x00, 0x00, 0x04, 0x00, 0x00, 0x00, 0x0E,
0x00, 0x00, 0x00, 0x0C, 0x00, 0x00, 0x00, 0x05, 0x00, 0x00, 0x00, 0x00, 0x00, 0x00, 0x00, 0x3C,
0x00, 0x00, 0x00, 0x0C, 0x00, 0x00, 0x00, 0x0C, 0x00, 0x00, 0x00, 0x0E, 0x00, 0x00, 0x00, 0x0D,
0x00, 0x00, 0x00, 0x01, 0x00, 0x00, 0x00, 0x00, 0x00, 0x00, 0x00, 0x3D, 0x00, 0x00, 0x00, 0x07,
0x00, 0x00, 0x00, 0x0C, 0x00, 0x00, 0x00, 0x0E, 0x00, 0x00, 0x00, 0x0B, 0x00, 0x00, 0x00, 0x01,
0x00, 0x00, 0x00, 0x00, 0x00, 0x00, 0x00, 0x3E, 0x00, 0x00, 0x00, 0x0C, 0x00, 0x00, 0x00, 0x0C,
0x00, 0x00, 0x00, 0x0E, 0x00, 0x00, 0x00, 0x0D, 0x00, 0x00, 0x00, 0x01, 0x00, 0x00, 0x00, 0x00,
0x00, 0x00, 0x00, 0x3F, 0x00, 0x00, 0x00, 0x12, 0x00, 0x00, 0x00, 0x09, 0x00, 0x00, 0x00, 0x0E,
0x00, 0x00, 0x00, 0x12, 0x00, 0x00, 0x00, 0x03, 0x00, 0x00, 0x00, 0x00, 0x00, 0x00, 0x00, 0x40,
0x00, 0x00, 0x00, 0x14, 0x00, 0x00, 0x00, 0x0E, 0x00, 0x00, 0x00, 0x0E, 0x00, 0x00, 0x00, 0x10,
0x00, 0x00, 0x00, 0x01, 0x00, 0x00, 0x00, 0x00, 0x00, 0x00, 0x00, 0x41, 0x00, 0x00, 0x00, 0x12,
0x00, 0x00, 0x00, 0x0C, 0x00, 0x00, 0x00, 0x0E, 0x00, 0x00, 0x00, 0x12, 0x00, 0x00, 0x00, 0x01,
0x00, 0x00, 0x00, 0x00, 0x00, 0x00, 0x00, 0x42, 0x00, 0x00, 0x00, 0x12, 0x00, 0x00, 0x00, 0x0B,
0x00, 0x00, 0x00, 0x0E, 0x00, 0x00, 0x00, 0x12, 0x00, 0x00, 0x00, 0x01, 0x00, 0x00, 0x00, 0x00,
0x00, 0x00, 0x00, 0x43, 0x00, 0x00, 0x00, 0x12, 0x00, 0x00, 0x00, 0x0B, 0x00, 0x00, 0x00, 0x0E,
0x00, 0x00, 0x00, 0x12, 0x00, 0x00, 0x00, 0x01, 0x00, 0x00, 0x00, 0x00, 0x00, 0x00, 0x00, 0x44,
0x00, 0x00, 0x00, 0x12, 0x00, 0x00, 0x00, 0x0B, 0x00, 0x00, 0x00, 0x0E, 0x00, 0x00, 0x00, 0x12,
0x00, 0x00, 0x00, 0x01, 0x00, 0x00, 0x00, 0x00, 0x00, 0x00, 0x00, 0x45, 0x00, 0x00, 0x00, 0x12,
0x00, 0x00, 0x00, 0x0B, 0x00, 0x00, 0x00, 0x0E, 0x00, 0x00, 0x00, 0x12, 0x00, 0x00, 0x00, 0x01,
0x00, 0x00, 0x00, 0x00, 0x00, 0x00, 0x00, 0x46, 0x00, 0x00, 0x00, 0x12, 0x00, 0x00, 0x00, 0x0B,
0x00, 0x00, 0x00, 0x0E, 0x00, 0x00, 0x00, 0x12, 0x00, 0x00, 0x00, 0x01, 0x00, 0x00, 0x00, 0x00,
0x00, 0x00, 0x00, 0x47, 0x00, 0x00, 0x00, 0x12, 0x00, 0x00, 0x00, 0x0C, 0x00, 0x00, 0x00, 0x0E,
0x00, 0x00, 0x00, 0x12, 0x00, 0x00, 0x00, 0x01, 0x00, 0x00, 0x00, 0x00, 0x00, 0x00, 0x00, 0x48,
0x00, 0x00, 0x00, 0x12, 0x00, 0x00, 0x00, 0x0B, 0x00, 0x00, 0x00, 0x0E, 0x00, 0x00, 0x00, 0x12,
0x00, 0x00, 0x00, 0x01, 0x00, 0x00, 0x00, 0x00, 0x00, 0x00, 0x00, 0x49, 0x00, 0x00, 0x00, 0x12,
0x00, 0x00, 0x00, 0x0A, 0x00, 0x00, 0x00, 0x0E, 0x00, 0x00, 0x00, 0x12, 0x00, 0x00, 0x00, 0x02,
0x00, 0x00, 0x00, 0x00, 0x00, 0x00, 0x00, 0x4A, 0x00, 0x00, 0x00, 0x12, 0x00, 0x00, 0x00, 0x0A,
0x00, 0x00, 0x00, 0x0E, 0x00, 0x00, 0x00, 0x12, 0x00, 0x00, 0x00, 0x01, 0x00, 0x00, 0x00, 0x00,
0x00, 0x00, 0x00, 0x4B, 0x00, 0x00, 0x00, 0x12, 0x00, 0x00, 0x00, 0x0D, 0x00, 0x00, 0x00, 0x0E,
0x00, 0x00, 0x00, 0x12, 0x00, 0x00, 0x00, 0x01, 0x00, 0x00, 0x00, 0x00, 0x00, 0x00, 0x00, 0x4C,
0x00, 0x00, 0x00, 0x12, 0x00, 0x00, 0x00, 0x0B, 0x00, 0x00, 0x00, 0x0E, 0x00, 0x00, 0x00, 0x12,
0x00, 0x00, 0x00, 0x01, 0x00, 0x00, 0x00, 0x00, 0x00, 0x00, 0x00, 0x4D, 0x00, 0x00, 0x00, 0x12,
0x00, 0x00, 0x00, 0x0C, 0x00, 0x00, 0x00, 0x0E, 0x00, 0x00, 0x00, 0x12, 0x00, 0x00, 0x00, 0x01,
0x00, 0x00, 0x00, 0x00, 0x00, 0x00, 0x00, 0x4E, 0x00, 0x00, 0x00, 0x12, 0x00, 0x00, 0x00, 0x0B,
0x00, 0x00, 0x00, 0x0E, 0x00, 0x00, 0x00, 0x12, 0x00, 0x00, 0x00, 0x01, 0x00, 0x00, 0x00, 0x00,
0x00, 0x00, 0x00, 0x4F, 0x00, 0x00, 0x00, 0x12, 0x00, 0x00, 0x00, 0x0C, 0x00, 0x00, 0x00, 0x0E,
0x00, 0x00, 0x00, 0x12, 0x00, 0x00, 0x00, 0x01, 0x00, 0x00, 0x00, 0x00, 0x00, 0x00, 0x00, 0x50,
0x00, 0x00, 0x00, 0x12, 0x00, 0x00, 0x00, 0x0B, 0x00, 0x00, 0x00, 0x0E, 0x00, 0x00, 0x00, 0x12,
0x00, 0x00, 0x00, 0x01, 0x00, 0x00, 0x00, 0x00, 0x00, 0x00, 0x00, 0x51, 0x00, 0x00, 0x00, 0x15,
0x00, 0x00, 0x00, 0x0C, 0x00, 0x00, 0x00, 0x0E, 0x00, 0x00, 0x00, 0x12, 0x00, 0x00, 0x00, 0x01,
0x00, 0x00, 0x00, 0x00, 0x00, 0x00, 0x00, 0x52, 0x00, 0x00, 0x00, 0x12, 0x00, 0x00, 0x00, 0x0D,
0x00, 0x00, 0x00, 0x0E, 0x00, 0x00, 0x00, 0x12, 0x00, 0x00, 0x00, 0x01, 0x00, 0x00, 0x00, 0x00,
0x00, 0x00, 0x00, 0x53, 0x00, 0x00, 0x00, 0x12, 0x00, 0x00, 0x00, 0x0B, 0x00, 0x00, 0x00, 0x0E,
0x00, 0x00, 0x00, 0x12, 0x00, 0x00, 0x00, 0x01, 0x00, 0x00, 0x00, 0x00, 0x00, 0x00, 0x00, 0x54,
0x00, 0x00, 0x00, 0x12, 0x00, 0x00, 0x00, 0x0C, 0x00, 0x00, 0x00, 0x0E, 0x00, 0x00, 0x00, 0x12,
0x00, 0x00, 0x00, 0x01, 0x00, 0x00, 0x00, 0x00, 0x00, 0x00, 0x00, 0x55, 0x00, 0x00, 0x00, 0x12,
0x00, 0x00, 0x00, 0x0B, 0x00, 0x00, 0x00, 0x0E, 0x00, 0x00, 0x00, 0x12, 0x00, 0x00, 0x00, 0x01,
0x00, 0x00, 0x00, 0x00, 0x00, 0x00, 0x00, 0x56, 0x00, 0x00, 0x00, 0x12, 0x00, 0x00, 0x00, 0x0C,
0x00, 0x00, 0x00, 0x0E, 0x00, 0x00, 0x00, 0x12, 0x00, 0x00, 0x00, 0x01, 0x00, 0x00, 0x00, 0x00,
0x00, 0x00, 0x00, 0x57, 0x00, 0x00, 0x00, 0x12, 0x00, 0x00, 0x00, 0x0E, 0x00, 0x00, 0x00, 0x0E,
0x00, 0x00, 0x00, 0x12, 0x00, 0x00, 0x00, 0x00, 0x00, 0x00, 0x00, 0x00, 0x00, 0x00, 0x00, 0x58,
0x00, 0x00, 0x00, 0x12, 0x00, 0x00, 0x00, 0x0C, 0x00, 0x00, 0x00, 0x0E, 0x00, 0x00, 0x00, 0x12,
0x00, 0x00, 0x00, 0x01, 0x00, 0x00, 0x00, 0x00, 0x00, 0x00, 0x00, 0x59, 0x00, 0x00, 0x00, 0x12,
0x00, 0x00, 0x00, 0x0E, 0x00, 0x00, 0x00, 0x0E, 0x00, 0x00, 0x00, 0x12, 0x00, 0x00, 0x00, 0x00,
0x00, 0x00, 0x00, 0x00, 0x00, 0x00, 0x00, 0x5A, 0x00, 0x00, 0x00, 0x12, 0x00, 0x00, 0x00, 0x0C,
0x00, 0x00, 0x00, 0x0E, 0x00, 0x00, 0x00, 0x12, 0x00, 0x00, 0x00, 0x01, 0x00, 0x00, 0x00, 0x00,
0x00, 0x00, 0x00, 0x5B, 0x00, 0x00, 0x00, 0x15, 0x00, 0x00, 0x00, 0x05, 0x00, 0x00, 0x00, 0x0E,
0x00, 0x00, 0x00, 0x12, 0x00, 0x00, 0x00, 0x05, 0x00, 0x00, 0x00, 0x00, 0x00, 0x00, 0x00, 0x5C,
0x00, 0x00, 0x00, 0x14, 0x00, 0x00, 0x00, 0x0B, 0x00, 0x00, 0x00, 0x0E, 0x00, 0x00, 0x00, 0x12,
0x00, 0x00, 0x00, 0x01, 0x00, 0x00, 0x00, 0x00, 0x00, 0x00, 0x00, 0x5D, 0x00, 0x00, 0x00, 0x15,
0x00, 0x00, 0x00, 0x05, 0x00, 0x00, 0x00, 0x0E, 0x00, 0x00, 0x00, 0x12, 0x00, 0x00, 0x00, 0x04,
0x00, 0x00, 0x00, 0x00, 0x00, 0x00, 0x00, 0x5E, 0x00, 0x00, 0x00, 0x07, 0x00, 0x00, 0x00, 0x0D,
0x00, 0x00, 0x00, 0x0E, 0x00, 0x00, 0x00, 0x12, 0x00, 0x00, 0x00, 0x01, 0x00, 0x00, 0x00, 0x00,
0x00, 0x00, 0x00, 0x5F, 0x00, 0x00, 0x00, 0x02, 0x00, 0x00, 0x00, 0x0E, 0x00, 0x00, 0x00, 0x0E,
0xFF, 0xFF, 0xFF, 0xFC, 0x00, 0x00, 0x00, 0x00, 0x00, 0x00, 0x00, 0x00, 0x00, 0x00, 0x00, 0x60,
0x00, 0x00, 0x00, 0x04, 0x00, 0x00, 0x00, 0x06, 0x00, 0x00, 0x00, 0x0E, 0x00, 0x00, 0x00, 0x13,
0x00, 0x00, 0x00, 0x03, 0x00, 0x00, 0x00, 0x00, 0x00, 0x00, 0x00, 0x61, 0x00, 0x00, 0x00, 0x0D,
0x00, 0x00, 0x00, 0x0B, 0x00, 0x00, 0x00, 0x0E, 0x00, 0x00, 0x00, 0x0D, 0x00, 0x00, 0x00, 0x02,
0x00, 0x00, 0x00, 0x00, 0x00, 0x00, 0x00, 0x62, 0x00, 0x00, 0x00, 0x12, 0x00, 0x00, 0x00, 0x0B,
0x00, 0x00, 0x00, 0x0E, 0x00, 0x00, 0x00, 0x12, 0x00, 0x00, 0x00, 0x02, 0x00, 0x00, 0x00, 0x00,
0x00, 0x00, 0x00, 0x63, 0x00, 0x00, 0x00, 0x0D, 0x00, 0x00, 0x00, 0x0A, 0x00, 0x00, 0x00, 0x0E,
0x00, 0x00, 0x00, 0x0D, 0x00, 0x00, 0x00, 0x02, 0x00, 0x00, 0x00, 0x00, 0x00, 0x00, 0x00, 0x64,
0x00, 0x00, 0x00, 0x12, 0x00, 0x00, 0x00, 0x0B, 0x00, 0x00, 0x00, 0x0E, 0x00, 0x00, 0x00, 0x12,
0x00, 0x00, 0x00, 0x02, 0x00, 0x00, 0x00, 0x00, 0x00, 0x00, 0x00, 0x65, 0x00, 0x00, 0x00, 0x0D,
0x00, 0x00, 0x00, 0x0B, 0x00, 0x00, 0x00, 0x0E, 0x00, 0x00, 0x00, 0x0D, 0x00, 0x00, 0x00, 0x02,
0x00, 0x00, 0x00, 0x00, 0x00, 0x00, 0x00, 0x66, 0x00, 0x00, 0x00, 0x12, 0x00, 0x00, 0x00, 0x0B,
0x00, 0x00, 0x00, 0x0E, 0x00, 0x00, 0x00, 0x12, 0x00, 0x00, 0x00, 0x02, 0x00, 0x00, 0x00, 0x00,
0x00, 0x00, 0x00, 0x67, 0x00, 0x00, 0x00, 0x12, 0x00, 0x00, 0x00, 0x0B, 0x00, 0x00, 0x00, 0x0E,
0x00, 0x00, 0x00, 0x0D, 0x00, 0x00, 0x00, 0x02, 0x00, 0x00, 0x00, 0x00, 0x00, 0x00, 0x00, 0x68,
0x00, 0x00, 0x00, 0x12, 0x00, 0x00, 0x00, 0x0B, 0x00, 0x00, 0x00, 0x0E, 0x00, 0x00, 0x00, 0x12,
0x00, 0x00, 0x00, 0x02, 0x00, 0x00, 0x00, 0x00, 0x00, 0x00, 0x00, 0x69, 0x00, 0x00, 0x00, 0x12,
0x00, 0x00, 0x00, 0x0A, 0x00, 0x00, 0x00, 0x0E, 0x00, 0x00, 0x00, 0x12, 0x00, 0x00, 0x00, 0x02,
0x00, 0x00, 0x00, 0x00, 0x00, 0x00, 0x00, 0x6A, 0x00, 0x00, 0x00, 0x17, 0x00, 0x00, 0x00, 0x07,
0x00, 0x00, 0x00, 0x0E, 0x00, 0x00, 0x00, 0x12, 0x00, 0x00, 0x00, 0x02, 0x00, 0x00, 0x00, 0x00,
0x00, 0x00, 0x00, 0x6B, 0x00, 0x00, 0x00, 0x12, 0x00, 0x00, 0x00, 0x0B, 0x00, 0x00, 0x00, 0x0E,
0x00, 0x00, 0x00, 0x12, 0x00, 0x00, 0x00, 0x02, 0x00, 0x00, 0x00, 0x00, 0x00, 0x00, 0x00, 0x6C,
0x00, 0x00, 0x00, 0x12, 0x00, 0x00, 0x00, 0x0B, 0x00, 0x00, 0x00, 0x0E, 0x00, 0x00, 0x00, 0x12,
0x00, 0x00, 0x00, 0x01, 0x00, 0x00, 0x00, 0x00, 0x00, 0x00, 0x00, 0x6D, 0x00, 0x00, 0x00, 0x0D,
0x00, 0x00, 0x00, 0x0C, 0x00, 0x00, 0x00, 0x0E, 0x00, 0x00, 0x00, 0x0D, 0x00, 0x00, 0x00, 0x02,
0x00, 0x00, 0x00, 0x00, 0x00, 0x00, 0x00, 0x6E, 0x00, 0x00, 0x00, 0x0D, 0x00, 0x00, 0x00, 0x0B,
0x00, 0x00, 0x00, 0x0E, 0x00, 0x00, 0x00, 0x0D, 0x00, 0x00, 0x00, 0x02, 0x00, 0x00, 0x00, 0x00,
0x00, 0x00, 0x00, 0x6F, 0x00, 0x00, 0x00, 0x0D, 0x00, 0x00, 0x00, 0x0B, 0x00, 0x00, 0x00, 0x0E,
0x00, 0x00, 0x00, 0x0D, 0x00, 0x00, 0x00, 0x02, 0x00, 0x00, 0x00, 0x00, 0x00, 0x00, 0x00, 0x70,
0x00, 0x00, 0x00, 0x12, 0x00, 0x00, 0x00, 0x0B, 0x00, 0x00, 0x00, 0x0E, 0x00, 0x00, 0x00, 0x0D,
0x00, 0x00, 0x00, 0x02, 0x00, 0x00, 0x00, 0x00, 0x00, 0x00, 0x00, 0x71, 0x00, 0x00, 0x00, 0x12,
0x00, 0x00, 0x00, 0x0B, 0x00, 0x00, 0x00, 0x0E, 0x00, 0x00, 0x00, 0x0D, 0x00, 0x00, 0x00, 0x02,
0x00, 0x00, 0x00, 0x00, 0x00, 0x00, 0x00, 0x72, 0x00, 0x00, 0x00, 0x0D, 0x00, 0x00, 0x00, 0x09,
0x00, 0x00, 0x00, 0x0E, 0x00, 0x00, 0x00, 0x0D, 0x00, 0x00, 0x00, 0x04, 0x00, 0x00, 0x00, 0x00,
0x00, 0x00, 0x00, 0x73, 0x00, 0x00, 0x00, 0x0D, 0x00, 0x00, 0x00, 0x0B, 0x00, 0x00, 0x00, 0x0E,
0x00, 0x00, 0x00, 0x0D, 0x00, 0x00, 0x00, 0x02, 0x00, 0x00, 0x00, 0x00, 0x00, 0x00, 0x00, 0x74,
0x00, 0x00, 0x00, 0x11, 0x00, 0x00, 0x00, 0x0B, 0x00, 0x00, 0x00, 0x0E, 0x00, 0x00, 0x00, 0x11,
0x00, 0x00, 0x00, 0x01, 0x00, 0x00, 0x00, 0x00, 0x00, 0x00, 0x00, 0x75, 0x00, 0x00, 0x00, 0x0D,
0x00, 0x00, 0x00, 0x0B, 0x00, 0x00, 0x00, 0x0E, 0x00, 0x00, 0x00, 0x0D, 0x00, 0x00, 0x00, 0x02,
0x00, 0x00, 0x00, 0x00, 0x00, 0x00, 0x00, 0x76, 0x00, 0x00, 0x00, 0x0D, 0x00, 0x00, 0x00, 0x0B,
0x00, 0x00, 0x00, 0x0E, 0x00, 0x00, 0x00, 0x0D, 0x00, 0x00, 0x00, 0x02, 0x00, 0x00, 0x00, 0x00,
0x00, 0x00, 0x00, 0x77, 0x00, 0x00, 0x00, 0x0D, 0x00, 0x00, 0x00, 0x0E, 0x00, 0x00, 0x00, 0x0E,
0x00, 0x00, 0x00, 0x0D, 0x00, 0x00, 0x00, 0x00, 0x00, 0x00, 0x00, 0x00, 0x00, 0x00, 0x00, 0x78,
0x00, 0x00, 0x00, 0x0D, 0x00, 0x00, 0x00, 0x0B, 0x00, 0x00, 0x00, 0x0E, 0x00, 0x00, 0x00, 0x0D,
0x00, 0x00, 0x00, 0x02, 0x00, 0x00, 0x00, 0x00, 0x00, 0x00, 0x00, 0x79, 0x00, 0x00, 0x00, 0x12,
0x00, 0x00, 0x00, 0x0B, 0x00, 0x00, 0x00, 0x0E, 0x00, 0x00, 0x00, 0x0D, 0x00, 0x00, 0x00, 0x02,
0x00, 0x00, 0x00, 0x00, 0x00, 0x00, 0x00, 0x7A, 0x00, 0x00, 0x00, 0x0D, 0x00, 0x00, 0x00, 0x0B,
0x00, 0x00, 0x00, 0x0E, 0x00, 0x00, 0x00, 0x0D, 0x00, 0x00, 0x00, 0x02, 0x00, 0x00, 0x00, 0x00,
0x00, 0x00, 0x00, 0x7B, 0x00, 0x00, 0x00, 0x16, 0x00, 0x00, 0x00, 0x09, 0x00, 0x00, 0x00, 0x0E,
0x00, 0x00, 0x00, 0x12, 0x00, 0x00, 0x00, 0x02, 0x00, 0x00, 0x00, 0x00, 0x00, 0x00, 0x00, 0x7C,
0x00, 0x00, 0x00, 0x18, 0x00, 0x00, 0x00, 0x02, 0x00, 0x00, 0x00, 0x0E, 0x00, 0x00, 0x00, 0x12,
0x00, 0x00, 0x00, 0x06, 0x00, 0x00, 0x00, 0x00, 0x00, 0x00, 0x00, 0x7D, 0x00, 0x00, 0x00, 0x16,
0x00, 0x00, 0x00, 0x09, 0x00, 0x00, 0x00, 0x0E, 0x00, 0x00, 0x00, 0x12, 0x00, 0x00, 0x00, 0x03,
0x00, 0x00, 0x00, 0x00, 0x00, 0x00, 0x00, 0x7E, 0x00, 0x00, 0x00, 0x03, 0x00, 0x00, 0x00, 0x0C,
0x00, 0x00, 0x00, 0x0E, 0x00, 0x00, 0x00, 0x09, 0x00, 0x00, 0x00, 0x01, 0x00, 0x00, 0x00, 0x00,
0x00, 0x00, 0x00, 0xA0, 0x00, 0x00, 0x00, 0x01, 0x00, 0x00, 0x00, 0x01, 0x00, 0x00, 0x00, 0x0E,
0x00, 0x00, 0x00, 0x30, 0xFF, 0xFF, 0xFF, 0xE8, 0x00, 0x00, 0x00, 0x00, 0x00, 0x00, 0x00, 0xA1,
0x00, 0x00, 0x00, 0x12, 0x00, 0x00, 0x00, 0x02, 0x00, 0x00, 0x00, 0x0E, 0x00, 0x00, 0x00, 0x0D,
0x00, 0x00, 0x00, 0x06, 0x00, 0x00, 0x00, 0x00, 0x00, 0x00, 0x00, 0xA2, 0x00, 0x00, 0x00, 0x14,
0x00, 0x00, 0x00, 0x0A, 0x00, 0x00, 0x00, 0x0E, 0x00, 0x00, 0x00, 0x10, 0x00, 0x00, 0x00, 0x02,
0x00, 0x00, 0x00, 0x00, 0x00, 0x00, 0x00, 0xA3, 0x00, 0x00, 0x00, 0x12, 0x00, 0x00, 0x00, 0x0B,
0x00, 0x00, 0x00, 0x0E, 0x00, 0x00, 0x00, 0x12, 0x00, 0x00, 0x00, 0x01, 0x00, 0x00, 0x00, 0x00,
0x00, 0x00, 0x00, 0xA4, 0x00, 0x00, 0x00, 0x0A, 0x00, 0x00, 0x00, 0x0A, 0x00, 0x00, 0x00, 0x0E,
0x00, 0x00, 0x00, 0x0D, 0x00, 0x00, 0x00, 0x03, 0x00, 0x00, 0x00, 0x00, 0x00, 0x00, 0x00, 0xA5,
0x00, 0x00, 0x00, 0x12, 0x00, 0x00, 0x00, 0x0E, 0x00, 0x00, 0x00, 0x0E, 0x00, 0x00, 0x00, 0x12,
0x00, 0x00, 0x00, 0x00, 0x00, 0x00, 0x00, 0x00, 0x00, 0x00, 0x00, 0xA6, 0x00, 0x00, 0x00, 0x15,
0x00, 0x00, 0x00, 0x02, 0x00, 0x00, 0x00, 0x0E, 0x00, 0x00, 0x00, 0x11, 0x00, 0x00, 0x00, 0x06,
0x00, 0x00, 0x00, 0x00, 0x00, 0x00, 0x00, 0xA7, 0x00, 0x00, 0x00, 0x14, 0x00, 0x00, 0x00, 0x0A,
0x00, 0x00, 0x00, 0x0E, 0x00, 0x00, 0x00, 0x12, 0x00, 0x00, 0x00, 0x02, 0x00, 0x00, 0x00, 0x00,
0x00, 0x00, 0x00, 0xA8, 0x00, 0x00, 0x00, 0x02, 0x00, 0x00, 0x00, 0x06, 0x00, 0x00, 0x00, 0x0E,
0x00, 0x00, 0x00, 0x12, 0x00, 0x00, 0x00, 0x04, 0x00, 0x00, 0x00, 0x00, 0x00, 0x00, 0x00, 0xA9,
0x00, 0x00, 0x00, 0x0E, 0x00, 0x00, 0x00, 0x0E, 0x00, 0x00, 0x00, 0x0E, 0x00, 0x00, 0x00, 0x10,
0x00, 0x00, 0x00, 0x00, 0x00, 0x00, 0x00, 0x00, 0x00, 0x00, 0x00, 0xAA, 0x00, 0x00, 0x00, 0x0C,
0x00, 0x00, 0x00, 0x0A, 0x00, 0x00, 0x00, 0x0E, 0x00, 0x00, 0x00, 0x12, 0x00, 0x00, 0x00, 0x03,
0x00, 0x00, 0x00, 0x00, 0x00, 0x00, 0x00, 0xAB, 0x00, 0x00, 0x00, 0x0B, 0x00, 0x00, 0x00, 0x0C,
0x00, 0x00, 0x00, 0x0E, 0x00, 0x00, 0x00, 0x0C, 0x00, 0x00, 0x00, 0x01, 0x00, 0x00, 0x00, 0x00,
0x00, 0x00, 0x00, 0xAC, 0x00, 0x00, 0x00, 0x06, 0x00, 0x00, 0x00, 0x0C, 0x00, 0x00, 0x00, 0x0E,
0x00, 0x00, 0x00, 0x0A, 0x00, 0x00, 0x00, 0x01, 0x00, 0x00, 0x00, 0x00, 0x00, 0x00, 0x00, 0xAD,
0x00, 0x00, 0x00, 0x02, 0x00, 0x00, 0x00, 0x06, 0x00, 0x00, 0x00, 0x0E, 0x00, 0x00, 0x00, 0x08,
0x00, 0x00, 0x00, 0x04, 0x00, 0x00, 0x00, 0x00, 0x00, 0x00, 0x00, 0xAE, 0x00, 0x00, 0x00, 0x0E,
0x00, 0x00, 0x00, 0x0E, 0x00, 0x00, 0x00, 0x0E, 0x00, 0x00, 0x00, 0x10, 0x00, 0x00, 0x00, 0x00,
0x00, 0x00, 0x00, 0x00, 0x00, 0x00, 0x00, 0xAF, 0x00, 0x00, 0x00, 0x02, 0x00, 0x00, 0x00, 0x07,
0x00, 0x00, 0x00, 0x0E, 0x00, 0x00, 0x00, 0x12, 0x00, 0x00, 0x00, 0x04, 0x00, 0x00, 0x00, 0x00,
0x00, 0x00, 0x00, 0xB0, 0x00, 0x00, 0x00, 0x07, 0x00, 0x00, 0x00, 0x07, 0x00, 0x00, 0x00, 0x0E,
0x00, 0x00, 0x00, 0x12, 0x00, 0x00, 0x00, 0x04, 0x00, 0x00, 0x00, 0x00, 0x00, 0x00, 0x00, 0xB1,
0x00, 0x00, 0x00, 0x0E, 0x00, 0x00, 0x00, 0x0C, 0x00, 0x00, 0x00, 0x0E, 0x00, 0x00, 0x00, 0x0E,
0x00, 0x00, 0x00, 0x01, 0x00, 0x00, 0x00, 0x00, 0x00, 0x00, 0x00, 0xB2, 0x00, 0x00, 0x00, 0x0A,
0x00, 0x00, 0x00, 0x07, 0x00, 0x00, 0x00, 0x0E, 0x00, 0x00, 0x00, 0x12, 0x00, 0x00, 0x00, 0x04,
0x00, 0x00, 0x00, 0x00, 0x00, 0x00, 0x00, 0xB3, 0x00, 0x00, 0x00, 0x0A, 0x00, 0x00, 0x00, 0x07,
0x00, 0x00, 0x00, 0x0E, 0x00, 0x00, 0x00, 0x12, 0x00, 0x00, 0x00, 0x04, 0x00, 0x00, 0x00, 0x00,
0x00, 0x00, 0x00, 0xB4, 0x00, 0x00, 0x00, 0x04, 0x00, 0x00, 0x00, 0x06, 0x00, 0x00, 0x00, 0x0E,
0x00, 0x00, 0x00, 0x13, 0x00, 0x00, 0x00, 0x06, 0x00, 0x00, 0x00, 0x00, 0x00, 0x00, 0x00, 0xB5,
0x00, 0x00, 0x00, 0x12, 0x00, 0x00, 0x00, 0x0D, 0x00, 0x00, 0x00, 0x0E, 0x00, 0x00, 0x00, 0x0D,
0x00, 0x00, 0x00, 0x02, 0x00, 0x00, 0x00, 0x00, 0x00, 0x00, 0x00, 0xB6, 0x00, 0x00, 0x00, 0x14,
0x00, 0x00, 0x00, 0x0B, 0x00, 0x00, 0x00, 0x0E, 0x00, 0x00, 0x00, 0x12, 0x00, 0x00, 0x00, 0x01,
0x00, 0x00, 0x00, 0x00, 0x00, 0x00, 0x00, 0xB7, 0x00, 0x00, 0x00, 0x04, 0x00, 0x00, 0x00, 0x03,
0x00, 0x00, 0x00, 0x0E, 0x00, 0x00, 0x00, 0x0A, 0x00, 0x00, 0x00, 0x06, 0x00, 0x00, 0x00, 0x00,
0x00, 0x00, 0x00, 0xB8, 0x00, 0x00, 0x00, 0x05, 0x00, 0x00, 0x00, 0x05, 0x00, 0x00, 0x00, 0x0E,
0x00, 0x00, 0x00, 0x00, 0x00, 0x00, 0x00, 0x04, 0x00, 0x00, 0x00, 0x00, 0x00, 0x00, 0x00, 0xB9,
0x00, 0x00, 0x00, 0x0A, 0x00, 0x00, 0x00, 0x06, 0x00, 0x00, 0x00, 0x0E, 0x00, 0x00, 0x00, 0x12,
0x00, 0x00, 0x00, 0x05, 0x00, 0x00, 0x00, 0x00, 0x00, 0x00, 0x00, 0xBA, 0x00, 0x00, 0x00, 0x0C,
0x00, 0x00, 0x00, 0x09, 0x00, 0x00, 0x00, 0x0E, 0x00, 0x00, 0x00, 0x12, 0x00, 0x00, 0x00, 0x03,
0x00, 0x00, 0x00, 0x00, 0x00, 0x00, 0x00, 0xBB, 0x00, 0x00, 0x00, 0x0B, 0x00, 0x00, 0x00, 0x0C,
0x00, 0x00, 0x00, 0x0E, 0x00, 0x00, 0x00, 0x0C, 0x00, 0x00, 0x00, 0x02, 0x00, 0x00, 0x00, 0x00,
0x00, 0x00, 0x00, 0xBC, 0x00, 0x00, 0x00, 0x17, 0x00, 0x00, 0x00, 0x0D, 0x00, 0x00, 0x00, 0x0E,
0x00, 0x00, 0x00, 0x14, 0x00, 0x00, 0x00, 0x00, 0x00, 0x00, 0x00, 0x00, 0x00, 0x00, 0x00, 0xBD,
0x00, 0x00, 0x00, 0x17, 0x00, 0x00, 0x00, 0x0D, 0x00, 0x00, 0x00, 0x0E, 0x00, 0x00, 0x00, 0x14,
0x00, 0x00, 0x00, 0x00, 0x00, 0x00, 0x00, 0x00, 0x00, 0x00, 0x00, 0xBE, 0x00, 0x00, 0x00, 0x17,
0x00, 0x00, 0x00, 0x0D, 0x00, 0x00, 0x00, 0x0E, 0x00, 0x00, 0x00, 0x14, 0x00, 0x00, 0x00, 0x00,
0x00, 0x00, 0x00, 0x00, 0x00, 0x00, 0x00, 0xBF, 0x00, 0x00, 0x00, 0x12, 0x00, 0x00, 0x00, 0x09,
0x00, 0x00, 0x00, 0x0E, 0x00, 0x00, 0x00, 0x0D, 0x00, 0x00, 0x00, 0x02, 0x00, 0x00, 0x00, 0x00,
0x00, 0x00, 0x00, 0xC0, 0x00, 0x00, 0x00, 0x16, 0x00, 0x00, 0x00, 0x0C, 0x00, 0x00, 0x00, 0x0E,
0x00, 0x00, 0x00, 0x16, 0x00, 0x00, 0x00, 0x01, 0x00, 0x00, 0x00, 0x00, 0x00, 0x00, 0x00, 0xC1,
0x00, 0x00, 0x00, 0x16, 0x00, 0x00, 0x00, 0x0C, 0x00, 0x00, 0x00, 0x0E, 0x00, 0x00, 0x00, 0x16,
0x00, 0x00, 0x00, 0x01, 0x00, 0x00, 0x00, 0x00, 0x00, 0x00, 0x00, 0xC2, 0x00, 0x00, 0x00, 0x16,
0x00, 0x00, 0x00, 0x0C, 0x00, 0x00, 0x00, 0x0E, 0x00, 0x00, 0x00, 0x16, 0x00, 0x00, 0x00, 0x01,
0x00, 0x00, 0x00, 0x00, 0x00, 0x00, 0x00, 0xC3, 0x00, 0x00, 0x00, 0x15, 0x00, 0x00, 0x00, 0x0C,
0x00, 0x00, 0x00, 0x0E, 0x00, 0x00, 0x00, 0x15, 0x00, 0x00, 0x00, 0x01, 0x00, 0x00, 0x00, 0x00,
0x00, 0x00, 0x00, 0xC4, 0x00, 0x00, 0x00, 0x15, 0x00, 0x00, 0x00, 0x0C, 0x00, 0x00, 0x00, 0x0E,
0x00, 0x00, 0x00, 0x15, 0x00, 0x00, 0x00, 0x01, 0x00, 0x00, 0x00, 0x00, 0x00, 0x00, 0x00, 0xC5,
0x00, 0x00, 0x00, 0x16, 0x00, 0x00, 0x00, 0x0C, 0x00, 0x00, 0x00, 0x0E, 0x00, 0x00, 0x00, 0x16,
0x00, 0x00, 0x00, 0x01, 0x00, 0x00, 0x00, 0x00, 0x00, 0x00, 0x00, 0xC6, 0x00, 0x00, 0x00, 0x12,
0x00, 0x00, 0x00, 0x0D, 0x00, 0x00, 0x00, 0x0E, 0x00, 0x00, 0x00, 0x12, 0x00, 0x00, 0x00, 0x00,
0x00, 0x00, 0x00, 0x00, 0x00, 0x00, 0x00, 0xC7, 0x00, 0x00, 0x00, 0x17, 0x00, 0x00, 0x00, 0x0B,
0x00, 0x00, 0x00, 0x0E, 0x00, 0x00, 0x00, 0x12, 0x00, 0x00, 0x00, 0x01, 0x00, 0x00, 0x00, 0x00,
0x00, 0x00, 0x00, 0xC8, 0x00, 0x00, 0x00, 0x16, 0x00, 0x00, 0x00, 0x0B, 0x00, 0x00, 0x00, 0x0E,
0x00, 0x00, 0x00, 0x16, 0x00, 0x00, 0x00, 0x01, 0x00, 0x00, 0x00, 0x00, 0x00, 0x00, 0x00, 0xC9,
0x00, 0x00, 0x00, 0x16, 0x00, 0x00, 0x00, 0x0B, 0x00, 0x00, 0x00, 0x0E, 0x00, 0x00, 0x00, 0x16,
0x00, 0x00, 0x00, 0x01, 0x00, 0x00, 0x00, 0x00, 0x00, 0x00, 0x00, 0xCA, 0x00, 0x00, 0x00, 0x16,
0x00, 0x00, 0x00, 0x0B, 0x00, 0x00, 0x00, 0x0E, 0x00, 0x00, 0x00, 0x16, 0x00, 0x00, 0x00, 0x01,
0x00, 0x00, 0x00, 0x00, 0x00, 0x00, 0x00, 0xCB, 0x00, 0x00, 0x00, 0x15, 0x00, 0x00, 0x00, 0x0B,
0x00, 0x00, 0x00, 0x0E, 0x00, 0x00, 0x00, 0x15, 0x00, 0x00, 0x00, 0x01, 0x00, 0x00, 0x00, 0x00,
0x00, 0x00, 0x00, 0xCC, 0x00, 0x00, 0x00, 0x16, 0x00, 0x00, 0x00, 0x0A, 0x00, 0x00, 0x00, 0x0E,
0x00, 0x00, 0x00, 0x16, 0x00, 0x00, 0x00, 0x02, 0x00, 0x00, 0x00, 0x00, 0x00, 0x00, 0x00, 0xCD,
0x00, 0x00, 0x00, 0x16, 0x00, 0x00, 0x00, 0x0A, 0x00, 0x00, 0x00, 0x0E, 0x00, 0x00, 0x00, 0x16,
0x00, 0x00, 0x00, 0x02, 0x00, 0x00, 0x00, 0x00, 0x00, 0x00, 0x00, 0xCE, 0x00, 0x00, 0x00, 0x16,
0x00, 0x00, 0x00, 0x0A, 0x00, 0x00, 0x00, 0x0E, 0x00, 0x00, 0x00, 0x16, 0x00, 0x00, 0x00, 0x02,
0x00, 0x00, 0x00, 0x00, 0x00, 0x00, 0x00, 0xCF, 0x00, 0x00, 0x00, 0x15, 0x00, 0x00, 0x00, 0x0A,
0x00, 0x00, 0x00, 0x0E, 0x00, 0x00, 0x00, 0x15, 0x00, 0x00, 0x00, 0x02, 0x00, 0x00, 0x00, 0x00,
0x00, 0x00, 0x00, 0xD0, 0x00, 0x00, 0x00, 0x12, 0x00, 0x00, 0x00, 0x0C, 0x00, 0x00, 0x00, 0x0E,
0x00, 0x00, 0x00, 0x12, 0x00, 0x00, 0x00, 0x00, 0x00, 0x00, 0x00, 0x00, 0x00, 0x00, 0x00, 0xD1,
0x00, 0x00, 0x00, 0x15, 0x00, 0x00, 0x00, 0x0B, 0x00, 0x00, 0x00, 0x0E, 0x00, 0x00, 0x00, 0x15,
0x00, 0x00, 0x00, 0x01, 0x00, 0x00, 0x00, 0x00, 0x00, 0x00, 0x00, 0xD2, 0x00, 0x00, 0x00, 0x16,
0x00, 0x00, 0x00, 0x0C, 0x00, 0x00, 0x00, 0x0E, 0x00, 0x00, 0x00, 0x16, 0x00, 0x00, 0x00, 0x01,
0x00, 0x00, 0x00, 0x00, 0x00, 0x00, 0x00, 0xD3, 0x00, 0x00, 0x00, 0x16, 0x00, 0x00, 0x00, 0x0C,
0x00, 0x00, 0x00, 0x0E, 0x00, 0x00, 0x00, 0x16, 0x00, 0x00, 0x00, 0x01, 0x00, 0x00, 0x00, 0x00,
0x00, 0x00, 0x00, 0xD4, 0x00, 0x00, 0x00, 0x16, 0x00, 0x00, 0x00, 0x0C, 0x00, 0x00, 0x00, 0x0E,
0x00, 0x00, 0x00, 0x16, 0x00, 0x00, 0x00, 0x01, 0x00, 0x00, 0x00, 0x00, 0x00, 0x00, 0x00, 0xD5,
0x00, 0x00, 0x00, 0x15, 0x00, 0x00, 0x00, 0x0C, 0x00, 0x00, 0x00, 0x0E, 0x00, 0x00, 0x00, 0x15,
0x00, 0x00, 0x00, 0x01, 0x00, 0x00, 0x00, 0x00, 0x00, 0x00, 0x00, 0xD6, 0x00, 0x00, 0x00, 0x15,
0x00, 0x00, 0x00, 0x0C, 0x00, 0x00, 0x00, 0x0E, 0x00, 0x00, 0x00, 0x15, 0x00, 0x00, 0x00, 0x01,
0x00, 0x00, 0x00, 0x00, 0x00, 0x00, 0x00, 0xD7, 0x00, 0x00, 0x00, 0x0B, 0x00, 0x00, 0x00, 0x0B,
0x00, 0x00, 0x00, 0x0E, 0x00, 0x00, 0x00, 0x0D, 0x00, 0x00, 0x00, 0x02, 0x00, 0x00, 0x00, 0x00,
0x00, 0x00, 0x00, 0xD8, 0x00, 0x00, 0x00, 0x14, 0x00, 0x00, 0x00, 0x0E, 0x00, 0x00, 0x00, 0x0E,
0x00, 0x00, 0x00, 0x13, 0x00, 0x00, 0x00, 0x00, 0x00, 0x00, 0x00, 0x00, 0x00, 0x00, 0x00, 0xD9,
0x00, 0x00, 0x00, 0x16, 0x00, 0x00, 0x00, 0x0B, 0x00, 0x00, 0x00, 0x0E, 0x00, 0x00, 0x00, 0x16,
0x00, 0x00, 0x00, 0x01, 0x00, 0x00, 0x00, 0x00, 0x00, 0x00, 0x00, 0xDA, 0x00, 0x00, 0x00, 0x16,
0x00, 0x00, 0x00, 0x0B, 0x00, 0x00, 0x00, 0x0E, 0x00, 0x00, 0x00, 0x16, 0x00, 0x00, 0x00, 0x01,
0x00, 0x00, 0x00, 0x00, 0x00, 0x00, 0x00, 0xDB, 0x00, 0x00, 0x00, 0x16, 0x00, 0x00, 0x00, 0x0B,
0x00, 0x00, 0x00, 0x0E, 0x00, 0x00, 0x00, 0x16, 0x00, 0x00, 0x00, 0x01, 0x00, 0x00, 0x00, 0x00,
0x00, 0x00, 0x00, 0xDC, 0x00, 0x00, 0x00, 0x15, 0x00, 0x00, 0x00, 0x0B, 0x00, 0x00, 0x00, 0x0E,
0x00, 0x00, 0x00, 0x15, 0x00, 0x00, 0x00, 0x01, 0x00, 0x00, 0x00, 0x00, 0x00, 0x00, 0x00, 0xDD,
0x00, 0x00, 0x00, 0x16, 0x00, 0x00, 0x00, 0x0E, 0x00, 0x00, 0x00, 0x0E, 0x00, 0x00, 0x00, 0x16,
0x00, 0x00, 0x00, 0x00, 0x00, 0x00, 0x00, 0x00, 0x00, 0x00, 0x00, 0xDE, 0x00, 0x00, 0x00, 0x12,
0x00, 0x00, 0x00, 0x0B, 0x00, 0x00, 0x00, 0x0E, 0x00, 0x00, 0x00, 0x12, 0x00, 0x00, 0x00, 0x01,
0x00, 0x00, 0x00, 0x00, 0x00, 0x00, 0x00, 0xDF, 0x00, 0x00, 0x00, 0x12, 0x00, 0x00, 0x00, 0x0B,
0x00, 0x00, 0x00, 0x0E, 0x00, 0x00, 0x00, 0x12, 0x00, 0x00, 0x00, 0x02, 0x00, 0x00, 0x00, 0x00,
0x00, 0x00, 0x00, 0xE0, 0x00, 0x00, 0x00, 0x13, 0x00, 0x00, 0x00, 0x0B, 0x00, 0x00, 0x00, 0x0E,
0x00, 0x00, 0x00, 0x13, 0x00, 0x00, 0x00, 0x02, 0x00, 0x00, 0x00, 0x00, 0x00, 0x00, 0x00, 0xE1,
0x00, 0x00, 0x00, 0x13, 0x00, 0x00, 0x00, 0x0B, 0x00, 0x00, 0x00, 0x0E, 0x00, 0x00, 0x00, 0x13,
0x00, 0x00, 0x00, 0x02, 0x00, 0x00, 0x00, 0x00, 0x00, 0x00, 0x00, 0xE2, 0x00, 0x00, 0x00, 0x13,
0x00, 0x00, 0x00, 0x0B, 0x00, 0x00, 0x00, 0x0E, 0x00, 0x00, 0x00, 0x13, 0x00, 0x00, 0x00, 0x02,
0x00, 0x00, 0x00, 0x00, 0x00, 0x00, 0x00, 0xE3, 0x00, 0x00, 0x00, 0x13, 0x00, 0x00, 0x00, 0x0B,
0x00, 0x00, 0x00, 0x0E, 0x00, 0x00, 0x00, 0x13, 0x00, 0x00, 0x00, 0x02, 0x00, 0x00, 0x00, 0x00,
0x00, 0x00, 0x00, 0xE4, 0x00, 0x00, 0x00, 0x12, 0x00, 0x00, 0x00, 0x0B, 0x00, 0x00, 0x00, 0x0E,
0x00, 0x00, 0x00, 0x12, 0x00, 0x00, 0x00, 0x02, 0x00, 0x00, 0x00, 0x00, 0x00, 0x00, 0x00, 0xE5,
0x00, 0x00, 0x00, 0x15, 0x00, 0x00, 0x00, 0x0B, 0x00, 0x00, 0x00, 0x0E, 0x00, 0x00, 0x00, 0x15,
0x00, 0x00, 0x00, 0x02, 0x00, 0x00, 0x00, 0x00, 0x00, 0x00, 0x00, 0xE6, 0x00, 0x00, 0x00, 0x0D,
0x00, 0x00, 0x00, 0x0E, 0x00, 0x00, 0x00, 0x0E, 0x00, 0x00, 0x00, 0x0D, 0x00, 0x00, 0x00, 0x00,
0x00, 0x00, 0x00, 0x00, 0x00, 0x00, 0x00, 0xE7, 0x00, 0x00, 0x00, 0x12, 0x00, 0x00, 0x00, 0x0A,
0x00, 0x00, 0x00, 0x0E, 0x00, 0x00, 0x00, 0x0D, 0x00, 0x00, 0x00, 0x02, 0x00, 0x00, 0x00, 0x00,
0x00, 0x00, 0x00, 0xE8, 0x00, 0x00, 0x00, 0x13, 0x00, 0x00, 0x00, 0x0B, 0x00, 0x00, 0x00, 0x0E,
0x00, 0x00, 0x00, 0x13, 0x00, 0x00, 0x00, 0x02, 0x00, 0x00, 0x00, 0x00, 0x00, 0x00, 0x00, 0xE9,
0x00, 0x00, 0x00, 0x13, 0x00, 0x00, 0x00, 0x0B, 0x00, 0x00, 0x00, 0x0E, 0x00, 0x00, 0x00, 0x13,
0x00, 0x00, 0x00, 0x02, 0x00, 0x00, 0x00, 0x00, 0x00, 0x00, 0x00, 0xEA, 0x00, 0x00, 0x00, 0x13,
0x00, 0x00, 0x00, 0x0B, 0x00, 0x00, 0x00, 0x0E, 0x00, 0x00, 0x00, 0x13, 0x00, 0x00, 0x00, 0x02,
0x00, 0x00, 0x00, 0x00, 0x00, 0x00, 0x00, 0xEB, 0x00, 0x00, 0x00, 0x12, 0x00, 0x00, 0x00, 0x0B,
0x00, 0x00, 0x00, 0x0E, 0x00, 0x00, 0x00, 0x12, 0x00, 0x00, 0x00, 0x02, 0x00, 0x00, 0x00, 0x00,
0x00, 0x00, 0x00, 0xEC, 0x00, 0x00, 0x00, 0x13, 0x00, 0x00, 0x00, 0x0A, 0x00, 0x00, 0x00, 0x0E,
0x00, 0x00, 0x00, 0x13, 0x00, 0x00, 0x00, 0x02, 0x00, 0x00, 0x00, 0x00, 0x00, 0x00, 0x00, 0xED,
0x00, 0x00, 0x00, 0x13, 0x00, 0x00, 0x00, 0x0A, 0x00, 0x00, 0x00, 0x0E, 0x00, 0x00, 0x00, 0x13,
0x00, 0x00, 0x00, 0x02, 0x00, 0x00, 0x00, 0x00, 0x00, 0x00, 0x00, 0xEE, 0x00, 0x00, 0x00, 0x13,
0x00, 0x00, 0x00, 0x0A, 0x00, 0x00, 0x00, 0x0E, 0x00, 0x00, 0x00, 0x13, 0x00, 0x00, 0x00, 0x02,
0x00, 0x00, 0x00, 0x00, 0x00, 0x00, 0x00, 0xEF, 0x00, 0x00, 0x00, 0x12, 0x00, 0x00, 0x00, 0x0A,
0x00, 0x00, 0x00, 0x0E, 0x00, 0x00, 0x00, 0x12, 0x00, 0x00, 0x00, 0x02, 0x00, 0x00, 0x00, 0x00,
0x00, 0x00, 0x00, 0xF0, 0x00, 0x00, 0x00, 0x12, 0x00, 0x00, 0x00, 0x0B, 0x00, 0x00, 0x00, 0x0E,
0x00, 0x00, 0x00, 0x12, 0x00, 0x00, 0x00, 0x02, 0x00, 0x00, 0x00, 0x00, 0x00, 0x00, 0x00, 0xF1,
0x00, 0x00, 0x00, 0x13, 0x00, 0x00, 0x00, 0x0B, 0x00, 0x00, 0x00, 0x0E, 0x00, 0x00, 0x00, 0x13,
0x00, 0x00, 0x00, 0x02, 0x00, 0x00, 0x00, 0x00, 0x00, 0x00, 0x00, 0xF2, 0x00, 0x00, 0x00, 0x13,
0x00, 0x00, 0x00, 0x0B, 0x00, 0x00, 0x00, 0x0E, 0x00, 0x00, 0x00, 0x13, 0x00, 0x00, 0x00, 0x02,
0x00, 0x00, 0x00, 0x00, 0x00, 0x00, 0x00, 0xF3, 0x00, 0x00, 0x00, 0x13, 0x00, 0x00, 0x00, 0x0B,
0x00, 0x00, 0x00, 0x0E, 0x00, 0x00, 0x00, 0x13, 0x00, 0x00, 0x00, 0x02, 0x00, 0x00, 0x00, 0x00,
0x00, 0x00, 0x00, 0xF4, 0x00, 0x00, 0x00, 0x13, 0x00, 0x00, 0x00, 0x0B, 0x00, 0x00, 0x00, 0x0E,
0x00, 0x00, 0x00, 0x13, 0x00, 0x00, 0x00, 0x02, 0x00, 0x00, 0x00, 0x00, 0x00, 0x00, 0x00, 0xF5,
0x00, 0x00, 0x00, 0x13, 0x00, 0x00, 0x00, 0x0B, 0x00, 0x00, 0x00, 0x0E, 0x00, 0x00, 0x00, 0x13,
0x00, 0x00, 0x00, 0x02, 0x00, 0x00, 0x00, 0x00, 0x00, 0x00, 0x00, 0xF6, 0x00, 0x00, 0x00, 0x12,
0x00, 0x00, 0x00, 0x0B, 0x00, 0x00, 0x00, 0x0E, 0x00, 0x00, 0x00, 0x12, 0x00, 0x00, 0x00, 0x02,
0x00, 0x00, 0x00, 0x00, 0x00, 0x00, 0x00, 0xF7, 0x00, 0x00, 0x00, 0x0C, 0x00, 0x00, 0x00, 0x0D,
0x00, 0x00, 0x00, 0x0E, 0x00, 0x00, 0x00, 0x0E, 0x00, 0x00, 0x00, 0x01, 0x00, 0x00, 0x00, 0x00,
0x00, 0x00, 0x00, 0xF8, 0x00, 0x00, 0x00, 0x0F, 0x00, 0x00, 0x00, 0x0E, 0x00, 0x00, 0x00, 0x0E,
0x00, 0x00, 0x00, 0x0E, 0x00, 0x00, 0x00, 0x00, 0x00, 0x00, 0x00, 0x00, 0x00, 0x00, 0x00, 0xF9,
0x00, 0x00, 0x00, 0x13, 0x00, 0x00, 0x00, 0x0B, 0x00, 0x00, 0x00, 0x0E, 0x00, 0x00, 0x00, 0x13,
0x00, 0x00, 0x00, 0x02, 0x00, 0x00, 0x00, 0x00, 0x00, 0x00, 0x00, 0xFA, 0x00, 0x00, 0x00, 0x13,
0x00, 0x00, 0x00, 0x0B, 0x00, 0x00, 0x00, 0x0E, 0x00, 0x00, 0x00, 0x13, 0x00, 0x00, 0x00, 0x02,
0x00, 0x00, 0x00, 0x00, 0x00, 0x00, 0x00, 0xFB, 0x00, 0x00, 0x00, 0x13, 0x00, 0x00, 0x00, 0x0B,
0x00, 0x00, 0x00, 0x0E, 0x00, 0x00, 0x00, 0x13, 0x00, 0x00, 0x00, 0x02, 0x00, 0x00, 0x00, 0x00,
0x00, 0x00, 0x00, 0xFC, 0x00, 0x00, 0x00, 0x12, 0x00, 0x00, 0x00, 0x0B, 0x00, 0x00, 0x00, 0x0E,
0x00, 0x00, 0x00, 0x12, 0x00, 0x00, 0x00, 0x02, 0x00, 0x00, 0x00, 0x00, 0x00, 0x00, 0x00, 0xFD,
0x00, 0x00, 0x00, 0x18, 0x00, 0x00, 0x00, 0x0B, 0x00, 0x00, 0x00, 0x0E, 0x00, 0x00, 0x00, 0x13,
0x00, 0x00, 0x00, 0x02, 0x00, 0x00, 0x00, 0x00, 0x00, 0x00, 0x00, 0xFE, 0x00, 0x00, 0x00, 0x17,
0x00, 0x00, 0x00, 0x0B, 0x00, 0x00, 0x00, 0x0E, 0x00, 0x00, 0x00, 0x12, 0x00, 0x00, 0x00, 0x02,
0x00, 0x00, 0x00, 0x00, 0x00, 0x00, 0x00, 0xFF, 0x00, 0x00, 0x00, 0x17, 0x00, 0x00, 0x00, 0x0B,
0x00, 0x00, 0x00, 0x0E, 0x00, 0x00, 0x00, 0x12, 0x00, 0x00, 0x00, 0x02, 0x00, 0x00, 0x00, 0x00,
0x00, 0x00, 0x01, 0x00, 0x00, 0x00, 0x00, 0x16, 0x00, 0x00, 0x00, 0x0C, 0x00, 0x00, 0x00, 0x0E,
0x00, 0x00, 0x00, 0x16, 0x00, 0x00, 0x00, 0x01, 0x00, 0x00, 0x00, 0x00, 0x00, 0x00, 0x01, 0x01,
0x00, 0x00, 0x00, 0x12, 0x00, 0x00, 0x00, 0x0B, 0x00, 0x00, 0x00, 0x0E, 0x00, 0x00, 0x00, 0x12,
0x00, 0x00, 0x00, 0x02, 0x00, 0x00, 0x00, 0x00, 0x00, 0x00, 0x01, 0x02, 0x00, 0x00, 0x00, 0x16,
0x00, 0x00, 0x00, 0x0C, 0x00, 0x00, 0x00, 0x0E, 0x00, 0x00, 0x00, 0x16, 0x00, 0x00, 0x00, 0x01,
0x00, 0x00, 0x00, 0x00, 0x00, 0x00, 0x01, 0x03, 0x00, 0x00, 0x00, 0x13, 0x00, 0x00, 0x00, 0x0B,
0x00, 0x00, 0x00, 0x0E, 0x00, 0x00, 0x00, 0x13, 0x00, 0x00, 0x00, 0x02, 0x00, 0x00, 0x00, 0x00,
0x00, 0x00, 0x01, 0x04, 0x00, 0x00, 0x00, 0x17, 0x00, 0x00, 0x00, 0x0D, 0x00, 0x00, 0x00, 0x0E,
0x00, 0x00, 0x00, 0x12, 0x00, 0x00, 0x00, 0x01, 0x00, 0x00, 0x00, 0x00, 0x00, 0x00, 0x01, 0x05,
0x00, 0x00, 0x00, 0x12, 0x00, 0x00, 0x00, 0x0B, 0x00, 0x00, 0x00, 0x0E, 0x00, 0x00, 0x00, 0x0D,
0x00, 0x00, 0x00, 0x02, 0x00, 0x00, 0x00, 0x00, 0x00, 0x00, 0x01, 0x06, 0x00, 0x00, 0x00, 0x16,
0x00, 0x00, 0x00, 0x0B, 0x00, 0x00, 0x00, 0x0E, 0x00, 0x00, 0x00, 0x16, 0x00, 0x00, 0x00, 0x01,
0x00, 0x00, 0x00, 0x00, 0x00, 0x00, 0x01, 0x07, 0x00, 0x00, 0x00, 0x13, 0x00, 0x00, 0x00, 0x0B,
0x00, 0x00, 0x00, 0x0E, 0x00, 0x00, 0x00, 0x13, 0x00, 0x00, 0x00, 0x02, 0x00, 0x00, 0x00, 0x00,
0x00, 0x00, 0x01, 0x08, 0x00, 0x00, 0x00, 0x16, 0x00, 0x00, 0x00, 0x0B, 0x00, 0x00, 0x00, 0x0E,
0x00, 0x00, 0x00, 0x16, 0x00, 0x00, 0x00, 0x01, 0x00, 0x00, 0x00, 0x00, 0x00, 0x00, 0x01, 0x09,
0x00, 0x00, 0x00, 0x13, 0x00, 0x00, 0x00, 0x0A, 0x00, 0x00, 0x00, 0x0E, 0x00, 0x00, 0x00, 0x13,
0x00, 0x00, 0x00, 0x02, 0x00, 0x00, 0x00, 0x00, 0x00, 0x00, 0x01, 0x0A, 0x00, 0x00, 0x00, 0x16,
0x00, 0x00, 0x00, 0x0B, 0x00, 0x00, 0x00, 0x0E, 0x00, 0x00, 0x00, 0x16, 0x00, 0x00, 0x00, 0x01,
0x00, 0x00, 0x00, 0x00, 0x00, 0x00, 0x01, 0x0B, 0x00, 0x00, 0x00, 0x12, 0x00, 0x00, 0x00, 0x0A,
0x00, 0x00, 0x00, 0x0E, 0x00, 0x00, 0x00, 0x12, 0x00, 0x00, 0x00, 0x02, 0x00, 0x00, 0x00, 0x00,
0x00, 0x00, 0x01, 0x0C, 0x00, 0x00, 0x00, 0x16, 0x00, 0x00, 0x00, 0x0B, 0x00, 0x00, 0x00, 0x0E,
0x00, 0x00, 0x00, 0x16, 0x00, 0x00, 0x00, 0x01, 0x00, 0x00, 0x00, 0x00, 0x00, 0x00, 0x01, 0x0D,
0x00, 0x00, 0x00, 0x13, 0x00, 0x00, 0x00, 0x0A, 0x00, 0x00, 0x00, 0x0E, 0x00, 0x00, 0x00, 0x13,
0x00, 0x00, 0x00, 0x02, 0x00, 0x00, 0x00, 0x00, 0x00, 0x00, 0x01, 0x0E, 0x00, 0x00, 0x00, 0x16,
0x00, 0x00, 0x00, 0x0B, 0x00, 0x00, 0x00, 0x0E, 0x00, 0x00, 0x00, 0x16, 0x00, 0x00, 0x00, 0x01,
0x00, 0x00, 0x00, 0x00, 0x00, 0x00, 0x01, 0x0F, 0x00, 0x00, 0x00, 0x12, 0x00, 0x00, 0x00, 0x0F,
0x00, 0x00, 0x00, 0x0E, 0x00, 0x00, 0x00, 0x12, 0x00, 0x00, 0x00, 0x02, 0x00, 0x00, 0x00, 0x00,
0x00, 0x00, 0x01, 0x10, 0x00, 0x00, 0x00, 0x12, 0x00, 0x00, 0x00, 0x0C, 0x00, 0x00, 0x00, 0x0E,
0x00, 0x00, 0x00, 0x12, 0x00, 0x00, 0x00, 0x00, 0x00, 0x00, 0x00, 0x00, 0x00, 0x00, 0x01, 0x11,
0x00, 0x00, 0x00, 0x12, 0x00, 0x00, 0x00, 0x0D, 0x00, 0x00, 0x00, 0x0E, 0x00, 0x00, 0x00, 0x12,
0x00, 0x00, 0x00, 0x02, 0x00, 0x00, 0x00, 0x00, 0x00, 0x00, 0x01, 0x12, 0x00, 0x00, 0x00, 0x16,
0x00, 0x00, 0x00, 0x0B, 0x00, 0x00, 0x00, 0x0E, 0x00, 0x00, 0x00, 0x16, 0x00, 0x00, 0x00, 0x01,
0x00, 0x00, 0x00, 0x00, 0x00, 0x00, 0x01, 0x13, 0x00, 0x00, 0x00, 0x12, 0x00, 0x00, 0x00, 0x0B,
0x00, 0x00, 0x00, 0x0E, 0x00, 0x00, 0x00, 0x12, 0x00, 0x00, 0x00, 0x02, 0x00, 0x00, 0x00, 0x00,
0x00, 0x00, 0x01, 0x14, 0x00, 0x00, 0x00, 0x16, 0x00, 0x00, 0x00, 0x0B, 0x00, 0x00, 0x00, 0x0E,
0x00, 0x00, 0x00, 0x16, 0x00, 0x00, 0x00, 0x01, 0x00, 0x00, 0x00, 0x00, 0x00, 0x00, 0x01, 0x15,
0x00, 0x00, 0x00, 0x13, 0x00, 0x00, 0x00, 0x0B, 0x00, 0x00, 0x00, 0x0E, 0x00, 0x00, 0x00, 0x13,
0x00, 0x00, 0x00, 0x02, 0x00, 0x00, 0x00, 0x00, 0x00, 0x00, 0x01, 0x16, 0x00, 0x00, 0x00, 0x16,
0x00, 0x00, 0x00, 0x0B, 0x00, 0x00, 0x00, 0x0E, 0x00, 0x00, 0x00, 0x16, 0x00, 0x00, 0x00, 0x01,
0x00, 0x00, 0x00, 0x00, 0x00, 0x00, 0x01, 0x17, 0x00, 0x00, 0x00, 0x12, 0x00, 0x00, 0x00, 0x0B,
0x00, 0x00, 0x00, 0x0E, 0x00, 0x00, 0x00, 0x12, 0x00, 0x00, 0x00, 0x02, 0x00, 0x00, 0x00, 0x00,
0x00, 0x00, 0x01, 0x18, 0x00, 0x00, 0x00, 0x17, 0x00, 0x00, 0x00, 0x0C, 0x00, 0x00, 0x00, 0x0E,
0x00, 0x00, 0x00, 0x12, 0x00, 0x00, 0x00, 0x01, 0x00, 0x00, 0x00, 0x00, 0x00, 0x00, 0x01, 0x19,
0x00, 0x00, 0x00, 0x12, 0x00, 0x00, 0x00, 0x0B, 0x00, 0x00, 0x00, 0x0E, 0x00, 0x00, 0x00, 0x0D,
0x00, 0x00, 0x00, 0x02, 0x00, 0x00, 0x00, 0x00, 0x00, 0x00, 0x01, 0x1A, 0x00, 0x00, 0x00, 0x16,
0x00, 0x00, 0x00, 0x0B, 0x00, 0x00, 0x00, 0x0E, 0x00, 0x00, 0x00, 0x16, 0x00, 0x00, 0x00, 0x01,
0x00, 0x00, 0x00, 0x00, 0x00, 0x00, 0x01, 0x1B, 0x00, 0x00, 0x00, 0x13, 0x00, 0x00, 0x00, 0x0B,
0x00, 0x00, 0x00, 0x0E, 0x00, 0x00, 0x00, 0x13, 0x00, 0x00, 0x00, 0x02, 0x00, 0x00, 0x00, 0x00,
0x00, 0x00, 0x01, 0x1C, 0x00, 0x00, 0x00, 0x16, 0x00, 0x00, 0x00, 0x0C, 0x00, 0x00, 0x00, 0x0E,
0x00, 0x00, 0x00, 0x16, 0x00, 0x00, 0x00, 0x01, 0x00, 0x00, 0x00, 0x00, 0x00, 0x00, 0x01, 0x1D,
0x00, 0x00, 0x00, 0x18, 0x00, 0x00, 0x00, 0x0B, 0x00, 0x00, 0x00, 0x0E, 0x00, 0x00, 0x00, 0x13,
0x00, 0x00, 0x00, 0x02, 0x00, 0x00, 0x00, 0x00, 0x00, 0x00, 0x01, 0x1E, 0x00, 0x00, 0x00, 0x16,
0x00, 0x00, 0x00, 0x0C, 0x00, 0x00, 0x00, 0x0E, 0x00, 0x00, 0x00, 0x16, 0x00, 0x00, 0x00, 0x01,
0x00, 0x00, 0x00, 0x00, 0x00, 0x00, 0x01, 0x1F, 0x00, 0x00, 0x00, 0x18, 0x00, 0x00, 0x00, 0x0B,
0x00, 0x00, 0x00, 0x0E, 0x00, 0x00, 0x00, 0x13, 0x00, 0x00, 0x00, 0x02, 0x00, 0x00, 0x00, 0x00,
0x00, 0x00, 0x01, 0x20, 0x00, 0x00, 0x00, 0x16, 0x00, 0x00, 0x00, 0x0C, 0x00, 0x00, 0x00, 0x0E,
0x00, 0x00, 0x00, 0x16, 0x00, 0x00, 0x00, 0x01, 0x00, 0x00, 0x00, 0x00, 0x00, 0x00, 0x01, 0x21,
0x00, 0x00, 0x00, 0x17, 0x00, 0x00, 0x00, 0x0B, 0x00, 0x00, 0x00, 0x0E, 0x00, 0x00, 0x00, 0x12,
0x00, 0x00, 0x00, 0x02, 0x00, 0x00, 0x00, 0x00, 0x00, 0x00, 0x01, 0x22, 0x00, 0x00, 0x00, 0x18,
0x00, 0x00, 0x00, 0x0C, 0x00, 0x00, 0x00, 0x0E, 0x00, 0x00, 0x00, 0x12, 0x00, 0x00, 0x00, 0x01,
0x00, 0x00, 0x00, 0x00, 0x00, 0x00, 0x01, 0x23, 0x00, 0x00, 0x00, 0x19, 0x00, 0x00, 0x00, 0x0B,
0x00, 0x00, 0x00, 0x0E, 0x00, 0x00, 0x00, 0x14, 0x00, 0x00, 0x00, 0x02, 0x00, 0x00, 0x00, 0x00,
0x00, 0x00, 0x01, 0x24, 0x00, 0x00, 0x00, 0x16, 0x00, 0x00, 0x00, 0x0B, 0x00, 0x00, 0x00, 0x0E,
0x00, 0x00, 0x00, 0x16, 0x00, 0x00, 0x00, 0x01, 0x00, 0x00, 0x00, 0x00, 0x00, 0x00, 0x01, 0x25,
0x00, 0x00, 0x00, 0x16, 0x00, 0x00, 0x00, 0x0B, 0x00, 0x00, 0x00, 0x0E, 0x00, 0x00, 0x00, 0x16,
0x00, 0x00, 0x00, 0x02, 0x00, 0x00, 0x00, 0x00, 0x00, 0x00, 0x01, 0x26, 0x00, 0x00, 0x00, 0x12,
0x00, 0x00, 0x00, 0x0F, 0x00, 0x00, 0x00, 0x0E, 0x00, 0x00, 0x00, 0x12, 0xFF, 0xFF, 0xFF, 0xFF,
0x00, 0x00, 0x00, 0x00, 0x00, 0x00, 0x01, 0x27, 0x00, 0x00, 0x00, 0x12, 0x00, 0x00, 0x00, 0x0C,
0x00, 0x00, 0x00, 0x0E, 0x00, 0x00, 0x00, 0x12, 0x00, 0x00, 0x00, 0x01, 0x00, 0x00, 0x00, 0x00,
0x00, 0x00, 0x01, 0x28, 0x00, 0x00, 0x00, 0x15, 0x00, 0x00, 0x00, 0x0A, 0x00, 0x00, 0x00, 0x0E,
0x00, 0x00, 0x00, 0x15, 0x00, 0x00, 0x00, 0x02, 0x00, 0x00, 0x00, 0x00, 0x00, 0x00, 0x01, 0x29,
0x00, 0x00, 0x00, 0x13, 0x00, 0x00, 0x00, 0x0A, 0x00, 0x00, 0x00, 0x0E, 0x00, 0x00, 0x00, 0x13,
0x00, 0x00, 0x00, 0x02, 0x00, 0x00, 0x00, 0x00, 0x00, 0x00, 0x01, 0x2A, 0x00, 0x00, 0x00, 0x16,
0x00, 0x00, 0x00, 0x0A, 0x00, 0x00, 0x00, 0x0E, 0x00, 0x00, 0x00, 0x16, 0x00, 0x00, 0x00, 0x02,
0x00, 0x00, 0x00, 0x00, 0x00, 0x00, 0x01, 0x2B, 0x00, 0x00, 0x00, 0x12, 0x00, 0x00, 0x00, 0x0A,
0x00, 0x00, 0x00, 0x0E, 0x00, 0x00, 0x00, 0x12, 0x00, 0x00, 0x00, 0x02, 0x00, 0x00, 0x00, 0x00,
0x00, 0x00, 0x01, 0x2C, 0x00, 0x00, 0x00, 0x16, 0x00, 0x00, 0x00, 0x0A, 0x00, 0x00, 0x00, 0x0E,
0x00, 0x00, 0x00, 0x16, 0x00, 0x00, 0x00, 0x02, 0x00, 0x00, 0x00, 0x00, 0x00, 0x00, 0x01, 0x2D,
0x00, 0x00, 0x00, 0x13, 0x00, 0x00, 0x00, 0x0A, 0x00, 0x00, 0x00, 0x0E, 0x00, 0x00, 0x00, 0x13,
0x00, 0x00, 0x00, 0x02, 0x00, 0x00, 0x00, 0x00, 0x00, 0x00, 0x01, 0x2E, 0x00, 0x00, 0x00, 0x17,
0x00, 0x00, 0x00, 0x0A, 0x00, 0x00, 0x00, 0x0E, 0x00, 0x00, 0x00, 0x12, 0x00, 0x00, 0x00, 0x02,
0x00, 0x00, 0x00, 0x00, 0x00, 0x00, 0x01, 0x2F, 0x00, 0x00, 0x00, 0x17, 0x00, 0x00, 0x00, 0x0A,
0x00, 0x00, 0x00, 0x0E, 0x00, 0x00, 0x00, 0x12, 0x00, 0x00, 0x00, 0x02, 0x00, 0x00, 0x00, 0x00,
0x00, 0x00, 0x01, 0x30, 0x00, 0x00, 0x00, 0x16, 0x00, 0x00, 0x00, 0x0A, 0x00, 0x00, 0x00, 0x0E,
0x00, 0x00, 0x00, 0x16, 0x00, 0x00, 0x00, 0x02, 0x00, 0x00, 0x00, 0x00, 0x00, 0x00, 0x01, 0x31,
0x00, 0x00, 0x00, 0x0D, 0x00, 0x00, 0x00, 0x0A, 0x00, 0x00, 0x00, 0x0E, 0x00, 0x00, 0x00, 0x0D,
0x00, 0x00, 0x00, 0x02, 0x00, 0x00, 0x00, 0x00, 0x00, 0x00, 0x01, 0x32, 0x00, 0x00, 0x00, 0x12,
0x00, 0x00, 0x00, 0x0E, 0x00, 0x00, 0x00, 0x0E, 0x00, 0x00, 0x00, 0x12, 0x00, 0x00, 0x00, 0x00,
0x00, 0x00, 0x00, 0x00, 0x00, 0x00, 0x01, 0x33, 0x00, 0x00, 0x00, 0x17, 0x00, 0x00, 0x00, 0x0E,
0x00, 0x00, 0x00, 0x0E, 0x00, 0x00, 0x00, 0x12, 0xFF, 0xFF, 0xFF, 0xFF, 0x00, 0x00, 0x00, 0x00,
0x00, 0x00, 0x01, 0x34, 0x00, 0x00, 0x00, 0x16, 0x00, 0x00, 0x00, 0x0B, 0x00, 0x00, 0x00, 0x0E,
0x00, 0x00, 0x00, 0x16, 0x00, 0x00, 0x00, 0x01, 0x00, 0x00, 0x00, 0x00, 0x00, 0x00, 0x01, 0x35,
0x00, 0x00, 0x00, 0x18, 0x00, 0x00, 0x00, 0x08, 0x00, 0x00, 0x00, 0x0E, 0x00, 0x00, 0x00, 0x13,
0x00, 0x00, 0x00, 0x02, 0x00, 0x00, 0x00, 0x00, 0x00, 0x00, 0x01, 0x36, 0x00, 0x00, 0x00, 0x18,
0x00, 0x00, 0x00, 0x0D, 0x00, 0x00, 0x00, 0x0E, 0x00, 0x00, 0x00, 0x12, 0x00, 0x00, 0x00, 0x01,
0x00, 0x00, 0x00, 0x00, 0x00, 0x00, 0x01, 0x37, 0x00, 0x00, 0x00, 0x18, 0x00, 0x00, 0x00, 0x0B,
0x00, 0x00, 0x00, 0x0E, 0x00, 0x00, 0x00, 0x12, 0x00, 0x00, 0x00, 0x02, 0x00, 0x00, 0x00, 0x00,
0x00, 0x00, 0x01, 0x38, 0x00, 0x00, 0x00, 0x0D, 0x00, 0x00, 0x00, 0x0B, 0x00, 0x00, 0x00, 0x0E,
0x00, 0x00, 0x00, 0x0D, 0x00, 0x00, 0x00, 0x02, 0x00, 0x00, 0x00, 0x00, 0x00, 0x00, 0x01, 0x39,
0x00, 0x00, 0x00, 0x16, 0x00, 0x00, 0x00, 0x0B, 0x00, 0x00, 0x00, 0x0E, 0x00, 0x00, 0x00, 0x16,
0x00, 0x00, 0x00, 0x01, 0x00, 0x00, 0x00, 0x00, 0x00, 0x00, 0x01, 0x3A, 0x00, 0x00, 0x00, 0x16,
0x00, 0x00, 0x00, 0x0B, 0x00, 0x00, 0x00, 0x0E, 0x00, 0x00, 0x00, 0x16, 0x00, 0x00, 0x00, 0x01,
0x00, 0x00, 0x00, 0x00, 0x00, 0x00, 0x01, 0x3B, 0x00, 0x00, 0x00, 0x18, 0x00, 0x00, 0x00, 0x0B,
0x00, 0x00, 0x00, 0x0E, 0x00, 0x00, 0x00, 0x12, 0x00, 0x00, 0x00, 0x01, 0x00, 0x00, 0x00, 0x00,
0x00, 0x00, 0x01, 0x3C, 0x00, 0x00, 0x00, 0x18, 0x00, 0x00, 0x00, 0x0B, 0x00, 0x00, 0x00, 0x0E,
0x00, 0x00, 0x00, 0x12, 0x00, 0x00, 0x00, 0x01, 0x00, 0x00, 0x00, 0x00, 0x00, 0x00, 0x01, 0x3D,
0x00, 0x00, 0x00, 0x12, 0x00, 0x00, 0x00, 0x0B, 0x00, 0x00, 0x00, 0x0E, 0x00, 0x00, 0x00, 0x12,
0x00, 0x00, 0x00, 0x01, 0x00, 0x00, 0x00, 0x00, 0x00, 0x00, 0x01, 0x3E, 0x00, 0x00, 0x00, 0x12,
0x00, 0x00, 0x00, 0x0D, 0x00, 0x00, 0x00, 0x0E, 0x00, 0x00, 0x00, 0x12, 0x00, 0x00, 0x00, 0x01,
0x00, 0x00, 0x00, 0x00, 0x00, 0x00, 0x01, 0x3F, 0x00, 0x00, 0x00, 0x12, 0x00, 0x00, 0x00, 0x0C,
0x00, 0x00, 0x00, 0x0E, 0x00, 0x00, 0x00, 0x12, 0x00, 0x00, 0x00, 0x01, 0x00, 0x00, 0x00, 0x00,
0x00, 0x00, 0x01, 0x40, 0x00, 0x00, 0x00, 0x12, 0x00, 0x00, 0x00, 0x0E, 0x00, 0x00, 0x00, 0x0E,
0x00, 0x00, 0x00, 0x12, 0x00, 0x00, 0x00, 0x01, 0x00, 0x00, 0x00, 0x00, 0x00, 0x00, 0x01, 0x41,
0x00, 0x00, 0x00, 0x12, 0x00, 0x00, 0x00, 0x0D, 0x00, 0x00, 0x00, 0x0E, 0x00, 0x00, 0x00, 0x12,
0xFF, 0xFF, 0xFF, 0xFF, 0x00, 0x00, 0x00, 0x00, 0x00, 0x00, 0x01, 0x42, 0x00, 0x00, 0x00, 0x12,
0x00, 0x00, 0x00, 0x0B, 0x00, 0x00, 0x00, 0x0E, 0x00, 0x00, 0x00, 0x12, 0x00, 0x00, 0x00, 0x01,
0x00, 0x00, 0x00, 0x00, 0x00, 0x00, 0x01, 0x43, 0x00, 0x00, 0x00, 0x16, 0x00, 0x00, 0x00, 0x0B,
0x00, 0x00, 0x00, 0x0E, 0x00, 0x00, 0x00, 0x16, 0x00, 0x00, 0x00, 0x01, 0x00, 0x00, 0x00, 0x00,
0x00, 0x00, 0x01, 0x44, 0x00, 0x00, 0x00, 0x13, 0x00, 0x00, 0x00, 0x0B, 0x00, 0x00, 0x00, 0x0E,
0x00, 0x00, 0x00, 0x13, 0x00, 0x00, 0x00, 0x02, 0x00, 0x00, 0x00, 0x00, 0x00, 0x00, 0x01, 0x45,
0x00, 0x00, 0x00, 0x18, 0x00, 0x00, 0x00, 0x0B, 0x00, 0x00, 0x00, 0x0E, 0x00, 0x00, 0x00, 0x12,
0x00, 0x00, 0x00, 0x01, 0x00, 0x00, 0x00, 0x00, 0x00, 0x00, 0x01, 0x46, 0x00, 0x00, 0x00, 0x13,
0x00, 0x00, 0x00, 0x0B, 0x00, 0x00, 0x00, 0x0E, 0x00, 0x00, 0x00, 0x0D, 0x00, 0x00, 0x00, 0x02,
0x00, 0x00, 0x00, 0x00, 0x00, 0x00, 0x01, 0x47, 0x00, 0x00, 0x00, 0x16, 0x00, 0x00, 0x00, 0x0B,
0x00, 0x00, 0x00, 0x0E, 0x00, 0x00, 0x00, 0x16, 0x00, 0x00, 0x00, 0x01, 0x00, 0x00, 0x00, 0x00,
0x00, 0x00, 0x01, 0x48, 0x00, 0x00, 0x00, 0x13, 0x00, 0x00, 0x00, 0x0B, 0x00, 0x00, 0x00, 0x0E,
0x00, 0x00, 0x00, 0x13, 0x00, 0x00, 0x00, 0x02, 0x00, 0x00, 0x00, 0x00, 0x00, 0x00, 0x01, 0x49,
0x00, 0x00, 0x00, 0x12, 0x00, 0x00, 0x00, 0x0D, 0x00, 0x00, 0x00, 0x0E, 0x00, 0x00, 0x00, 0x12,
0x00, 0x00, 0x00, 0x01, 0x00, 0x00, 0x00, 0x00, 0x00, 0x00, 0x01, 0x4A, 0x00, 0x00, 0x00, 0x17,
0x00, 0x00, 0x00, 0x0B, 0x00, 0x00, 0x00, 0x0E, 0x00, 0x00, 0x00, 0x12, 0x00, 0x00, 0x00, 0x01,
0x00, 0x00, 0x00, 0x00, 0x00, 0x00, 0x01, 0x4B, 0x00, 0x00, 0x00, 0x12, 0x00, 0x00, 0x00, 0x0B,
0x00, 0x00, 0x00, 0x0E, 0x00, 0x00, 0x00, 0x0D, 0x00, 0x00, 0x00, 0x02, 0x00, 0x00, 0x00, 0x00,
0x00, 0x00, 0x01, 0x4C, 0x00, 0x00, 0x00, 0x16, 0x00, 0x00, 0x00, 0x0C, 0x00, 0x00, 0x00, 0x0E,
0x00, 0x00, 0x00, 0x16, 0x00, 0x00, 0x00, 0x01, 0x00, 0x00, 0x00, 0x00, 0x00, 0x00, 0x01, 0x4D,
0x00, 0x00, 0x00, 0x12, 0x00, 0x00, 0x00, 0x0B, 0x00, 0x00, 0x00, 0x0E, 0x00, 0x00, 0x00, 0x12,
0x00, 0x00, 0x00, 0x02, 0x00, 0x00, 0x00, 0x00, 0x00, 0x00, 0x01, 0x4E, 0x00, 0x00, 0x00, 0x16,
0x00, 0x00, 0x00, 0x0C, 0x00, 0x00, 0x00, 0x0E, 0x00, 0x00, 0x00, 0x16, 0x00, 0x00, 0x00, 0x01,
0x00, 0x00, 0x00, 0x00, 0x00, 0x00, 0x01, 0x4F, 0x00, 0x00, 0x00, 0x13, 0x00, 0x00, 0x00, 0x0B,
0x00, 0x00, 0x00, 0x0E, 0x00, 0x00, 0x00, 0x13, 0x00, 0x00, 0x00, 0x02, 0x00, 0x00, 0x00, 0x00,
0x00, 0x00, 0x01, 0x50, 0x00, 0x00, 0x00, 0x16, 0x00, 0x00, 0x00, 0x0C, 0x00, 0x00, 0x00, 0x0E,
0x00, 0x00, 0x00, 0x16, 0x00, 0x00, 0x00, 0x01, 0x00, 0x00, 0x00, 0x00, 0x00, 0x00, 0x01, 0x51,
0x00, 0x00, 0x00, 0x13, 0x00, 0x00, 0x00, 0x0B, 0x00, 0x00, 0x00, 0x0E, 0x00, 0x00, 0x00, 0x13,
0x00, 0x00, 0x00, 0x02, 0x00, 0x00, 0x00, 0x00, 0x00, 0x00, 0x01, 0x52, 0x00, 0x00, 0x00, 0x12,
0x00, 0x00, 0x00, 0x0D, 0x00, 0x00, 0x00, 0x0E, 0x00, 0x00, 0x00, 0x12, 0x00, 0x00, 0x00, 0x01,
0x00, 0x00, 0x00, 0x00, 0x00, 0x00, 0x01, 0x53, 0x00, 0x00, 0x00, 0x0D, 0x00, 0x00, 0x00, 0x0E,
0x00, 0x00, 0x00, 0x0E, 0x00, 0x00, 0x00, 0x0D, 0x00, 0x00, 0x00, 0x00, 0x00, 0x00, 0x00, 0x00,
0x00, 0x00, 0x01, 0x54, 0x00, 0x00, 0x00, 0x16, 0x00, 0x00, 0x00, 0x0D, 0x00, 0x00, 0x00, 0x0E,
0x00, 0x00, 0x00, 0x16, 0x00, 0x00, 0x00, 0x01, 0x00, 0x00, 0x00, 0x00, 0x00, 0x00, 0x01, 0x55,
0x00, 0x00, 0x00, 0x13, 0x00, 0x00, 0x00, 0x0A, 0x00, 0x00, 0x00, 0x0E, 0x00, 0x00, 0x00, 0x13,
0x00, 0x00, 0x00, 0x04, 0x00, 0x00, 0x00, 0x00, 0x00, 0x00, 0x01, 0x56, 0x00, 0x00, 0x00, 0x18,
0x00, 0x00, 0x00, 0x0D, 0x00, 0x00, 0x00, 0x0E, 0x00, 0x00, 0x00, 0x12, 0x00, 0x00, 0x00, 0x01,
0x00, 0x00, 0x00, 0x00, 0x00, 0x00, 0x01, 0x57, 0x00, 0x00, 0x00, 0x13, 0x00, 0x00, 0x00, 0x09,
0x00, 0x00, 0x00, 0x0E, 0x00, 0x00, 0x00, 0x0D, 0x00, 0x00, 0x00, 0x04, 0x00, 0x00, 0x00, 0x00,
0x00, 0x00, 0x01, 0x58, 0x00, 0x00, 0x00, 0x16, 0x00, 0x00, 0x00, 0x0D, 0x00, 0x00, 0x00, 0x0E,
0x00, 0x00, 0x00, 0x16, 0x00, 0x00, 0x00, 0x01, 0x00, 0x00, 0x00, 0x00, 0x00, 0x00, 0x01, 0x59,
0x00, 0x00, 0x00, 0x13, 0x00, 0x00, 0x00, 0x09, 0x00, 0x00, 0x00, 0x0E, 0x00, 0x00, 0x00, 0x13,
0x00, 0x00, 0x00, 0x04, 0x00, 0x00, 0x00, 0x00, 0x00, 0x00, 0x01, 0x5A, 0x00, 0x00, 0x00, 0x16,
0x00, 0x00, 0x00, 0x0B, 0x00, 0x00, 0x00, 0x0E, 0x00, 0x00, 0x00, 0x16, 0x00, 0x00, 0x00, 0x01,
0x00, 0x00, 0x00, 0x00, 0x00, 0x00, 0x01, 0x5B, 0x00, 0x00, 0x00, 0x13, 0x00, 0x00, 0x00, 0x0B,
0x00, 0x00, 0x00, 0x0E, 0x00, 0x00, 0x00, 0x13, 0x00, 0x00, 0x00, 0x02, 0x00, 0x00, 0x00, 0x00,
0x00, 0x00, 0x01, 0x5C, 0x00, 0x00, 0x00, 0x16, 0x00, 0x00, 0x00, 0x0B, 0x00, 0x00, 0x00, 0x0E,
0x00, 0x00, 0x00, 0x16, 0x00, 0x00, 0x00, 0x01, 0x00, 0x00, 0x00, 0x00, 0x00, 0x00, 0x01, 0x5D,
0x00, 0x00, 0x00, 0x13, 0x00, 0x00, 0x00, 0x0B, 0x00, 0x00, 0x00, 0x0E, 0x00, 0x00, 0x00, 0x13,
0x00, 0x00, 0x00, 0x02, 0x00, 0x00, 0x00, 0x00, 0x00, 0x00, 0x01, 0x5E, 0x00, 0x00, 0x00, 0x17,
0x00, 0x00, 0x00, 0x0B, 0x00, 0x00, 0x00, 0x0E, 0x00, 0x00, 0x00, 0x12, 0x00, 0x00, 0x00, 0x01,
0x00, 0x00, 0x00, 0x00, 0x00, 0x00, 0x01, 0x5F, 0x00, 0x00, 0x00, 0x12, 0x00, 0x00, 0x00, 0x0B,
0x00, 0x00, 0x00, 0x0E, 0x00, 0x00, 0x00, 0x0D, 0x00, 0x00, 0x00, 0x02, 0x00, 0x00, 0x00, 0x00,
0x00, 0x00, 0x01, 0x60, 0x00, 0x00, 0x00, 0x16, 0x00, 0x00, 0x00, 0x0B, 0x00, 0x00, 0x00, 0x0E,
0x00, 0x00, 0x00, 0x16, 0x00, 0x00, 0x00, 0x01, 0x00, 0x00, 0x00, 0x00, 0x00, 0x00, 0x01, 0x61,
0x00, 0x00, 0x00, 0x13, 0x00, 0x00, 0x00, 0x0B, 0x00, 0x00, 0x00, 0x0E, 0x00, 0x00, 0x00, 0x13,
0x00, 0x00, 0x00, 0x02, 0x00, 0x00, 0x00, 0x00, 0x00, 0x00, 0x01, 0x62, 0x00, 0x00, 0x00, 0x17,
0x00, 0x00, 0x00, 0x0C, 0x00, 0x00, 0x00, 0x0E, 0x00, 0x00, 0x00, 0x12, 0x00, 0x00, 0x00, 0x01,
0x00, 0x00, 0x00, 0x00, 0x00, 0x00, 0x01, 0x63, 0x00, 0x00, 0x00, 0x16, 0x00, 0x00, 0x00, 0x0B,
0x00, 0x00, 0x00, 0x0E, 0x00, 0x00, 0x00, 0x11, 0x00, 0x00, 0x00, 0x01, 0x00, 0x00, 0x00, 0x00,
0x00, 0x00, 0x01, 0x64, 0x00, 0x00, 0x00, 0x16, 0x00, 0x00, 0x00, 0x0C, 0x00, 0x00, 0x00, 0x0E,
0x00, 0x00, 0x00, 0x16, 0x00, 0x00, 0x00, 0x01, 0x00, 0x00, 0x00, 0x00, 0x00, 0x00, 0x01, 0x65,
0x00, 0x00, 0x00, 0x13, 0x00, 0x00, 0x00, 0x0B, 0x00, 0x00, 0x00, 0x0E, 0x00, 0x00, 0x00, 0x13,
0x00, 0x00, 0x00, 0x01, 0x00, 0x00, 0x00, 0x00, 0x00, 0x00, 0x01, 0x66, 0x00, 0x00, 0x00, 0x12,
0x00, 0x00, 0x00, 0x0C, 0x00, 0x00, 0x00, 0x0E, 0x00, 0x00, 0x00, 0x12, 0x00, 0x00, 0x00, 0x01,
0x00, 0x00, 0x00, 0x00, 0x00, 0x00, 0x01, 0x67, 0x00, 0x00, 0x00, 0x11, 0x00, 0x00, 0x00, 0x0B,
0x00, 0x00, 0x00, 0x0E, 0x00, 0x00, 0x00, 0x11, 0x00, 0x00, 0x00, 0x01, 0x00, 0x00, 0x00, 0x00,
0x00, 0x00, 0x01, 0x68, 0x00, 0x00, 0x00, 0x15, 0x00, 0x00, 0x00, 0x0B, 0x00, 0x00, 0x00, 0x0E,
0x00, 0x00, 0x00, 0x15, 0x00, 0x00, 0x00, 0x01, 0x00, 0x00, 0x00, 0x00, 0x00, 0x00, 0x01, 0x69,
0x00, 0x00, 0x00, 0x13, 0x00, 0x00, 0x00, 0x0B, 0x00, 0x00, 0x00, 0x0E, 0x00, 0x00, 0x00, 0x13,
0x00, 0x00, 0x00, 0x02, 0x00, 0x00, 0x00, 0x00, 0x00, 0x00, 0x01, 0x6A, 0x00, 0x00, 0x00, 0x16,
0x00, 0x00, 0x00, 0x0B, 0x00, 0x00, 0x00, 0x0E, 0x00, 0x00, 0x00, 0x16, 0x00, 0x00, 0x00, 0x01,
0x00, 0x00, 0x00, 0x00, 0x00, 0x00, 0x01, 0x6B, 0x00, 0x00, 0x00, 0x12, 0x00, 0x00, 0x00, 0x0B,
0x00, 0x00, 0x00, 0x0E, 0x00, 0x00, 0x00, 0x12, 0x00, 0x00, 0x00, 0x02, 0x00, 0x00, 0x00, 0x00,
0x00, 0x00, 0x01, 0x6C, 0x00, 0x00, 0x00, 0x16, 0x00, 0x00, 0x00, 0x0B, 0x00, 0x00, 0x00, 0x0E,
0x00, 0x00, 0x00, 0x16, 0x00, 0x00, 0x00, 0x01, 0x00, 0x00, 0x00, 0x00, 0x00, 0x00, 0x01, 0x6D,
0x00, 0x00, 0x00, 0x13, 0x00, 0x00, 0x00, 0x0B, 0x00, 0x00, 0x00, 0x0E, 0x00, 0x00, 0x00, 0x13,
0x00, 0x00, 0x00, 0x02, 0x00, 0x00, 0x00, 0x00, 0x00, 0x00, 0x01, 0x6E, 0x00, 0x00, 0x00, 0x16,
0x00, 0x00, 0x00, 0x0B, 0x00, 0x00, 0x00, 0x0E, 0x00, 0x00, 0x00, 0x16, 0x00, 0x00, 0x00, 0x01,
0x00, 0x00, 0x00, 0x00, 0x00, 0x00, 0x01, 0x6F, 0x00, 0x00, 0x00, 0x14, 0x00, 0x00, 0x00, 0x0B,
0x00, 0x00, 0x00, 0x0E, 0x00, 0x00, 0x00, 0x14, 0x00, 0x00, 0x00, 0x02, 0x00, 0x00, 0x00, 0x00,
0x00, 0x00, 0x01, 0x70, 0x00, 0x00, 0x00, 0x16, 0x00, 0x00, 0x00, 0x0B, 0x00, 0x00, 0x00, 0x0E,
0x00, 0x00, 0x00, 0x16, 0x00, 0x00, 0x00, 0x01, 0x00, 0x00, 0x00, 0x00, 0x00, 0x00, 0x01, 0x71,
0x00, 0x00, 0x00, 0x13, 0x00, 0x00, 0x00, 0x0B, 0x00, 0x00, 0x00, 0x0E, 0x00, 0x00, 0x00, 0x13,
0x00, 0x00, 0x00, 0x02, 0x00, 0x00, 0x00, 0x00, 0x00, 0x00, 0x01, 0x72, 0x00, 0x00, 0x00, 0x17,
0x00, 0x00, 0x00, 0x0B, 0x00, 0x00, 0x00, 0x0E, 0x00, 0x00, 0x00, 0x12, 0x00, 0x00, 0x00, 0x01,
0x00, 0x00, 0x00, 0x00, 0x00, 0x00, 0x01, 0x73, 0x00, 0x00, 0x00, 0x12, 0x00, 0x00, 0x00, 0x0C,
0x00, 0x00, 0x00, 0x0E, 0x00, 0x00, 0x00, 0x0D, 0x00, 0x00, 0x00, 0x02, 0x00, 0x00, 0x00, 0x00,
0x00, 0x00, 0x01, 0x74, 0x00, 0x00, 0x00, 0x16, 0x00, 0x00, 0x00, 0x0E, 0x00, 0x00, 0x00, 0x0E,
0x00, 0x00, 0x00, 0x16, 0x00, 0x00, 0x00, 0x00, 0x00, 0x00, 0x00, 0x00, 0x00, 0x00, 0x01, 0x75,
0x00, 0x00, 0x00, 0x13, 0x00, 0x00, 0x00, 0x0E, 0x00, 0x00, 0x00, 0x0E, 0x00, 0x00, 0x00, 0x13,
0x00, 0x00, 0x00, 0x00, 0x00, 0x00, 0x00, 0x00, 0x00, 0x00, 0x01, 0x76, 0x00, 0x00, 0x00, 0x16,
0x00, 0x00, 0x00, 0x0E, 0x00, 0x00, 0x00, 0x0E, 0x00, 0x00, 0x00, 0x16, 0x00, 0x00, 0x00, 0x00,
0x00, 0x00, 0x00, 0x00, 0x00, 0x00, 0x01, 0x77, 0x00, 0x00, 0x00, 0x18, 0x00, 0x00, 0x00, 0x0B,
0x00, 0x00, 0x00, 0x0E, 0x00, 0x00, 0x00, 0x13, 0x00, 0x00, 0x00, 0x02, 0x00, 0x00, 0x00, 0x00,
0x00, 0x00, 0x01, 0x78, 0x00, 0x00, 0x00, 0x15, 0x00, 0x00, 0x00, 0x0E, 0x00, 0x00, 0x00, 0x0E,
0x00, 0x00, 0x00, 0x15, 0x00, 0x00, 0x00, 0x00, 0x00, 0x00, 0x00, 0x00, 0x00, 0x00, 0x01, 0x79,
0x00, 0x00, 0x00, 0x16, 0x00, 0x00, 0x00, 0x0C, 0x00, 0x00, 0x00, 0x0E, 0x00, 0x00, 0x00, 0x16,
0x00, 0x00, 0x00, 0x01, 0x00, 0x00, 0x00, 0x00, 0x00, 0x00, 0x01, 0x7A, 0x00, 0x00, 0x00, 0x13,
0x00, 0x00, 0x00, 0x0B, 0x00, 0x00, 0x00, 0x0E, 0x00, 0x00, 0x00, 0x13, 0x00, 0x00, 0x00, 0x02,
0x00, 0x00, 0x00, 0x00, 0x00, 0x00, 0x01, 0x7B, 0x00, 0x00, 0x00, 0x16, 0x00, 0x00, 0x00, 0x0C,
0x00, 0x00, 0x00, 0x0E, 0x00, 0x00, 0x00, 0x16, 0x00, 0x00, 0x00, 0x01, 0x00, 0x00, 0x00, 0x00,
0x00, 0x00, 0x01, 0x7C, 0x00, 0x00, 0x00, 0x12, 0x00, 0x00, 0x00, 0x0B, 0x00, 0x00, 0x00, 0x0E,
0x00, 0x00, 0x00, 0x12, 0x00, 0x00, 0x00, 0x02, 0x00, 0x00, 0x00, 0x00, 0x00, 0x00, 0x01, 0x7D,
0x00, 0x00, 0x00, 0x16, 0x00, 0x00, 0x00, 0x0C, 0x00, 0x00, 0x00, 0x0E, 0x00, 0x00, 0x00, 0x16,
0x00, 0x00, 0x00, 0x01, 0x00, 0x00, 0x00, 0x00, 0x00, 0x00, 0x01, 0x7E, 0x00, 0x00, 0x00, 0x13,
0x00, 0x00, 0x00, 0x0B, 0x00, 0x00, 0x00, 0x0E, 0x00, 0x00, 0x00, 0x13, 0x00, 0x00, 0x00, 0x02,
0x00, 0x00, 0x00, 0x00, 0x00, 0x00, 0x01, 0x7F, 0x00, 0x00, 0x00, 0x12, 0x00, 0x00, 0x00, 0x0B,
0x00, 0x00, 0x00, 0x0E, 0x00, 0x00, 0x00, 0x12, 0x00, 0x00, 0x00, 0x02, 0x00, 0x00, 0x00, 0x00,
0xFF, 0xFF, 0xFF, 0xFF, 0xFF, 0xFF, 0xFF, 0xFF, 0xFF, 0xFF, 0xFF, 0xFF, 0xFF, 0xFF, 0xFF, 0xFF,
0xF7, 0xF6, 0xEB, 0xEA, 0xDF, 0xDE, 0xD2, 0xD2, 0x00, 0x00, 0x00, 0x00, 0x00, 0x00, 0xFF, 0xFF,
0xFF, 0xFF, 0xFF, 0xFF, 0xFF, 0xFF, 0x00, 0x00, 0xFF, 0xFF, 0xFF, 0xFF, 0x00, 0x00, 0xFF, 0xFF,
0xFF, 0xFF, 0x00, 0x00, 0xFF, 0xFF, 0xFF, 0xFF, 0x00, 0x00, 0xFF, 0xFF, 0xFF, 0xFF, 0x00, 0x00,
0xFF, 0xFF, 0xFF, 0xFF, 0x00, 0x00, 0xFF, 0xFF, 0xFF, 0xFF, 0x00, 0x00, 0xFF, 0xFF, 0x00, 0x00,
0x00, 0x00, 0x00, 0x2B, 0xFF, 0xA9, 0x00, 0x00, 0x87, 0xFF, 0x49, 0x00, 0x00, 0x00, 0x00, 0x00,
0x00, 0x67, 0xFF, 0x6C, 0x00, 0x00, 0xC5, 0xFD, 0x0F, 0x00, 0x00, 0x00, 0x00, 0x00, 0x00, 0xA4,
0xFF, 0x2F, 0x00, 0x08, 0xF9, 0xCF, 0x00, 0x00, 0x00, 0x00, 0x00, 0x00, 0x00, 0xE1, 0xF0, 0x02,
0x00, 0x40, 0xFF, 0x92, 0x00, 0x00, 0x00, 0x00, 0x00, 0x00, 0x1D, 0xFF, 0xB6, 0x00, 0x00, 0x7D,
0xFF, 0x56, 0x00, 0x00, 0x00, 0xB0, 0xFF, 0xFF, 0xFF, 0xFF, 0xFF, 0xFF, 0xFF, 0xFF, 0xFF, 0xFF,
0xFF, 0xFF, 0x00, 0xB0, 0xFF, 0xFF, 0xFF, 0xFF, 0xFF, 0xFF, 0xFF, 0xFF, 0xFF, 0xFF, 0xFF, 0xFF,
0x00, 0x00, 0x00, 0x00, 0xC7, 0xFD, 0x0F, 0x00, 0x27, 0xFF, 0xAC, 0x00, 0x00, 0x00, 0x00, 0x00,
0x00, 0x09, 0xFA, 0xCF, 0x00, 0x00, 0x64, 0xFF, 0x6E, 0x00, 0x00, 0x00, 0x00, 0x00, 0x00, 0x41,
0xFF, 0x92, 0x00, 0x00, 0xA1, 0xFF, 0x30, 0x00, 0x00, 0x00, 0x00, 0x00, 0x00, 0x7E, 0xFF, 0x56,
0x00, 0x00, 0xDE, 0xF0, 0x02, 0x00, 0x00, 0x00, 0xFF, 0xFF, 0xFF, 0xFF, 0xFF, 0xFF, 0xFF, 0xFF,
0xFF, 0xFF, 0xFF, 0xFF, 0xB0, 0x00, 0xFF, 0xFF, 0xFF, 0xFF, 0xFF, 0xFF, 0xFF, 0xFF, 0xFF, 0xFF,
0xFF, 0xFF, 0xB0, 0x00, 0x00, 0x00, 0x2F, 0xFF, 0xA5, 0x00, 0x00, 0x8B, 0xFF, 0x45, 0x00, 0x00,
0x00, 0x00, 0x00, 0x00, 0x6B, 0xFF, 0x68, 0x00, 0x00, 0xC9, 0xFC, 0x0C, 0x00, 0x00, 0x00, 0x00,
0x00, 0x00, 0xA8, 0xFF, 0x2B, 0x00, 0x0A, 0xFB, 0xCB, 0x00, 0x00, 0x00, 0x00, 0x00, 0x00, 0x00,
0xE4, 0xED, 0x01, 0x00, 0x44, 0xFF, 0x8E, 0x00, 0x00, 0x00, 0x00, 0x00, 0x00, 0x22, 0xFF, 0xB2,
0x00, 0x00, 0x81, 0xFF, 0x52, 0x00, 0x00, 0x00, 0x00, 0x00, 0x00, 0x00, 0x00, 0x00, 0x00, 0xFF,
0x00, 0x00, 0x00, 0x00, 0x00, 0x00, 0x00, 0x00, 0x00, 0x00, 0xFF, 0x01, 0x00, 0x00, 0x00, 0x00,
0x00, 0x00, 0x00, 0x00, 0x00, 0xFF, 0x03, 0x00, 0x00, 0x00, 0x00, 0x00, 0x08, 0x70, 0xC3, 0xEF,
0xFF, 0xEA, 0xBF, 0x7E, 0x2A, 0x00, 0x16, 0xD3, 0xFF, 0xFF, 0xFF, 0xFF, 0xFF, 0xFF, 0xFF, 0xFF,
0x00, 0xA1, 0xFF, 0xDA, 0x4A, 0x0C, 0xFF, 0x13, 0x3A, 0x7B, 0xD4, 0x00, 0xEE, 0xFF, 0x33, 0x00,
0x00, 0xFF, 0x00, 0x00, 0x00, 0x00, 0x00, 0xF7, 0xFF, 0x10, 0x00, 0x00, 0xFF, 0x00, 0x00, 0x00,
0x00, 0x00, 0xC0, 0xFF, 0x88, 0x02, 0x00, 0xFF, 0x00, 0x00, 0x00, 0x00, 0x00, 0x35, 0xF5, 0xFF,
0xDD, 0x9A, 0xFF, 0x2F, 0x04, 0x00, 0x00, 0x00, 0x00, 0x2B, 0xB2, 0xFB, 0xFF, 0xFF, 0xFF, 0xEF,
0x95, 0x17, 0x00, 0x00, 0x00, 0x00, 0x11, 0x48, 0xFF, 0xB2, 0xEC, 0xFF, 0xE7, 0x24, 0x00, 0x00,
0x00, 0x00, 0x00, 0xFF, 0x00, 0x08, 0x95, 0xFF, 0xB4, 0x00, 0x00, 0x00, 0x00, 0x00, 0xFF, 0x00,
0x00, 0x12, 0xFF, 0xF4, 0x00, 0x00, 0x00, 0x00, 0x00, 0xFF, 0x00, 0x00, 0x30, 0xFF, 0xEC, 0xD7,
0x85, 0x3A, 0x16, 0x01, 0xFF, 0x11, 0x4A, 0xD8, 0xFF, 0x98, 0xFF, 0xFF, 0xFF, 0xFF, 0xF8, 0xFF,
0xFF, 0xFF, 0xFF, 0xC7, 0x0F, 0x24, 0x6D, 0xB0, 0xD4, 0xF1, 0xFF, 0xEF, 0xC3, 0x6A, 0x05, 0x00,
0x00, 0x00, 0x00, 0x00, 0x04, 0xFF, 0x02, 0x00, 0x00, 0x00, 0x00, 0x00, 0x00, 0x00, 0x00, 0x03,
0xFF, 0x01, 0x00, 0x00, 0x00, 0x00, 0x00, 0x00, 0x00, 0x00, 0x02, 0xFF, 0x00, 0x00, 0x00, 0x00,
0x00, 0x00, 0x00, 0x00, 0x00, 0x01, 0xFF, 0x00, 0x00, 0x00, 0x00, 0x00, 0x00, 0x5D, 0xD8, 0xF9,
0xD4, 0x4B, 0x00, 0x00, 0x00, 0x00, 0x00, 0x00, 0x00, 0x00, 0x52, 0xFF, 0xFF, 0xFF, 0xFF, 0xFF,
0x4B, 0x00, 0x00, 0x00, 0x00, 0x00, 0x00, 0x00, 0xCF, 0xFF, 0x78, 0x0C, 0x78, 0xFF, 0xD4, 0x00,
0x00, 0x00, 0x00, 0x00, 0x00, 0x00, 0xF4, 0xFF, 0x0B, 0x00, 0x0C, 0xFF, 0xF9, 0x00, 0x00, 0x00,
0x00, 0x00, 0x00, 0x00, 0xD0, 0xFF, 0x73, 0x0B, 0x78, 0xFF, 0xD7, 0x00, 0x00, 0x00, 0x00, 0x00,
0x29, 0x07, 0x55, 0xFF, 0xFF, 0xFF, 0xFF, 0xFF, 0x5B, 0x00, 0x00, 0x00, 0x08, 0x84, 0xF9, 0x56,
0x00, 0x55, 0xD0, 0xF7, 0xD8, 0x5B, 0x00, 0x00, 0x00, 0x45, 0xDC, 0xE4, 0x53, 0x00, 0x00, 0x00,
0x00, 0x00, 0x00, 0x00, 0x00, 0x17, 0xA5, 0xFC, 0x93, 0x0D, 0x00, 0x00, 0x00, 0x00, 0x00, 0x00,
0x00, 0x01, 0x67, 0xEF, 0xCE, 0x35, 0x00, 0x00, 0x00, 0x00, 0x00, 0x00, 0x00, 0x00, 0x2D, 0xC6,
0xF3, 0x72, 0x03, 0x00, 0x00, 0x00, 0x00, 0x00, 0x00, 0x00, 0x0A, 0x89, 0xFB, 0xB1, 0x1D, 0x00,
0x00, 0x00, 0x00, 0x00, 0x00, 0x00, 0x00, 0x4A, 0xDF, 0xE3, 0x51, 0x00, 0x00, 0x00, 0x5D, 0xD8,
0xF9, 0xD2, 0x46, 0x00, 0x11, 0xF5, 0x90, 0x0C, 0x00, 0x00, 0x00, 0x52, 0xFF, 0xFF, 0xFF, 0xFF,
0xFE, 0x43, 0x00, 0x19, 0x00, 0x00, 0x00, 0x00, 0x00, 0xCF, 0xFF, 0x76, 0x0C, 0x7B, 0xFF, 0xCF,
0x00, 0x00, 0x00, 0x00, 0x00, 0x00, 0x00, 0xF4, 0xFF, 0x0B, 0x00, 0x0C, 0xFF, 0xF9, 0x00, 0x00,
0x00, 0x00, 0x00, 0x00, 0x00, 0xD0, 0xFF, 0x73, 0x0B, 0x78, 0xFF, 0xD7, 0x00, 0x00, 0x00, 0x00,
0x00, 0x00, 0x00, 0x55, 0xFF, 0xFF, 0xFF, 0xFF, 0xFF, 0x5B, 0x00, 0x00, 0x00, 0x00, 0x00, 0x00,
0x00, 0x00, 0x56, 0xD1, 0xF7, 0xD7, 0x5B, 0x00, 0x00, 0x00, 0x00, 0x42, 0xBF, 0xF4, 0xF4, 0xB6,
0x3F, 0x00, 0x00, 0x00, 0x00, 0x00, 0x00, 0x00, 0x46, 0xFD, 0xFF, 0xFF, 0xFF, 0xFF, 0xFF, 0x00,
0x00, 0x00, 0x00, 0x00, 0x00, 0x00, 0xC8, 0xFF, 0xB1, 0x21, 0x0D, 0x3B, 0xAB, 0x00, 0x00, 0x00,
0x00, 0x00, 0x00, 0x00, 0xF8, 0xFF, 0x17, 0x00, 0x00, 0x00, 0x00, 0x00, 0x00, 0x00, 0x00, 0x00,
0x00, 0x00, 0xF2, 0xFF, 0x12, 0x00, 0x00, 0x00, 0x00, 0x00, 0x00, 0x00, 0x00, 0x00, 0x00, 0x00,
0xBB, 0xFF, 0x62, 0x00, 0x00, 0x00, 0x00, 0x00, 0x00, 0x00, 0x00, 0x00, 0x00, 0x00, 0x4F, 0xFF,
0xE1, 0x0C, 0x00, 0x00, 0x00, 0x00, 0x00, 0x00, 0x00, 0x00, 0x00, 0x00, 0x3F, 0xFC, 0xFF, 0x9E,
0x00, 0x00, 0x00, 0x00, 0x00, 0x00, 0x00, 0x00, 0x00, 0x4B, 0xF9, 0xE5, 0xF5, 0xFF, 0x6F, 0x00,
0x00, 0x00, 0x00, 0x00, 0x00, 0x00, 0x1E, 0xEF, 0xEA, 0x20, 0x54, 0xFE, 0xFC, 0x46, 0x00, 0x00,
0x00, 0x06, 0xFF, 0xFC, 0x8F, 0xFF, 0x62, 0x00, 0x00, 0x80, 0xFF, 0xEF, 0x27, 0x00, 0x00, 0x06,
0xFF, 0xEC, 0xDB, 0xFF, 0x13, 0x00, 0x00, 0x01, 0xAA, 0xFF, 0xD9, 0x10, 0x00, 0x29, 0xFF, 0xC9,
0xF8, 0xFF, 0x08, 0x00, 0x00, 0x00, 0x0A, 0xCD, 0xFF, 0xBA, 0x03, 0x89, 0xFF, 0x86, 0xEA, 0xFF,
0x3D, 0x00, 0x00, 0x00, 0x00, 0x1C, 0xE7, 0xFF, 0xBD, 0xFC, 0xF9, 0x1D, 0xA9, 0xFF, 0xC2, 0x04,
0x00, 0x00, 0x00, 0x00, 0x4B, 0xFF, 0xFF, 0xFF, 0x6E, 0x00, 0x30, 0xFA, 0xFF, 0xC1, 0x3D, 0x08,
0x1F, 0x74, 0xE9, 0xFF, 0xFF, 0xFF, 0x84, 0x00, 0x00, 0x56, 0xF7, 0xFF, 0xFF, 0xFF, 0xFF, 0xFF,
0xFF, 0xEE, 0x80, 0xFE, 0xF8, 0x23, 0x00, 0x00, 0x27, 0x9B, 0xE0, 0xFA, 0xF1, 0xC9, 0x7D, 0x13,
0x00, 0x9F, 0xFF, 0xB4, 0xFF, 0xFF, 0xFF, 0xFF, 0xFF, 0xFF, 0xFF, 0xFF, 0xFF, 0xFF, 0xFF, 0xFF,
0xFF, 0xFF, 0x00, 0x00, 0x1B, 0xF7, 0xBE, 0x00, 0x00, 0x99, 0xFF, 0x3D, 0x00, 0x21, 0xFB, 0xBF,
0x00, 0x00, 0x87, 0xFF, 0x5B, 0x00, 0x03, 0xE4, 0xF4, 0x0B, 0x00, 0x40, 0xFF, 0xAE, 0x00, 0x00,
0x7C, 0xFF, 0x77, 0x00, 0x00, 0xB5, 0xFF, 0x41, 0x00, 0x00, 0xDA, 0xFF, 0x23, 0x00, 0x00, 0xED,
0xFF, 0x11, 0x00, 0x00, 0xFB, 0xFF, 0x04, 0x00, 0x00, 0xED, 0xFF, 0x12, 0x00, 0x00, 0xD9, 0xFF,
0x23, 0x00, 0x00, 0xB5, 0xFF, 0x43, 0x00, 0x00, 0x7C, 0xFF, 0x78, 0x00, 0x00, 0x40, 0xFF, 0xAF,
0x00, 0x00, 0x03, 0xE4, 0xF4, 0x0B, 0x00, 0x00, 0x86, 0xFF, 0x5D, 0x00, 0x00, 0x21, 0xFA, 0xC0,
0x00, 0x00, 0x00, 0x98, 0xFF, 0x3E, 0x00, 0x00, 0x1B, 0xF7, 0xBF, 0xC0, 0xF7, 0x1B, 0x00, 0x00,
0x3F, 0xFF, 0x97, 0x00, 0x00, 0x00, 0xC1, 0xFA, 0x20, 0x00, 0x00, 0x5F, 0xFF, 0x84, 0x00, 0x00,
0x0D, 0xF6, 0xE2, 0x02, 0x00, 0x00, 0xB3, 0xFF, 0x3B, 0x00, 0x00, 0x7B, 0xFF, 0x78, 0x00, 0x00,
0x44, 0xFF, 0xB3, 0x00, 0x00, 0x25, 0xFF, 0xD8, 0x00, 0x00, 0x12, 0xFF, 0xEC, 0x00, 0x00, 0x04,
0xFF, 0xFA, 0x00, 0x00, 0x13, 0xFF, 0xEB, 0x00, 0x00, 0x25, 0xFF, 0xD8, 0x00, 0x00, 0x46, 0xFF,
0xB4, 0x00, 0x00, 0x7D, 0xFF, 0x79, 0x00, 0x00, 0xB5, 0xFF, 0x3C, 0x00, 0x0F, 0xF7, 0xE3, 0x02,
0x00, 0x62, 0xFF, 0x85, 0x00, 0x00, 0xC4, 0xFA, 0x21, 0x00, 0x41, 0xFF, 0x98, 0x00, 0x00, 0xC0,
0xF7, 0x1B, 0x00, 0x00, 0x00, 0x00, 0x00, 0x00, 0x00, 0xFF, 0x00, 0x00, 0x00, 0x00, 0x00, 0x00,
0x00, 0x00, 0x00, 0x00, 0xFF, 0x00, 0x00, 0x00, 0x00, 0x00, 0x9E, 0x9E, 0x25, 0x00, 0x00, 0xFF,
0x00, 0x00, 0x25, 0x9E, 0x9D, 0x3B, 0xAB, 0xF9, 0xA6, 0x2B, 0xFF, 0x2B, 0xA6, 0xF9, 0xAB, 0x3C,
0x00, 0x00, 0x1E, 0x8A, 0xEC, 0xFF, 0xEC, 0x8A, 0x1E, 0x00, 0x00, 0x00, 0x00, 0x1C, 0x88, 0xEC,
0xFF, 0xEC, 0x88, 0x1C, 0x00, 0x00, 0x38, 0xA8, 0xF8, 0xA7, 0x2B, 0xFF, 0x2C, 0xA7, 0xF8, 0xA8,
0x38, 0x9F, 0x9F, 0x25, 0x00, 0x00, 0xFF, 0x00, 0x00, 0x25, 0x9F, 0x9E, 0x00, 0x00, 0x00, 0x00,
0x00, 0xFF, 0x00, 0x00, 0x00, 0x00, 0x00, 0x00, 0x00, 0x00, 0x00, 0x00, 0xFF, 0x00, 0x00, 0x00,
0x00, 0x00, 0x00, 0x00, 0x00, 0x00, 0x00, 0xFF, 0xFF, 0x00, 0x00, 0x00, 0x00, 0x00, 0x00, 0x00,
0x00, 0x00, 0x00, 0xFF, 0xFF, 0x00, 0x00, 0x00, 0x00, 0x00, 0x00, 0x00, 0x00, 0x00, 0x00, 0xFF,
0xFF, 0x00, 0x00, 0x00, 0x00, 0x00, 0x00, 0x00, 0x00, 0x00, 0x00, 0xFF, 0xFF, 0x00, 0x00, 0x00,
0x00, 0x00, 0x00, 0x00, 0x00, 0x00, 0x00, 0xFF, 0xFF, 0x00, 0x00, 0x00, 0x00, 0x00, 0xFF, 0xFF,
0xFF, 0xFF, 0xFF, 0xFF, 0xFF, 0xFF, 0xFF, 0xFF, 0xFF, 0xFF, 0xFF, 0xFF, 0xFF, 0xFF, 0xFF, 0xFF,
0xFF, 0xFF, 0xFF, 0xFF, 0xFF, 0xFF, 0x00, 0x00, 0x00, 0x00, 0x00, 0xFF, 0xFF, 0x00, 0x00, 0x00,
0x00, 0x00, 0x00, 0x00, 0x00, 0x00, 0x00, 0xFF, 0xFF, 0x00, 0x00, 0x00, 0x00, 0x00, 0x00, 0x00,
0x00, 0x00, 0x00, 0xFF, 0xFF, 0x00, 0x00, 0x00, 0x00, 0x00, 0x00, 0x00, 0x00, 0x00, 0x00, 0xFF,
0xFF, 0x00, 0x00, 0x00, 0x00, 0x00, 0x00, 0x00, 0x00, 0x00, 0x00, 0xFF, 0xFF, 0x00, 0x00, 0x00,
0x00, 0x00, 0x00, 0xFF, 0xFF, 0xFF, 0x00, 0xFF, 0xFF, 0xFF, 0x08, 0xFF, 0xFF, 0xEF, 0x3B, 0xFF,
0xFF, 0x89, 0x74, 0xFF, 0xFB, 0x1D, 0xAC, 0xFF, 0xA8, 0x00, 0xE4, 0xFF, 0x38, 0x00, 0xFF, 0xFF,
0xFF, 0xFF, 0xFF, 0xFF, 0xFF, 0xFF, 0xFF, 0xFF, 0xFF, 0xFF, 0xFF, 0xFF, 0xFF, 0xFF, 0xFF, 0xFF,
0xFF, 0xFF, 0xFF, 0xFF, 0xFF, 0xFF, 0x00, 0x00, 0x00, 0x00, 0x00, 0x00, 0x00, 0x00, 0x39, 0xFF,
0xC5, 0x00, 0x00, 0x00, 0x00, 0x00, 0x00, 0x00, 0x00, 0xAD, 0xFF, 0x52, 0x00, 0x00, 0x00, 0x00,
0x00, 0x00, 0x00, 0x22, 0xFD, 0xDD, 0x02, 0x00, 0x00, 0x00, 0x00, 0x00, 0x00, 0x00, 0x93, 0xFF,
0x6C, 0x00, 0x00, 0x00, 0x00, 0x00, 0x00, 0x00, 0x12, 0xF4, 0xED, 0x0B, 0x00, 0x00, 0x00, 0x00,
0x00, 0x00, 0x00, 0x7A, 0xFF, 0x85, 0x00, 0x00, 0x00, 0x00, 0x00, 0x00, 0x00, 0x06, 0xE6, 0xF9,
0x19, 0x00, 0x00, 0x00, 0x00, 0x00, 0x00, 0x00, 0x60, 0xFF, 0x9F, 0x00, 0x00, 0x00, 0x00, 0x00,
0x00, 0x00, 0x00, 0xD2, 0xFF, 0x2D, 0x00, 0x00, 0x00, 0x00, 0x00, 0x00, 0x00, 0x47, 0xFF, 0xB9,
0x00, 0x00, 0x00, 0x00, 0x00, 0x00, 0x00, 0x00, 0xBA, 0xFF, 0x45, 0x00, 0x00, 0x00, 0x00, 0x00,
0x00, 0x00, 0x2D, 0xFF, 0xD2, 0x00, 0x00, 0x00, 0x00, 0x00, 0x00, 0x00, 0x00, 0xA0, 0xFF, 0x5F,
0x00, 0x00, 0x00, 0x00, 0x00, 0x00, 0x00, 0x19, 0xF9, 0xE6, 0x06, 0x00, 0x00, 0x00, 0x00, 0x00,
0x00, 0x00, 0x87, 0xFF, 0x79, 0x00, 0x00, 0x00, 0x00, 0x00, 0x00, 0x00, 0x0B, 0xEE, 0xF4, 0x11,
0x00, 0x00, 0x00, 0x00, 0x00, 0x00, 0x00, 0x6D, 0xFF, 0x92, 0x00, 0x00, 0x00, 0x00, 0x00, 0x00,
0x00, 0x02, 0xDD, 0xFD, 0x22, 0x00, 0x00, 0x00, 0x00, 0x00, 0x00, 0x00, 0x53, 0xFF, 0xAC, 0x00,
0x00, 0x00, 0x00, 0x00, 0x00, 0x00, 0x00, 0xC6, 0xFF, 0x39, 0x00, 0x00, 0x00, 0x00, 0x00, 0x00,
0x00, 0x00, 0x00, 0x00, 0x14, 0x93, 0xE1, 0xF8, 0xE0, 0x92, 0x13, 0x00, 0x00, 0x00, 0x18, 0xE1,
0xFF, 0xFF, 0xFF, 0xFF, 0xFF, 0xE0, 0x18, 0x00, 0x00, 0xB3, 0xFF, 0xCB, 0x34, 0x08, 0x34, 0xCD,
0xFF, 0xB3, 0x00, 0x2C, 0xFF, 0xEE, 0x16, 0x00, 0x00, 0x00, 0x18, 0xF0, 0xFF, 0x2B, 0x7C, 0xFF,
0x91, 0x00, 0x00, 0x00, 0x00, 0x00, 0x95, 0xFF, 0x7B, 0xB5, 0xFF, 0x4E, 0x00, 0x00, 0x00, 0x00,
0x00, 0x50, 0xFF, 0xB4, 0xDA, 0xFF, 0x25, 0x00, 0x00, 0x00, 0x00, 0x00, 0x27, 0xFF, 0xD9, 0xF0,
0xFF, 0x0C, 0x00, 0x00, 0x00, 0x00, 0x00, 0x0E, 0xFF, 0xEE, 0xFB, 0xFF, 0x03, 0x00, 0xAC, 0xF7,
0xA8, 0x00, 0x04, 0xFF, 0xFA, 0xFB, 0xFF, 0x03, 0x00, 0xAF, 0xF8, 0xAA, 0x00, 0x04, 0xFF, 0xF9,
0xF0, 0xFF, 0x0C, 0x00, 0x00, 0x00, 0x00, 0x00, 0x0E, 0xFF, 0xEE, 0xDA, 0xFF, 0x25, 0x00, 0x00,
0x00, 0x00, 0x00, 0x27, 0xFF, 0xD9, 0xB5, 0xFF, 0x4E, 0x00, 0x00, 0x00, 0x00, 0x00, 0x50, 0xFF,
0xB4, 0x7C, 0xFF, 0x91, 0x00, 0x00, 0x00, 0x00, 0x00, 0x95, 0xFF, 0x7B, 0x2C, 0xFF, 0xEE, 0x15,
0x00, 0x00, 0x00, 0x17, 0xF0, 0xFF, 0x2C, 0x00, 0xB4, 0xFF, 0xCB, 0x33, 0x08, 0x33, 0xCC, 0xFF,
0xB3, 0x00, 0x00, 0x19, 0xE1, 0xFF, 0xFF, 0xFF, 0xFF, 0xFF, 0xE1, 0x18, 0x00, 0x00, 0x00, 0x14,
0x93, 0xE2, 0xF9, 0xE2, 0x93, 0x14, 0x00, 0x00, 0x22, 0x66, 0xAA, 0xEC, 0xFF, 0xFF, 0x00, 0x00,
0x00, 0x00, 0xFF, 0xFF, 0xFF, 0xFF, 0xFF, 0xFF, 0x00, 0x00, 0x00, 0x00, 0xE0, 0xA1, 0x61, 0x20,
0xFF, 0xFF, 0x00, 0x00, 0x00, 0x00, 0x00, 0x00, 0x00, 0x00, 0xFF, 0xFF, 0x00, 0x00, 0x00, 0x00,
0x00, 0x00, 0x00, 0x00, 0xFF, 0xFF, 0x00, 0x00, 0x00, 0x00, 0x00, 0x00, 0x00, 0x00, 0xFF, 0xFF,
0x00, 0x00, 0x00, 0x00, 0x00, 0x00, 0x00, 0x00, 0xFF, 0xFF, 0x00, 0x00, 0x00, 0x00, 0x00, 0x00,
0x00, 0x00, 0xFF, 0xFF, 0x00, 0x00, 0x00, 0x00, 0x00, 0x00, 0x00, 0x00, 0xFF, 0xFF, 0x00, 0x00,
0x00, 0x00, 0x00, 0x00, 0x00, 0x00, 0xFF, 0xFF, 0x00, 0x00, 0x00, 0x00, 0x00, 0x00, 0x00, 0x00,
0xFF, 0xFF, 0x00, 0x00, 0x00, 0x00, 0x00, 0x00, 0x00, 0x00, 0xFF, 0xFF, 0x00, 0x00, 0x00, 0x00,
0x00, 0x00, 0x00, 0x00, 0xFF, 0xFF, 0x00, 0x00, 0x00, 0x00, 0x00, 0x00, 0x00, 0x00, 0xFF, 0xFF,
0x00, 0x00, 0x00, 0x00, 0x00, 0x00, 0x00, 0x00, 0xFF, 0xFF, 0x00, 0x00, 0x00, 0x00, 0x00, 0x00,
0x00, 0x00, 0xFF, 0xFF, 0x00, 0x00, 0x00, 0x00, 0xFF, 0xFF, 0xFF, 0xFF, 0xFF, 0xFF, 0xFF, 0xFF,
0xFF, 0xFF, 0xFF, 0xFF, 0xFF, 0xFF, 0xFF, 0xFF, 0xFF, 0xFF, 0xFF, 0xFF, 0x26, 0x72, 0xB8, 0xD9,
0xF3, 0xF6, 0xD9, 0x99, 0x2B, 0x00, 0x00, 0x00, 0xFF, 0xFF, 0xFF, 0xFF, 0xFF, 0xFF, 0xFF, 0xFF,
0xFB, 0x6D, 0x00, 0x00, 0xDE, 0x9A, 0x56, 0x2F, 0x15, 0x09, 0x2A, 0x90, 0xFD, 0xFF, 0x4A, 0x00,
0x00, 0x00, 0x00, 0x00, 0x00, 0x00, 0x00, 0x00, 0x82, 0xFF, 0xC0, 0x00, 0x00, 0x00, 0x00, 0x00,
0x00, 0x00, 0x00, 0x00, 0x20, 0xFF, 0xF3, 0x00, 0x00, 0x00, 0x00, 0x00, 0x00, 0x00, 0x00, 0x00,
0x0B, 0xFF, 0xFF, 0x00, 0x00, 0x00, 0x00, 0x00, 0x00, 0x00, 0x00, 0x00, 0x44, 0xFF, 0xE9, 0x00,
0x00, 0x00, 0x00, 0x00, 0x00, 0x00, 0x00, 0x01, 0xC5, 0xFF, 0x98, 0x00, 0x00, 0x00, 0x00, 0x00,
0x00, 0x00, 0x00, 0x83, 0xFF, 0xF1, 0x1C, 0x00, 0x00, 0x00, 0x00, 0x00, 0x00, 0x00, 0x61, 0xFF,
0xFF, 0x54, 0x00, 0x00, 0x00, 0x00, 0x00, 0x00, 0x00, 0x5C, 0xFD, 0xFF, 0x77, 0x00, 0x00, 0x00,
0x00, 0x00, 0x00, 0x00, 0x5D, 0xFD, 0xFF, 0x7F, 0x00, 0x00, 0x00, 0x00, 0x00, 0x00, 0x00, 0x63,
0xFD, 0xFF, 0x7A, 0x00, 0x00, 0x00, 0x00, 0x00, 0x00, 0x00, 0x69, 0xFE, 0xFE, 0x70, 0x00, 0x00,
0x00, 0x00, 0x00, 0x00, 0x00, 0x72, 0xFF, 0xFD, 0x63, 0x00, 0x00, 0x00, 0x00, 0x00, 0x00, 0x00,
0x7B, 0xFF, 0xFA, 0x56, 0x00, 0x00, 0x00, 0x00, 0x00, 0x00, 0x00, 0x00, 0xFF, 0xFF, 0xFF, 0xFF,
0xFF, 0xFF, 0xFF, 0xFF, 0xFF, 0xFF, 0xFF, 0x20, 0xFF, 0xFF, 0xFF, 0xFF, 0xFF, 0xFF, 0xFF, 0xFF,
0xFF, 0xFF, 0xFF, 0x20, 0x00, 0x2A, 0x7A, 0xBB, 0xE0, 0xF9, 0xE9, 0xB2, 0x48, 0x00, 0x00, 0x00,
0xFF, 0xFF, 0xFF, 0xFF, 0xFF, 0xFF, 0xFF, 0xFF, 0x8F, 0x00, 0x00, 0xD8, 0x88, 0x41, 0x20, 0x08,
0x1F, 0x72, 0xF4, 0xFF, 0x5C, 0x00, 0x00, 0x00, 0x00, 0x00, 0x00, 0x00, 0x00, 0x68, 0xFF, 0xC7,
0x00, 0x00, 0x00, 0x00, 0x00, 0x00, 0x00, 0x00, 0x18, 0xFF, 0xF4, 0x00, 0x00, 0x00, 0x00, 0x00,
0x00, 0x00, 0x00, 0x0E, 0xFF, 0xEE, 0x00, 0x00, 0x00, 0x00, 0x00, 0x00, 0x00, 0x00, 0x6C, 0xFF,
0xBB, 0x00, 0x00, 0x00, 0x00, 0x00, 0x0D, 0x2E, 0x90, 0xFB, 0xF9, 0x3D, 0x00, 0x00, 0x00, 0xFF,
0xFF, 0xFF, 0xFF, 0xFF, 0xCC, 0x42, 0x00, 0x00, 0x00, 0x00, 0xFF, 0xFF, 0xFF, 0xFF, 0xFF, 0xD1,
0x42, 0x00, 0x00, 0x00, 0x00, 0x00, 0x00, 0x0E, 0x31, 0x97, 0xFD, 0xF8, 0x36, 0x00, 0x00, 0x00,
0x00, 0x00, 0x00, 0x00, 0x00, 0x71, 0xFF, 0xB2, 0x00, 0x00, 0x00, 0x00, 0x00, 0x00, 0x00, 0x00,
0x0F, 0xFF, 0xE9, 0x00, 0x00, 0x00, 0x00, 0x00, 0x00, 0x00, 0x00, 0x11, 0xFF, 0xF7, 0x00, 0x00,
0x00, 0x00, 0x00, 0x00, 0x00, 0x00, 0x72, 0xFF, 0xCF, 0xD8, 0x89, 0x42, 0x23, 0x09, 0x12, 0x35,
0x97, 0xFD, 0xFF, 0x66, 0xFF, 0xFF, 0xFF, 0xFF, 0xFF, 0xFF, 0xFF, 0xFF, 0xFF, 0x92, 0x01, 0x27,
0x76, 0xBC, 0xDC, 0xF5, 0xF7, 0xDE, 0xA4, 0x3F, 0x00, 0x00, 0x00, 0x00, 0x00, 0x00, 0x00, 0x00,
0x26, 0xF8, 0xFF, 0xFF, 0x00, 0x00, 0x00, 0x00, 0x00, 0x00, 0x00, 0x00, 0xBC, 0xED, 0xFF, 0xFF,
0x00, 0x00, 0x00, 0x00, 0x00, 0x00, 0x00, 0x5C, 0xFF, 0x6A, 0xFF, 0xFF, 0x00, 0x00, 0x00, 0x00,
0x00, 0x00, 0x10, 0xE8, 0xD1, 0x03, 0xFF, 0xFF, 0x00, 0x00, 0x00, 0x00, 0x00, 0x00, 0x98, 0xFF,
0x3F, 0x00, 0xFF, 0xFF, 0x00, 0x00, 0x00, 0x00, 0x00, 0x37, 0xFD, 0xA8, 0x00, 0x00, 0xFF, 0xFF,
0x00, 0x00, 0x00, 0x00, 0x03, 0xCF, 0xF5, 0x1D, 0x00, 0x00, 0xFF, 0xFF, 0x00, 0x00, 0x00, 0x00,
0x72, 0xFF, 0x7D, 0x00, 0x00, 0x00, 0xFF, 0xFF, 0x00, 0x00, 0x00, 0x1C, 0xF3, 0xDF, 0x08, 0x00,
0x00, 0x00, 0xFF, 0xFF, 0x00, 0x00, 0x00, 0xAE, 0xFF, 0x52, 0x00, 0x00, 0x00, 0x00, 0xFF, 0xFF,
0x00, 0x00, 0x4B, 0xFF, 0xBC, 0x00, 0x00, 0x00, 0x00, 0x00, 0xFF, 0xFF, 0x00, 0x00, 0xDF, 0xFB,
0x2B, 0x00, 0x00, 0x00, 0x00, 0x00, 0xFF, 0xFF, 0x00, 0x00, 0xFF, 0xFF, 0xFF, 0xFF, 0xFF, 0xFF,
0xFF, 0xFF, 0xFF, 0xFF, 0xFF, 0xFF, 0xFF, 0xFF, 0xFF, 0xFF, 0xFF, 0xFF, 0xFF, 0xFF, 0xFF, 0xFF,
0xFF, 0xFF, 0x00, 0x00, 0x00, 0x00, 0x00, 0x00, 0x00, 0x00, 0xFF, 0xFF, 0x00, 0x00, 0x00, 0x00,
0x00, 0x00, 0x00, 0x00, 0x00, 0x00, 0xFF, 0xFF, 0x00, 0x00, 0x00, 0x00, 0x00, 0x00, 0x00, 0x00,
0x00, 0x00, 0xFF, 0xFF, 0x00, 0x00, 0x00, 0x00, 0x00, 0x00, 0x00, 0x00, 0x00, 0x00, 0xFF, 0xFF,
0x00, 0x00, 0x00, 0xFF, 0xFF, 0xFF, 0xFF, 0xFF, 0xFF, 0xFF, 0xFF, 0xFF, 0x00, 0x00, 0xFF, 0xFF,
0xFF, 0xFF, 0xFF, 0xFF, 0xFF, 0xFF, 0xFF, 0x00, 0x00, 0xFF, 0xFF, 0x00, 0x00, 0x00, 0x00, 0x00,
0x00, 0x00, 0x00, 0x00, 0xFF, 0xFF, 0x00, 0x00, 0x00, 0x00, 0x00, 0x00, 0x00, 0x00, 0x00, 0xFF,
0xFF, 0x00, 0x00, 0x00, 0x00, 0x00, 0x00, 0x00, 0x00, 0x00, 0xFF, 0xFF, 0x00, 0x00, 0x00, 0x00,
0x00, 0x00, 0x00, 0x00, 0x00, 0xFF, 0xFF, 0xC5, 0xF2, 0xF6, 0xD8, 0x90, 0x1D, 0x00, 0x00, 0x00,
0xFF, 0xFF, 0xFF, 0xFF, 0xFF, 0xFF, 0xFF, 0xF1, 0x43, 0x00, 0x00, 0xCA, 0x60, 0x28, 0x09, 0x10,
0x4A, 0xC8, 0xFF, 0xF0, 0x1C, 0x00, 0x00, 0x00, 0x00, 0x00, 0x00, 0x00, 0x05, 0xC3, 0xFF, 0x8E,
0x00, 0x00, 0x00, 0x00, 0x00, 0x00, 0x00, 0x00, 0x40, 0xFF, 0xD7, 0x00, 0x00, 0x00, 0x00, 0x00,
0x00, 0x00, 0x00, 0x0A, 0xFF, 0xF6, 0x00, 0x00, 0x00, 0x00, 0x00, 0x00, 0x00, 0x00, 0x0A, 0xFF,
0xF4, 0x00, 0x00, 0x00, 0x00, 0x00, 0x00, 0x00, 0x00, 0x3D, 0xFF, 0xD4, 0x00, 0x00, 0x00, 0x00,
0x00, 0x00, 0x00, 0x03, 0xBC, 0xFF, 0x89, 0xD6, 0x82, 0x3C, 0x1F, 0x06, 0x0F, 0x47, 0xC2, 0xFF,
0xEB, 0x16, 0xFF, 0xFF, 0xFF, 0xFF, 0xFF, 0xFF, 0xFF, 0xFF, 0xE7, 0x36, 0x00, 0x2E, 0x8A, 0xCA,
0xE3, 0xF9, 0xF2, 0xCC, 0x7E, 0x13, 0x00, 0x00, 0x00, 0x00, 0x00, 0x3E, 0xA9, 0xE4, 0xF9, 0xE8,
0xA5, 0x38, 0x00, 0x00, 0x00, 0x86, 0xFF, 0xFF, 0xFF, 0xFF, 0xFF, 0xFF, 0xFF, 0x00, 0x00, 0x67,
0xFF, 0xFA, 0x86, 0x26, 0x06, 0x14, 0x54, 0xC5, 0x00, 0x0D, 0xED, 0xFF, 0x58, 0x00, 0x00, 0x00,
0x00, 0x00, 0x00, 0x00, 0x5D, 0xFF, 0xBA, 0x00, 0x00, 0x00, 0x00, 0x00, 0x00, 0x00, 0x00, 0xA4,
0xFF, 0x5E, 0x00, 0x00, 0x00, 0x00, 0x00, 0x00, 0x00, 0x00, 0xD1, 0xFF, 0x29, 0x43, 0xC2, 0xF4,
0xF0, 0xBE, 0x52, 0x00, 0x00, 0xEC, 0xFF, 0x5E, 0xFC, 0xFF, 0xFF, 0xFF, 0xFF, 0xFF, 0x84, 0x00,
0xF9, 0xFF, 0xE9, 0x9C, 0x25, 0x05, 0x1E, 0x85, 0xFE, 0xFF, 0x3C, 0xFB, 0xFF, 0xB1, 0x00, 0x00,
0x00, 0x00, 0x00, 0x9F, 0xFF, 0xA5, 0xF1, 0xFF, 0x3B, 0x00, 0x00, 0x00, 0x00, 0x00, 0x34, 0xFF,
0xDF, 0xDE, 0xFF, 0x11, 0x00, 0x00, 0x00, 0x00, 0x00, 0x10, 0xFF, 0xF7, 0xBC, 0xFF, 0x11, 0x00,
0x00, 0x00, 0x00, 0x00, 0x10, 0xFF, 0xF6, 0x88, 0xFF, 0x3B, 0x00, 0x00, 0x00, 0x00, 0x00, 0x33,
0xFF, 0xDD, 0x3D, 0xFF, 0xB1, 0x00, 0x00, 0x00, 0x00, 0x00, 0x9D, 0xFF, 0xA3, 0x00, 0xC9, 0xFF,
0x9C, 0x25, 0x07, 0x28, 0x90, 0xFE, 0xFE, 0x39, 0x00, 0x25, 0xEB, 0xFF, 0xFF, 0xFF, 0xFF, 0xFF,
0xFF, 0x7F, 0x00, 0x00, 0x00, 0x18, 0x94, 0xDF, 0xF9, 0xEF, 0xBB, 0x4D, 0x00, 0x00, 0xFF, 0xFF,
0xFF, 0xFF, 0xFF, 0xFF, 0xFF, 0xFF, 0xFF, 0xFF, 0xFF, 0xFF, 0xFF, 0xFF, 0xFF, 0xFF, 0xFF, 0xFF,
0xFF, 0xFF, 0xFF, 0xCF, 0x00, 0x00, 0x00, 0x00, 0x00, 0x00, 0x00, 0x00, 0xC0, 0xFF, 0x67, 0x00,
0x00, 0x00, 0x00, 0x00, 0x00, 0x00, 0x27, 0xFF, 0xF3, 0x0D, 0x00, 0x00, 0x00, 0x00, 0x00, 0x00,
0x00, 0x8E, 0xFF, 0x98, 0x00, 0x00, 0x00, 0x00, 0x00, 0x00, 0x00, 0x08, 0xED, 0xFF, 0x31, 0x00,
0x00, 0x00, 0x00, 0x00, 0x00, 0x00, 0x5D, 0xFF, 0xC9, 0x00, 0x00, 0x00, 0x00, 0x00, 0x00, 0x00,
0x00, 0xC4, 0xFF, 0x62, 0x00, 0x00, 0x00, 0x00, 0x00, 0x00, 0x00, 0x2B, 0xFF, 0xF0, 0x0A, 0x00,
0x00, 0x00, 0x00, 0x00, 0x00, 0x00, 0x93, 0xFF, 0x93, 0x00, 0x00, 0x00, 0x00, 0x00, 0x00, 0x00,
0x0A, 0xEF, 0xFF, 0x2C, 0x00, 0x00, 0x00, 0x00, 0x00, 0x00, 0x00, 0x61, 0xFF, 0xC4, 0x00, 0x00,
0x00, 0x00, 0x00, 0x00, 0x00, 0x00, 0xC8, 0xFF, 0x5C, 0x00, 0x00, 0x00, 0x00, 0x00, 0x00, 0x00,
0x2F, 0xFF, 0xED, 0x08, 0x00, 0x00, 0x00, 0x00, 0x00, 0x00, 0x00, 0x97, 0xFF, 0x8D, 0x00, 0x00,
0x00, 0x00, 0x00, 0x00, 0x00, 0x0B, 0xF2, 0xFF, 0x27, 0x00, 0x00, 0x00, 0x00, 0x00, 0x00, 0x00,
0x65, 0xFF, 0xBE, 0x00, 0x00, 0x00, 0x00, 0x00, 0x00, 0x00, 0x00, 0xCC, 0xFF, 0x57, 0x00, 0x00,
0x00, 0x00, 0x00, 0x00, 0x00, 0x01, 0x5C, 0xBC, 0xEC, 0xFB, 0xEC, 0xBC, 0x5B, 0x01, 0x00, 0x05,
0xB0, 0xFF, 0xFF, 0xFF, 0xFF, 0xFF, 0xFF, 0xFF, 0xAE, 0x04, 0x76, 0xFF, 0xF4, 0x75, 0x21, 0x08,
0x21, 0x75, 0xF4, 0xFF, 0x74, 0xD6, 0xFF, 0x67, 0x00, 0x00, 0x00, 0x00, 0x00, 0x67, 0xFF, 0xD5,
0xF9, 0xFF, 0x17, 0x00, 0x00, 0x00, 0x00, 0x00, 0x18, 0xFF, 0xF8, 0xE6, 0xFF, 0x14, 0x00, 0x00,
0x00, 0x00, 0x00, 0x15, 0xFF, 0xE5, 0xA5, 0xFF, 0x63, 0x00, 0x00, 0x00, 0x00, 0x00, 0x65, 0xFF,
0xA3, 0x26, 0xED, 0xF3, 0x72, 0x20, 0x08, 0x20, 0x74, 0xF4, 0xEB, 0x23, 0x00, 0x29, 0xB2, 0xFF,
0xFF, 0xFF, 0xFF, 0xFF, 0xB2, 0x28, 0x00, 0x00, 0x4A, 0xD5, 0xFF, 0xFF, 0xFF, 0xFF, 0xFF, 0xD5,
0x49, 0x00, 0x3B, 0xFB, 0xF5, 0x78, 0x21, 0x08, 0x23, 0x7C, 0xF7, 0xFA, 0x3B, 0xB4, 0xFF, 0x68,
0x00, 0x00, 0x00, 0x00, 0x00, 0x6C, 0xFF, 0xB4, 0xE8, 0xFF, 0x16, 0x00, 0x00, 0x00, 0x00, 0x00,
0x17, 0xFF, 0xE7, 0xF9, 0xFF, 0x17, 0x00, 0x00, 0x00, 0x00, 0x00, 0x18, 0xFF, 0xF8, 0xD9, 0xFF,
0x6B, 0x00, 0x00, 0x00, 0x00, 0x00, 0x6B, 0xFF, 0xD7, 0x7E, 0xFF, 0xF6, 0x79, 0x21, 0x08, 0x21,
0x78, 0xF6, 0xFF, 0x7A, 0x08, 0xBB, 0xFF, 0xFF, 0xFF, 0xFF, 0xFF, 0xFF, 0xFF, 0xB8, 0x06, 0x00,
0x03, 0x64, 0xC0, 0xEE, 0xFC, 0xEE, 0xBF, 0x62, 0x02, 0x00, 0x00, 0x00, 0x4F, 0xBB, 0xEE, 0xF8,
0xDD, 0x93, 0x17, 0x00, 0x00, 0x00, 0x83, 0xFF, 0xFF, 0xFF, 0xFF, 0xFF, 0xFF, 0xE9, 0x23, 0x00,
0x3C, 0xFF, 0xFE, 0x86, 0x1E, 0x05, 0x25, 0x9E, 0xFF, 0xC7, 0x00, 0xA5, 0xFF, 0x9E, 0x00, 0x00,
0x00, 0x00, 0x00, 0xB5, 0xFF, 0x3B, 0xE0, 0xFF, 0x33, 0x00, 0x00, 0x00, 0x00, 0x00, 0x3C, 0xFF,
0x86, 0xF8, 0xFF, 0x10, 0x00, 0x00, 0x00, 0x00, 0x00, 0x12, 0xFF, 0xBA, 0xF8, 0xFF, 0x0F, 0x00,
0x00, 0x00, 0x00, 0x00, 0x12, 0xFF, 0xDD, 0xDF, 0xFF, 0x32, 0x00, 0x00, 0x00, 0x00, 0x00, 0x3C,
0xFF, 0xF0, 0xA5, 0xFF, 0x9A, 0x00, 0x00, 0x00, 0x00, 0x00, 0xB5, 0xFF, 0xFA, 0x3E, 0xFF, 0xFE,
0x8F, 0x28, 0x07, 0x25, 0x9E, 0xE9, 0xFF, 0xF8, 0x00, 0x88, 0xFF, 0xFF, 0xFF, 0xFF, 0xFF, 0xFC,
0x60, 0xFF, 0xEB, 0x00, 0x00, 0x53, 0xBF, 0xF0, 0xF5, 0xC5, 0x46, 0x2A, 0xFF, 0xD0, 0x00, 0x00,
0x00, 0x00, 0x00, 0x00, 0x00, 0x00, 0x5F, 0xFF, 0xA3, 0x00, 0x00, 0x00, 0x00, 0x00, 0x00, 0x00,
0x00, 0xBA, 0xFF, 0x5B, 0x00, 0x00, 0x00, 0x00, 0x00, 0x00, 0x00, 0x55, 0xFF, 0xEC, 0x0C, 0x00,
0xC3, 0x52, 0x1F, 0x07, 0x24, 0x84, 0xF9, 0xFF, 0x65, 0x00, 0x00, 0xFF, 0xFF, 0xFF, 0xFF, 0xFF,
0xFF, 0xFF, 0x87, 0x00, 0x00, 0x00, 0x3A, 0xA9, 0xE0, 0xF9, 0xE5, 0xAA, 0x3F, 0x00, 0x00, 0x00,
0xFF, 0xFF, 0xFF, 0xFF, 0xFF, 0xFF, 0xFF, 0xFF, 0xFF, 0xFF, 0xFF, 0xFF, 0x00, 0x00, 0x00, 0x00,
0x00, 0x00, 0x00, 0x00, 0x00, 0x00, 0x00, 0x00, 0xFF, 0xFF, 0xFF, 0xFF, 0xFF, 0xFF, 0xFF, 0xFF,
0xFF, 0xFF, 0xFF, 0xFF, 0x00, 0xFF, 0xFF, 0xFF, 0x00, 0xFF, 0xFF, 0xFF, 0x00, 0xFF, 0xFF, 0xFF,
0x00, 0xFF, 0xFF, 0xFF, 0x00, 0x00, 0x00, 0x00, 0x00, 0x00, 0x00, 0x00, 0x00, 0x00, 0x00, 0x00,
0x00, 0x00, 0x00, 0x00, 0x00, 0xFF, 0xFF, 0xFF, 0x00, 0xFF, 0xFF, 0xFF, 0x08, 0xFF, 0xFF, 0xEF,
0x3B, 0xFF, 0xFF, 0x89, 0x74, 0xFF, 0xFB, 0x1D, 0xAC, 0xFF, 0xA8, 0x00, 0xE4, 0xFF, 0x38, 0x00,
0x00, 0x00, 0x00, 0x00, 0x00, 0x00, 0x00, 0x00, 0x00, 0x08, 0x5F, 0xCA, 0x00, 0x00, 0x00, 0x00,
0x00, 0x00, 0x00, 0x22, 0x8A, 0xEC, 0xFF, 0xFF, 0x00, 0x00, 0x00, 0x00, 0x02, 0x4A, 0xB4, 0xFD,
0xFF, 0xFF, 0xC5, 0x5F, 0x00, 0x00, 0x12, 0x74, 0xDD, 0xFF, 0xFF, 0xEE, 0x91, 0x2B, 0x00, 0x00,
0x35, 0x9F, 0xF7, 0xFF, 0xFF, 0xC3, 0x5D, 0x08, 0x00, 0x00, 0x00, 0x00, 0xFF, 0xFF, 0xEC, 0x8F,
0x29, 0x00, 0x00, 0x00, 0x00, 0x00, 0x00, 0x00, 0xFF, 0xFF, 0xE7, 0x87, 0x23, 0x00, 0x00, 0x00,
0x00, 0x00, 0x00, 0x00, 0x35, 0xA0, 0xF7, 0xFF, 0xFE, 0xBD, 0x59, 0x07, 0x00, 0x00, 0x00, 0x00,
0x00, 0x00, 0x13, 0x76, 0xDE, 0xFF, 0xFF, 0xEC, 0x8F, 0x2B, 0x00, 0x00, 0x00, 0x00, 0x00, 0x00,
0x02, 0x4B, 0xB6, 0xFD, 0xFF, 0xFF, 0xC6, 0x61, 0x00, 0x00, 0x00, 0x00, 0x00, 0x00, 0x00, 0x22,
0x8B, 0xED, 0xFF, 0xFF, 0x00, 0x00, 0x00, 0x00, 0x00, 0x00, 0x00, 0x00, 0x00, 0x08, 0x60, 0xCB,
0xFF, 0xFF, 0xFF, 0xFF, 0xFF, 0xFF, 0xFF, 0xFF, 0xFF, 0xFF, 0xFF, 0xFF, 0xFF, 0xFF, 0xFF, 0xFF,
0xFF, 0xFF, 0xFF, 0xFF, 0xFF, 0xFF, 0xFF, 0xFF, 0x00, 0x00, 0x00, 0x00, 0x00, 0x00, 0x00, 0x00,
0x00, 0x00, 0x00, 0x00, 0x00, 0x00, 0x00, 0x00, 0x00, 0x00, 0x00, 0x00, 0x00, 0x00, 0x00, 0x00,
0x00, 0x00, 0x00, 0x00, 0x00, 0x00, 0x00, 0x00, 0x00, 0x00, 0x00, 0x00, 0xFF, 0xFF, 0xFF, 0xFF,
0xFF, 0xFF, 0xFF, 0xFF, 0xFF, 0xFF, 0xFF, 0xFF, 0xFF, 0xFF, 0xFF, 0xFF, 0xFF, 0xFF, 0xFF, 0xFF,
0xFF, 0xFF, 0xFF, 0xFF, 0xCA, 0x5F, 0x08, 0x00, 0x00, 0x00, 0x00, 0x00, 0x00, 0x00, 0x00, 0x00,
0xFF, 0xFF, 0xEC, 0x8A, 0x21, 0x00, 0x00, 0x00, 0x00, 0x00, 0x00, 0x00, 0x5F, 0xC5, 0xFF, 0xFF,
0xFD, 0xB4, 0x4A, 0x02, 0x00, 0x00, 0x00, 0x00, 0x00, 0x00, 0x2B, 0x91, 0xEE, 0xFF, 0xFF, 0xDD,
0x74, 0x12, 0x00, 0x00, 0x00, 0x00, 0x00, 0x00, 0x08, 0x5D, 0xC3, 0xFF, 0xFF, 0xF7, 0x9F, 0x35,
0x00, 0x00, 0x00, 0x00, 0x00, 0x00, 0x00, 0x29, 0x8F, 0xEC, 0xFF, 0xFF, 0x00, 0x00, 0x00, 0x00,
0x00, 0x00, 0x00, 0x24, 0x87, 0xE7, 0xFF, 0xFF, 0x00, 0x00, 0x00, 0x00, 0x07, 0x59, 0xBD, 0xFE,
0xFF, 0xF7, 0xA0, 0x35, 0x00, 0x00, 0x2B, 0x8F, 0xED, 0xFF, 0xFF, 0xDD, 0x76, 0x13, 0x00, 0x00,
0x62, 0xC6, 0xFF, 0xFF, 0xFD, 0xB6, 0x4B, 0x02, 0x00, 0x00, 0x00, 0x00, 0xFF, 0xFF, 0xED, 0x8B,
0x22, 0x00, 0x00, 0x00, 0x00, 0x00, 0x00, 0x00, 0xCB, 0x60, 0x08, 0x00, 0x00, 0x00, 0x00, 0x00,
0x00, 0x00, 0x00, 0x00, 0x00, 0x27, 0x9E, 0xE5, 0xFA, 0xE2, 0x9A, 0x1B, 0x00, 0x69, 0xFA, 0xFF,
0xFF, 0xFF, 0xFF, 0xFF, 0xE8, 0x20, 0xFF, 0xDF, 0x65, 0x18, 0x0E, 0x4D, 0xE1, 0xFF, 0xA6, 0x9D,
0x09, 0x00, 0x00, 0x00, 0x00, 0x3D, 0xFF, 0xEC, 0x00, 0x00, 0x00, 0x00, 0x00, 0x00, 0x0A, 0xFF,
0xF8, 0x00, 0x00, 0x00, 0x00, 0x00, 0x00, 0x58, 0xFF, 0xCF, 0x00, 0x00, 0x00, 0x00, 0x00, 0x30,
0xEF, 0xFF, 0x5F, 0x00, 0x00, 0x00, 0x00, 0x3B, 0xEF, 0xFF, 0xAD, 0x00, 0x00, 0x00, 0x00, 0x27,
0xF0, 0xFF, 0xAC, 0x07, 0x00, 0x00, 0x00, 0x00, 0xB0, 0xFF, 0xA4, 0x02, 0x00, 0x00, 0x00, 0x00,
0x00, 0xEF, 0xFF, 0x20, 0x00, 0x00, 0x00, 0x00, 0x00, 0x00, 0xFF, 0xFF, 0x00, 0x00, 0x00, 0x00,
0x00, 0x00, 0x00, 0xFF, 0xFF, 0x00, 0x00, 0x00, 0x00, 0x00, 0x00, 0x00, 0x00, 0x00, 0x00, 0x00,
0x00, 0x00, 0x00, 0x00, 0x00, 0x00, 0x00, 0x00, 0x00, 0x00, 0x00, 0x00, 0x00, 0x00, 0xFF, 0xFF,
0x00, 0x00, 0x00, 0x00, 0x00, 0x00, 0x00, 0xFF, 0xFF, 0x00, 0x00, 0x00, 0x00, 0x00, 0x00, 0x00,
0xFF, 0xFF, 0x00, 0x00, 0x00, 0x00, 0x00, 0x00, 0x00, 0x00, 0x19, 0x7C, 0xC7, 0xE9, 0xF9, 0xE4,
0xA3, 0x2B, 0x00, 0x00, 0x00, 0x00, 0x00, 0x69, 0xF3, 0xFF, 0xFF, 0xFF, 0xFF, 0xFF, 0xFF, 0xF8,
0x52, 0x00, 0x00, 0x00, 0x7D, 0xFF, 0xFF, 0xAA, 0x45, 0x14, 0x07, 0x32, 0xB3, 0xFF, 0xF5, 0x23,
0x00, 0x44, 0xFE, 0xFC, 0x59, 0x00, 0x00, 0x00, 0x00, 0x00, 0x01, 0xB8, 0xFF, 0x95, 0x01, 0xD9,
0xFF, 0x76, 0x00, 0x00, 0x00, 0x00, 0x00, 0x00, 0x00, 0x3A, 0xFF, 0xD9, 0x47, 0xFF, 0xDE, 0x04,
0x00, 0x00, 0x11, 0x98, 0xEA, 0xF3, 0xAB, 0x1F, 0xFF, 0xF6, 0x93, 0xFF, 0x7E, 0x00, 0x00, 0x09,
0xD0, 0xFF, 0xFF, 0xFF, 0xFF, 0xCA, 0xFF, 0xFF, 0xCB, 0xFF, 0x40, 0x00, 0x00, 0x7A, 0xFF, 0xE6,
0x45, 0x0D, 0x45, 0xE6, 0xFF, 0xFF, 0xE8, 0xFF, 0x17, 0x00, 0x00, 0xD1, 0xFF, 0x54, 0x00, 0x00,
0x00, 0x55, 0xFF, 0xFF, 0xF8, 0xFF, 0x06, 0x00, 0x00, 0xF7, 0xFF, 0x11, 0x00, 0x00, 0x00, 0x12,
0xFF, 0xFF, 0xF6, 0xFF, 0x08, 0x00, 0x00, 0xF7, 0xFF, 0x11, 0x00, 0x00, 0x00, 0x11, 0xFF, 0xFF,
0xE5, 0xFF, 0x1B, 0x00, 0x00, 0xD1, 0xFF, 0x53, 0x00, 0x00, 0x00, 0x54, 0xFF, 0xFF, 0xC2, 0xFF,
0x4D, 0x00, 0x00, 0x7A, 0xFF, 0xE4, 0x43, 0x0C, 0x43, 0xE4, 0xFF, 0xFF, 0x85, 0xFF, 0x96, 0x00,
0x00, 0x09, 0xD0, 0xFF, 0xFF, 0xFF, 0xFF, 0xCC, 0xFF, 0xFF, 0x31, 0xFF, 0xF4, 0x14, 0x00, 0x00,
0x12, 0x99, 0xEB, 0xF5, 0xB0, 0x19, 0xFF, 0xFF, 0x00, 0xBC, 0xFF, 0xB0, 0x01, 0x00, 0x00, 0x00,
0x00, 0x00, 0x00, 0x00, 0x00, 0x00, 0x00, 0x25, 0xF3, 0xFF, 0xA3, 0x09, 0x00, 0x00, 0x00, 0x00,
0x00, 0x00, 0x00, 0x00, 0x00, 0x00, 0x4A, 0xF5, 0xFF, 0xE2, 0x72, 0x2A, 0x0C, 0x00, 0x00, 0x00,
0x00, 0x00, 0x00, 0x00, 0x00, 0x35, 0xD2, 0xFF, 0xFF, 0xFF, 0xFF, 0xFF, 0xFF, 0xD0, 0x00, 0x00,
0x00, 0x00, 0x00, 0x00, 0x02, 0x52, 0xA1, 0xDA, 0xF1, 0xF6, 0xD4, 0x88, 0x05, 0x00, 0x00, 0x00,
0x00, 0x00, 0x66, 0xFF, 0xFF, 0x65, 0x00, 0x00, 0x00, 0x00, 0x00, 0x00, 0x00, 0x00, 0xA9, 0xFF,
0xFF, 0xA8, 0x00, 0x00, 0x00, 0x00, 0x00, 0x00, 0x00, 0x01, 0xEA, 0xFF, 0xFF, 0xEA, 0x01, 0x00,
0x00, 0x00, 0x00, 0x00, 0x00, 0x30, 0xFF, 0xE2, 0xE2, 0xFF, 0x2F, 0x00, 0x00, 0x00, 0x00, 0x00,
0x00, 0x73, 0xFF, 0x9F, 0xA0, 0xFF, 0x72, 0x00, 0x00, 0x00, 0x00, 0x00, 0x00, 0xB7, 0xFF, 0x5B,
0x5C, 0xFF, 0xB5, 0x00, 0x00, 0x00, 0x00, 0x00, 0x05, 0xF4, 0xFF, 0x19, 0x19, 0xFF, 0xF3, 0x05,
0x00, 0x00, 0x00, 0x00, 0x3D, 0xFF, 0xD5, 0x00, 0x00, 0xD6, 0xFF, 0x3C, 0x00, 0x00, 0x00, 0x00,
0x81, 0xFF, 0x92, 0x00, 0x00, 0x93, 0xFF, 0x7F, 0x00, 0x00, 0x00, 0x00, 0xC4, 0xFF, 0x4F, 0x00,
0x00, 0x50, 0xFF, 0xC3, 0x00, 0x00, 0x00, 0x0C, 0xFA, 0xFC, 0x0F, 0x00, 0x00, 0x10, 0xFC, 0xFA,
0x0C, 0x00, 0x00, 0x4B, 0xFF, 0xC9, 0x00, 0x00, 0x00, 0x00, 0xCA, 0xFF, 0x49, 0x00, 0x00, 0x8E,
0xFF, 0xFF, 0xFF, 0xFF, 0xFF, 0xFF, 0xFF, 0xFF, 0x8D, 0x00, 0x00, 0xD1, 0xFF, 0xFF, 0xFF, 0xFF,
0xFF, 0xFF, 0xFF, 0xFF, 0xD0, 0x00, 0x16, 0xFE, 0xF6, 0x07, 0x00, 0x00, 0x00, 0x00, 0x07, 0xF7,
0xFE, 0x15, 0x58, 0xFF, 0xBA, 0x00, 0x00, 0x00, 0x00, 0x00, 0x00, 0xBC, 0xFF, 0x57, 0x9B, 0xFF,
0x77, 0x00, 0x00, 0x00, 0x00, 0x00, 0x00, 0x79, 0xFF, 0x9A, 0xDE, 0xFF, 0x35, 0x00, 0x00, 0x00,
0x00, 0x00, 0x00, 0x36, 0xFF, 0xDE, 0xFF, 0xFF, 0xFF, 0xFF, 0xFF, 0xF3, 0xCB, 0x74, 0x06, 0x00,
0x00, 0xFF, 0xFF, 0xFF, 0xFF, 0xFF, 0xFF, 0xFF, 0xFF, 0xC4, 0x09, 0x00, 0xFF, 0xFF, 0x00, 0x00,
0x01, 0x16, 0x4F, 0xDF, 0xFF, 0x7E, 0x00, 0xFF, 0xFF, 0x00, 0x00, 0x00, 0x00, 0x00, 0x46, 0xFF,
0xD5, 0x00, 0xFF, 0xFF, 0x00, 0x00, 0x00, 0x00, 0x00, 0x0E, 0xFF, 0xF7, 0x00, 0xFF, 0xFF, 0x00,
0x00, 0x00, 0x00, 0x00, 0x17, 0xFF, 0xEF, 0x00, 0xFF, 0xFF, 0x00, 0x00, 0x00, 0x00, 0x00, 0x57,
0xFF, 0xC8, 0x00, 0xFF, 0xFF, 0x00, 0x00, 0x01, 0x18, 0x59, 0xE8, 0xFF, 0x5E, 0x00, 0xFF, 0xFF,
0xFF, 0xFF, 0xFF, 0xFF, 0xFF, 0xE2, 0x6B, 0x00, 0x00, 0xFF, 0xFF, 0xFF, 0xFF, 0xFF, 0xFF, 0xFF,
0xF5, 0xAC, 0x1F, 0x00, 0xFF, 0xFF, 0x00, 0x00, 0x00, 0x09, 0x2A, 0x7F, 0xF8, 0xEB, 0x1E, 0xFF,
0xFF, 0x00, 0x00, 0x00, 0x00, 0x00, 0x00, 0x66, 0xFF, 0x9E, 0xFF, 0xFF, 0x00, 0x00, 0x00, 0x00,
0x00, 0x00, 0x11, 0xFF, 0xDF, 0xFF, 0xFF, 0x00, 0x00, 0x00, 0x00, 0x00, 0x00, 0x12, 0xFF, 0xF8,
0xFF, 0xFF, 0x00, 0x00, 0x00, 0x00, 0x00, 0x00, 0x5A, 0xFF, 0xDC, 0xFF, 0xFF, 0x00, 0x00, 0x00,
0x06, 0x23, 0x6B, 0xF2, 0xFF, 0x82, 0xFF, 0xFF, 0xFF, 0xFF, 0xFF, 0xFF, 0xFF, 0xFF, 0xFF, 0xB9,
0x09, 0xFF, 0xFF, 0xFF, 0xFF, 0xFF, 0xF7, 0xE1, 0xAF, 0x57, 0x01, 0x00, 0x00, 0x00, 0x00, 0x17,
0x86, 0xD1, 0xF1, 0xF2, 0xD3, 0x9A, 0x33, 0x00, 0x00, 0x49, 0xEF, 0xFF, 0xFF, 0xFF, 0xFF, 0xFF,
0xFF, 0xFF, 0x00, 0x35, 0xF8, 0xFE, 0x9B, 0x32, 0x09, 0x09, 0x2B, 0x72, 0xD1, 0x01, 0xD0, 0xFF,
0x73, 0x00, 0x00, 0x00, 0x00, 0x00, 0x00, 0x00, 0x42, 0xFF, 0xCF, 0x01, 0x00, 0x00, 0x00, 0x00,
0x00, 0x00, 0x00, 0x95, 0xFF, 0x70, 0x00, 0x00, 0x00, 0x00, 0x00, 0x00, 0x00, 0x00, 0xC9, 0xFF,
0x36, 0x00, 0x00, 0x00, 0x00, 0x00, 0x00, 0x00, 0x00, 0xEA, 0xFF, 0x12, 0x00, 0x00, 0x00, 0x00,
0x00, 0x00, 0x00, 0x00, 0xF9, 0xFF, 0x05, 0x00, 0x00, 0x00, 0x00, 0x00, 0x00, 0x00, 0x00, 0xF9,
0xFF, 0x05, 0x00, 0x00, 0x00, 0x00, 0x00, 0x00, 0x00, 0x00, 0xEB, 0xFF, 0x12, 0x00, 0x00, 0x00,
0x00, 0x00, 0x00, 0x00, 0x00, 0xCB, 0xFF, 0x35, 0x00, 0x00, 0x00, 0x00, 0x00, 0x00, 0x00, 0x00,
0x97, 0xFF, 0x70, 0x00, 0x00, 0x00, 0x00, 0x00, 0x00, 0x00, 0x00, 0x46, 0xFF, 0xCE, 0x01, 0x00,
0x00, 0x00, 0x00, 0x00, 0x00, 0x00, 0x02, 0xD5, 0xFF, 0x70, 0x00, 0x00, 0x00, 0x00, 0x00, 0x00,
0x00, 0x00, 0x3A, 0xFA, 0xFE, 0x99, 0x30, 0x09, 0x12, 0x30, 0x6D, 0xCE, 0x00, 0x00, 0x4E, 0xF1,
0xFF, 0xFF, 0xFF, 0xFF, 0xFF, 0xFF, 0xFF, 0x00, 0x00, 0x00, 0x19, 0x88, 0xD3, 0xF2, 0xF3, 0xD4,
0x9A, 0x33, 0xFF, 0xFF, 0xFF, 0xFA, 0xE7, 0xC2, 0x7D, 0x15, 0x00, 0x00, 0x00, 0xFF, 0xFF, 0xFF,
0xFF, 0xFF, 0xFF, 0xFF, 0xF3, 0x59, 0x00, 0x00, 0xFF, 0xFF, 0x00, 0x05, 0x17, 0x46, 0xA2, 0xFE,
0xFE, 0x4D, 0x00, 0xFF, 0xFF, 0x00, 0x00, 0x00, 0x00, 0x00, 0x5C, 0xFF, 0xE5, 0x06, 0xFF, 0xFF,
0x00, 0x00, 0x00, 0x00, 0x00, 0x00, 0xB9, 0xFF, 0x55, 0xFF, 0xFF, 0x00, 0x00, 0x00, 0x00, 0x00,
0x00, 0x61, 0xFF, 0x9E, 0xFF, 0xFF, 0x00, 0x00, 0x00, 0x00, 0x00, 0x00, 0x30, 0xFF, 0xCF, 0xFF,
0xFF, 0x00, 0x00, 0x00, 0x00, 0x00, 0x00, 0x12, 0xFF, 0xEA, 0xFF, 0xFF, 0x00, 0x00, 0x00, 0x00,
0x00, 0x00, 0x06, 0xFF, 0xF8, 0xFF, 0xFF, 0x00, 0x00, 0x00, 0x00, 0x00, 0x00, 0x05, 0xFF, 0xF8,
0xFF, 0xFF, 0x00, 0x00, 0x00, 0x00, 0x00, 0x00, 0x11, 0xFF, 0xEA, 0xFF, 0xFF, 0x00, 0x00, 0x00,
0x00, 0x00, 0x00, 0x30, 0xFF, 0xD0, 0xFF, 0xFF, 0x00, 0x00, 0x00, 0x00, 0x00, 0x00, 0x61, 0xFF,
0x9F, 0xFF, 0xFF, 0x00, 0x00, 0x00, 0x00, 0x00, 0x00, 0xB9, 0xFF, 0x57, 0xFF, 0xFF, 0x00, 0x00,
0x00, 0x00, 0x00, 0x5C, 0xFF, 0xE7, 0x07, 0xFF, 0xFF, 0x00, 0x04, 0x16, 0x46, 0xA2, 0xFE, 0xFE,
0x50, 0x00, 0xFF, 0xFF, 0xFF, 0xFF, 0xFF, 0xFF, 0xFF, 0xF5, 0x5C, 0x00, 0x00, 0xFF, 0xFF, 0xFF,
0xFB, 0xE9, 0xC3, 0x7F, 0x17, 0x00, 0x00, 0x00, 0xFF, 0xFF, 0xFF, 0xFF, 0xFF, 0xFF, 0xFF, 0xFF,
0xFF, 0xFF, 0xFF, 0xFF, 0xFF, 0xFF, 0xFF, 0xFF, 0xFF, 0xFF, 0xFF, 0xFF, 0xFF, 0xFF, 0xFF, 0xFF,
0x00, 0x00, 0x00, 0x00, 0x00, 0x00, 0x00, 0x00, 0x00, 0xFF, 0xFF, 0x00, 0x00, 0x00, 0x00, 0x00,
0x00, 0x00, 0x00, 0x00, 0xFF, 0xFF, 0x00, 0x00, 0x00, 0x00, 0x00, 0x00, 0x00, 0x00, 0x00, 0xFF,
0xFF, 0x00, 0x00, 0x00, 0x00, 0x00, 0x00, 0x00, 0x00, 0x00, 0xFF, 0xFF, 0x00, 0x00, 0x00, 0x00,
0x00, 0x00, 0x00, 0x00, 0x00, 0xFF, 0xFF, 0x00, 0x00, 0x00, 0x00, 0x00, 0x00, 0x00, 0x00, 0x00,
0xFF, 0xFF, 0xFF, 0xFF, 0xFF, 0xFF, 0xFF, 0xFF, 0xFF, 0xFF, 0x00, 0xFF, 0xFF, 0xFF, 0xFF, 0xFF,
0xFF, 0xFF, 0xFF, 0xFF, 0xFF, 0x00, 0xFF, 0xFF, 0x00, 0x00, 0x00, 0x00, 0x00, 0x00, 0x00, 0x00,
0x00, 0xFF, 0xFF, 0x00, 0x00, 0x00, 0x00, 0x00, 0x00, 0x00, 0x00, 0x00, 0xFF, 0xFF, 0x00, 0x00,
0x00, 0x00, 0x00, 0x00, 0x00, 0x00, 0x00, 0xFF, 0xFF, 0x00, 0x00, 0x00, 0x00, 0x00, 0x00, 0x00,
0x00, 0x00, 0xFF, 0xFF, 0x00, 0x00, 0x00, 0x00, 0x00, 0x00, 0x00, 0x00, 0x00, 0xFF, 0xFF, 0x00,
0x00, 0x00, 0x00, 0x00, 0x00, 0x00, 0x00, 0x00, 0xFF, 0xFF, 0xFF, 0xFF, 0xFF, 0xFF, 0xFF, 0xFF,
0xFF, 0xFF, 0xFF, 0xFF, 0xFF, 0xFF, 0xFF, 0xFF, 0xFF, 0xFF, 0xFF, 0xFF, 0xFF, 0xFF, 0xFF, 0xFF,
0xFF, 0xFF, 0xFF, 0xFF, 0xFF, 0xFF, 0xFF, 0xFF, 0xFF, 0xFF, 0xFF, 0xFF, 0xFF, 0xFF, 0xFF, 0xFF,
0xFF, 0xFF, 0xFF, 0xFF, 0xFF, 0xFF, 0x00, 0x00, 0x00, 0x00, 0x00, 0x00, 0x00, 0x00, 0x00, 0xFF,
0xFF, 0x00, 0x00, 0x00, 0x00, 0x00, 0x00, 0x00, 0x00, 0x00, 0xFF, 0xFF, 0x00, 0x00, 0x00, 0x00,
0x00, 0x00, 0x00, 0x00, 0x00, 0xFF, 0xFF, 0x00, 0x00, 0x00, 0x00, 0x00, 0x00, 0x00, 0x00, 0x00,
0xFF, 0xFF, 0x00, 0x00, 0x00, 0x00, 0x00, 0x00, 0x00, 0x00, 0x00, 0xFF, 0xFF, 0x00, 0x00, 0x00,
0x00, 0x00, 0x00, 0x00, 0x00, 0x00, 0xFF, 0xFF, 0xFF, 0xFF, 0xFF, 0xFF, 0xFF, 0xFF, 0xFF, 0xFF,
0x00, 0xFF, 0xFF, 0xFF, 0xFF, 0xFF, 0xFF, 0xFF, 0xFF, 0xFF, 0xFF, 0x00, 0xFF, 0xFF, 0x00, 0x00,
0x00, 0x00, 0x00, 0x00, 0x00, 0x00, 0x00, 0xFF, 0xFF, 0x00, 0x00, 0x00, 0x00, 0x00, 0x00, 0x00,
0x00, 0x00, 0xFF, 0xFF, 0x00, 0x00, 0x00, 0x00, 0x00, 0x00, 0x00, 0x00, 0x00, 0xFF, 0xFF, 0x00,
0x00, 0x00, 0x00, 0x00, 0x00, 0x00, 0x00, 0x00, 0xFF, 0xFF, 0x00, 0x00, 0x00, 0x00, 0x00, 0x00,
0x00, 0x00, 0x00, 0xFF, 0xFF, 0x00, 0x00, 0x00, 0x00, 0x00, 0x00, 0x00, 0x00, 0x00, 0xFF, 0xFF,
0x00, 0x00, 0x00, 0x00, 0x00, 0x00, 0x00, 0x00, 0x00, 0xFF, 0xFF, 0x00, 0x00, 0x00, 0x00, 0x00,
0x00, 0x00, 0x00, 0x00, 0x00, 0x00, 0x00, 0x1C, 0x8B, 0xD5, 0xF3, 0xF0, 0xD1, 0x95, 0x31, 0x00,
0x00, 0x00, 0x50, 0xF2, 0xFF, 0xFF, 0xFF, 0xFF, 0xFF, 0xFF, 0xFF, 0x00, 0x00, 0x3B, 0xFA, 0xFD,
0x94, 0x2E, 0x08, 0x15, 0x32, 0x68, 0xC6, 0x00, 0x02, 0xD5, 0xFF, 0x6B, 0x00, 0x00, 0x00, 0x00,
0x00, 0x00, 0x00, 0x00, 0x46, 0xFF, 0xCB, 0x00, 0x00, 0x00, 0x00, 0x00, 0x00, 0x00, 0x00, 0x00,
0x97, 0xFF, 0x6E, 0x00, 0x00, 0x00, 0x00, 0x00, 0x00, 0x00, 0x00, 0x00, 0xCA, 0xFF, 0x35, 0x00,
0x00, 0x00, 0x00, 0x00, 0x00, 0x00, 0x00, 0x00, 0xEB, 0xFF, 0x12, 0x00, 0x00, 0x00, 0x00, 0x00,
0x00, 0x00, 0x00, 0x00, 0xF9, 0xFF, 0x05, 0x00, 0x00, 0x00, 0x00, 0x00, 0x00, 0x00, 0x00, 0x00,
0xF9, 0xFF, 0x05, 0x00, 0x00, 0x00, 0x00, 0xFF, 0xFF, 0xFF, 0xFF, 0xFF, 0xEA, 0xFF, 0x13, 0x00,
0x00, 0x00, 0x00, 0xFF, 0xFF, 0xFF, 0xFF, 0xFF, 0xC9, 0xFF, 0x37, 0x00, 0x00, 0x00, 0x00, 0x00,
0x00, 0x00, 0xFF, 0xFF, 0x95, 0xFF, 0x72, 0x00, 0x00, 0x00, 0x00, 0x00, 0x00, 0x00, 0xFF, 0xFF,
0x42, 0xFF, 0xD2, 0x02, 0x00, 0x00, 0x00, 0x00, 0x00, 0x00, 0xFF, 0xFF, 0x01, 0xD0, 0xFF, 0x7E,
0x00, 0x00, 0x00, 0x00, 0x00, 0x00, 0xFF, 0xFF, 0x00, 0x35, 0xF8, 0xFF, 0xAA, 0x3E, 0x0F, 0x08,
0x23, 0x78, 0xFF, 0xFF, 0x00, 0x00, 0x47, 0xEE, 0xFF, 0xFF, 0xFF, 0xFF, 0xFF, 0xFF, 0xFE, 0x89,
0x00, 0x00, 0x00, 0x15, 0x83, 0xCF, 0xF0, 0xF8, 0xDE, 0x9D, 0x30, 0x00, 0xFF, 0xFF, 0x00, 0x00,
0x00, 0x00, 0x00, 0x00, 0x00, 0xFF, 0xFF, 0xFF, 0xFF, 0x00, 0x00, 0x00, 0x00, 0x00, 0x00, 0x00,
0xFF, 0xFF, 0xFF, 0xFF, 0x00, 0x00, 0x00, 0x00, 0x00, 0x00, 0x00, 0xFF, 0xFF, 0xFF, 0xFF, 0x00,
0x00, 0x00, 0x00, 0x00, 0x00, 0x00, 0xFF, 0xFF, 0xFF, 0xFF, 0x00, 0x00, 0x00, 0x00, 0x00, 0x00,
0x00, 0xFF, 0xFF, 0xFF, 0xFF, 0x00, 0x00, 0x00, 0x00, 0x00, 0x00, 0x00, 0xFF, 0xFF, 0xFF, 0xFF,
0x00, 0x00, 0x00, 0x00, 0x00, 0x00, 0x00, 0xFF, 0xFF, 0xFF, 0xFF, 0x00, 0x00, 0x00, 0x00, 0x00,
0x00, 0x00, 0xFF, 0xFF, 0xFF, 0xFF, 0xFF, 0xFF, 0xFF, 0xFF, 0xFF, 0xFF, 0xFF, 0xFF, 0xFF, 0xFF,
0xFF, 0xFF, 0xFF, 0xFF, 0xFF, 0xFF, 0xFF, 0xFF, 0xFF, 0xFF, 0xFF, 0xFF, 0x00, 0x00, 0x00, 0x00,
0x00, 0x00, 0x00, 0xFF, 0xFF, 0xFF, 0xFF, 0x00, 0x00, 0x00, 0x00, 0x00, 0x00, 0x00, 0xFF, 0xFF,
0xFF, 0xFF, 0x00, 0x00, 0x00, 0x00, 0x00, 0x00, 0x00, 0xFF, 0xFF, 0xFF, 0xFF, 0x00, 0x00, 0x00,
0x00, 0x00, 0x00, 0x00, 0xFF, 0xFF, 0xFF, 0xFF, 0x00, 0x00, 0x00, 0x00, 0x00, 0x00, 0x00, 0xFF,
0xFF, 0xFF, 0xFF, 0x00, 0x00, 0x00, 0x00, 0x00, 0x00, 0x00, 0xFF, 0xFF, 0xFF, 0xFF, 0x00, 0x00,
0x00, 0x00, 0x00, 0x00, 0x00, 0xFF, 0xFF, 0xFF, 0xFF, 0x00, 0x00, 0x00, 0x00, 0x00, 0x00, 0x00,
0xFF, 0xFF, 0xFF, 0xFF, 0xFF, 0xFF, 0xFF, 0xFF, 0xFF, 0xFF, 0xFF, 0xFF, 0xFF, 0xFF, 0xFF, 0xFF,
0xFF, 0xFF, 0xFF, 0xFF, 0xFF, 0xFF, 0x00, 0x00, 0x00, 0x00, 0xFF, 0xFF, 0x00, 0x00, 0x00, 0x00,
0x00, 0x00, 0x00, 0x00, 0xFF, 0xFF, 0x00, 0x00, 0x00, 0x00, 0x00, 0x00, 0x00, 0x00, 0xFF, 0xFF,
0x00, 0x00, 0x00, 0x00, 0x00, 0x00, 0x00, 0x00, 0xFF, 0xFF, 0x00, 0x00, 0x00, 0x00, 0x00, 0x00,
0x00, 0x00, 0xFF, 0xFF, 0x00, 0x00, 0x00, 0x00, 0x00, 0x00, 0x00, 0x00, 0xFF, 0xFF, 0x00, 0x00,
0x00, 0x00, 0x00, 0x00, 0x00, 0x00, 0xFF, 0xFF, 0x00, 0x00, 0x00, 0x00, 0x00, 0x00, 0x00, 0x00,
0xFF, 0xFF, 0x00, 0x00, 0x00, 0x00, 0x00, 0x00, 0x00, 0x00, 0xFF, 0xFF, 0x00, 0x00, 0x00, 0x00,
0x00, 0x00, 0x00, 0x00, 0xFF, 0xFF, 0x00, 0x00, 0x00, 0x00, 0x00, 0x00, 0x00, 0x00, 0xFF, 0xFF,
0x00, 0x00, 0x00, 0x00, 0x00, 0x00, 0x00, 0x00, 0xFF, 0xFF, 0x00, 0x00, 0x00, 0x00, 0x00, 0x00,
0x00, 0x00, 0xFF, 0xFF, 0x00, 0x00, 0x00, 0x00, 0x00, 0x00, 0x00, 0x00, 0xFF, 0xFF, 0x00, 0x00,
0x00, 0x00, 0xFF, 0xFF, 0xFF, 0xFF, 0xFF, 0xFF, 0xFF, 0xFF, 0xFF, 0xFF, 0xFF, 0xFF, 0xFF, 0xFF,
0xFF, 0xFF, 0xFF, 0xFF, 0xFF, 0xFF, 0x00, 0x00, 0x00, 0x00, 0xFF, 0xFF, 0xFF, 0xFF, 0xFF, 0xFF,
0x00, 0x00, 0x00, 0x00, 0xFF, 0xFF, 0xFF, 0xFF, 0xFF, 0xFF, 0x00, 0x00, 0x00, 0x00, 0x00, 0x00,
0x00, 0x00, 0xFF, 0xFF, 0x00, 0x00, 0x00, 0x00, 0x00, 0x00, 0x00, 0x00, 0xFF, 0xFF, 0x00, 0x00,
0x00, 0x00, 0x00, 0x00, 0x00, 0x00, 0xFF, 0xFF, 0x00, 0x00, 0x00, 0x00, 0x00, 0x00, 0x00, 0x00,
0xFF, 0xFF, 0x00, 0x00, 0x00, 0x00, 0x00, 0x00, 0x00, 0x00, 0xFF, 0xFF, 0x00, 0x00, 0x00, 0x00,
0x00, 0x00, 0x00, 0x00, 0xFF, 0xFF, 0x00, 0x00, 0x00, 0x00, 0x00, 0x00, 0x00, 0x00, 0xFF, 0xFF,
0x00, 0x00, 0x00, 0x00, 0x00, 0x00, 0x00, 0x00, 0xFF, 0xFF, 0x00, 0x00, 0x00, 0x00, 0x00, 0x00,
0x00, 0x00, 0xFF, 0xFF, 0x00, 0x00, 0x00, 0x00, 0x00, 0x00, 0x00, 0x00, 0xFF, 0xFF, 0x00, 0x00,
0x00, 0x00, 0x00, 0x00, 0x00, 0x08, 0xFF, 0xF6, 0x00, 0x00, 0x00, 0x00, 0x00, 0x00, 0x00, 0x22,
0xFF, 0xE3, 0x9E, 0x0A, 0x00, 0x00, 0x00, 0x00, 0x00, 0x66, 0xFF, 0xB6, 0xFF, 0xE5, 0x75, 0x29,
0x08, 0x0E, 0x53, 0xEC, 0xFF, 0x62, 0xFF, 0xFF, 0xFF, 0xFF, 0xFF, 0xFF, 0xFF, 0xFF, 0xC1, 0x03,
0x30, 0x88, 0xC6, 0xE3, 0xFA, 0xF1, 0xC9, 0x75, 0x08, 0x00, 0xFF, 0xFF, 0x00, 0x00, 0x00, 0x00,
0x00, 0x00, 0x27, 0xEA, 0xFF, 0xB1, 0x04, 0xFF, 0xFF, 0x00, 0x00, 0x00, 0x00, 0x00, 0x1D, 0xE1,
0xFF, 0xC0, 0x08, 0x00, 0xFF, 0xFF, 0x00, 0x00, 0x00, 0x00, 0x14, 0xD7, 0xFF, 0xCD, 0x0E, 0x00,
0x00, 0xFF, 0xFF, 0x00, 0x00, 0x00, 0x0C, 0xCA, 0xFF, 0xD9, 0x15, 0x00, 0x00, 0x00, 0xFF, 0xFF,
0x00, 0x00, 0x07, 0xBD, 0xFF, 0xE3, 0x1E, 0x00, 0x00, 0x00, 0x00, 0xFF, 0xFF, 0x00, 0x03, 0xAD,
0xFF, 0xEB, 0x28, 0x00, 0x00, 0x00, 0x00, 0x00, 0xFF, 0xFF, 0x00, 0x9C, 0xFF, 0xF2, 0x34, 0x00,
0x00, 0x00, 0x00, 0x00, 0x00, 0xFF, 0xFF, 0x8A, 0xFF, 0xFF, 0x8D, 0x00, 0x00, 0x00, 0x00, 0x00,
0x00, 0x00, 0xFF, 0xFF, 0xFF, 0xFB, 0xFF, 0xF6, 0x25, 0x00, 0x00, 0x00, 0x00, 0x00, 0x00, 0xFF,
0xFF, 0xFE, 0x58, 0xA1, 0xFF, 0xC2, 0x01, 0x00, 0x00, 0x00, 0x00, 0x00, 0xFF, 0xFF, 0x6D, 0x00,
0x11, 0xE6, 0xFF, 0x6D, 0x00, 0x00, 0x00, 0x00, 0x00, 0xFF, 0xFF, 0x00, 0x00, 0x00, 0x4F, 0xFF,
0xF4, 0x21, 0x00, 0x00, 0x00, 0x00, 0xFF, 0xFF, 0x00, 0x00, 0x00, 0x00, 0xA6, 0xFF, 0xBE, 0x01,
0x00, 0x00, 0x00, 0xFF, 0xFF, 0x00, 0x00, 0x00, 0x00, 0x13, 0xE9, 0xFF, 0x68, 0x00, 0x00, 0x00,
0xFF, 0xFF, 0x00, 0x00, 0x00, 0x00, 0x00, 0x54, 0xFF, 0xF2, 0x1E, 0x00, 0x00, 0xFF, 0xFF, 0x00,
0x00, 0x00, 0x00, 0x00, 0x00, 0xAB, 0xFF, 0xB8, 0x00, 0x00, 0xFF, 0xFF, 0x00, 0x00, 0x00, 0x00,
0x00, 0x00, 0x16, 0xEB, 0xFF, 0x62, 0x00, 0xFF, 0xFF, 0x00, 0x00, 0x00, 0x00, 0x00, 0x00, 0x00,
0x59, 0xFF, 0xF0, 0x1B, 0xFF, 0xFF, 0x00, 0x00, 0x00, 0x00, 0x00, 0x00, 0x00, 0x00, 0x00, 0xFF,
0xFF, 0x00, 0x00, 0x00, 0x00, 0x00, 0x00, 0x00, 0x00, 0x00, 0xFF, 0xFF, 0x00, 0x00, 0x00, 0x00,
0x00, 0x00, 0x00, 0x00, 0x00, 0xFF, 0xFF, 0x00, 0x00, 0x00, 0x00, 0x00, 0x00, 0x00, 0x00, 0x00,
0xFF, 0xFF, 0x00, 0x00, 0x00, 0x00, 0x00, 0x00, 0x00, 0x00, 0x00, 0xFF, 0xFF, 0x00, 0x00, 0x00,
0x00, 0x00, 0x00, 0x00, 0x00, 0x00, 0xFF, 0xFF, 0x00, 0x00, 0x00, 0x00, 0x00, 0x00, 0x00, 0x00,
0x00, 0xFF, 0xFF, 0x00, 0x00, 0x00, 0x00, 0x00, 0x00, 0x00, 0x00, 0x00, 0xFF, 0xFF, 0x00, 0x00,
0x00, 0x00, 0x00, 0x00, 0x00, 0x00, 0x00, 0xFF, 0xFF, 0x00, 0x00, 0x00, 0x00, 0x00, 0x00, 0x00,
0x00, 0x00, 0xFF, 0xFF, 0x00, 0x00, 0x00, 0x00, 0x00, 0x00, 0x00, 0x00, 0x00, 0xFF, 0xFF, 0x00,
0x00, 0x00, 0x00, 0x00, 0x00, 0x00, 0x00, 0x00, 0xFF, 0xFF, 0x00, 0x00, 0x00, 0x00, 0x00, 0x00,
0x00, 0x00, 0x00, 0xFF, 0xFF, 0x00, 0x00, 0x00, 0x00, 0x00, 0x00, 0x00, 0x00, 0x00, 0xFF, 0xFF,
0x00, 0x00, 0x00, 0x00, 0x00, 0x00, 0x00, 0x00, 0x00, 0xFF, 0xFF, 0x00, 0x00, 0x00, 0x00, 0x00,
0x00, 0x00, 0x00, 0x00, 0xFF, 0xFF, 0xFF, 0xFF, 0xFF, 0xFF, 0xFF, 0xFF, 0xFF, 0xFF, 0xFF, 0xFF,
0xFF, 0xFF, 0xFF, 0xFF, 0xFF, 0xFF, 0xFF, 0xFF, 0xFF, 0xFF, 0xFF, 0xFF, 0xFF, 0x24, 0x00, 0x00,
0x00, 0x00, 0x25, 0xFF, 0xFF, 0xFF, 0xFF, 0xFF, 0xFF, 0x74, 0x00, 0x00, 0x00, 0x00, 0x77, 0xFF,
0xFF, 0xFF, 0xFF, 0xFF, 0xDC, 0xC5, 0x00, 0x00, 0x00, 0x00, 0xC9, 0xDC, 0xFF, 0xFF, 0xFF, 0xFF,
0x8B, 0xFE, 0x18, 0x00, 0x00, 0x1B, 0xFE, 0x8A, 0xFF, 0xFF, 0xFF, 0xFF, 0x3A, 0xFF, 0x67, 0x00,
0x00, 0x6D, 0xFF, 0x39, 0xFF, 0xFF, 0xFF, 0xFF, 0x01, 0xE6, 0xB8, 0x00, 0x00, 0xBE, 0xE6, 0x01,
0xFF, 0xFF, 0xFF, 0xFF, 0x00, 0x97, 0xFA, 0x0F, 0x13, 0xFC, 0x96, 0x00, 0xFF, 0xFF, 0xFF, 0xFF,
0x00, 0x46, 0xFF, 0x5A, 0x62, 0xFF, 0x45, 0x00, 0xFF, 0xFF, 0xFF, 0xFF, 0x00, 0x05, 0xEF, 0xAB,
0xB4, 0xEF, 0x05, 0x00, 0xFF, 0xFF, 0xFF, 0xFF, 0x00, 0x00, 0xA3, 0xF4, 0xF8, 0xA2, 0x00, 0x00,
0xFF, 0xFF, 0xFF, 0xFF, 0x00, 0x00, 0x52, 0xFF, 0xFF, 0x51, 0x00, 0x00, 0xFF, 0xFF, 0xFF, 0xFF,
0x00, 0x00, 0x0A, 0xF6, 0xF6, 0x0A, 0x00, 0x00, 0xFF, 0xFF, 0xFF, 0xFF, 0x00, 0x00, 0x00, 0x00,
0x00, 0x00, 0x00, 0x00, 0xFF, 0xFF, 0xFF, 0xFF, 0x00, 0x00, 0x00, 0x00, 0x00, 0x00, 0x00, 0x00,
0xFF, 0xFF, 0xFF, 0xFF, 0x00, 0x00, 0x00, 0x00, 0x00, 0x00, 0x00, 0x00, 0xFF, 0xFF, 0xFF, 0xFF,
0x00, 0x00, 0x00, 0x00, 0x00, 0x00, 0x00, 0x00, 0xFF, 0xFF, 0xFF, 0xFF, 0x00, 0x00, 0x00, 0x00,
0x00, 0x00, 0x00, 0x00, 0xFF, 0xFF, 0xFF, 0xFF, 0x00, 0x00, 0x00, 0x00, 0x00, 0x00, 0x00, 0x00,
0xFF, 0xFF, 0xFF, 0xFF, 0xEC, 0x08, 0x00, 0x00, 0x00, 0x00, 0x00, 0xFF, 0xFF, 0xFF, 0xFF, 0xFF,
0x5F, 0x00, 0x00, 0x00, 0x00, 0x00, 0xFF, 0xFF, 0xFF, 0xFF, 0xFF, 0xCA, 0x00, 0x00, 0x00, 0x00,
0x00, 0xFF, 0xFF, 0xFF, 0xFF, 0xCE, 0xFF, 0x34, 0x00, 0x00, 0x00, 0x00, 0xFF, 0xFF, 0xFF, 0xFF,
0x63, 0xFF, 0x9F, 0x00, 0x00, 0x00, 0x00, 0xFF, 0xFF, 0xFF, 0xFF, 0x09, 0xEE, 0xF7, 0x12, 0x00,
0x00, 0x00, 0xFF, 0xFF, 0xFF, 0xFF, 0x00, 0x8D, 0xFF, 0x74, 0x00, 0x00, 0x00, 0xFF, 0xFF, 0xFF,
0xFF, 0x00, 0x24, 0xFE, 0xDC, 0x01, 0x00, 0x00, 0xFF, 0xFF, 0xFF, 0xFF, 0x00, 0x00, 0xB8, 0xFF,
0x49, 0x00, 0x00, 0xFF, 0xFF, 0xFF, 0xFF, 0x00, 0x00, 0x4D, 0xFF, 0xB4, 0x00, 0x00, 0xFF, 0xFF,
0xFF, 0xFF, 0x00, 0x00, 0x02, 0xDF, 0xFD, 0x21, 0x00, 0xFF, 0xFF, 0xFF, 0xFF, 0x00, 0x00, 0x00,
0x77, 0xFF, 0x89, 0x00, 0xFF, 0xFF, 0xFF, 0xFF, 0x00, 0x00, 0x00, 0x14, 0xF8, 0xEB, 0x07, 0xFF,
0xFF, 0xFF, 0xFF, 0x00, 0x00, 0x00, 0x00, 0xA1, 0xFF, 0x5E, 0xFF, 0xFF, 0xFF, 0xFF, 0x00, 0x00,
0x00, 0x00, 0x36, 0xFF, 0xC8, 0xFF, 0xFF, 0xFF, 0xFF, 0x00, 0x00, 0x00, 0x00, 0x00, 0xCB, 0xFF,
0xFF, 0xFF, 0xFF, 0xFF, 0x00, 0x00, 0x00, 0x00, 0x00, 0x60, 0xFF, 0xFF, 0xFF, 0xFF, 0xFF, 0x00,
0x00, 0x00, 0x00, 0x00, 0x08, 0xEC, 0xFF, 0xFF, 0x00, 0x00, 0x07, 0x78, 0xCF, 0xF2, 0xF3, 0xCF,
0x78, 0x07, 0x00, 0x00, 0x00, 0x0E, 0xCE, 0xFF, 0xFF, 0xFF, 0xFF, 0xFF, 0xFF, 0xCE, 0x0E, 0x00,
0x00, 0xA5, 0xFF, 0xDA, 0x4B, 0x0D, 0x0D, 0x4B, 0xDA, 0xFF, 0xA4, 0x00, 0x26, 0xFE, 0xF1, 0x1C,
0x00, 0x00, 0x00, 0x00, 0x1D, 0xF1, 0xFD, 0x25, 0x78, 0xFF, 0x92, 0x00, 0x00, 0x00, 0x00, 0x00,
0x00, 0x93, 0xFF, 0x76, 0xB3, 0xFF, 0x4D, 0x00, 0x00, 0x00, 0x00, 0x00, 0x00, 0x4E, 0xFF, 0xB2,
0xDA, 0xFF, 0x25, 0x00, 0x00, 0x00, 0x00, 0x00, 0x00, 0x26, 0xFF, 0xD9, 0xF0, 0xFF, 0x0D, 0x00,
0x00, 0x00, 0x00, 0x00, 0x00, 0x0D, 0xFF, 0xEE, 0xFB, 0xFF, 0x04, 0x00, 0x00, 0x00, 0x00, 0x00,
0x00, 0x04, 0xFF, 0xFA, 0xFB, 0xFF, 0x04, 0x00, 0x00, 0x00, 0x00, 0x00, 0x00, 0x04, 0xFF, 0xF9,
0xF0, 0xFF, 0x0D, 0x00, 0x00, 0x00, 0x00, 0x00, 0x00, 0x0D, 0xFF, 0xEE, 0xDA, 0xFF, 0x25, 0x00,
0x00, 0x00, 0x00, 0x00, 0x00, 0x26, 0xFF, 0xD9, 0xB4, 0xFF, 0x4D, 0x00, 0x00, 0x00, 0x00, 0x00,
0x00, 0x4D, 0xFF, 0xB2, 0x7B, 0xFF, 0x91, 0x00, 0x00, 0x00, 0x00, 0x00, 0x00, 0x91, 0xFF, 0x76,
0x2A, 0xFE, 0xF0, 0x1B, 0x00, 0x00, 0x00, 0x00, 0x1B, 0xF0, 0xFE, 0x25, 0x00, 0xAA, 0xFF, 0xD8,
0x49, 0x0C, 0x0C, 0x49, 0xD8, 0xFF, 0xA4, 0x00, 0x00, 0x11, 0xD2, 0xFF, 0xFF, 0xFF, 0xFF, 0xFF,
0xFF, 0xCF, 0x0E, 0x00, 0x00, 0x00, 0x09, 0x7B, 0xD1, 0xF4, 0xF4, 0xD0, 0x78, 0x07, 0x00, 0x00,
0xFF, 0xFF, 0xFF, 0xFF, 0xFF, 0xF9, 0xE4, 0xB1, 0x52, 0x00, 0x00, 0xFF, 0xFF, 0xFF, 0xFF, 0xFF,
0xFF, 0xFF, 0xFF, 0xFF, 0xAA, 0x03, 0xFF, 0xFF, 0x00, 0x00, 0x00, 0x0D, 0x2F, 0x92, 0xFC, 0xFF,
0x6E, 0xFF, 0xFF, 0x00, 0x00, 0x00, 0x00, 0x00, 0x00, 0x6E, 0xFF, 0xCE, 0xFF, 0xFF, 0x00, 0x00,
0x00, 0x00, 0x00, 0x00, 0x0F, 0xFF, 0xF5, 0xFF, 0xFF, 0x00, 0x00, 0x00, 0x00, 0x00, 0x00, 0x0F,
0xFF, 0xF5, 0xFF, 0xFF, 0x00, 0x00, 0x00, 0x00, 0x00, 0x00, 0x6E, 0xFF, 0xCE, 0xFF, 0xFF, 0x00,
0x00, 0x00, 0x0C, 0x2E, 0x90, 0xFB, 0xFF, 0x70, 0xFF, 0xFF, 0xFF, 0xFF, 0xFF, 0xFF, 0xFF, 0xFF,
0xFF, 0xAE, 0x04, 0xFF, 0xFF, 0xFF, 0xFF, 0xFF, 0xFA, 0xE5, 0xB3, 0x56, 0x00, 0x00, 0xFF, 0xFF,
0x00, 0x00, 0x00, 0x00, 0x00, 0x00, 0x00, 0x00, 0x00, 0xFF, 0xFF, 0x00, 0x00, 0x00, 0x00, 0x00,
0x00, 0x00, 0x00, 0x00, 0xFF, 0xFF, 0x00, 0x00, 0x00, 0x00, 0x00, 0x00, 0x00, 0x00, 0x00, 0xFF,
0xFF, 0x00, 0x00, 0x00, 0x00, 0x00, 0x00, 0x00, 0x00, 0x00, 0xFF, 0xFF, 0x00, 0x00, 0x00, 0x00,
0x00, 0x00, 0x00, 0x00, 0x00, 0xFF, 0xFF, 0x00, 0x00, 0x00, 0x00, 0x00, 0x00, 0x00, 0x00, 0x00,
0xFF, 0xFF, 0x00, 0x00, 0x00, 0x00, 0x00, 0x00, 0x00, 0x00, 0x00, 0xFF, 0xFF, 0x00, 0x00, 0x00,
0x00, 0x00, 0x00, 0x00, 0x00, 0x00, 0x00, 0x00, 0x07, 0x78, 0xCF, 0xF2, 0xF3, 0xCF, 0x78, 0x07,
0x00, 0x00, 0x00, 0x0E, 0xCE, 0xFF, 0xFF, 0xFF, 0xFF, 0xFF, 0xFF, 0xCE, 0x0E, 0x00, 0x00, 0xA5,
0xFF, 0xDA, 0x4B, 0x0D, 0x0D, 0x4B, 0xDA, 0xFF, 0xA4, 0x00, 0x26, 0xFE, 0xF1, 0x1C, 0x00, 0x00,
0x00, 0x00, 0x1D, 0xF1, 0xFD, 0x25, 0x78, 0xFF, 0x92, 0x00, 0x00, 0x00, 0x00, 0x00, 0x00, 0x93,
0xFF, 0x77, 0xB3, 0xFF, 0x4D, 0x00, 0x00, 0x00, 0x00, 0x00, 0x00, 0x4E, 0xFF, 0xB2, 0xDA, 0xFF,
0x25, 0x00, 0x00, 0x00, 0x00, 0x00, 0x00, 0x26, 0xFF, 0xD9, 0xF0, 0xFF, 0x0D, 0x00, 0x00, 0x00,
0x00, 0x00, 0x00, 0x0D, 0xFF, 0xEE, 0xFB, 0xFF, 0x04, 0x00, 0x00, 0x00, 0x00, 0x00, 0x00, 0x04,
0xFF, 0xFA, 0xFA, 0xFF, 0x04, 0x00, 0x00, 0x00, 0x00, 0x00, 0x00, 0x04, 0xFF, 0xFB, 0xEF, 0xFF,
0x0D, 0x00, 0x00, 0x00, 0x00, 0x00, 0x00, 0x0D, 0xFF, 0xF3, 0xD9, 0xFF, 0x25, 0x00, 0x00, 0x00,
0x00, 0x00, 0x00, 0x26, 0xFF, 0xDF, 0xB2, 0xFF, 0x4D, 0x00, 0x00, 0x00, 0x00, 0x00, 0x00, 0x4D,
0xFF, 0xBE, 0x76, 0xFF, 0x91, 0x00, 0x00, 0x00, 0x00, 0x00, 0x00, 0x91, 0xFF, 0x8C, 0x24, 0xFD,
0xF0, 0x1B, 0x00, 0x00, 0x00, 0x00, 0x1B, 0xF0, 0xFF, 0x43, 0x00, 0xA1, 0xFF, 0xD8, 0x49, 0x0C,
0x0C, 0x49, 0xD8, 0xFF, 0xD2, 0x01, 0x00, 0x0D, 0xCB, 0xFF, 0xFF, 0xFF, 0xFF, 0xFF, 0xFF, 0xF3,
0x32, 0x00, 0x00, 0x00, 0x06, 0x75, 0xCE, 0xF3, 0xFF, 0xFF, 0xFF, 0x5F, 0x00, 0x00, 0x00, 0x00,
0x00, 0x00, 0x00, 0x00, 0x1A, 0xD3, 0xFF, 0xEE, 0x2D, 0x00, 0x00, 0x00, 0x00, 0x00, 0x00, 0x00,
0x00, 0x11, 0xC6, 0xFF, 0xE7, 0x13, 0x00, 0x00, 0x00, 0x00, 0x00, 0x00, 0x00, 0x00, 0x0A, 0xB3,
0x66, 0x00, 0xFF, 0xFF, 0xFF, 0xFF, 0xFF, 0xF7, 0xDF, 0xA9, 0x47, 0x00, 0x00, 0x00, 0x00, 0xFF,
0xFF, 0xFF, 0xFF, 0xFF, 0xFF, 0xFF, 0xFF, 0xFF, 0x9D, 0x02, 0x00, 0x00, 0xFF, 0xFF, 0x00, 0x00,
0x00, 0x10, 0x31, 0x92, 0xFB, 0xFF, 0x67, 0x00, 0x00, 0xFF, 0xFF, 0x00, 0x00, 0x00, 0x00, 0x00,
0x00, 0x6D, 0xFF, 0xCB, 0x00, 0x00, 0xFF, 0xFF, 0x00, 0x00, 0x00, 0x00, 0x00, 0x00, 0x10, 0xFF,
0xF5, 0x00, 0x00, 0xFF, 0xFF, 0x00, 0x00, 0x00, 0x00, 0x00, 0x00, 0x17, 0xFF, 0xED, 0x00, 0x00,
0xFF, 0xFF, 0x00, 0x00, 0x00, 0x00, 0x00, 0x00, 0x69, 0xFF, 0xBF, 0x00, 0x00, 0xFF, 0xFF, 0x00,
0x00, 0x00, 0x05, 0x22, 0x75, 0xF7, 0xFE, 0x44, 0x00, 0x00, 0xFF, 0xFF, 0xFF, 0xFF, 0xFF, 0xFF,
0xFF, 0xFF, 0xD8, 0x4F, 0x00, 0x00, 0x00, 0xFF, 0xFF, 0xFF, 0xFF, 0xFF, 0xFF, 0xFF, 0xF7, 0x78,
0x00, 0x00, 0x00, 0x00, 0xFF, 0xFF, 0x00, 0x00, 0x01, 0x1A, 0x6E, 0xF5, 0xFF, 0x75, 0x00, 0x00,
0x00, 0xFF, 0xFF, 0x00, 0x00, 0x00, 0x00, 0x00, 0x55, 0xFF, 0xF4, 0x14, 0x00, 0x00, 0xFF, 0xFF,
0x00, 0x00, 0x00, 0x00, 0x00, 0x00, 0xB9, 0xFF, 0x81, 0x00, 0x00, 0xFF, 0xFF, 0x00, 0x00, 0x00,
0x00, 0x00, 0x00, 0x39, 0xFF, 0xEB, 0x09, 0x00, 0xFF, 0xFF, 0x00, 0x00, 0x00, 0x00, 0x00, 0x00,
0x00, 0xC5, 0xFF, 0x69, 0x00, 0xFF, 0xFF, 0x00, 0x00, 0x00, 0x00, 0x00, 0x00, 0x00, 0x52, 0xFF,
0xDA, 0x02, 0xFF, 0xFF, 0x00, 0x00, 0x00, 0x00, 0x00, 0x00, 0x00, 0x02, 0xDB, 0xFF, 0x51, 0xFF,
0xFF, 0x00, 0x00, 0x00, 0x00, 0x00, 0x00, 0x00, 0x00, 0x6A, 0xFF, 0xC5, 0x00, 0x00, 0x3D, 0xAB,
0xE6, 0xF9, 0xE4, 0xC3, 0x7D, 0x29, 0x00, 0x00, 0x7C, 0xFE, 0xFF, 0xFF, 0xFF, 0xFF, 0xFF, 0xFF,
0xFF, 0x00, 0x4A, 0xFF, 0xF8, 0x81, 0x25, 0x08, 0x19, 0x37, 0x7C, 0xD4, 0x00, 0xBB, 0xFF, 0x68,
0x00, 0x00, 0x00, 0x00, 0x00, 0x00, 0x00, 0x00, 0xF0, 0xFF, 0x12, 0x00, 0x00, 0x00, 0x00, 0x00,
0x00, 0x00, 0x00, 0xFA, 0xFF, 0x11, 0x00, 0x00, 0x00, 0x00, 0x00, 0x00, 0x00, 0x00, 0xD7, 0xFF,
0x62, 0x00, 0x00, 0x00, 0x00, 0x00, 0x00, 0x00, 0x00, 0x73, 0xFF, 0xF7, 0x83, 0x23, 0x00, 0x00,
0x00, 0x00, 0x00, 0x00, 0x02, 0x9D, 0xFF, 0xFF, 0xFF, 0xDF, 0xA0, 0x54, 0x06, 0x00, 0x00, 0x00,
0x00, 0x3D, 0xA5, 0xED, 0xFF, 0xFF, 0xFF, 0xE3, 0x49, 0x00, 0x00, 0x00, 0x00, 0x00, 0x02, 0x2E,
0x6D, 0xC9, 0xFF, 0xFB, 0x3D, 0x00, 0x00, 0x00, 0x00, 0x00, 0x00, 0x00, 0x00, 0x94, 0xFF, 0xBB,
0x00, 0x00, 0x00, 0x00, 0x00, 0x00, 0x00, 0x00, 0x1B, 0xFF, 0xF3, 0x00, 0x00, 0x00, 0x00, 0x00,
0x00, 0x00, 0x00, 0x0B, 0xFF, 0xF3, 0x00, 0x00, 0x00, 0x00, 0x00, 0x00, 0x00, 0x00, 0x63, 0xFF,
0xC9, 0xD5, 0x84, 0x46, 0x26, 0x0E, 0x0B, 0x2B, 0x88, 0xF9, 0xFF, 0x65, 0xFF, 0xFF, 0xFF, 0xFF,
0xFF, 0xFF, 0xFF, 0xFF, 0xFF, 0x9C, 0x01, 0x27, 0x74, 0xBA, 0xDB, 0xF4, 0xF9, 0xE2, 0xAB, 0x49,
0x00, 0x00, 0xFF, 0xFF, 0xFF, 0xFF, 0xFF, 0xFF, 0xFF, 0xFF, 0xFF, 0xFF, 0xFF, 0xFF, 0xFF, 0xFF,
0xFF, 0xFF, 0xFF, 0xFF, 0xFF, 0xFF, 0xFF, 0xFF, 0xFF, 0xFF, 0x00, 0x00, 0x00, 0x00, 0x00, 0xFF,
0xFF, 0x00, 0x00, 0x00, 0x00, 0x00, 0x00, 0x00, 0x00, 0x00, 0x00, 0xFF, 0xFF, 0x00, 0x00, 0x00,
0x00, 0x00, 0x00, 0x00, 0x00, 0x00, 0x00, 0xFF, 0xFF, 0x00, 0x00, 0x00, 0x00, 0x00, 0x00, 0x00,
0x00, 0x00, 0x00, 0xFF, 0xFF, 0x00, 0x00, 0x00, 0x00, 0x00, 0x00, 0x00, 0x00, 0x00, 0x00, 0xFF,
0xFF, 0x00, 0x00, 0x00, 0x00, 0x00, 0x00, 0x00, 0x00, 0x00, 0x00, 0xFF, 0xFF, 0x00, 0x00, 0x00,
0x00, 0x00, 0x00, 0x00, 0x00, 0x00, 0x00, 0xFF, 0xFF, 0x00, 0x00, 0x00, 0x00, 0x00, 0x00, 0x00,
0x00, 0x00, 0x00, 0xFF, 0xFF, 0x00, 0x00, 0x00, 0x00, 0x00, 0x00, 0x00, 0x00, 0x00, 0x00, 0xFF,
0xFF, 0x00, 0x00, 0x00, 0x00, 0x00, 0x00, 0x00, 0x00, 0x00, 0x00, 0xFF, 0xFF, 0x00, 0x00, 0x00,
0x00, 0x00, 0x00, 0x00, 0x00, 0x00, 0x00, 0xFF, 0xFF, 0x00, 0x00, 0x00, 0x00, 0x00, 0x00, 0x00,
0x00, 0x00, 0x00, 0xFF, 0xFF, 0x00, 0x00, 0x00, 0x00, 0x00, 0x00, 0x00, 0x00, 0x00, 0x00, 0xFF,
0xFF, 0x00, 0x00, 0x00, 0x00, 0x00, 0x00, 0x00, 0x00, 0x00, 0x00, 0xFF, 0xFF, 0x00, 0x00, 0x00,
0x00, 0x00, 0x00, 0x00, 0x00, 0x00, 0x00, 0xFF, 0xFF, 0x00, 0x00, 0x00, 0x00, 0x00, 0x00, 0x00,
0x00, 0x00, 0x00, 0xFF, 0xFF, 0x00, 0x00, 0x00, 0x00, 0x00, 0xFF, 0xFF, 0x00, 0x00, 0x00, 0x00,
0x00, 0x00, 0x00, 0xFF, 0xFF, 0xFF, 0xFF, 0x00, 0x00, 0x00, 0x00, 0x00, 0x00, 0x00, 0xFF, 0xFF,
0xFF, 0xFF, 0x00, 0x00, 0x00, 0x00, 0x00, 0x00, 0x00, 0xFF, 0xFF, 0xFF, 0xFF, 0x00, 0x00, 0x00,
0x00, 0x00, 0x00, 0x00, 0xFF, 0xFF, 0xFF, 0xFF, 0x00, 0x00, 0x00, 0x00, 0x00, 0x00, 0x00, 0xFF,
0xFF, 0xFF, 0xFF, 0x00, 0x00, 0x00, 0x00, 0x00, 0x00, 0x00, 0xFF, 0xFF, 0xFF, 0xFF, 0x00, 0x00,
0x00, 0x00, 0x00, 0x00, 0x00, 0xFF, 0xFF, 0xFF, 0xFF, 0x00, 0x00, 0x00, 0x00, 0x00, 0x00, 0x00,
0xFF, 0xFF, 0xFF, 0xFF, 0x00, 0x00, 0x00, 0x00, 0x00, 0x00, 0x00, 0xFF, 0xFF, 0xFF, 0xFF, 0x00,
0x00, 0x00, 0x00, 0x00, 0x00, 0x00, 0xFF, 0xFF, 0xFF, 0xFF, 0x00, 0x00, 0x00, 0x00, 0x00, 0x00,
0x00, 0xFF, 0xFF, 0xFE, 0xFF, 0x00, 0x00, 0x00, 0x00, 0x00, 0x00, 0x00, 0xFF, 0xFC, 0xF4, 0xFF,
0x02, 0x00, 0x00, 0x00, 0x00, 0x00, 0x03, 0xFF, 0xF3, 0xDF, 0xFF, 0x10, 0x00, 0x00, 0x00, 0x00,
0x00, 0x0F, 0xFF, 0xDE, 0xB1, 0xFF, 0x5E, 0x00, 0x00, 0x00, 0x00, 0x00, 0x59, 0xFF, 0xB1, 0x4D,
0xFF, 0xF2, 0x6A, 0x1A, 0x05, 0x1A, 0x6C, 0xF3, 0xFF, 0x4E, 0x00, 0x8F, 0xFF, 0xFF, 0xFF, 0xFF,
0xFF, 0xFF, 0xFF, 0x90, 0x00, 0x00, 0x00, 0x49, 0xB4, 0xEB, 0xFB, 0xEB, 0xB5, 0x4A, 0x00, 0x00,
0xDF, 0xFF, 0x34, 0x00, 0x00, 0x00, 0x00, 0x00, 0x00, 0x36, 0xFF, 0xDE, 0x9C, 0xFF, 0x77, 0x00,
0x00, 0x00, 0x00, 0x00, 0x00, 0x78, 0xFF, 0x9B, 0x5A, 0xFF, 0xBA, 0x00, 0x00, 0x00, 0x00, 0x00,
0x00, 0xBB, 0xFF, 0x58, 0x18, 0xFF, 0xF5, 0x06, 0x00, 0x00, 0x00, 0x00, 0x06, 0xF6, 0xFF, 0x17,
0x00, 0xD4, 0xFF, 0x3F, 0x00, 0x00, 0x00, 0x00, 0x40, 0xFF, 0xD3, 0x00, 0x00, 0x92, 0xFF, 0x81,
0x00, 0x00, 0x00, 0x00, 0x82, 0xFF, 0x90, 0x00, 0x00, 0x4F, 0xFF, 0xC4, 0x00, 0x00, 0x00, 0x00,
0xC5, 0xFF, 0x4E, 0x00, 0x00, 0x0F, 0xFC, 0xFA, 0x0C, 0x00, 0x00, 0x0C, 0xFA, 0xFC, 0x0F, 0x00,
0x00, 0x00, 0xCA, 0xFF, 0x49, 0x00, 0x00, 0x4A, 0xFF, 0xC8, 0x00, 0x00, 0x00, 0x00, 0x87, 0xFF,
0x8B, 0x00, 0x00, 0x8C, 0xFF, 0x86, 0x00, 0x00, 0x00, 0x00, 0x44, 0xFF, 0xCE, 0x00, 0x00, 0xCF,
0xFF, 0x43, 0x00, 0x00, 0x00, 0x00, 0x09, 0xF8, 0xFD, 0x12, 0x13, 0xFE, 0xF8, 0x08, 0x00, 0x00,
0x00, 0x00, 0x00, 0xBF, 0xFF, 0x53, 0x54, 0xFF, 0xBE, 0x00, 0x00, 0x00, 0x00, 0x00, 0x00, 0x7C,
0xFF, 0x95, 0x96, 0xFF, 0x7B, 0x00, 0x00, 0x00, 0x00, 0x00, 0x00, 0x3A, 0xFF, 0xD8, 0xD9, 0xFF,
0x38, 0x00, 0x00, 0x00, 0x00, 0x00, 0x00, 0x04, 0xF2, 0xFF, 0xFF, 0xF2, 0x04, 0x00, 0x00, 0x00,
0x00, 0x00, 0x00, 0x00, 0xB4, 0xFF, 0xFF, 0xB3, 0x00, 0x00, 0x00, 0x00, 0x00, 0x00, 0x00, 0x00,
0x71, 0xFF, 0xFF, 0x71, 0x00, 0x00, 0x00, 0x00, 0xEE, 0xFF, 0x15, 0x00, 0x00, 0x00, 0x00, 0x00,
0x00, 0x00, 0x00, 0x16, 0xFF, 0xED, 0xCB, 0xFF, 0x3A, 0x00, 0x00, 0x00, 0x00, 0x00, 0x00, 0x00,
0x00, 0x3A, 0xFF, 0xC9, 0xA7, 0xFF, 0x5E, 0x00, 0x00, 0x00, 0x00, 0x00, 0x00, 0x00, 0x00, 0x5E,
0xFF, 0xA5, 0x83, 0xFF, 0x82, 0x00, 0x00, 0x00, 0x00, 0x00, 0x00, 0x00, 0x00, 0x82, 0xFF, 0x81,
0x5F, 0xFF, 0xA6, 0x00, 0x00, 0x00, 0x00, 0x00, 0x00, 0x00, 0x00, 0xA6, 0xFF, 0x5D, 0x3B, 0xFF,
0xCA, 0x00, 0x00, 0x56, 0xFF, 0xFF, 0x50, 0x00, 0x00, 0xCA, 0xFF, 0x39, 0x17, 0xFF, 0xEE, 0x00,
0x00, 0x88, 0xFF, 0xFF, 0x83, 0x00, 0x00, 0xED, 0xFF, 0x15, 0x00, 0xF2, 0xFF, 0x12, 0x00, 0xBB,
0xF4, 0xF4, 0xB6, 0x00, 0x10, 0xFF, 0xF1, 0x00, 0x00, 0xCF, 0xFF, 0x36, 0x00, 0xED, 0xC0, 0xC1,
0xE9, 0x00, 0x35, 0xFF, 0xCD, 0x00, 0x00, 0xAB, 0xFF, 0x5A, 0x21, 0xFF, 0x89, 0x8A, 0xFF, 0x1C,
0x59, 0xFF, 0xA9, 0x00, 0x00, 0x87, 0xFF, 0x7E, 0x53, 0xFF, 0x52, 0x53, 0xFF, 0x4E, 0x7D, 0xFF,
0x85, 0x00, 0x00, 0x63, 0xFF, 0xA2, 0x86, 0xFF, 0x1A, 0x1B, 0xFF, 0x81, 0xA1, 0xFF, 0x61, 0x00,
0x00, 0x3F, 0xFF, 0xC6, 0xB9, 0xE3, 0x00, 0x00, 0xE4, 0xB4, 0xC4, 0xFF, 0x3D, 0x00, 0x00, 0x1B,
0xFF, 0xEA, 0xEB, 0xAC, 0x00, 0x00, 0xAD, 0xE7, 0xE8, 0xFF, 0x19, 0x00, 0x00, 0x01, 0xF5, 0xFF,
0xFF, 0x75, 0x00, 0x00, 0x76, 0xFF, 0xFF, 0xF4, 0x00, 0x00, 0x00, 0x00, 0xD3, 0xFF, 0xFF, 0x3D,
0x00, 0x00, 0x3E, 0xFF, 0xFF, 0xD1, 0x00, 0x00, 0x00, 0x00, 0xAF, 0xFF, 0xFC, 0x0A, 0x00, 0x00,
0x0A, 0xFC, 0xFF, 0xAD, 0x00, 0x00, 0x00, 0x00, 0x8A, 0xFF, 0xCF, 0x00, 0x00, 0x00, 0x00, 0xD0,
0xFF, 0x89, 0x00, 0x00, 0xB8, 0xFF, 0x8E, 0x00, 0x00, 0x00, 0x00, 0x00, 0x00, 0x97, 0xFF, 0xB5,
0x2C, 0xFC, 0xF9, 0x23, 0x00, 0x00, 0x00, 0x00, 0x2D, 0xFC, 0xFA, 0x27, 0x00, 0x9A, 0xFF, 0xAC,
0x00, 0x00, 0x00, 0x00, 0xBE, 0xFF, 0x8E, 0x00, 0x00, 0x17, 0xF3, 0xFF, 0x3B, 0x00, 0x00, 0x53,
0xFF, 0xEA, 0x0F, 0x00, 0x00, 0x00, 0x7C, 0xFF, 0xC8, 0x01, 0x08, 0xDE, 0xFF, 0x66, 0x00, 0x00,
0x00, 0x00, 0x09, 0xE3, 0xFF, 0x58, 0x7C, 0xFF, 0xCF, 0x02, 0x00, 0x00, 0x00, 0x00, 0x00, 0x5E,
0xFF, 0xE2, 0xF4, 0xFF, 0x3F, 0x00, 0x00, 0x00, 0x00, 0x00, 0x00, 0x01, 0xCD, 0xFF, 0xFF, 0xAB,
0x00, 0x00, 0x00, 0x00, 0x00, 0x00, 0x00, 0x00, 0x66, 0xFF, 0xFF, 0x3E, 0x00, 0x00, 0x00, 0x00,
0x00, 0x00, 0x00, 0x00, 0xC7, 0xFF, 0xFF, 0xA3, 0x00, 0x00, 0x00, 0x00, 0x00, 0x00, 0x00, 0x46,
0xFF, 0xED, 0xF9, 0xFD, 0x29, 0x00, 0x00, 0x00, 0x00, 0x00, 0x00, 0xC5, 0xFF, 0x78, 0x95, 0xFF,
0xA9, 0x00, 0x00, 0x00, 0x00, 0x00, 0x45, 0xFF, 0xEC, 0x0C, 0x1A, 0xF6, 0xFE, 0x2E, 0x00, 0x00,
0x00, 0x00, 0xC3, 0xFF, 0x79, 0x00, 0x00, 0x8D, 0xFF, 0xB0, 0x00, 0x00, 0x00, 0x43, 0xFF, 0xEC,
0x0D, 0x00, 0x00, 0x15, 0xF3, 0xFF, 0x34, 0x00, 0x00, 0xC2, 0xFF, 0x7A, 0x00, 0x00, 0x00, 0x00,
0x86, 0xFF, 0xB7, 0x00, 0x41, 0xFF, 0xED, 0x0D, 0x00, 0x00, 0x00, 0x00, 0x11, 0xF0, 0xFF, 0x3A,
0xC0, 0xFF, 0x7B, 0x00, 0x00, 0x00, 0x00, 0x00, 0x00, 0x7E, 0xFF, 0xBE, 0xB3, 0xFF, 0xA4, 0x00,
0x00, 0x00, 0x00, 0x00, 0x00, 0x00, 0x00, 0xA2, 0xFF, 0xB2, 0x21, 0xF6, 0xFF, 0x40, 0x00, 0x00,
0x00, 0x00, 0x00, 0x00, 0x3D, 0xFF, 0xF6, 0x21, 0x00, 0x7D, 0xFF, 0xD5, 0x05, 0x00, 0x00, 0x00,
0x00, 0x04, 0xD3, 0xFF, 0x7C, 0x00, 0x00, 0x07, 0xDB, 0xFF, 0x75, 0x00, 0x00, 0x00, 0x00, 0x74,
0xFF, 0xDA, 0x07, 0x00, 0x00, 0x00, 0x47, 0xFF, 0xF3, 0x1C, 0x00, 0x00, 0x1B, 0xF3, 0xFF, 0x47,
0x00, 0x00, 0x00, 0x00, 0x00, 0xAD, 0xFF, 0xAA, 0x00, 0x00, 0xAA, 0xFF, 0xAC, 0x00, 0x00, 0x00,
0x00, 0x00, 0x00, 0x1D, 0xF4, 0xFF, 0x45, 0x45, 0xFF, 0xF4, 0x1D, 0x00, 0x00, 0x00, 0x00, 0x00,
0x00, 0x00, 0x77, 0xFF, 0xD9, 0xD9, 0xFF, 0x76, 0x00, 0x00, 0x00, 0x00, 0x00, 0x00, 0x00, 0x00,
0x05, 0xD6, 0xFF, 0xFF, 0xD6, 0x05, 0x00, 0x00, 0x00, 0x00, 0x00, 0x00, 0x00, 0x00, 0x00, 0x42,
0xFF, 0xFF, 0x41, 0x00, 0x00, 0x00, 0x00, 0x00, 0x00, 0x00, 0x00, 0x00, 0x00, 0x00, 0xFF, 0xFF,
0x00, 0x00, 0x00, 0x00, 0x00, 0x00, 0x00, 0x00, 0x00, 0x00, 0x00, 0x00, 0xFF, 0xFF, 0x00, 0x00,
0x00, 0x00, 0x00, 0x00, 0x00, 0x00, 0x00, 0x00, 0x00, 0x00, 0xFF, 0xFF, 0x00, 0x00, 0x00, 0x00,
0x00, 0x00, 0x00, 0x00, 0x00, 0x00, 0x00, 0x00, 0xFF, 0xFF, 0x00, 0x00, 0x00, 0x00, 0x00, 0x00,
0x00, 0x00, 0x00, 0x00, 0x00, 0x00, 0xFF, 0xFF, 0x00, 0x00, 0x00, 0x00, 0x00, 0x00, 0x00, 0x00,
0x00, 0x00, 0x00, 0x00, 0xFF, 0xFF, 0x00, 0x00, 0x00, 0x00, 0x00, 0x00, 0x00, 0x00, 0x00, 0x00,
0x00, 0x00, 0xFF, 0xFF, 0x00, 0x00, 0x00, 0x00, 0x00, 0x00, 0x00, 0x00, 0x00, 0x00, 0x00, 0x00,
0xFF, 0xFF, 0x00, 0x00, 0x00, 0x00, 0x00, 0x00, 0xFF, 0xFF, 0xFF, 0xFF, 0xFF, 0xFF, 0xFF, 0xFF,
0xFF, 0xFF, 0xFF, 0xFF, 0xFF, 0xFF, 0xFF, 0xFF, 0xFF, 0xFF, 0xFF, 0xFF, 0xFF, 0xFF, 0xFF, 0xFE,
0x00, 0x00, 0x00, 0x00, 0x00, 0x00, 0x00, 0x00, 0x05, 0xD0, 0xFF, 0x91, 0x00, 0x00, 0x00, 0x00,
0x00, 0x00, 0x00, 0x00, 0x82, 0xFF, 0xDA, 0x0A, 0x00, 0x00, 0x00, 0x00, 0x00, 0x00, 0x00, 0x32,
0xFB, 0xFD, 0x3A, 0x00, 0x00, 0x00, 0x00, 0x00, 0x00, 0x00, 0x06, 0xD3, 0xFF, 0x8B, 0x00, 0x00,
0x00, 0x00, 0x00, 0x00, 0x00, 0x00, 0x86, 0xFF, 0xD6, 0x08, 0x00, 0x00, 0x00, 0x00, 0x00, 0x00,
0x00, 0x35, 0xFC, 0xFC, 0x36, 0x00, 0x00, 0x00, 0x00, 0x00, 0x00, 0x00, 0x07, 0xD6, 0xFF, 0x85,
0x00, 0x00, 0x00, 0x00, 0x00, 0x00, 0x00, 0x00, 0x8A, 0xFF, 0xD3, 0x06, 0x00, 0x00, 0x00, 0x00,
0x00, 0x00, 0x00, 0x38, 0xFD, 0xFA, 0x31, 0x00, 0x00, 0x00, 0x00, 0x00, 0x00, 0x00, 0x09, 0xD8,
0xFF, 0x80, 0x00, 0x00, 0x00, 0x00, 0x00, 0x00, 0x00, 0x00, 0x8E, 0xFF, 0xCE, 0x05, 0x00, 0x00,
0x00, 0x00, 0x00, 0x00, 0x00, 0x3C, 0xFD, 0xF9, 0x2D, 0x00, 0x00, 0x00, 0x00, 0x00, 0x00, 0x00,
0x0A, 0xDB, 0xFF, 0x7A, 0x00, 0x00, 0x00, 0x00, 0x00, 0x00, 0x00, 0x00, 0x92, 0xFF, 0xCA, 0x03,
0x00, 0x00, 0x00, 0x00, 0x00, 0x00, 0x00, 0x00, 0xFE, 0xFF, 0xFF, 0xFF, 0xFF, 0xFF, 0xFF, 0xFF,
0xFF, 0xFF, 0xFF, 0xFF, 0xFF, 0xFF, 0xFF, 0xFF, 0xFF, 0xFF, 0xFF, 0xFF, 0xFF, 0xFF, 0xFF, 0xFF,
0xFF, 0xFF, 0xFF, 0xFF, 0xFF, 0xFF, 0xFF, 0xFF, 0xFF, 0xFF, 0xFF, 0xFF, 0x00, 0x00, 0x00, 0xFF,
0xFF, 0x00, 0x00, 0x00, 0xFF, 0xFF, 0x00, 0x00, 0x00, 0xFF, 0xFF, 0x00, 0x00, 0x00, 0xFF, 0xFF,
0x00, 0x00, 0x00, 0xFF, 0xFF, 0x00, 0x00, 0x00, 0xFF, 0xFF, 0x00, 0x00, 0x00, 0xFF, 0xFF, 0x00,
0x00, 0x00, 0xFF, 0xFF, 0x00, 0x00, 0x00, 0xFF, 0xFF, 0x00, 0x00, 0x00, 0xFF, 0xFF, 0x00, 0x00,
0x00, 0xFF, 0xFF, 0x00, 0x00, 0x00, 0xFF, 0xFF, 0x00, 0x00, 0x00, 0xFF, 0xFF, 0x00, 0x00, 0x00,
0xFF, 0xFF, 0x00, 0x00, 0x00, 0xFF, 0xFF, 0x00, 0x00, 0x00, 0xFF, 0xFF, 0x00, 0x00, 0x00, 0xFF,
0xFF, 0xFF, 0xFF, 0xFF, 0xFF, 0xFF, 0xFF, 0xFF, 0xFF, 0xC6, 0xFF, 0x39, 0x00, 0x00, 0x00, 0x00,
0x00, 0x00, 0x00, 0x00, 0x53, 0xFF, 0xAC, 0x00, 0x00, 0x00, 0x00, 0x00, 0x00, 0x00, 0x00, 0x02,
0xDD, 0xFD, 0x22, 0x00, 0x00, 0x00, 0x00, 0x00, 0x00, 0x00, 0x00, 0x6D, 0xFF, 0x92, 0x00, 0x00,
0x00, 0x00, 0x00, 0x00, 0x00, 0x00, 0x0B, 0xEE, 0xF4, 0x11, 0x00, 0x00, 0x00, 0x00, 0x00, 0x00,
0x00, 0x00, 0x87, 0xFF, 0x79, 0x00, 0x00, 0x00, 0x00, 0x00, 0x00, 0x00, 0x00, 0x19, 0xF9, 0xE6,
0x06, 0x00, 0x00, 0x00, 0x00, 0x00, 0x00, 0x00, 0x00, 0xA0, 0xFF, 0x5F, 0x00, 0x00, 0x00, 0x00,
0x00, 0x00, 0x00, 0x00, 0x2D, 0xFF, 0xD2, 0x00, 0x00, 0x00, 0x00, 0x00, 0x00, 0x00, 0x00, 0x00,
0xBA, 0xFF, 0x45, 0x00, 0x00, 0x00, 0x00, 0x00, 0x00, 0x00, 0x00, 0x47, 0xFF, 0xB9, 0x00, 0x00,
0x00, 0x00, 0x00, 0x00, 0x00, 0x00, 0x00, 0xD2, 0xFF, 0x2D, 0x00, 0x00, 0x00, 0x00, 0x00, 0x00,
0x00, 0x00, 0x60, 0xFF, 0x9F, 0x00, 0x00, 0x00, 0x00, 0x00, 0x00, 0x00, 0x00, 0x06, 0xE6, 0xF9,
0x19, 0x00, 0x00, 0x00, 0x00, 0x00, 0x00, 0x00, 0x00, 0x7A, 0xFF, 0x85, 0x00, 0x00, 0x00, 0x00,
0x00, 0x00, 0x00, 0x00, 0x12, 0xF4, 0xED, 0x0B, 0x00, 0x00, 0x00, 0x00, 0x00, 0x00, 0x00, 0x00,
0x93, 0xFF, 0x6C, 0x00, 0x00, 0x00, 0x00, 0x00, 0x00, 0x00, 0x00, 0x23, 0xFD, 0xDC, 0x02, 0x00,
0x00, 0x00, 0x00, 0x00, 0x00, 0x00, 0x00, 0xAD, 0xFF, 0x52, 0x00, 0x00, 0x00, 0x00, 0x00, 0x00,
0x00, 0x00, 0x3A, 0xFF, 0xC6, 0xFF, 0xFF, 0xFF, 0xFF, 0xFF, 0xFF, 0xFF, 0xFF, 0xFF, 0xFF, 0x00,
0x00, 0x00, 0xFF, 0xFF, 0x00, 0x00, 0x00, 0xFF, 0xFF, 0x00, 0x00, 0x00, 0xFF, 0xFF, 0x00, 0x00,
0x00, 0xFF, 0xFF, 0x00, 0x00, 0x00, 0xFF, 0xFF, 0x00, 0x00, 0x00, 0xFF, 0xFF, 0x00, 0x00, 0x00,
0xFF, 0xFF, 0x00, 0x00, 0x00, 0xFF, 0xFF, 0x00, 0x00, 0x00, 0xFF, 0xFF, 0x00, 0x00, 0x00, 0xFF,
0xFF, 0x00, 0x00, 0x00, 0xFF, 0xFF, 0x00, 0x00, 0x00, 0xFF, 0xFF, 0x00, 0x00, 0x00, 0xFF, 0xFF,
0x00, 0x00, 0x00, 0xFF, 0xFF, 0x00, 0x00, 0x00, 0xFF, 0xFF, 0x00, 0x00, 0x00, 0xFF, 0xFF, 0x00,
0x00, 0x00, 0xFF, 0xFF, 0xFF, 0xFF, 0xFF, 0xFF, 0xFF, 0xFF, 0xFF, 0xFF, 0xFF, 0xFF, 0x00, 0x00,
0x00, 0x00, 0x12, 0xE0, 0xFF, 0xDF, 0x12, 0x00, 0x00, 0x00, 0x00, 0x00, 0x00, 0x00, 0x02, 0xB8,
0xFF, 0xFF, 0xFF, 0xB7, 0x02, 0x00, 0x00, 0x00, 0x00, 0x00, 0x00, 0x81, 0xFF, 0xED, 0x51, 0xEE,
0xFF, 0x80, 0x00, 0x00, 0x00, 0x00, 0x00, 0x49, 0xFE, 0xF8, 0x3C, 0x00, 0x3D, 0xF8, 0xFE, 0x49,
0x00, 0x00, 0x00, 0x21, 0xEE, 0xFE, 0x55, 0x00, 0x00, 0x00, 0x55, 0xFE, 0xED, 0x20, 0x00, 0x08,
0xCD, 0xFF, 0x71, 0x00, 0x00, 0x00, 0x00, 0x00, 0x72, 0xFF, 0xCD, 0x08, 0x9D, 0xFF, 0x90, 0x00,
0x00, 0x00, 0x00, 0x00, 0x00, 0x00, 0x90, 0xFF, 0x9C, 0xFF, 0xFF, 0xFF, 0xFF, 0xFF, 0xFF, 0xFF,
0xFF, 0xFF, 0xFF, 0xFF, 0xFF, 0xFF, 0xFF, 0xFF, 0xFF, 0xFF, 0xFF, 0xFF, 0xFF, 0xFF, 0xFF, 0xFF,
0xFF, 0xFF, 0xFF, 0xFF, 0xFF, 0x7E, 0xFF, 0xD8, 0x12, 0x00, 0x00, 0x00, 0x79, 0xFF, 0xC4, 0x08,
0x00, 0x00, 0x00, 0x74, 0xFF, 0xAB, 0x02, 0x00, 0x00, 0x00, 0x70, 0xFF, 0x8F, 0x00, 0x29, 0x7C,
0xC2, 0xE3, 0xF9, 0xEA, 0xBC, 0x61, 0x02, 0x00, 0x00, 0xFF, 0xFF, 0xFF, 0xFF, 0xFF, 0xFF, 0xFF,
0xFF, 0xB8, 0x07, 0x00, 0xD7, 0x84, 0x3B, 0x12, 0x05, 0x19, 0x56, 0xE2, 0xFF, 0x7D, 0x00, 0x00,
0x00, 0x00, 0x00, 0x00, 0x00, 0x00, 0x45, 0xFF, 0xD1, 0x00, 0x00, 0x00, 0x00, 0x00, 0x00, 0x00,
0x00, 0x0A, 0xFF, 0xF1, 0x00, 0x0A, 0x71, 0xBF, 0xEA, 0xFA, 0xFF, 0xFF, 0xFF, 0xFF, 0xFC, 0x1B,
0xDA, 0xFF, 0xFF, 0xFF, 0xFF, 0xFF, 0xFF, 0xFF, 0xFF, 0xFF, 0xA7, 0xFF, 0xD7, 0x5E, 0x1F, 0x0B,
0x00, 0x00, 0x04, 0xFF, 0xFF, 0xEF, 0xFF, 0x22, 0x00, 0x00, 0x00, 0x00, 0x00, 0x2C, 0xFF, 0xFF,
0xF7, 0xFF, 0x1B, 0x00, 0x00, 0x00, 0x00, 0x00, 0xA8, 0xFF, 0xFF, 0xC0, 0xFF, 0xC1, 0x36, 0x0A,
0x15, 0x42, 0xBC, 0xF2, 0xFF, 0xFF, 0x36, 0xF5, 0xFF, 0xFF, 0xFF, 0xFF, 0xFF, 0xFA, 0x51, 0xFF,
0xFF, 0x00, 0x2A, 0xA6, 0xE8, 0xFB, 0xE7, 0xAC, 0x34, 0x00, 0xFF, 0xFF, 0xFF, 0xFF, 0x00, 0x00,
0x00, 0x00, 0x00, 0x00, 0x00, 0x00, 0x00, 0xFF, 0xFF, 0x00, 0x00, 0x00, 0x00, 0x00, 0x00, 0x00,
0x00, 0x00, 0xFF, 0xFF, 0x00, 0x00, 0x00, 0x00, 0x00, 0x00, 0x00, 0x00, 0x00, 0xFF, 0xFF, 0x00,
0x00, 0x00, 0x00, 0x00, 0x00, 0x00, 0x00, 0x00, 0xFF, 0xFF, 0x00, 0x00, 0x00, 0x00, 0x00, 0x00,
0x00, 0x00, 0x00, 0xFF, 0xFF, 0x00, 0x66, 0xD1, 0xF7, 0xEB, 0xB0, 0x36, 0x00, 0x00, 0xFF, 0xFF,
0x89, 0xFF, 0xFF, 0xFF, 0xFF, 0xFF, 0xFC, 0x59, 0x00, 0xFF, 0xFF, 0xFE, 0x9B, 0x24, 0x06, 0x23,
0x9A, 0xFF, 0xF5, 0x1E, 0xFF, 0xFF, 0xAE, 0x00, 0x00, 0x00, 0x00, 0x00, 0xAE, 0xFF, 0x88, 0xFF,
0xFF, 0x41, 0x00, 0x00, 0x00, 0x00, 0x00, 0x42, 0xFF, 0xCC, 0xFF, 0xFF, 0x10, 0x00, 0x00, 0x00,
0x00, 0x00, 0x11, 0xFF, 0xF0, 0xFF, 0xFF, 0x03, 0x00, 0x00, 0x00, 0x00, 0x00, 0x04, 0xFF, 0xFB,
0xFF, 0xFF, 0x10, 0x00, 0x00, 0x00, 0x00, 0x00, 0x11, 0xFF, 0xEF, 0xFF, 0xFF, 0x42, 0x00, 0x00,
0x00, 0x00, 0x00, 0x41, 0xFF, 0xC8, 0xFF, 0xFF, 0xAE, 0x00, 0x00, 0x00, 0x00, 0x00, 0xAC, 0xFF,
0x82, 0xFF, 0xFF, 0xFE, 0x9A, 0x23, 0x05, 0x22, 0x98, 0xFF, 0xF2, 0x1B, 0xFF, 0xFF, 0x88, 0xFF,
0xFF, 0xFF, 0xFF, 0xFF, 0xFB, 0x54, 0x00, 0xFF, 0xFF, 0x00, 0x68, 0xD3, 0xF8, 0xEC, 0xAE, 0x34,
0x00, 0x00, 0x00, 0x00, 0x0B, 0x73, 0xC4, 0xEE, 0xF7, 0xD8, 0xA4, 0x3E, 0x00, 0x26, 0xDB, 0xFF,
0xFF, 0xFF, 0xFF, 0xFF, 0xFF, 0xFF, 0x0A, 0xDA, 0xFF, 0xD1, 0x4E, 0x11, 0x08, 0x25, 0x54, 0xBD,
0x70, 0xFF, 0xD3, 0x0B, 0x00, 0x00, 0x00, 0x00, 0x00, 0x00, 0xC2, 0xFF, 0x54, 0x00, 0x00, 0x00,
0x00, 0x00, 0x00, 0x00, 0xED, 0xFF, 0x15, 0x00, 0x00, 0x00, 0x00, 0x00, 0x00, 0x00, 0xFB, 0xFF,
0x04, 0x00, 0x00, 0x00, 0x00, 0x00, 0x00, 0x00, 0xED, 0xFF, 0x15, 0x00, 0x00, 0x00, 0x00, 0x00,
0x00, 0x00, 0xC2, 0xFF, 0x55, 0x00, 0x00, 0x00, 0x00, 0x00, 0x00, 0x00, 0x70, 0xFF, 0xD3, 0x0B,
0x00, 0x00, 0x00, 0x00, 0x00, 0x00, 0x0B, 0xDC, 0xFF, 0xD0, 0x4D, 0x10, 0x08, 0x23, 0x50, 0xB9,
0x00, 0x28, 0xDE, 0xFF, 0xFF, 0xFF, 0xFF, 0xFF, 0xFF, 0xFF, 0x00, 0x00, 0x0C, 0x74, 0xC6, 0xEF,
0xF8, 0xDA, 0xA1, 0x36, 0x00, 0x00, 0x00, 0x00, 0x00, 0x00, 0x00, 0x00, 0x00, 0xFF, 0xFF, 0x00,
0x00, 0x00, 0x00, 0x00, 0x00, 0x00, 0x00, 0x00, 0xFF, 0xFF, 0x00, 0x00, 0x00, 0x00, 0x00, 0x00,
0x00, 0x00, 0x00, 0xFF, 0xFF, 0x00, 0x00, 0x00, 0x00, 0x00, 0x00, 0x00, 0x00, 0x00, 0xFF, 0xFF,
0x00, 0x00, 0x00, 0x00, 0x00, 0x00, 0x00, 0x00, 0x00, 0xFF, 0xFF, 0x00, 0x00, 0x35, 0xAF, 0xEA,
0xF7, 0xD3, 0x69, 0x00, 0xFF, 0xFF, 0x00, 0x59, 0xFC, 0xFF, 0xFF, 0xFF, 0xFF, 0xFF, 0x8B, 0xFF,
0xFF, 0x1F, 0xF5, 0xFF, 0x98, 0x23, 0x06, 0x25, 0x9E, 0xFE, 0xFF, 0xFF, 0x88, 0xFF, 0xAA, 0x00,
0x00, 0x00, 0x00, 0x00, 0xB1, 0xFF, 0xFF, 0xCD, 0xFF, 0x40, 0x00, 0x00, 0x00, 0x00, 0x00, 0x43,
0xFF, 0xFF, 0xF1, 0xFF, 0x10, 0x00, 0x00, 0x00, 0x00, 0x00, 0x12, 0xFF, 0xFF, 0xFC, 0xFF, 0x03,
0x00, 0x00, 0x00, 0x00, 0x00, 0x04, 0xFF, 0xFF, 0xF0, 0xFF, 0x10, 0x00, 0x00, 0x00, 0x00, 0x00,
0x12, 0xFF, 0xFF, 0xCA, 0xFF, 0x3F, 0x00, 0x00, 0x00, 0x00, 0x00, 0x44, 0xFF, 0xFF, 0x85, 0xFF,
0xA8, 0x00, 0x00, 0x00, 0x00, 0x00, 0xB1, 0xFF, 0xFF, 0x1D, 0xF4, 0xFF, 0x95, 0x21, 0x05, 0x24,
0x9E, 0xFE, 0xFF, 0xFF, 0x00, 0x57, 0xFC, 0xFF, 0xFF, 0xFF, 0xFF, 0xFF, 0x87, 0xFF, 0xFF, 0x00,
0x00, 0x35, 0xAF, 0xEC, 0xF8, 0xD3, 0x68, 0x00, 0xFF, 0xFF, 0x00, 0x00, 0x14, 0x89, 0xD7, 0xF7,
0xF1, 0xC1, 0x55, 0x00, 0x00, 0x00, 0x30, 0xE8, 0xFF, 0xFF, 0xFF, 0xFF, 0xFF, 0xFF, 0x88, 0x00,
0x0D, 0xE0, 0xFF, 0xA2, 0x30, 0x0A, 0x1C, 0x6C, 0xF3, 0xFF, 0x41, 0x73, 0xFF, 0x9B, 0x00, 0x00,
0x00, 0x00, 0x00, 0x68, 0xFF, 0xAC, 0xC3, 0xFF, 0x28, 0x00, 0x00, 0x00, 0x00, 0x00, 0x18, 0xFF,
0xE4, 0xEE, 0xFF, 0xFC, 0xFC, 0xFD, 0xFD, 0xFE, 0xFE, 0xFF, 0xFF, 0xFA, 0xFC, 0xFF, 0xFF, 0xFF,
0xFF, 0xFF, 0xFF, 0xFF, 0xFF, 0xFF, 0xFF, 0xEF, 0xF3, 0x00, 0x00, 0x00, 0x00, 0x00, 0x00, 0x00,
0x00, 0x00, 0xC7, 0xFF, 0x20, 0x00, 0x00, 0x00, 0x00, 0x00, 0x00, 0x00, 0x00, 0x7C, 0xFF, 0x98,
0x00, 0x00, 0x00, 0x00, 0x00, 0x00, 0x00, 0x00, 0x14, 0xEA, 0xFF, 0x9E, 0x2D, 0x06, 0x15, 0x37,
0x7C, 0xD3, 0x00, 0x00, 0x3F, 0xF1, 0xFF, 0xFF, 0xFF, 0xFF, 0xFF, 0xFF, 0xFF, 0x00, 0x00, 0x00,
0x1E, 0x93, 0xDC, 0xF8, 0xEC, 0xCB, 0x87, 0x2C, 0x00, 0x00, 0x00, 0x00, 0x00, 0x00, 0x57, 0xC8,
0xF4, 0xFF, 0xFF, 0xFF, 0x00, 0x00, 0x00, 0x00, 0x57, 0xFF, 0xFF, 0xFF, 0xFF, 0xFF, 0xFF, 0x00,
0x00, 0x00, 0x00, 0xC8, 0xFF, 0x8F, 0x16, 0x01, 0x00, 0x00, 0x00, 0x00, 0x00, 0x00, 0xF5, 0xFF,
0x0F, 0x00, 0x00, 0x00, 0x00, 0x00, 0x00, 0x00, 0x00, 0xFF, 0xFF, 0x00, 0x00, 0x00, 0x00, 0x00,
0xFF, 0xFF, 0xFF, 0xFF, 0xFF, 0xFF, 0xFF, 0xFF, 0xFF, 0xFF, 0xFF, 0xFF, 0xFF, 0xFF, 0xFF, 0xFF,
0xFF, 0xFF, 0xFF, 0xFF, 0xFF, 0xFF, 0x00, 0x00, 0x00, 0x00, 0xFF, 0xFF, 0x00, 0x00, 0x00, 0x00,
0x00, 0x00, 0x00, 0x00, 0x00, 0xFF, 0xFF, 0x00, 0x00, 0x00, 0x00, 0x00, 0x00, 0x00, 0x00, 0x00,
0xFF, 0xFF, 0x00, 0x00, 0x00, 0x00, 0x00, 0x00, 0x00, 0x00, 0x00, 0xFF, 0xFF, 0x00, 0x00, 0x00,
0x00, 0x00, 0x00, 0x00, 0x00, 0x00, 0xFF, 0xFF, 0x00, 0x00, 0x00, 0x00, 0x00, 0x00, 0x00, 0x00,
0x00, 0xFF, 0xFF, 0x00, 0x00, 0x00, 0x00, 0x00, 0x00, 0x00, 0x00, 0x00, 0xFF, 0xFF, 0x00, 0x00,
0x00, 0x00, 0x00, 0x00, 0x00, 0x00, 0x00, 0xFF, 0xFF, 0x00, 0x00, 0x00, 0x00, 0x00, 0x00, 0x00,
0x00, 0x00, 0xFF, 0xFF, 0x00, 0x00, 0x00, 0x00, 0x00, 0x00, 0x00, 0x00, 0x00, 0xFF, 0xFF, 0x00,
0x00, 0x00, 0x00, 0x00, 0x00, 0x00, 0x00, 0x00, 0xFF, 0xFF, 0x00, 0x00, 0x00, 0x00, 0x00, 0x00,
0x00, 0x33, 0xAF, 0xEC, 0xF6, 0xD2, 0x66, 0x00, 0xFF, 0xFF, 0x00, 0x51, 0xFB, 0xFF, 0xFF, 0xFF,
0xFF, 0xFF, 0x80, 0xFF, 0xFF, 0x1A, 0xF1, 0xFF, 0xA3, 0x28, 0x06, 0x21, 0x96, 0xFB, 0xFF, 0xFF,
0x82, 0xFF, 0xB3, 0x00, 0x00, 0x00, 0x00, 0x00, 0xAB, 0xFF, 0xFF, 0xCA, 0xFF, 0x43, 0x00, 0x00,
0x00, 0x00, 0x00, 0x40, 0xFF, 0xFF, 0xF0, 0xFF, 0x10, 0x00, 0x00, 0x00, 0x00, 0x00, 0x10, 0xFF,
0xFF, 0xFC, 0xFF, 0x03, 0x00, 0x00, 0x00, 0x00, 0x00, 0x03, 0xFF, 0xFF, 0xF0, 0xFF, 0x11, 0x00,
0x00, 0x00, 0x00, 0x00, 0x11, 0xFF, 0xFF, 0xCA, 0xFF, 0x45, 0x00, 0x00, 0x00, 0x00, 0x00, 0x42,
0xFF, 0xFF, 0x82, 0xFF, 0xB5, 0x00, 0x00, 0x00, 0x00, 0x00, 0xAD, 0xFF, 0xFF, 0x1A, 0xF2, 0xFF,
0xA5, 0x28, 0x05, 0x20, 0x97, 0xF6, 0xFF, 0xFF, 0x00, 0x52, 0xFB, 0xFF, 0xFF, 0xFF, 0xFF, 0xFF,
0x75, 0xFF, 0xFF, 0x00, 0x00, 0x34, 0xAF, 0xED, 0xF7, 0xD1, 0x62, 0x04, 0xFF, 0xF6, 0x00, 0x00,
0x00, 0x00, 0x00, 0x00, 0x00, 0x00, 0x1F, 0xFF, 0xDC, 0x00, 0x00, 0x00, 0x00, 0x00, 0x00, 0x00,
0x00, 0x7A, 0xFF, 0x9E, 0x00, 0xD0, 0x79, 0x38, 0x17, 0x05, 0x20, 0x7A, 0xF9, 0xFC, 0x31, 0x00,
0xFF, 0xFF, 0xFF, 0xFF, 0xFF, 0xFF, 0xFF, 0xFD, 0x6B, 0x00, 0x00, 0x2E, 0x8A, 0xCD, 0xEE, 0xF9,
0xE1, 0xA3, 0x35, 0x00, 0x00, 0xFF, 0xFF, 0x00, 0x00, 0x00, 0x00, 0x00, 0x00, 0x00, 0x00, 0x00,
0xFF, 0xFF, 0x00, 0x00, 0x00, 0x00, 0x00, 0x00, 0x00, 0x00, 0x00, 0xFF, 0xFF, 0x00, 0x00, 0x00,
0x00, 0x00, 0x00, 0x00, 0x00, 0x00, 0xFF, 0xFF, 0x00, 0x00, 0x00, 0x00, 0x00, 0x00, 0x00, 0x00,
0x00, 0xFF, 0xFF, 0x00, 0x00, 0x00, 0x00, 0x00, 0x00, 0x00, 0x00, 0x00, 0xFF, 0xFF, 0x00, 0x32,
0xA7, 0xE5, 0xFA, 0xE5, 0x9D, 0x1B, 0x00, 0xFF, 0xFF, 0x51, 0xF9, 0xFF, 0xFF, 0xFF, 0xFF, 0xFF,
0xE3, 0x13, 0xFF, 0xFF, 0xF1, 0xA5, 0x30, 0x07, 0x18, 0x5D, 0xEC, 0xFF, 0x89, 0xFF, 0xFF, 0xB4,
0x00, 0x00, 0x00, 0x00, 0x00, 0x5F, 0xFF, 0xD2, 0xFF, 0xFF, 0x3A, 0x00, 0x00, 0x00, 0x00, 0x00,
0x1A, 0xFF, 0xF3, 0xFF, 0xFF, 0x10, 0x00, 0x00, 0x00, 0x00, 0x00, 0x01, 0xFF, 0xFF, 0xFF, 0xFF,
0x00, 0x00, 0x00, 0x00, 0x00, 0x00, 0x00, 0xFF, 0xFF, 0xFF, 0xFF, 0x00, 0x00, 0x00, 0x00, 0x00,
0x00, 0x00, 0xFF, 0xFF, 0xFF, 0xFF, 0x00, 0x00, 0x00, 0x00, 0x00, 0x00, 0x00, 0xFF, 0xFF, 0xFF,
0xFF, 0x00, 0x00, 0x00, 0x00, 0x00, 0x00, 0x00, 0xFF, 0xFF, 0xFF, 0xFF, 0x00, 0x00, 0x00, 0x00,
0x00, 0x00, 0x00, 0xFF, 0xFF, 0xFF, 0xFF, 0x00, 0x00, 0x00, 0x00, 0x00, 0x00, 0x00, 0xFF, 0xFF,
0xFF, 0xFF, 0x00, 0x00, 0x00, 0x00, 0x00, 0x00, 0x00, 0xFF, 0xFF, 0x00, 0x00, 0x00, 0x00, 0xFF,
0xFF, 0x00, 0x00, 0x00, 0x00, 0x00, 0x00, 0x00, 0x00, 0xFF, 0xFF, 0x00, 0x00, 0x00, 0x00, 0x00,
0x00, 0x00, 0x00, 0xFF, 0xFF, 0x00, 0x00, 0x00, 0x00, 0x00, 0x00, 0x00, 0x00, 0x00, 0x00, 0x00,
0x00, 0x00, 0x00, 0x00, 0x00, 0x00, 0x00, 0x00, 0x00, 0x00, 0x00, 0x00, 0x00, 0x00, 0xFF, 0xFF,
0xFF, 0xFF, 0xFF, 0x00, 0x00, 0x00, 0x00, 0x00, 0xFF, 0xFF, 0xFF, 0xFF, 0xFF, 0x00, 0x00, 0x00,
0x00, 0x00, 0x00, 0x00, 0x00, 0xFF, 0xFF, 0x00, 0x00, 0x00, 0x00, 0x00, 0x00, 0x00, 0x00, 0xFF,
0xFF, 0x00, 0x00, 0x00, 0x00, 0x00, 0x00, 0x00, 0x00, 0xFF, 0xFF, 0x00, 0x00, 0x00, 0x00, 0x00,
0x00, 0x00, 0x00, 0xFF, 0xFF, 0x00, 0x00, 0x00, 0x00, 0x00, 0x00, 0x00, 0x00, 0xFF, 0xFF, 0x00,
0x00, 0x00, 0x00, 0x00, 0x00, 0x00, 0x00, 0xFF, 0xFF, 0x00, 0x00, 0x00, 0x00, 0x00, 0x00, 0x00,
0x00, 0xFF, 0xFF, 0x00, 0x00, 0x00, 0x00, 0x00, 0x00, 0x00, 0x00, 0xFF, 0xFF, 0x00, 0x00, 0x00,
0x00, 0x00, 0x00, 0x00, 0x00, 0xFF, 0xFF, 0x00, 0x00, 0x00, 0x00, 0xFF, 0xFF, 0xFF, 0xFF, 0xFF,
0xFF, 0xFF, 0xFF, 0xFF, 0xFF, 0xFF, 0xFF, 0xFF, 0xFF, 0xFF, 0xFF, 0xFF, 0xFF, 0xFF, 0xFF, 0x00,
0x00, 0x00, 0x00, 0x00, 0xFF, 0xFF, 0x00, 0x00, 0x00, 0x00, 0x00, 0xFF, 0xFF, 0x00, 0x00, 0x00,
0x00, 0x00, 0xFF, 0xFF, 0x00, 0x00, 0x00, 0x00, 0x00, 0x00, 0x00, 0x00, 0x00, 0x00, 0x00, 0x00,
0x00, 0x00, 0x00, 0xFF, 0xFF, 0xFF, 0xFF, 0xFF, 0xFF, 0x00, 0xFF, 0xFF, 0xFF, 0xFF, 0xFF, 0xFF,
0x00, 0x00, 0x00, 0x00, 0x00, 0xFF, 0xFF, 0x00, 0x00, 0x00, 0x00, 0x00, 0xFF, 0xFF, 0x00, 0x00,
0x00, 0x00, 0x00, 0xFF, 0xFF, 0x00, 0x00, 0x00, 0x00, 0x00, 0xFF, 0xFF, 0x00, 0x00, 0x00, 0x00,
0x00, 0xFF, 0xFF, 0x00, 0x00, 0x00, 0x00, 0x00, 0xFF, 0xFF, 0x00, 0x00, 0x00, 0x00, 0x00, 0xFF,
0xFF, 0x00, 0x00, 0x00, 0x00, 0x00, 0xFF, 0xFF, 0x00, 0x00, 0x00, 0x00, 0x00, 0xFF, 0xFF, 0x00,
0x00, 0x00, 0x00, 0x00, 0xFF, 0xFF, 0x00, 0x00, 0x00, 0x00, 0x00, 0xFF, 0xFF, 0x00, 0x00, 0x00,
0x00, 0x09, 0xFF, 0xFA, 0x00, 0x00, 0x00, 0x00, 0x36, 0xFF, 0xE1, 0x00, 0x00, 0x01, 0x27, 0xC7,
0xFF, 0xA0, 0xFF, 0xFF, 0xFF, 0xFF, 0xFF, 0xF4, 0x26, 0xFF, 0xFF, 0xFF, 0xF4, 0xBA, 0x32, 0x00,
0xFF, 0xFF, 0x00, 0x00, 0x00, 0x00, 0x00, 0x00, 0x00, 0x00, 0x00, 0xFF, 0xFF, 0x00, 0x00, 0x00,
0x00, 0x00, 0x00, 0x00, 0x00, 0x00, 0xFF, 0xFF, 0x00, 0x00, 0x00, 0x00, 0x00, 0x00, 0x00, 0x00,
0x00, 0xFF, 0xFF, 0x00, 0x00, 0x00, 0x00, 0x00, 0x00, 0x00, 0x00, 0x00, 0xFF, 0xFF, 0x00, 0x00,
0x00, 0x00, 0x00, 0x00, 0x00, 0x00, 0x00, 0xFF, 0xFF, 0x00, 0x00, 0x00, 0x00, 0x16, 0xD2, 0xFF,
0xDC, 0x1E, 0xFF, 0xFF, 0x00, 0x00, 0x00, 0x1B, 0xD8, 0xFF, 0xD6, 0x1A, 0x00, 0xFF, 0xFF, 0x00,
0x00, 0x20, 0xDD, 0xFF, 0xD0, 0x15, 0x00, 0x00, 0xFF, 0xFF, 0x00, 0x25, 0xE2, 0xFF, 0xCA, 0x11,
0x00, 0x00, 0x00, 0xFF, 0xFF, 0x2B, 0xE7, 0xFF, 0xC3, 0x0E, 0x00, 0x00, 0x00, 0x00, 0xFF, 0xFF,
0xEB, 0xFF, 0xFF, 0x88, 0x00, 0x00, 0x00, 0x00, 0x00, 0xFF, 0xFF, 0xFF, 0xC6, 0xFD, 0xFD, 0x43,
0x00, 0x00, 0x00, 0x00, 0xFF, 0xFF, 0xAC, 0x05, 0x82, 0xFF, 0xE6, 0x15, 0x00, 0x00, 0x00, 0xFF,
0xFF, 0x03, 0x00, 0x03, 0xC2, 0xFF, 0xB5, 0x01, 0x00, 0x00, 0xFF, 0xFF, 0x00, 0x00, 0x00, 0x1C,
0xED, 0xFF, 0x71, 0x00, 0x00, 0xFF, 0xFF, 0x00, 0x00, 0x00, 0x00, 0x4E, 0xFF, 0xF9, 0x32, 0x00,
0xFF, 0xFF, 0x00, 0x00, 0x00, 0x00, 0x00, 0x92, 0xFF, 0xDA, 0x0C, 0xFF, 0xFF, 0x00, 0x00, 0x00,
0x00, 0x00, 0x07, 0xCE, 0xFF, 0xA2, 0xFF, 0xFF, 0xFF, 0xFF, 0xFF, 0xFF, 0x00, 0x00, 0x00, 0x00,
0x00, 0xFF, 0xFF, 0xFF, 0xFF, 0xFF, 0xFF, 0x00, 0x00, 0x00, 0x00, 0x00, 0x00, 0x00, 0x00, 0x00,
0xFF, 0xFF, 0x00, 0x00, 0x00, 0x00, 0x00, 0x00, 0x00, 0x00, 0x00, 0xFF, 0xFF, 0x00, 0x00, 0x00,
0x00, 0x00, 0x00, 0x00, 0x00, 0x00, 0xFF, 0xFF, 0x00, 0x00, 0x00, 0x00, 0x00, 0x00, 0x00, 0x00,
0x00, 0xFF, 0xFF, 0x00, 0x00, 0x00, 0x00, 0x00, 0x00, 0x00, 0x00, 0x00, 0xFF, 0xFF, 0x00, 0x00,
0x00, 0x00, 0x00, 0x00, 0x00, 0x00, 0x00, 0xFF, 0xFF, 0x00, 0x00, 0x00, 0x00, 0x00, 0x00, 0x00,
0x00, 0x00, 0xFF, 0xFF, 0x00, 0x00, 0x00, 0x00, 0x00, 0x00, 0x00, 0x00, 0x00, 0xFF, 0xFF, 0x00,
0x00, 0x00, 0x00, 0x00, 0x00, 0x00, 0x00, 0x00, 0xFF, 0xFF, 0x00, 0x00, 0x00, 0x00, 0x00, 0x00,
0x00, 0x00, 0x00, 0xFF, 0xFF, 0x00, 0x00, 0x00, 0x00, 0x00, 0x00, 0x00, 0x00, 0x00, 0xFF, 0xFF,
0x00, 0x00, 0x00, 0x00, 0x00, 0x00, 0x00, 0x00, 0x00, 0xFB, 0xFF, 0x08, 0x00, 0x00, 0x00, 0x00,
0x00, 0x00, 0x00, 0x00, 0xE4, 0xFF, 0x35, 0x00, 0x00, 0x00, 0x00, 0x00, 0x00, 0x00, 0x00, 0xA2,
0xFF, 0xC7, 0x28, 0x01, 0x00, 0x00, 0x00, 0x00, 0x00, 0x00, 0x29, 0xF5, 0xFF, 0xFF, 0xFF, 0xFF,
0xFF, 0x00, 0x00, 0x00, 0x00, 0x00, 0x33, 0xBA, 0xF4, 0xFF, 0xFF, 0xFF, 0xFF, 0xFF, 0x3A, 0xD6,
0xF4, 0xA5, 0x08, 0x60, 0xE4, 0xF4, 0xA0, 0x06, 0xFF, 0xFF, 0xE9, 0xFF, 0xFF, 0xFF, 0xAC, 0xFD,
0xFF, 0xFF, 0xFF, 0x71, 0xFF, 0xFF, 0x8A, 0x0E, 0x83, 0xFF, 0xFF, 0x8C, 0x0F, 0x7E, 0xFF, 0xBC,
0xFF, 0xFF, 0x22, 0x00, 0x1F, 0xFF, 0xFF, 0x22, 0x00, 0x1E, 0xFF, 0xE2, 0xFF, 0xFF, 0x09, 0x00,
0x0A, 0xFF, 0xFF, 0x09, 0x00, 0x09, 0xFF, 0xF5, 0xFF, 0xFF, 0x01, 0x00, 0x02, 0xFF, 0xFF, 0x01,
0x00, 0x01, 0xFF, 0xFD, 0xFF, 0xFF, 0x00, 0x00, 0x00, 0xFF, 0xFF, 0x00, 0x00, 0x00, 0xFF, 0xFF,
0xFF, 0xFF, 0x00, 0x00, 0x00, 0xFF, 0xFF, 0x00, 0x00, 0x00, 0xFF, 0xFF, 0xFF, 0xFF, 0x00, 0x00,
0x00, 0xFF, 0xFF, 0x00, 0x00, 0x00, 0xFF, 0xFF, 0xFF, 0xFF, 0x00, 0x00, 0x00, 0xFF, 0xFF, 0x00,
0x00, 0x00, 0xFF, 0xFF, 0xFF, 0xFF, 0x00, 0x00, 0x00, 0xFF, 0xFF, 0x00, 0x00, 0x00, 0xFF, 0xFF,
0xFF, 0xFF, 0x00, 0x00, 0x00, 0xFF, 0xFF, 0x00, 0x00, 0x00, 0xFF, 0xFF, 0xFF, 0xFF, 0x00, 0x00,
0x00, 0xFF, 0xFF, 0x00, 0x00, 0x00, 0xFF, 0xFF, 0xFF, 0xFF, 0x00, 0x32, 0xA7, 0xE5, 0xFA, 0xE5,
0x9D, 0x1B, 0x00, 0xFF, 0xFF, 0x51, 0xF9, 0xFF, 0xFF, 0xFF, 0xFF, 0xFF, 0xE3, 0x13, 0xFF, 0xFF,
0xF1, 0xA5, 0x30, 0x07, 0x18, 0x5D, 0xEC, 0xFF, 0x89, 0xFF, 0xFF, 0xB4, 0x00, 0x00, 0x00, 0x00,
0x00, 0x5F, 0xFF, 0xD2, 0xFF, 0xFF, 0x3A, 0x00, 0x00, 0x00, 0x00, 0x00, 0x1A, 0xFF, 0xF3, 0xFF,
0xFF, 0x10, 0x00, 0x00, 0x00, 0x00, 0x00, 0x01, 0xFF, 0xFF, 0xFF, 0xFF, 0x00, 0x00, 0x00, 0x00,
0x00, 0x00, 0x00, 0xFF, 0xFF, 0xFF, 0xFF, 0x00, 0x00, 0x00, 0x00, 0x00, 0x00, 0x00, 0xFF, 0xFF,
0xFF, 0xFF, 0x00, 0x00, 0x00, 0x00, 0x00, 0x00, 0x00, 0xFF, 0xFF, 0xFF, 0xFF, 0x00, 0x00, 0x00,
0x00, 0x00, 0x00, 0x00, 0xFF, 0xFF, 0xFF, 0xFF, 0x00, 0x00, 0x00, 0x00, 0x00, 0x00, 0x00, 0xFF,
0xFF, 0xFF, 0xFF, 0x00, 0x00, 0x00, 0x00, 0x00, 0x00, 0x00, 0xFF, 0xFF, 0xFF, 0xFF, 0x00, 0x00,
0x00, 0x00, 0x00, 0x00, 0x00, 0xFF, 0xFF, 0x00, 0x00, 0x3A, 0xAE, 0xE8, 0xFA, 0xE8, 0xAE, 0x39,
0x00, 0x00, 0x00, 0x64, 0xFD, 0xFF, 0xFF, 0xFF, 0xFF, 0xFF, 0xFD, 0x61, 0x00, 0x26, 0xF9, 0xFF,
0x98, 0x24, 0x06, 0x24, 0x9A, 0xFF, 0xF8, 0x23, 0x8E, 0xFF, 0xAA, 0x00, 0x00, 0x00, 0x00, 0x00,
0xAE, 0xFF, 0x8C, 0xCF, 0xFF, 0x40, 0x00, 0x00, 0x00, 0x00, 0x00, 0x42, 0xFF, 0xCD, 0xF1, 0xFF,
0x10, 0x00, 0x00, 0x00, 0x00, 0x00, 0x11, 0xFF, 0xF0, 0xFC, 0xFF, 0x03, 0x00, 0x00, 0x00, 0x00,
0x00, 0x04, 0xFF, 0xFC, 0xF1, 0xFF, 0x10, 0x00, 0x00, 0x00, 0x00, 0x00, 0x12, 0xFF, 0xF0, 0xD0,
0xFF, 0x40, 0x00, 0x00, 0x00, 0x00, 0x00, 0x42, 0xFF, 0xCE, 0x8F, 0xFF, 0xAB, 0x00, 0x00, 0x00,
0x00, 0x00, 0xAE, 0xFF, 0x8D, 0x27, 0xFA, 0xFF, 0x97, 0x23, 0x05, 0x23, 0x9A, 0xFF, 0xF8, 0x25,
0x00, 0x67, 0xFE, 0xFF, 0xFF, 0xFF, 0xFF, 0xFF, 0xFD, 0x64, 0x00, 0x00, 0x00, 0x3C, 0xAF, 0xEA,
0xFB, 0xE9, 0xAF, 0x3B, 0x00, 0x00, 0xFF, 0xFF, 0x00, 0x67, 0xD2, 0xF7, 0xEB, 0xAF, 0x35, 0x00,
0x00, 0xFF, 0xFF, 0x88, 0xFF, 0xFF, 0xFF, 0xFF, 0xFF, 0xFC, 0x56, 0x00, 0xFF, 0xFF, 0xFE, 0x9B,
0x25, 0x06, 0x23, 0x97, 0xFF, 0xF3, 0x1C, 0xFF, 0xFF, 0xAE, 0x00, 0x00, 0x00, 0x00, 0x00, 0xAB,
0xFF, 0x84, 0xFF, 0xFF, 0x41, 0x00, 0x00, 0x00, 0x00, 0x00, 0x40, 0xFF, 0xC9, 0xFF, 0xFF, 0x10,
0x00, 0x00, 0x00, 0x00, 0x00, 0x10, 0xFF, 0xEF, 0xFF, 0xFF, 0x03, 0x00, 0x00, 0x00, 0x00, 0x00,
0x03, 0xFF, 0xFB, 0xFF, 0xFF, 0x10, 0x00, 0x00, 0x00, 0x00, 0x00, 0x10, 0xFF, 0xF0, 0xFF, 0xFF,
0x42, 0x00, 0x00, 0x00, 0x00, 0x00, 0x40, 0xFF, 0xCC, 0xFF, 0xFF, 0xAE, 0x00, 0x00, 0x00, 0x00,
0x00, 0xA8, 0xFF, 0x88, 0xFF, 0xFF, 0xFE, 0x9A, 0x24, 0x05, 0x21, 0x94, 0xFF, 0xF5, 0x1F, 0xFF,
0xFF, 0x8A, 0xFF, 0xFF, 0xFF, 0xFF, 0xFF, 0xFC, 0x59, 0x00, 0xFF, 0xFF, 0x00, 0x69, 0xD4, 0xF8,
0xEC, 0xB0, 0x37, 0x00, 0x00, 0xFF, 0xFF, 0x00, 0x00, 0x00, 0x00, 0x00, 0x00, 0x00, 0x00, 0x00,
0xFF, 0xFF, 0x00, 0x00, 0x00, 0x00, 0x00, 0x00, 0x00, 0x00, 0x00, 0xFF, 0xFF, 0x00, 0x00, 0x00,
0x00, 0x00, 0x00, 0x00, 0x00, 0x00, 0xFF, 0xFF, 0x00, 0x00, 0x00, 0x00, 0x00, 0x00, 0x00, 0x00,
0x00, 0xFF, 0xFF, 0x00, 0x00, 0x00, 0x00, 0x00, 0x00, 0x00, 0x00, 0x00, 0x00, 0x00, 0x35, 0xAF,
0xEB, 0xF7, 0xD2, 0x67, 0x00, 0xFF, 0xFF, 0x00, 0x56, 0xFC, 0xFF, 0xFF, 0xFF, 0xFF, 0xFF, 0x87,
0xFF, 0xFF, 0x1D, 0xF4, 0xFF, 0x97, 0x23, 0x06, 0x25, 0x9B, 0xFE, 0xFF, 0xFF, 0x85, 0xFF, 0xAA,
0x00, 0x00, 0x00, 0x00, 0x00, 0xAE, 0xFF, 0xFF, 0xCA, 0xFF, 0x40, 0x00, 0x00, 0x00, 0x00, 0x00,
0x42, 0xFF, 0xFF, 0xF0, 0xFF, 0x10, 0x00, 0x00, 0x00, 0x00, 0x00, 0x12, 0xFF, 0xFF, 0xFC, 0xFF,
0x03, 0x00, 0x00, 0x00, 0x00, 0x00, 0x04, 0xFF, 0xFF, 0xF1, 0xFF, 0x10, 0x00, 0x00, 0x00, 0x00,
0x00, 0x12, 0xFF, 0xFF, 0xCE, 0xFF, 0x3F, 0x00, 0x00, 0x00, 0x00, 0x00, 0x42, 0xFF, 0xFF, 0x89,
0xFF, 0xA8, 0x00, 0x00, 0x00, 0x00, 0x00, 0xAE, 0xFF, 0xFF, 0x20, 0xF5, 0xFF, 0x94, 0x21, 0x05,
0x23, 0x9B, 0xFD, 0xFF, 0xFF, 0x00, 0x59, 0xFC, 0xFF, 0xFF, 0xFF, 0xFF, 0xFF, 0x83, 0xFF, 0xFF,
0x00, 0x00, 0x37, 0xB0, 0xEC, 0xF8, 0xD2, 0x64, 0x00, 0xFF, 0xFF, 0x00, 0x00, 0x00, 0x00, 0x00,
0x00, 0x00, 0x00, 0x00, 0xFF, 0xFF, 0x00, 0x00, 0x00, 0x00, 0x00, 0x00, 0x00, 0x00, 0x00, 0xFF,
0xFF, 0x00, 0x00, 0x00, 0x00, 0x00, 0x00, 0x00, 0x00, 0x00, 0xFF, 0xFF, 0x00, 0x00, 0x00, 0x00,
0x00, 0x00, 0x00, 0x00, 0x00, 0xFF, 0xFF, 0x00, 0x00, 0x00, 0x00, 0x00, 0x00, 0x00, 0x00, 0x00,
0xFF, 0xFF, 0xFF, 0xFF, 0x00, 0x2B, 0xA8, 0xE7, 0xF1, 0xC4, 0x54, 0xFF, 0xFF, 0x35, 0xF1, 0xFF,
0xFF, 0xFF, 0xFF, 0xFF, 0xFF, 0xFF, 0xCC, 0xCA, 0x45, 0x0D, 0x12, 0x40, 0xAF, 0xFF, 0xFF, 0xD4,
0x09, 0x00, 0x00, 0x00, 0x00, 0x00, 0xFF, 0xFF, 0x5A, 0x00, 0x00, 0x00, 0x00, 0x00, 0x00, 0xFF,
0xFF, 0x1A, 0x00, 0x00, 0x00, 0x00, 0x00, 0x00, 0xFF, 0xFF, 0x03, 0x00, 0x00, 0x00, 0x00, 0x00,
0x00, 0xFF, 0xFF, 0x00, 0x00, 0x00, 0x00, 0x00, 0x00, 0x00, 0xFF, 0xFF, 0x00, 0x00, 0x00, 0x00,
0x00, 0x00, 0x00, 0xFF, 0xFF, 0x00, 0x00, 0x00, 0x00, 0x00, 0x00, 0x00, 0xFF, 0xFF, 0x00, 0x00,
0x00, 0x00, 0x00, 0x00, 0x00, 0xFF, 0xFF, 0x00, 0x00, 0x00, 0x00, 0x00, 0x00, 0x00, 0xFF, 0xFF,
0x00, 0x00, 0x00, 0x00, 0x00, 0x00, 0x00, 0x00, 0x19, 0x87, 0xCD, 0xF0, 0xFA, 0xE5, 0xC8, 0x85,
0x2C, 0x00, 0x31, 0xEE, 0xFF, 0xFF, 0xFF, 0xFF, 0xFF, 0xFF, 0xFF, 0xFF, 0x00, 0xC3, 0xFF, 0xBA,
0x3E, 0x12, 0x06, 0x1D, 0x3A, 0x80, 0xD5, 0x00, 0xF7, 0xFF, 0x17, 0x00, 0x00, 0x00, 0x00, 0x00,
0x00, 0x00, 0x00, 0xDC, 0xFF, 0x94, 0x22, 0x00, 0x00, 0x00, 0x00, 0x00, 0x00, 0x00, 0x69, 0xFF,
0xFF, 0xFF, 0xE8, 0xB9, 0x90, 0x6A, 0x22, 0x00, 0x00, 0x00, 0x58, 0xC8, 0xFD, 0xFF, 0xFF, 0xFF,
0xFF, 0xFF, 0xA5, 0x0B, 0x00, 0x00, 0x00, 0x0D, 0x34, 0x5A, 0x88, 0xCF, 0xFF, 0xFF, 0x90, 0x00,
0x00, 0x00, 0x00, 0x00, 0x00, 0x00, 0x00, 0x5B, 0xFF, 0xE4, 0x00, 0x00, 0x00, 0x00, 0x00, 0x00,
0x00, 0x00, 0x21, 0xFF, 0xF4, 0xDD, 0x99, 0x55, 0x2E, 0x14, 0x05, 0x17, 0x52, 0xD4, 0xFF, 0xB3,
0xFF, 0xFF, 0xFF, 0xFF, 0xFF, 0xFF, 0xFF, 0xFF, 0xFF, 0xD9, 0x1E, 0x24, 0x6D, 0xB3, 0xD7, 0xF2,
0xFA, 0xE7, 0xBB, 0x6B, 0x09, 0x00, 0x00, 0x00, 0x00, 0x00, 0xFF, 0xFF, 0x00, 0x00, 0x00, 0x00,
0x00, 0x00, 0x00, 0x00, 0x00, 0xFF, 0xFF, 0x00, 0x00, 0x00, 0x00, 0x00, 0x00, 0x00, 0x00, 0x00,
0xFF, 0xFF, 0x00, 0x00, 0x00, 0x00, 0x00, 0x00, 0x00, 0x00, 0x00, 0xFF, 0xFF, 0x00, 0x00, 0x00,
0x00, 0x00, 0xFF, 0xFF, 0xFF, 0xFF, 0xFF, 0xFF, 0xFF, 0xFF, 0xFF, 0xFF, 0xFF, 0xFF, 0xFF, 0xFF,
0xFF, 0xFF, 0xFF, 0xFF, 0xFF, 0xFF, 0xFF, 0xFF, 0x00, 0x00, 0x00, 0x00, 0xFF, 0xFF, 0x00, 0x00,
0x00, 0x00, 0x00, 0x00, 0x00, 0x00, 0x00, 0xFF, 0xFF, 0x00, 0x00, 0x00, 0x00, 0x00, 0x00, 0x00,
0x00, 0x00, 0xFF, 0xFF, 0x00, 0x00, 0x00, 0x00, 0x00, 0x00, 0x00, 0x00, 0x00, 0xFF, 0xFF, 0x00,
0x00, 0x00, 0x00, 0x00, 0x00, 0x00, 0x00, 0x00, 0xFF, 0xFF, 0x00, 0x00, 0x00, 0x00, 0x00, 0x00,
0x00, 0x00, 0x00, 0xFF, 0xFF, 0x00, 0x00, 0x00, 0x00, 0x00, 0x00, 0x00, 0x00, 0x00, 0xFE, 0xFF,
0x02, 0x00, 0x00, 0x00, 0x00, 0x00, 0x00, 0x00, 0x00, 0xF2, 0xFF, 0x20, 0x00, 0x00, 0x00, 0x00,
0x00, 0x00, 0x00, 0x00, 0xC7, 0xFF, 0xAE, 0x23, 0x03, 0x00, 0x00, 0x00, 0x00, 0x00, 0x00, 0x60,
0xFF, 0xFF, 0xFF, 0xFF, 0xFF, 0xFF, 0x00, 0x00, 0x00, 0x00, 0x00, 0x62, 0xCA, 0xF4, 0xFF, 0xFF,
0xFF, 0xFF, 0xFF, 0x00, 0x00, 0x00, 0x00, 0x00, 0x00, 0x00, 0xFF, 0xFF, 0xFF, 0xFF, 0x00, 0x00,
0x00, 0x00, 0x00, 0x00, 0x00, 0xFF, 0xFF, 0xFF, 0xFF, 0x00, 0x00, 0x00, 0x00, 0x00, 0x00, 0x00,
0xFF, 0xFF, 0xFF, 0xFF, 0x00, 0x00, 0x00, 0x00, 0x00, 0x00, 0x00, 0xFF, 0xFF, 0xFF, 0xFF, 0x00,
0x00, 0x00, 0x00, 0x00, 0x00, 0x00, 0xFF, 0xFF, 0xFF, 0xFF, 0x00, 0x00, 0x00, 0x00, 0x00, 0x00,
0x00, 0xFF, 0xFF, 0xFF, 0xFF, 0x00, 0x00, 0x00, 0x00, 0x00, 0x00, 0x00, 0xFF, 0xFF, 0xFF, 0xFF,
0x01, 0x00, 0x00, 0x00, 0x00, 0x00, 0x10, 0xFF, 0xFF, 0xF5, 0xFF, 0x19, 0x00, 0x00, 0x00, 0x00,
0x00, 0x3A, 0xFF, 0xFF, 0xD4, 0xFF, 0x5E, 0x00, 0x00, 0x00, 0x00, 0x00, 0xB5, 0xFF, 0xFF, 0x8B,
0xFF, 0xEB, 0x5A, 0x16, 0x06, 0x2F, 0xA4, 0xF0, 0xFF, 0xFF, 0x17, 0xE7, 0xFF, 0xFF, 0xFF, 0xFF,
0xFF, 0xF9, 0x4F, 0xFF, 0xFF, 0x00, 0x1F, 0xA0, 0xE6, 0xFA, 0xE6, 0xA8, 0x30, 0x00, 0xFF, 0xFF,
0xD6, 0xFF, 0x41, 0x00, 0x00, 0x00, 0x00, 0x00, 0x42, 0xFF, 0xD5, 0x83, 0xFF, 0x95, 0x00, 0x00,
0x00, 0x00, 0x00, 0x96, 0xFF, 0x82, 0x30, 0xFF, 0xE6, 0x02, 0x00, 0x00, 0x00, 0x02, 0xE7, 0xFF,
0x2F, 0x00, 0xDC, 0xFF, 0x3C, 0x00, 0x00, 0x00, 0x3D, 0xFF, 0xDB, 0x00, 0x00, 0x89, 0xFF, 0x90,
0x00, 0x00, 0x00, 0x91, 0xFF, 0x88, 0x00, 0x00, 0x36, 0xFF, 0xE2, 0x01, 0x00, 0x01, 0xE3, 0xFF,
0x35, 0x00, 0x00, 0x00, 0xE1, 0xFF, 0x37, 0x00, 0x38, 0xFF, 0xE1, 0x00, 0x00, 0x00, 0x00, 0x8F,
0xFF, 0x8B, 0x00, 0x8C, 0xFF, 0x8E, 0x00, 0x00, 0x00, 0x00, 0x3B, 0xFF, 0xDE, 0x01, 0xDE, 0xFF,
0x3A, 0x00, 0x00, 0x00, 0x00, 0x01, 0xE6, 0xFF, 0x66, 0xFF, 0xE5, 0x01, 0x00, 0x00, 0x00, 0x00,
0x00, 0x95, 0xFF, 0xF1, 0xFF, 0x94, 0x00, 0x00, 0x00, 0x00, 0x00, 0x00, 0x41, 0xFF, 0xFF, 0xFF,
0x40, 0x00, 0x00, 0x00, 0x00, 0x00, 0x00, 0x03, 0xEA, 0xFF, 0xEA, 0x03, 0x00, 0x00, 0x00, 0xE3,
0xFF, 0x28, 0x00, 0x00, 0x00, 0x00, 0x00, 0x00, 0x00, 0x00, 0x2A, 0xFF, 0xE2, 0xA9, 0xFF, 0x63,
0x00, 0x00, 0x00, 0x00, 0x00, 0x00, 0x00, 0x00, 0x64, 0xFF, 0xA8, 0x6E, 0xFF, 0x9D, 0x00, 0x00,
0x00, 0x00, 0x00, 0x00, 0x00, 0x00, 0x9E, 0xFF, 0x6D, 0x34, 0xFF, 0xD7, 0x00, 0x00, 0x00, 0x00,
0x00, 0x00, 0x00, 0x00, 0xD8, 0xFF, 0x33, 0x04, 0xF4, 0xFE, 0x13, 0x00, 0x0F, 0xFC, 0xF8, 0x0B,
0x00, 0x13, 0xFF, 0xF4, 0x04, 0x00, 0xBF, 0xFF, 0x4C, 0x00, 0x52, 0xFF, 0xFF, 0x4C, 0x00, 0x4D,
0xFF, 0xBE, 0x00, 0x00, 0x84, 0xFF, 0x86, 0x00, 0x99, 0xE9, 0xE9, 0x94, 0x00, 0x87, 0xFF, 0x83,
0x00, 0x00, 0x4A, 0xFF, 0xC1, 0x00, 0xDF, 0x9F, 0xA0, 0xDC, 0x00, 0xC2, 0xFF, 0x49, 0x00, 0x00,
0x11, 0xFE, 0xF6, 0x2C, 0xFF, 0x54, 0x55, 0xFF, 0x29, 0xF6, 0xFE, 0x10, 0x00, 0x00, 0x00, 0xD5,
0xFF, 0xA3, 0xFA, 0x0E, 0x0F, 0xFB, 0xA2, 0xFF, 0xD4, 0x00, 0x00, 0x00, 0x00, 0x9A, 0xFF, 0xFC,
0xBE, 0x00, 0x00, 0xBF, 0xFC, 0xFF, 0x99, 0x00, 0x00, 0x00, 0x00, 0x60, 0xFF, 0xFF, 0x73, 0x00,
0x00, 0x74, 0xFF, 0xFF, 0x5F, 0x00, 0x00, 0x00, 0x00, 0x25, 0xFF, 0xFF, 0x29, 0x00, 0x00, 0x29,
0xFF, 0xFF, 0x25, 0x00, 0x00, 0xA6, 0xFF, 0xC5, 0x03, 0x00, 0x00, 0x00, 0x04, 0xCA, 0xFF, 0xA5,
0x0F, 0xE1, 0xFF, 0x7E, 0x00, 0x00, 0x00, 0x84, 0xFF, 0xE1, 0x0F, 0x00, 0x3F, 0xFD, 0xFB, 0x36,
0x00, 0x3C, 0xFC, 0xFD, 0x3E, 0x00, 0x00, 0x00, 0x88, 0xFF, 0xDA, 0x1A, 0xDF, 0xFF, 0x87, 0x00,
0x00, 0x00, 0x00, 0x05, 0xCD, 0xFF, 0xEC, 0xFF, 0xCD, 0x05, 0x00, 0x00, 0x00, 0x00, 0x00, 0x28,
0xF6, 0xFF, 0xF5, 0x28, 0x00, 0x00, 0x00, 0x00, 0x00, 0x00, 0x02, 0xD0, 0xFF, 0xD0, 0x02, 0x00,
0x00, 0x00, 0x00, 0x00, 0x00, 0x71, 0xFF, 0xFF, 0xFF, 0x70, 0x00, 0x00, 0x00, 0x00, 0x00, 0x21,
0xF4, 0xFF, 0x93, 0xFF, 0xF4, 0x20, 0x00, 0x00, 0x00, 0x00, 0xBA, 0xFF, 0xA5, 0x00, 0xA6, 0xFF,
0xBA, 0x00, 0x00, 0x00, 0x62, 0xFF, 0xEB, 0x14, 0x00, 0x14, 0xEB, 0xFF, 0x61, 0x00, 0x18, 0xEE,
0xFF, 0x59, 0x00, 0x00, 0x00, 0x5A, 0xFF, 0xEE, 0x18, 0xAD, 0xFF, 0xB3, 0x00, 0x00, 0x00, 0x00,
0x00, 0xB3, 0xFF, 0xAD, 0xD1, 0xFF, 0x52, 0x00, 0x00, 0x00, 0x00, 0x00, 0x49, 0xFF, 0xD2, 0x74,
0xFF, 0xB0, 0x00, 0x00, 0x00, 0x00, 0x00, 0xA3, 0xFF, 0x79, 0x19, 0xFC, 0xFA, 0x13, 0x00, 0x00,
0x00, 0x09, 0xF2, 0xFF, 0x21, 0x00, 0xB8, 0xFF, 0x6C, 0x00, 0x00, 0x00, 0x56, 0xFF, 0xC7, 0x00,
0x00, 0x5A, 0xFF, 0xCA, 0x00, 0x00, 0x00, 0xAF, 0xFF, 0x6D, 0x00, 0x00, 0x09, 0xF2, 0xFF, 0x27,
0x00, 0x10, 0xF8, 0xFC, 0x17, 0x00, 0x00, 0x00, 0x9E, 0xFF, 0x85, 0x00, 0x63, 0xFF, 0xBB, 0x00,
0x00, 0x00, 0x00, 0x41, 0xFF, 0xE1, 0x01, 0xBC, 0xFF, 0x61, 0x00, 0x00, 0x00, 0x00, 0x01, 0xE1,
0xFF, 0x59, 0xFC, 0xF8, 0x0F, 0x00, 0x00, 0x00, 0x00, 0x00, 0x85, 0xFF, 0xEF, 0xFF, 0xB2, 0x00,
0x00, 0x00, 0x00, 0x00, 0x00, 0x27, 0xFF, 0xFF, 0xFF, 0x5C, 0x00, 0x00, 0x00, 0x00, 0x00, 0x00,
0x00, 0xC9, 0xFF, 0xF9, 0x0F, 0x00, 0x00, 0x00, 0x00, 0x00, 0x00, 0x00, 0x7F, 0xFF, 0xB3, 0x00,
0x00, 0x00, 0x00, 0x00, 0x00, 0x00, 0x00, 0xBE, 0xFF, 0x5E, 0x00, 0x00, 0x00, 0x00, 0x00, 0x00,
0x00, 0x24, 0xFE, 0xF8, 0x0E, 0x00, 0x00, 0x00, 0x00, 0x00, 0x00, 0x17, 0xB9, 0xFF, 0xA7, 0x00,
0x00, 0x00, 0x00, 0x00, 0x00, 0xFF, 0xFF, 0xFF, 0xF9, 0x2B, 0x00, 0x00, 0x00, 0x00, 0x00, 0x00,
0xFF, 0xFC, 0xD3, 0x47, 0x00, 0x00, 0x00, 0x00, 0x00, 0x00, 0xFF, 0xFF, 0xFF, 0xFF, 0xFF, 0xFF,
0xFF, 0xFF, 0xFF, 0xFF, 0xFF, 0xFF, 0xFF, 0xFF, 0xFF, 0xFF, 0xFF, 0xFF, 0xFF, 0xFF, 0xFF, 0xFF,
0x00, 0x00, 0x00, 0x00, 0x00, 0x00, 0x00, 0x51, 0xFD, 0xFF, 0x76, 0x00, 0x00, 0x00, 0x00, 0x00,
0x00, 0x3D, 0xF7, 0xFF, 0x8E, 0x00, 0x00, 0x00, 0x00, 0x00, 0x00, 0x2A, 0xEE, 0xFF, 0xA5, 0x01,
0x00, 0x00, 0x00, 0x00, 0x00, 0x1C, 0xE3, 0xFF, 0xB9, 0x05, 0x00, 0x00, 0x00, 0x00, 0x00, 0x10,
0xD4, 0xFF, 0xCA, 0x0C, 0x00, 0x00, 0x00, 0x00, 0x00, 0x08, 0xC2, 0xFF, 0xDA, 0x15, 0x00, 0x00,
0x00, 0x00, 0x00, 0x02, 0xAD, 0xFF, 0xE6, 0x20, 0x00, 0x00, 0x00, 0x00, 0x00, 0x00, 0x95, 0xFF,
0xF0, 0x2F, 0x00, 0x00, 0x00, 0x00, 0x00, 0x00, 0x7C, 0xFF, 0xF8, 0x3F, 0x00, 0x00, 0x00, 0x00,
0x00, 0x00, 0x00, 0xFF, 0xFF, 0xFF, 0xFF, 0xFF, 0xFF, 0xFF, 0xFF, 0xFF, 0xFF, 0xFF, 0xFF, 0xFF,
0xFF, 0xFF, 0xFF, 0xFF, 0xFF, 0xFF, 0xFF, 0xFF, 0xFF, 0x00, 0x00, 0x00, 0x00, 0x05, 0x7E, 0xD3,
0xF4, 0xFF, 0x00, 0x00, 0x00, 0x00, 0x7E, 0xFF, 0xFF, 0xFF, 0xFF, 0x00, 0x00, 0x00, 0x00, 0xD2,
0xFF, 0x8A, 0x15, 0x01, 0x00, 0x00, 0x00, 0x00, 0xF4, 0xFF, 0x12, 0x00, 0x00, 0x00, 0x00, 0x00,
0x00, 0xFE, 0xFF, 0x01, 0x00, 0x00, 0x00, 0x00, 0x00, 0x00, 0xFF, 0xFF, 0x00, 0x00, 0x00, 0x00,
0x00, 0x00, 0x00, 0xFF, 0xFF, 0x00, 0x00, 0x00, 0x00, 0x00, 0x00, 0x06, 0xFF, 0xF9, 0x00, 0x00,
0x00, 0x00, 0x00, 0x00, 0x33, 0xFF, 0xE4, 0x00, 0x00, 0x00, 0x00, 0x0A, 0x39, 0xCB, 0xFF, 0xA1,
0x00, 0x00, 0x00, 0xFF, 0xFF, 0xFF, 0xFE, 0xB5, 0x14, 0x00, 0x00, 0x00, 0xFF, 0xFF, 0xFF, 0xFD,
0xB1, 0x11, 0x00, 0x00, 0x00, 0x00, 0x0B, 0x3D, 0xD2, 0xFF, 0x9E, 0x00, 0x00, 0x00, 0x00, 0x00,
0x00, 0x39, 0xFF, 0xE4, 0x00, 0x00, 0x00, 0x00, 0x00, 0x00, 0x08, 0xFF, 0xF9, 0x00, 0x00, 0x00,
0x00, 0x00, 0x00, 0x00, 0xFF, 0xFF, 0x00, 0x00, 0x00, 0x00, 0x00, 0x00, 0x00, 0xFF, 0xFF, 0x00,
0x00, 0x00, 0x00, 0x00, 0x00, 0x00, 0xFE, 0xFF, 0x01, 0x00, 0x00, 0x00, 0x00, 0x00, 0x00, 0xF4,
0xFF, 0x11, 0x00, 0x00, 0x00, 0x00, 0x00, 0x00, 0xD1, 0xFF, 0x86, 0x14, 0x00, 0x00, 0x00, 0x00,
0x00, 0x7D, 0xFF, 0xFF, 0xFF, 0xFF, 0x00, 0x00, 0x00, 0x00, 0x06, 0x80, 0xD4, 0xF5, 0xFF, 0xFF,
0xFF, 0xFF, 0xFF, 0xFF, 0xFF, 0xFF, 0xFF, 0xFF, 0xFF, 0xFF, 0xFF, 0xFF, 0xFF, 0xFF, 0xFF, 0xFF,
0xFF, 0xFF, 0xFF, 0xFF, 0xFF, 0xFF, 0xFF, 0xFF, 0xFF, 0xFF, 0xFF, 0xFF, 0xFF, 0xFF, 0xFF, 0xFF,
0xFF, 0xFF, 0xFF, 0xFF, 0xFF, 0xFF, 0xFF, 0xFF, 0xFF, 0xFF, 0xFF, 0xFF, 0xFF, 0xFF, 0xFF, 0xFF,
0xF4, 0xD2, 0x7C, 0x05, 0x00, 0x00, 0x00, 0x00, 0xFF, 0xFF, 0xFF, 0xFF, 0x7A, 0x00, 0x00, 0x00,
0x00, 0x01, 0x16, 0x8D, 0xFF, 0xD0, 0x00, 0x00, 0x00, 0x00, 0x00, 0x00, 0x14, 0xFF, 0xF3, 0x00,
0x00, 0x00, 0x00, 0x00, 0x00, 0x01, 0xFF, 0xFE, 0x00, 0x00, 0x00, 0x00, 0x00, 0x00, 0x00, 0xFF,
0xFF, 0x00, 0x00, 0x00, 0x00, 0x00, 0x00, 0x00, 0xFF, 0xFF, 0x00, 0x00, 0x00, 0x00, 0x00, 0x00,
0x00, 0xFA, 0xFF, 0x06, 0x00, 0x00, 0x00, 0x00, 0x00, 0x00, 0xE5, 0xFF, 0x33, 0x00, 0x00, 0x00,
0x00, 0x00, 0x00, 0xA2, 0xFF, 0xCA, 0x38, 0x09, 0x00, 0x00, 0x00, 0x00, 0x13, 0xB2, 0xFD, 0xFF,
0xFF, 0xFF, 0x00, 0x00, 0x00, 0x11, 0xAF, 0xFD, 0xFF, 0xFF, 0xFF, 0x00, 0x00, 0x00, 0x9E, 0xFF,
0xD0, 0x3C, 0x0B, 0x00, 0x00, 0x00, 0x00, 0xE4, 0xFF, 0x37, 0x00, 0x00, 0x00, 0x00, 0x00, 0x00,
0xFA, 0xFF, 0x07, 0x00, 0x00, 0x00, 0x00, 0x00, 0x00, 0xFF, 0xFF, 0x00, 0x00, 0x00, 0x00, 0x00,
0x00, 0x00, 0xFF, 0xFF, 0x00, 0x00, 0x00, 0x00, 0x00, 0x00, 0x01, 0xFF, 0xFE, 0x00, 0x00, 0x00,
0x00, 0x00, 0x00, 0x13, 0xFF, 0xF3, 0x00, 0x00, 0x00, 0x00, 0x01, 0x14, 0x8A, 0xFF, 0xD0, 0x00,
0x00, 0x00, 0x00, 0xFF, 0xFF, 0xFF, 0xFF, 0x7A, 0x00, 0x00, 0x00, 0x00, 0xFF, 0xF5, 0xD3, 0x7D,
0x05, 0x00, 0x00, 0x00, 0x00, 0x50, 0xB2, 0xE0, 0xF9, 0xE9, 0xB7, 0x6F, 0x2B, 0x08, 0x1B, 0x53,
0xC4, 0xFF, 0xFF, 0xFF, 0xFF, 0xFF, 0xFF, 0xFF, 0xFF, 0xFF, 0xFF, 0xFF, 0xFF, 0xBB, 0x50, 0x1F,
0x07, 0x20, 0x58, 0x9F, 0xDD, 0xF9, 0xE3, 0xB1, 0x48, 0x00, 0xFF, 0xFF, 0xFF, 0xFF, 0xFF, 0xFF,
0x00, 0x00, 0x00, 0x00, 0x00, 0x00, 0xD3, 0xD1, 0xDF, 0xDE, 0xEB, 0xEA, 0xF7, 0xF6, 0xFF, 0xFF,
0xFF, 0xFF, 0xFF, 0xFF, 0xFF, 0xFF, 0xFF, 0xFF, 0xFF, 0xFF, 0xFF, 0xFF, 0xFF, 0xFF, 0x00, 0x00,
0x00, 0x00, 0x00, 0x00, 0xFF, 0x00, 0x00, 0x00, 0x00, 0x00, 0x00, 0x00, 0x00, 0x00, 0xFF, 0x00,
0x00, 0x00, 0x00, 0x00, 0x00, 0x00, 0x00, 0x00, 0xFF, 0x00, 0x00, 0x00, 0x00, 0x00, 0x02, 0x5C,
0xB9, 0xEB, 0xFF, 0xE4, 0xA4, 0x38, 0x00, 0x13, 0xC3, 0xFF, 0xFF, 0xFF, 0xFF, 0xFF, 0xFF, 0xFF,
0x03, 0xC2, 0xFF, 0xE3, 0x5E, 0x14, 0xFF, 0x16, 0x52, 0xC3, 0x5D, 0xFF, 0xE5, 0x1A, 0x00, 0x00,
0xFF, 0x00, 0x00, 0x00, 0xBA, 0xFF, 0x63, 0x00, 0x00, 0x00, 0xFF, 0x00, 0x00, 0x00, 0xEB, 0xFF,
0x19, 0x00, 0x00, 0x00, 0xFF, 0x00, 0x00, 0x00, 0xFB, 0xFF, 0x04, 0x00, 0x00, 0x00, 0xFF, 0x00,
0x00, 0x00, 0xEC, 0xFF, 0x1A, 0x00, 0x00, 0x00, 0xFF, 0x00, 0x00, 0x00, 0xBB, 0xFF, 0x68, 0x00,
0x00, 0x00, 0xFF, 0x00, 0x00, 0x00, 0x5F, 0xFF, 0xE9, 0x20, 0x00, 0x00, 0xFF, 0x00, 0x00, 0x00,
0x04, 0xC4, 0xFF, 0xE9, 0x6C, 0x20, 0xFF, 0x1A, 0x58, 0xC5, 0x00, 0x12, 0xC2, 0xFF, 0xFF, 0xFF,
0xFF, 0xFF, 0xFF, 0xFF, 0x00, 0x00, 0x01, 0x58, 0xB6, 0xEB, 0xFF, 0xE5, 0xA4, 0x38, 0x00, 0x00,
0x00, 0x00, 0x00, 0x00, 0xFF, 0x00, 0x00, 0x00, 0x00, 0x00, 0x00, 0x00, 0x00, 0x00, 0xFF, 0x00,
0x00, 0x00, 0x00, 0x00, 0x00, 0x00, 0x00, 0x00, 0xFF, 0x00, 0x00, 0x00, 0x00, 0x00, 0x00, 0x00,
0x00, 0x00, 0xFF, 0x00, 0x00, 0x00, 0x00, 0x00, 0x00, 0x00, 0x06, 0x76, 0xD2, 0xF6, 0xE7, 0xAF,
0x3C, 0x00, 0x00, 0x00, 0x01, 0xB3, 0xFF, 0xFF, 0xFF, 0xFF, 0xFF, 0xFF, 0x00, 0x00, 0x00, 0x56,
0xFF, 0xF9, 0x66, 0x0F, 0x13, 0x47, 0xBE, 0x00, 0x00, 0x00, 0xB0, 0xFF, 0x83, 0x00, 0x00, 0x00,
0x00, 0x00, 0x00, 0x00, 0x00, 0xE2, 0xFF, 0x2F, 0x00, 0x00, 0x00, 0x00, 0x00, 0x00, 0x00, 0x00,
0xF8, 0xFF, 0x0A, 0x00, 0x00, 0x00, 0x00, 0x00, 0x00, 0x00, 0x00, 0xFF, 0xFF, 0x00, 0x00, 0x00,
0x00, 0x00, 0x00, 0x00, 0x00, 0x00, 0xFF, 0xFF, 0x00, 0x00, 0x00, 0x00, 0x00, 0x00, 0x00, 0x00,
0x00, 0xFF, 0xFF, 0x00, 0x00, 0x00, 0x00, 0x00, 0x00, 0x00, 0xFF, 0xFF, 0xFF, 0xFF, 0xFF, 0xFF,
0xFF, 0xFF, 0x00, 0x00, 0x00, 0xFF, 0xFF, 0xFF, 0xFF, 0xFF, 0xFF, 0xFF, 0xFF, 0x00, 0x00, 0x00,
0x00, 0x00, 0xFF, 0xFF, 0x00, 0x00, 0x00, 0x00, 0x00, 0x00, 0x00, 0x00, 0x00, 0xFF, 0xFF, 0x00,
0x00, 0x00, 0x00, 0x00, 0x00, 0x00, 0x00, 0x00, 0xFF, 0xFF, 0x00, 0x00, 0x00, 0x00, 0x00, 0x00,
0x00, 0x00, 0x00, 0xFF, 0xFF, 0x00, 0x00, 0x00, 0x00, 0x00, 0x00, 0x00, 0x00, 0x00, 0xFF, 0xFF,
0x00, 0x00, 0x00, 0x00, 0x00, 0x00, 0xFF, 0xFF, 0xFF, 0xFF, 0xFF, 0xFF, 0xFF, 0xFF, 0xFF, 0xFF,
0xFF, 0xFF, 0xFF, 0xFF, 0xFF, 0xFF, 0xFF, 0xFF, 0xFF, 0xFF, 0xFF, 0xFF, 0x97, 0x64, 0x00, 0x00,
0x00, 0x00, 0x00, 0x00, 0x5C, 0x9B, 0x66, 0xFC, 0xA3, 0xD1, 0xF3, 0xF3, 0xD0, 0xA3, 0xFB, 0x61,
0x00, 0xA4, 0xF8, 0x73, 0x17, 0x18, 0x72, 0xF8, 0xA4, 0x00, 0x00, 0xD2, 0x71, 0x00, 0x00, 0x00,
0x00, 0x72, 0xD1, 0x00, 0x00, 0xF4, 0x16, 0x00, 0x00, 0x00, 0x00, 0x17, 0xF3, 0x00, 0x00, 0xF5,
0x18, 0x00, 0x00, 0x00, 0x00, 0x1A, 0xF3, 0x00, 0x00, 0xD4, 0x75, 0x00, 0x00, 0x00, 0x00, 0x76,
0xD0, 0x00, 0x00, 0xA5, 0xF9, 0x74, 0x18, 0x18, 0x74, 0xF9, 0xA5, 0x00, 0x5D, 0xFB, 0xA9, 0xD7,
0xF6, 0xF5, 0xD4, 0xA5, 0xFD, 0x67, 0x9C, 0x61, 0x00, 0x00, 0x00, 0x00, 0x00, 0x00, 0x65, 0x99,
0xAA, 0xFF, 0xA7, 0x00, 0x00, 0x00, 0x00, 0x00, 0x00, 0x00, 0x00, 0xA8, 0xFF, 0xA7, 0x14, 0xE9,
0xFF, 0x47, 0x00, 0x00, 0x00, 0x00, 0x00, 0x00, 0x48, 0xFF, 0xE5, 0x11, 0x00, 0x50, 0xFF, 0xDD,
0x09, 0x00, 0x00, 0x00, 0x00, 0x09, 0xDE, 0xFF, 0x46, 0x00, 0x00, 0x00, 0xA4, 0xFF, 0x87, 0x00,
0x00, 0x00, 0x00, 0x88, 0xFF, 0x95, 0x00, 0x00, 0x00, 0x00, 0x11, 0xE5, 0xFA, 0x2C, 0x00, 0x00,
0x2C, 0xFA, 0xDA, 0x0A, 0x00, 0x00, 0x00, 0x00, 0x00, 0x4B, 0xFF, 0xC5, 0x01, 0x01, 0xC5, 0xFC,
0x37, 0x00, 0x00, 0x00, 0x00, 0xFF, 0xFF, 0xFF, 0xFF, 0xFF, 0x67, 0x68, 0xFF, 0xFF, 0xFF, 0xFF,
0xFF, 0x00, 0x00, 0xFF, 0xFF, 0xFF, 0xFF, 0xFF, 0xEF, 0xEF, 0xFF, 0xFF, 0xFF, 0xFF, 0xFF, 0x00,
0x00, 0x00, 0x00, 0x00, 0x03, 0xC4, 0xFF, 0xFF, 0xBE, 0x01, 0x00, 0x00, 0x00, 0x00, 0x00, 0x00,
0x00, 0x00, 0x00, 0x22, 0xFF, 0xFF, 0x21, 0x00, 0x00, 0x00, 0x00, 0x00, 0x00, 0xFF, 0xFF, 0xFF,
0xFF, 0xFF, 0xFF, 0xFF, 0xFF, 0xFF, 0xFF, 0xFF, 0xFF, 0x00, 0x00, 0xFF, 0xFF, 0xFF, 0xFF, 0xFF,
0xFF, 0xFF, 0xFF, 0xFF, 0xFF, 0xFF, 0xFF, 0x00, 0x00, 0x00, 0x00, 0x00, 0x00, 0x00, 0xFF, 0xFF,
0x00, 0x00, 0x00, 0x00, 0x00, 0x00, 0x00, 0x00, 0x00, 0x00, 0x00, 0x00, 0xFF, 0xFF, 0x00, 0x00,
0x00, 0x00, 0x00, 0x00, 0x00, 0x00, 0x00, 0x00, 0x00, 0x00, 0xFF, 0xFF, 0x00, 0x00, 0x00, 0x00,
0x00, 0x00, 0x00, 0x00, 0x00, 0x00, 0x00, 0x00, 0xFF, 0xFF, 0x00, 0x00, 0x00, 0x00, 0x00, 0x00,
0x00, 0x00, 0x00, 0x00, 0x00, 0x00, 0xFF, 0xFF, 0x00, 0x00, 0x00, 0x00, 0x00, 0x00, 0x00, 0x00,
0x00, 0x00, 0x00, 0x00, 0xFF, 0xFF, 0x00, 0x00, 0x00, 0x00, 0x00, 0x00, 0xFF, 0xFF, 0xFF, 0xFF,
0xFF, 0xFF, 0xFF, 0xFF, 0xFF, 0xFF, 0xFF, 0xFF, 0xFF, 0xFF, 0xFF, 0xFF, 0xFF, 0xFF, 0x00, 0x00,
0x00, 0x00, 0x00, 0x00, 0xFF, 0xFF, 0xFF, 0xFF, 0xFF, 0xFF, 0xFF, 0xFF, 0xFF, 0xFF, 0xFF, 0xFF,
0xFF, 0xFF, 0xFF, 0xFF, 0xFF, 0xFF, 0x00, 0x00, 0x32, 0xAE, 0xE1, 0xF6, 0xD6, 0x98, 0x33, 0x00,
0x00, 0x4F, 0xFC, 0xFF, 0xFF, 0xFF, 0xFF, 0xFF, 0xFF, 0x00, 0x00, 0xD5, 0xFF, 0xA6, 0x24, 0x08,
0x28, 0x69, 0xCE, 0x00, 0x00, 0xFA, 0xFF, 0x11, 0x00, 0x00, 0x00, 0x00, 0x00, 0x00, 0x00, 0xDA,
0xFF, 0x60, 0x00, 0x00, 0x00, 0x00, 0x00, 0x00, 0x00, 0x62, 0xFF, 0xFD, 0x85, 0x09, 0x00, 0x00,
0x00, 0x00, 0x00, 0x50, 0xF4, 0xFF, 0xFF, 0xE1, 0x5C, 0x01, 0x00, 0x00, 0x59, 0xFE, 0xC1, 0x24,
0x8B, 0xF8, 0xFF, 0xC8, 0x2B, 0x00, 0xD9, 0xFF, 0x1F, 0x00, 0x00, 0x20, 0xB6, 0xFF, 0xF5, 0x3A,
0xF4, 0xFF, 0x23, 0x00, 0x00, 0x00, 0x00, 0x98, 0xFF, 0xCA, 0xB4, 0xFF, 0xC1, 0x0E, 0x00, 0x00,
0x00, 0x15, 0xFF, 0xF5, 0x1F, 0xDC, 0xFF, 0xE1, 0x53, 0x00, 0x00, 0x39, 0xFF, 0xC4, 0x00, 0x0D,
0x94, 0xFC, 0xFF, 0xC6, 0x5F, 0xE3, 0xF1, 0x32, 0x00, 0x00, 0x00, 0x29, 0xB4, 0xFF, 0xFF, 0xF3,
0x23, 0x00, 0x00, 0x00, 0x00, 0x00, 0x00, 0x51, 0xF0, 0xFF, 0x7C, 0x00, 0x00, 0x00, 0x00, 0x00,
0x00, 0x00, 0x47, 0xFF, 0xE3, 0x00, 0x00, 0x00, 0x00, 0x00, 0x00, 0x00, 0x13, 0xFF, 0xF8, 0x00,
0x00, 0xCD, 0x69, 0x27, 0x08, 0x26, 0xAD, 0xFF, 0xC9, 0x00, 0x00, 0xFF, 0xFF, 0xFF, 0xFF, 0xFF,
0xFF, 0xFA, 0x41, 0x00, 0x00, 0x33, 0x98, 0xD7, 0xF7, 0xEE, 0xB3, 0x36, 0x00, 0x00, 0xFF, 0xFF,
0x00, 0x00, 0xFF, 0xFF, 0xFF, 0xFF, 0x00, 0x00, 0xFF, 0xFF, 0x00, 0x00, 0x00, 0x16, 0x85, 0xD2,
0xF3, 0xF4, 0xD2, 0x85, 0x16, 0x00, 0x00, 0x00, 0x00, 0x00, 0x52, 0xEA, 0x8E, 0x34, 0x0B, 0x0C,
0x34, 0x8E, 0xEA, 0x52, 0x00, 0x00, 0x00, 0x50, 0xE2, 0x2F, 0x00, 0x00, 0x00, 0x00, 0x00, 0x00,
0x2D, 0xE1, 0x50, 0x00, 0x16, 0xEA, 0x30, 0x00, 0x2D, 0xAC, 0xEA, 0xF5, 0xC9, 0x58, 0x00, 0x2E,
0xE9, 0x14, 0x86, 0x90, 0x00, 0x33, 0xF6, 0xE7, 0x49, 0x0D, 0x30, 0xA5, 0x00, 0x00, 0x90, 0x82,
0xD2, 0x35, 0x00, 0xBB, 0xFF, 0x55, 0x00, 0x00, 0x00, 0x00, 0x00, 0x00, 0x35, 0xD0, 0xF4, 0x0C,
0x00, 0xF4, 0xFF, 0x12, 0x00, 0x00, 0x00, 0x00, 0x00, 0x00, 0x0C, 0xF3, 0xF4, 0x0C, 0x00, 0xF5,
0xFF, 0x11, 0x00, 0x00, 0x00, 0x00, 0x00, 0x00, 0x0B, 0xF3, 0xD2, 0x36, 0x00, 0xBD, 0xFF, 0x53,
0x00, 0x00, 0x00, 0x00, 0x00, 0x00, 0x35, 0xD1, 0x86, 0x95, 0x00, 0x38, 0xF8, 0xE5, 0x4D, 0x0E,
0x24, 0x99, 0x00, 0x00, 0x90, 0x85, 0x16, 0xEC, 0x36, 0x00, 0x31, 0xAF, 0xEC, 0xF6, 0xCC, 0x59,
0x00, 0x33, 0xEA, 0x15, 0x00, 0x4F, 0xE7, 0x35, 0x00, 0x00, 0x00, 0x00, 0x00, 0x00, 0x34, 0xE5,
0x4F, 0x00, 0x00, 0x00, 0x4F, 0xEB, 0x91, 0x34, 0x0B, 0x0B, 0x34, 0x91, 0xEB, 0x4F, 0x00, 0x00,
0x00, 0x00, 0x00, 0x16, 0x86, 0xD2, 0xF4, 0xF4, 0xD1, 0x84, 0x15, 0x00, 0x00, 0x00, 0x00, 0x37,
0xA3, 0xDC, 0xF9, 0xE9, 0xAF, 0x35, 0x00, 0x00, 0x00, 0xC6, 0x56, 0x11, 0x11, 0x51, 0xE6, 0xF9,
0x37, 0x00, 0x00, 0x00, 0x00, 0x00, 0x00, 0x00, 0x50, 0xFF, 0xB3, 0x00, 0x00, 0x00, 0x00, 0x00,
0x00, 0x00, 0x10, 0xFF, 0xEC, 0x00, 0x00, 0x53, 0xB9, 0xEB, 0xFC, 0xFF, 0xFF, 0xFF, 0xFE, 0x00,
0x78, 0xFF, 0xC0, 0x36, 0x0B, 0x00, 0x06, 0xFF, 0xFF, 0x00, 0xEA, 0xFF, 0x1D, 0x00, 0x00, 0x00,
0x28, 0xFF, 0xFF, 0x00, 0xEB, 0xFF, 0x16, 0x00, 0x00, 0x00, 0x8D, 0xFF, 0xFF, 0x00, 0x92, 0xFF,
0xA6, 0x16, 0x19, 0x79, 0xF7, 0xFF, 0xFF, 0x00, 0x06, 0x7E, 0xDA, 0xF8, 0xEC, 0xAE, 0x33, 0xFF,
0xFF, 0x00, 0x00, 0x00, 0x00, 0x00, 0x00, 0x00, 0x00, 0x00, 0x00, 0x00, 0xA0, 0xFF, 0xFF, 0xFF,
0xFF, 0xFF, 0xFF, 0xFF, 0xFF, 0x14, 0x00, 0x00, 0x00, 0x00, 0x04, 0x94, 0x00, 0x00, 0x00, 0x00,
0x04, 0x94, 0x00, 0x00, 0x00, 0x10, 0xBA, 0xFF, 0x00, 0x00, 0x00, 0x10, 0xBA, 0xFF, 0x00, 0x00,
0x24, 0xD8, 0xFF, 0xB2, 0x00, 0x00, 0x24, 0xD8, 0xFF, 0xAE, 0x00, 0x41, 0xED, 0xFF, 0x8F, 0x02,
0x00, 0x41, 0xED, 0xFE, 0x7E, 0x01, 0x66, 0xFA, 0xFB, 0x68, 0x00, 0x00, 0x66, 0xFA, 0xF2, 0x4E,
0x00, 0x00, 0xFF, 0xFF, 0x83, 0x00, 0x00, 0x00, 0xFF, 0xFF, 0x53, 0x00, 0x00, 0x00, 0x67, 0xFB,
0xFB, 0x68, 0x00, 0x00, 0x67, 0xFB, 0xF2, 0x4E, 0x00, 0x00, 0x00, 0x42, 0xEE, 0xFF, 0x8E, 0x02,
0x00, 0x42, 0xEE, 0xFE, 0x7D, 0x01, 0x00, 0x00, 0x25, 0xD8, 0xFF, 0xB1, 0x00, 0x00, 0x25, 0xD8,
0xFF, 0xAD, 0x00, 0x00, 0x00, 0x10, 0xBB, 0xFF, 0x00, 0x00, 0x00, 0x10, 0xBB, 0xFF, 0x00, 0x00,
0x00, 0x00, 0x04, 0x95, 0x00, 0x00, 0x00, 0x00, 0x04, 0x95, 0xFF, 0xFF, 0xFF, 0xFF, 0xFF, 0xFF,
0xFF, 0xFF, 0xFF, 0xFF, 0xFF, 0xFF, 0xFF, 0xFF, 0xFF, 0xFF, 0xFF, 0xFF, 0xFF, 0xFF, 0xFF, 0xFF,
0xFF, 0xFF, 0x00, 0x00, 0x00, 0x00, 0x00, 0x00, 0x00, 0x00, 0x00, 0x00, 0xFF, 0xFF, 0x00, 0x00,
0x00, 0x00, 0x00, 0x00, 0x00, 0x00, 0x00, 0x00, 0xFF, 0xFF, 0x00, 0x00, 0x00, 0x00, 0x00, 0x00,
0x00, 0x00, 0x00, 0x00, 0xFF, 0xFF, 0x00, 0x00, 0x00, 0x00, 0x00, 0x00, 0x00, 0x00, 0x00, 0x00,
0xFF, 0xFF, 0xFF, 0xFF, 0xFF, 0xFF, 0xFF, 0xFF, 0xFF, 0xFF, 0xFF, 0xFF, 0xFF, 0xFF, 0x00, 0x00,
0x00, 0x16, 0x85, 0xD2, 0xF3, 0xF4, 0xD2, 0x85, 0x16, 0x00, 0x00, 0x00, 0x00, 0x00, 0x52, 0xEA,
0x8E, 0x34, 0x0B, 0x0C, 0x34, 0x8E, 0xEA, 0x52, 0x00, 0x00, 0x00, 0x50, 0xE2, 0x2F, 0x00, 0x00,
0x00, 0x00, 0x00, 0x00, 0x2D, 0xE1, 0x50, 0x00, 0x16, 0xEA, 0x30, 0x00, 0xFF, 0xFF, 0xFF, 0xEC,
0xB2, 0x23, 0x00, 0x2E, 0xE9, 0x14, 0x86, 0x90, 0x00, 0x00, 0xFF, 0xFF, 0x01, 0x4A, 0xFF, 0xC5,
0x00, 0x00, 0x90, 0x82, 0xD2, 0x35, 0x00, 0x00, 0xFF, 0xFF, 0x00, 0x06, 0xFF, 0xF4, 0x00, 0x00,
0x35, 0xD0, 0xF4, 0x0C, 0x00, 0x00, 0xFF, 0xFF, 0x00, 0x4A, 0xFF, 0xB6, 0x00, 0x00, 0x0C, 0xF3,
0xF4, 0x0C, 0x00, 0x00, 0xFF, 0xFF, 0xFF, 0xF9, 0x86, 0x0E, 0x00, 0x00, 0x0B, 0xF3, 0xD2, 0x36,
0x00, 0x00, 0xFF, 0xFF, 0xBE, 0xFF, 0xA8, 0x01, 0x00, 0x00, 0x35, 0xD1, 0x86, 0x95, 0x00, 0x00,
0xFF, 0xFF, 0x35, 0xFA, 0xFF, 0x92, 0x00, 0x00, 0x90, 0x85, 0x16, 0xEC, 0x36, 0x00, 0xFF, 0xFF,
0x00, 0x45, 0xF7, 0xFF, 0x86, 0x33, 0xEA, 0x15, 0x00, 0x4F, 0xE7, 0x35, 0x00, 0x00, 0x00, 0x00,
0x00, 0x00, 0x34, 0xE5, 0x4F, 0x00, 0x00, 0x00, 0x4F, 0xEB, 0x91, 0x34, 0x0B, 0x0B, 0x34, 0x91,
0xEB, 0x4F, 0x00, 0x00, 0x00, 0x00, 0x00, 0x16, 0x86, 0xD2, 0xF4, 0xF4, 0xD1, 0x84, 0x15, 0x00,
0x00, 0x00, 0xFF, 0xFF, 0xFF, 0xFF, 0xFF, 0xFF, 0xFF, 0xFF, 0xFF, 0xFF, 0xFF, 0xFF, 0xFF, 0xFF,
0x00, 0x58, 0xD6, 0xF9, 0xD3, 0x48, 0x00, 0x58, 0xDF, 0x42, 0x0C, 0x45, 0xE2, 0x49, 0xD6, 0x42,
0x00, 0x00, 0x00, 0x45, 0xD3, 0xF8, 0x0B, 0x00, 0x00, 0x00, 0x0C, 0xF9, 0xD2, 0x3E, 0x00, 0x00,
0x00, 0x43, 0xD8, 0x5B, 0xDC, 0x3D, 0x0B, 0x44, 0xE1, 0x5B, 0x00, 0x5B, 0xD2, 0xF4, 0xCE, 0x4F,
0x00, 0x00, 0x00, 0x00, 0x00, 0x00, 0xFF, 0xFF, 0x00, 0x00, 0x00, 0x00, 0x00, 0x00, 0x00, 0x00,
0x00, 0x00, 0xFF, 0xFF, 0x00, 0x00, 0x00, 0x00, 0x00, 0x00, 0x00, 0x00, 0x00, 0x00, 0xFF, 0xFF,
0x00, 0x00, 0x00, 0x00, 0x00, 0x00, 0x00, 0x00, 0x00, 0x00, 0xFF, 0xFF, 0x00, 0x00, 0x00, 0x00,
0x00, 0xFF, 0xFF, 0xFF, 0xFF, 0xFF, 0xFF, 0xFF, 0xFF, 0xFF, 0xFF, 0xFF, 0xFF, 0xFF, 0xFF, 0xFF,
0xFF, 0xFF, 0xFF, 0xFF, 0xFF, 0xFF, 0xFF, 0xFF, 0xFF, 0x00, 0x00, 0x00, 0x00, 0x00, 0xFF, 0xFF,
0x00, 0x00, 0x00, 0x00, 0x00, 0x00, 0x00, 0x00, 0x00, 0x00, 0xFF, 0xFF, 0x00, 0x00, 0x00, 0x00,
0x00, 0x00, 0x00, 0x00, 0x00, 0x00, 0xFF, 0xFF, 0x00, 0x00, 0x00, 0x00, 0x00, 0x00, 0x00, 0x00,
0x00, 0x00, 0xFF, 0xFF, 0x00, 0x00, 0x00, 0x00, 0x00, 0x00, 0x00, 0x00, 0x00, 0x00, 0x00, 0x00,
0x00, 0x00, 0x00, 0x00, 0x00, 0x00, 0x00, 0x00, 0x00, 0x00, 0x00, 0x00, 0x00, 0x00, 0x00, 0x00,
0x00, 0xFF, 0xFF, 0xFF, 0xFF, 0xFF, 0xFF, 0xFF, 0xFF, 0xFF, 0xFF, 0xFF, 0xFF, 0xFF, 0xFF, 0xFF,
0xFF, 0xFF, 0xFF, 0xFF, 0xFF, 0xFF, 0xFF, 0xFF, 0xFF, 0x3D, 0xB0, 0xE7, 0xF1, 0xCC, 0x63, 0x01,
0xBF, 0x47, 0x0F, 0x1E, 0xA8, 0xFF, 0x8B, 0x00, 0x00, 0x00, 0x00, 0x11, 0xFF, 0xF1, 0x00, 0x00,
0x00, 0x00, 0x30, 0xFF, 0xEC, 0x00, 0x00, 0x00, 0x02, 0xBB, 0xFF, 0xA6, 0x00, 0x00, 0x00, 0x93,
0xFF, 0xF3, 0x24, 0x00, 0x01, 0x8E, 0xFF, 0xFB, 0x4A, 0x00, 0x04, 0xA0, 0xFF, 0xF9, 0x54, 0x00,
0x00, 0xB2, 0xFF, 0xF4, 0x46, 0x00, 0x00, 0x00, 0xFF, 0xFF, 0xFF, 0xFF, 0xFF, 0xFF, 0xFF, 0x39,
0xAA, 0xEF, 0xF3, 0xD5, 0x81, 0x0D, 0xBF, 0x44, 0x08, 0x19, 0x8E, 0xFF, 0xB9, 0x00, 0x00, 0x00,
0x00, 0x0E, 0xFF, 0xF4, 0x00, 0x00, 0x00, 0x14, 0x88, 0xFF, 0x8C, 0x00, 0x00, 0xFF, 0xFF, 0xFB,
0x7B, 0x00, 0x00, 0x00, 0x01, 0x1D, 0xA8, 0xFF, 0x79, 0x00, 0x00, 0x00, 0x00, 0x16, 0xFF, 0xED,
0x00, 0x00, 0x00, 0x00, 0x19, 0xFF, 0xED, 0xB8, 0x44, 0x0E, 0x21, 0xB2, 0xFF, 0x87, 0x47, 0xC0,
0xF3, 0xEA, 0xC5, 0x5F, 0x01, 0x00, 0x00, 0x13, 0xD9, 0xFF, 0x7D, 0x00, 0x08, 0xC5, 0xFF, 0x78,
0x00, 0x02, 0xAC, 0xFF, 0x73, 0x00, 0x00, 0x90, 0xFF, 0x6F, 0x00, 0x00, 0x00, 0xFF, 0xFF, 0x00,
0x00, 0x00, 0x00, 0x00, 0x00, 0x00, 0xFF, 0xFF, 0x00, 0x00, 0xFF, 0xFF, 0x00, 0x00, 0x00, 0x00,
0x00, 0x00, 0x00, 0xFF, 0xFF, 0x00, 0x00, 0xFF, 0xFF, 0x00, 0x00, 0x00, 0x00, 0x00, 0x00, 0x00,
0xFF, 0xFF, 0x00, 0x00, 0xFF, 0xFF, 0x00, 0x00, 0x00, 0x00, 0x00, 0x00, 0x00, 0xFF, 0xFF, 0x00,
0x00, 0xFF, 0xFF, 0x00, 0x00, 0x00, 0x00, 0x00, 0x00, 0x00, 0xFF, 0xFF, 0x00, 0x00, 0xFF, 0xFF,
0x00, 0x00, 0x00, 0x00, 0x00, 0x00, 0x00, 0xFF, 0xFF, 0x00, 0x00, 0xFF, 0xFF, 0x00, 0x00, 0x00,
0x00, 0x00, 0x00, 0x00, 0xFF, 0xFF, 0x00, 0x00, 0xFF, 0xFF, 0x00, 0x00, 0x00, 0x00, 0x00, 0x00,
0x04, 0xFF, 0xFF, 0x00, 0x00, 0xFF, 0xFF, 0x14, 0x00, 0x00, 0x00, 0x00, 0x00, 0x27, 0xFF, 0xFF,
0x00, 0x00, 0xFF, 0xFF, 0x60, 0x00, 0x00, 0x00, 0x00, 0x00, 0x89, 0xFF, 0xFF, 0x00, 0x00, 0xFF,
0xFF, 0xF1, 0x6A, 0x1C, 0x09, 0x29, 0x8D, 0xFC, 0xFF, 0xFF, 0x2F, 0x00, 0xFF, 0xD7, 0xCB, 0xFF,
0xFF, 0xFF, 0xFF, 0xFF, 0xD8, 0xA3, 0xFF, 0xFF, 0xFF, 0xFF, 0xD0, 0x0E, 0x92, 0xE3, 0xFA, 0xE3,
0x94, 0x11, 0x20, 0xD3, 0xF2, 0xAA, 0xFF, 0xD0, 0x00, 0x00, 0x00, 0x00, 0x00, 0x00, 0x00, 0x00,
0x00, 0x00, 0x00, 0xFF, 0xD0, 0x00, 0x00, 0x00, 0x00, 0x00, 0x00, 0x00, 0x00, 0x00, 0x00, 0x00,
0xFF, 0xD0, 0x00, 0x00, 0x00, 0x00, 0x00, 0x00, 0x00, 0x00, 0x00, 0x00, 0x00, 0xFF, 0xD0, 0x00,
0x00, 0x00, 0x00, 0x00, 0x00, 0x00, 0x00, 0x00, 0x00, 0x00, 0xFF, 0xD0, 0x00, 0x00, 0x00, 0x00,
0x00, 0x00, 0x00, 0x00, 0x00, 0x00, 0x00, 0x00, 0x00, 0x53, 0xBB, 0xEE, 0xFE, 0xFF, 0xFF, 0xFF,
0xFF, 0xFF, 0x00, 0x9A, 0xFF, 0xFF, 0xFF, 0xFF, 0xFF, 0x00, 0x00, 0xFF, 0xFF, 0x60, 0xFF, 0xFF,
0xFF, 0xFF, 0xFF, 0xFF, 0x00, 0x00, 0xFF, 0xFF, 0xC9, 0xFF, 0xFF, 0xFF, 0xFF, 0xFF, 0xFF, 0x00,
0x00, 0xFF, 0xFF, 0xF5, 0xFF, 0xFF, 0xFF, 0xFF, 0xFF, 0xFF, 0x00, 0x00, 0xFF, 0xFF, 0xF6, 0xFF,
0xFF, 0xFF, 0xFF, 0xFF, 0xFF, 0x00, 0x00, 0xFF, 0xFF, 0xCC, 0xFF, 0xFF, 0xFF, 0xFF, 0xFF, 0xFF,
0x00, 0x00, 0xFF, 0xFF, 0x68, 0xFF, 0xFF, 0xFF, 0xFF, 0xFF, 0xFF, 0x00, 0x00, 0xFF, 0xFF, 0x01,
0xA4, 0xFF, 0xFF, 0xFF, 0xFF, 0xFF, 0x00, 0x00, 0xFF, 0xFF, 0x00, 0x00, 0x53, 0xB7, 0xED, 0xFF,
0xFF, 0x00, 0x00, 0xFF, 0xFF, 0x00, 0x00, 0x00, 0x00, 0x00, 0xFF, 0xFF, 0x00, 0x00, 0xFF, 0xFF,
0x00, 0x00, 0x00, 0x00, 0x00, 0xFF, 0xFF, 0x00, 0x00, 0xFF, 0xFF, 0x00, 0x00, 0x00, 0x00, 0x00,
0xFF, 0xFF, 0x00, 0x00, 0xFF, 0xFF, 0x00, 0x00, 0x00, 0x00, 0x00, 0xFF, 0xFF, 0x00, 0x00, 0xFF,
0xFF, 0x00, 0x00, 0x00, 0x00, 0x00, 0xFF, 0xFF, 0x00, 0x00, 0xFF, 0xFF, 0x00, 0x00, 0x00, 0x00,
0x00, 0xFF, 0xFF, 0x00, 0x00, 0xFF, 0xFF, 0x00, 0x00, 0x00, 0x00, 0x00, 0xFF, 0xFF, 0x00, 0x00,
0xFF, 0xFF, 0x00, 0x00, 0x00, 0x00, 0x00, 0xFF, 0xFF, 0x00, 0x00, 0xFF, 0xFF, 0x00, 0x00, 0x00,
0x00, 0x00, 0xFF, 0xFF, 0x00, 0x00, 0xFF, 0xFF, 0x00, 0x00, 0x00, 0x00, 0x00, 0xFF, 0xFF, 0x00,
0x00, 0xFF, 0xFF, 0xFF, 0xFF, 0xFF, 0xFF, 0xFF, 0xFF, 0xFF, 0xFF, 0xFF, 0xFF, 0xFF, 0xFF, 0x00,
0x00, 0x00, 0xFF, 0x4A, 0x00, 0x00, 0x00, 0xFF, 0xBB, 0x00, 0x01, 0x42, 0xFF, 0xF0, 0xFF, 0xFF,
0xFF, 0xFF, 0xD4, 0xC0, 0xF2, 0xF4, 0xC4, 0x32, 0xFF, 0xFF, 0xFF, 0xFF, 0x00, 0x00, 0x00, 0x00,
0xFF, 0xFF, 0x00, 0x00, 0x00, 0x00, 0xFF, 0xFF, 0x00, 0x00, 0x00, 0x00, 0xFF, 0xFF, 0x00, 0x00,
0x00, 0x00, 0xFF, 0xFF, 0x00, 0x00, 0x00, 0x00, 0xFF, 0xFF, 0x00, 0x00, 0x00, 0x00, 0xFF, 0xFF,
0x00, 0x00, 0x00, 0x00, 0xFF, 0xFF, 0x00, 0x00, 0x00, 0x00, 0xFF, 0xFF, 0x00, 0x00, 0xFF, 0xFF,
0xFF, 0xFF, 0xFF, 0xFF, 0x00, 0x0F, 0x8E, 0xE1, 0xFA, 0xE1, 0x8D, 0x0E, 0x00, 0x0A, 0xD0, 0xF1,
0x48, 0x08, 0x49, 0xF3, 0xCE, 0x09, 0x7E, 0xFF, 0x7C, 0x00, 0x00, 0x00, 0x7F, 0xFF, 0x7C, 0xD3,
0xFF, 0x29, 0x00, 0x00, 0x00, 0x2A, 0xFF, 0xD1, 0xF7, 0xFF, 0x0C, 0x00, 0x00, 0x00, 0x0D, 0xFF,
0xF6, 0xF7, 0xFF, 0x0B, 0x00, 0x00, 0x00, 0x0C, 0xFF, 0xF6, 0xD4, 0xFF, 0x28, 0x00, 0x00, 0x00,
0x2A, 0xFF, 0xD3, 0x7E, 0xFF, 0x7A, 0x00, 0x00, 0x00, 0x7F, 0xFF, 0x7E, 0x0B, 0xD1, 0xF0, 0x47,
0x07, 0x4A, 0xF3, 0xD0, 0x0A, 0x00, 0x10, 0x90, 0xE3, 0xFB, 0xE3, 0x90, 0x10, 0x00, 0x00, 0x00,
0x00, 0x00, 0x00, 0x00, 0x00, 0x00, 0x00, 0x98, 0xFF, 0xFF, 0xFF, 0xFF, 0xFF, 0xFF, 0xFF, 0x84,
0x94, 0x04, 0x00, 0x00, 0x00, 0x00, 0x94, 0x04, 0x00, 0x00, 0x00, 0x00, 0xFF, 0xBA, 0x10, 0x00,
0x00, 0x00, 0xFF, 0xBA, 0x10, 0x00, 0x00, 0x00, 0xAE, 0xFF, 0xD8, 0x24, 0x00, 0x00, 0xB2, 0xFF,
0xD8, 0x24, 0x00, 0x00, 0x01, 0x7E, 0xFE, 0xED, 0x41, 0x00, 0x02, 0x8F, 0xFF, 0xED, 0x41, 0x00,
0x00, 0x00, 0x4F, 0xF2, 0xFA, 0x66, 0x00, 0x00, 0x69, 0xFB, 0xFA, 0x66, 0x00, 0x00, 0x00, 0x53,
0xFF, 0xFF, 0x00, 0x00, 0x00, 0x83, 0xFF, 0xFF, 0x00, 0x00, 0x4E, 0xF2, 0xFB, 0x67, 0x00, 0x00,
0x68, 0xFB, 0xFB, 0x67, 0x01, 0x7D, 0xFE, 0xED, 0x42, 0x00, 0x02, 0x8E, 0xFF, 0xED, 0x42, 0x00,
0xAE, 0xFF, 0xD8, 0x25, 0x00, 0x00, 0xB2, 0xFF, 0xD8, 0x25, 0x00, 0x00, 0xFF, 0xBB, 0x10, 0x00,
0x00, 0x00, 0xFF, 0xBB, 0x10, 0x00, 0x00, 0x00, 0x95, 0x04, 0x00, 0x00, 0x00, 0x00, 0x95, 0x04,
0x00, 0x00, 0x00, 0x00, 0x00, 0x00, 0xFF, 0xFF, 0xFF, 0xFF, 0x00, 0x00, 0x00, 0x00, 0x00, 0x00,
0x00, 0x00, 0x00, 0x00, 0x00, 0xFF, 0xFF, 0x00, 0x00, 0x00, 0x00, 0x00, 0x00, 0x00, 0x00, 0x00,
0x00, 0x00, 0xFF, 0xFF, 0x00, 0x00, 0x00, 0x00, 0x00, 0x00, 0x00, 0x00, 0x00, 0x00, 0x00, 0xFF,
0xFF, 0x00, 0x00, 0x00, 0x00, 0x00, 0x00, 0x00, 0x00, 0x00, 0x00, 0x00, 0xFF, 0xFF, 0x00, 0x00,
0x00, 0x00, 0x00, 0x00, 0x00, 0x00, 0x00, 0x00, 0x00, 0xFF, 0xFF, 0x00, 0x00, 0x00, 0x00, 0x00,
0x00, 0x00, 0x00, 0x00, 0x00, 0x00, 0xFF, 0xFF, 0x00, 0x00, 0x00, 0x00, 0x00, 0x00, 0x00, 0x00,
0x00, 0x00, 0x00, 0xFF, 0xFF, 0x00, 0x00, 0x00, 0x00, 0x00, 0x00, 0x00, 0x00, 0x00, 0x00, 0x00,
0xFF, 0xFF, 0x00, 0x00, 0x00, 0x00, 0x00, 0x00, 0x00, 0x00, 0x00, 0xFF, 0xFF, 0xFF, 0xFF, 0xFF,
0xFF, 0x00, 0x00, 0x00, 0x00, 0x00, 0x00, 0x00, 0x00, 0x00, 0x00, 0x00, 0x00, 0x00, 0x09, 0x3F,
0x7C, 0xB8, 0xC7, 0x00, 0x00, 0x00, 0x00, 0x12, 0x4D, 0x89, 0xC6, 0xF8, 0xD4, 0x97, 0x5B, 0x1E,
0x1E, 0x5A, 0x97, 0xD3, 0xF7, 0xC5, 0x89, 0x4C, 0x11, 0x00, 0x00, 0x00, 0x00, 0xCC, 0xB7, 0x7A,
0x3E, 0x08, 0x00, 0x00, 0x00, 0x2E, 0xFB, 0xFF, 0x00, 0x00, 0x00, 0x00, 0x00, 0x00, 0x00, 0x00,
0x00, 0x02, 0xC0, 0xFF, 0xFF, 0x00, 0x00, 0x00, 0x00, 0x00, 0x00, 0x00, 0x00, 0x00, 0x70, 0x89,
0xFF, 0xFF, 0x00, 0x00, 0x00, 0x00, 0x00, 0x00, 0x00, 0x00, 0x1F, 0xE5, 0x12, 0xFF, 0xFF, 0x00,
0x00, 0x00, 0x00, 0x00, 0x00, 0x00, 0x00, 0xB6, 0x7C, 0x00, 0xFF, 0xFF, 0x00, 0x00, 0x00, 0x00,
0x00, 0x00, 0x00, 0x5A, 0xE9, 0x0C, 0x00, 0xFF, 0xFF, 0x00, 0x00, 0x00, 0x00, 0x00, 0x00, 0x00,
0xEA, 0x6F, 0x00, 0x00, 0xFF, 0xFF, 0x00, 0x00, 0x00, 0x00, 0x00, 0x00, 0x00, 0xFF, 0xFF, 0xFF,
0xFF, 0xFF, 0xFF, 0xFF, 0x00, 0x00, 0x00, 0x00, 0x00, 0x00, 0x00, 0x00, 0x00, 0x00, 0xFF, 0xFF,
0x00, 0x00, 0x00, 0x00, 0x00, 0x00, 0x00, 0x00, 0x00, 0x00, 0x00, 0xFF, 0xFF, 0x00, 0x00, 0x00,
0x00, 0xFF, 0xFF, 0xFF, 0xFF, 0x00, 0x00, 0x00, 0x00, 0x00, 0x00, 0x00, 0x00, 0x00, 0x00, 0x00,
0xFF, 0xFF, 0x00, 0x00, 0x00, 0x00, 0x00, 0x00, 0x00, 0x00, 0x00, 0x00, 0x00, 0xFF, 0xFF, 0x00,
0x00, 0x00, 0x00, 0x00, 0x00, 0x00, 0x00, 0x00, 0x00, 0x00, 0xFF, 0xFF, 0x00, 0x00, 0x00, 0x00,
0x00, 0x00, 0x00, 0x00, 0x00, 0x00, 0x00, 0xFF, 0xFF, 0x00, 0x00, 0x00, 0x00, 0x00, 0x00, 0x00,
0x00, 0x00, 0x00, 0x00, 0xFF, 0xFF, 0x00, 0x00, 0x00, 0x00, 0x00, 0x00, 0x00, 0x00, 0x00, 0x00,
0x00, 0xFF, 0xFF, 0x00, 0x00, 0x00, 0x00, 0x00, 0x00, 0x00, 0x00, 0x00, 0x00, 0x00, 0xFF, 0xFF,
0x00, 0x00, 0x00, 0x00, 0x00, 0x00, 0x00, 0x00, 0x00, 0x00, 0x00, 0xFF, 0xFF, 0x00, 0x00, 0x00,
0x00, 0x00, 0x00, 0x00, 0x00, 0x00, 0xFF, 0xFF, 0xFF, 0xFF, 0xFF, 0xFF, 0x00, 0x00, 0x00, 0x00,
0x00, 0x00, 0x00, 0x00, 0x00, 0x00, 0x00, 0x00, 0x00, 0x09, 0x3F, 0x7C, 0xB8, 0xC7, 0x00, 0x00,
0x00, 0x00, 0x12, 0x4D, 0x89, 0xC6, 0xF8, 0xD4, 0x97, 0x5B, 0x1E, 0x1E, 0x5A, 0x97, 0xD3, 0xF7,
0xC5, 0x89, 0x4C, 0x11, 0x00, 0x00, 0x00, 0x00, 0xCC, 0xB7, 0x7A, 0x3E, 0x08, 0x00, 0x3D, 0xB0,
0xE7, 0xF1, 0xCC, 0x63, 0x01, 0x00, 0x00, 0x00, 0x00, 0x00, 0x00, 0xBF, 0x47, 0x0F, 0x1E, 0xA8,
0xFF, 0x8B, 0x00, 0x00, 0x00, 0x00, 0x00, 0x00, 0x00, 0x00, 0x00, 0x00, 0x11, 0xFF, 0xF1, 0x00,
0x00, 0x00, 0x00, 0x00, 0x00, 0x00, 0x00, 0x00, 0x00, 0x30, 0xFF, 0xEC, 0x00, 0x00, 0x00, 0x00,
0x00, 0x00, 0x00, 0x00, 0x00, 0x02, 0xBB, 0xFF, 0xA6, 0x00, 0x00, 0x00, 0x00, 0x00, 0x00, 0x00,
0x00, 0x00, 0x93, 0xFF, 0xF3, 0x24, 0x00, 0x00, 0x00, 0x00, 0x00, 0x00, 0x00, 0x01, 0x8E, 0xFF,
0xFB, 0x4A, 0x00, 0x00, 0x00, 0x00, 0x00, 0x00, 0x00, 0x04, 0xA0, 0xFF, 0xF9, 0x54, 0x00, 0x00,
0x00, 0x00, 0x00, 0x00, 0x00, 0x00, 0xB2, 0xFF, 0xF4, 0x46, 0x00, 0x00, 0x00, 0x00, 0x00, 0x00,
0x00, 0x00, 0x00, 0xFF, 0xFF, 0xFF, 0xFF, 0xFF, 0xFF, 0xFF, 0x00, 0x39, 0xAA, 0xEF, 0xF3, 0xD5,
0x81, 0x0D, 0x00, 0x00, 0x00, 0x00, 0x00, 0x00, 0xBF, 0x44, 0x08, 0x19, 0x8E, 0xFF, 0xB9, 0x00,
0x00, 0x00, 0x00, 0x00, 0x00, 0x00, 0x00, 0x00, 0x00, 0x0E, 0xFF, 0xF4, 0x00, 0x00, 0x00, 0x00,
0x00, 0x00, 0x00, 0x00, 0x00, 0x14, 0x88, 0xFF, 0x8C, 0x00, 0x00, 0x00, 0x00, 0x00, 0x00, 0x00,
0x00, 0xFF, 0xFF, 0xFB, 0x7B, 0x00, 0x00, 0x00, 0x00, 0x00, 0x00, 0x00, 0x00, 0x00, 0x01, 0x1D,
0xA8, 0xFF, 0x79, 0x00, 0x00, 0x00, 0x00, 0x00, 0x00, 0x00, 0x00, 0x00, 0x00, 0x16, 0xFF, 0xED,
0x00, 0x00, 0x00, 0x00, 0x00, 0x00, 0x00, 0x00, 0x00, 0x00, 0x19, 0xFF, 0xED, 0x00, 0x00, 0x00,
0x00, 0x00, 0x00, 0xB8, 0x44, 0x0E, 0x21, 0xB2, 0xFF, 0x87, 0x00, 0x00, 0x00, 0x00, 0x00, 0x00,
0x47, 0xC0, 0xF3, 0xEA, 0xC5, 0x5F, 0x01, 0x00, 0x00, 0x00, 0x00, 0x00, 0x00, 0x00, 0x00, 0x00,
0x00, 0x00, 0x00, 0x00, 0x09, 0x3F, 0x7C, 0xB8, 0xC7, 0x00, 0x00, 0x00, 0x00, 0x12, 0x4D, 0x89,
0xC6, 0xF8, 0xD4, 0x97, 0x5B, 0x1E, 0x1E, 0x5A, 0x97, 0xD3, 0xF7, 0xC5, 0x89, 0x4C, 0x11, 0x00,
0x00, 0x00, 0x00, 0xCC, 0xB7, 0x7A, 0x3E, 0x08, 0x00, 0x00, 0x00, 0x2E, 0xFB, 0xFF, 0x00, 0x00,
0x00, 0x00, 0x00, 0x00, 0x00, 0x00, 0x00, 0x02, 0xC0, 0xFF, 0xFF, 0x00, 0x00, 0x00, 0x00, 0x00,
0x00, 0x00, 0x00, 0x00, 0x70, 0x89, 0xFF, 0xFF, 0x00, 0x00, 0x00, 0x00, 0x00, 0x00, 0x00, 0x00,
0x1F, 0xE5, 0x12, 0xFF, 0xFF, 0x00, 0x00, 0x00, 0x00, 0x00, 0x00, 0x00, 0x00, 0xB6, 0x7C, 0x00,
0xFF, 0xFF, 0x00, 0x00, 0x00, 0x00, 0x00, 0x00, 0x00, 0x5A, 0xE9, 0x0C, 0x00, 0xFF, 0xFF, 0x00,
0x00, 0x00, 0x00, 0x00, 0x00, 0x00, 0xEA, 0x6F, 0x00, 0x00, 0xFF, 0xFF, 0x00, 0x00, 0x00, 0x00,
0x00, 0x00, 0x00, 0xFF, 0xFF, 0xFF, 0xFF, 0xFF, 0xFF, 0xFF, 0x00, 0x00, 0x00, 0x00, 0x00, 0x00,
0x00, 0x00, 0x00, 0x00, 0xFF, 0xFF, 0x00, 0x00, 0x00, 0x00, 0x00, 0x00, 0x00, 0x00, 0x00, 0x00,
0x00, 0xFF, 0xFF, 0x00, 0x00, 0x00, 0x00, 0x00, 0x00, 0xFF, 0xFF, 0x00, 0x00, 0x00, 0x00, 0x00,
0x00, 0x00, 0xFF, 0xFF, 0x00, 0x00, 0x00, 0x00, 0x00, 0x00, 0x00, 0xFF, 0xFF, 0x00, 0x00, 0x00,
0x00, 0x00, 0x00, 0x00, 0x00, 0x00, 0x00, 0x00, 0x00, 0x00, 0x00, 0x00, 0x00, 0x00, 0x00, 0x00,
0x00, 0x00, 0x00, 0x00, 0x00, 0x00, 0xFC, 0xFF, 0x00, 0x00, 0x00, 0x00, 0x00, 0x00, 0x00, 0xFD,
0xFE, 0x00, 0x00, 0x00, 0x00, 0x00, 0x00, 0x23, 0xFF, 0xED, 0x00, 0x00, 0x00, 0x00, 0x00, 0x02,
0xA2, 0xFF, 0xAA, 0x00, 0x00, 0x00, 0x00, 0x07, 0xAC, 0xFF, 0xEF, 0x25, 0x00, 0x00, 0x00, 0x00,
0xAC, 0xFF, 0xEE, 0x39, 0x00, 0x00, 0x00, 0x00, 0x5E, 0xFF, 0xEF, 0x30, 0x00, 0x00, 0x00, 0x00,
0x00, 0xCE, 0xFF, 0x57, 0x00, 0x00, 0x00, 0x00, 0x00, 0x00, 0xF9, 0xFF, 0x0A, 0x00, 0x00, 0x00,
0x00, 0x00, 0x00, 0xED, 0xFF, 0x3B, 0x00, 0x00, 0x00, 0x00, 0x09, 0x9C, 0xA7, 0xFF, 0xDD, 0x4A,
0x0D, 0x17, 0x64, 0xE0, 0xFF, 0x20, 0xE8, 0xFF, 0xFF, 0xFF, 0xFF, 0xFF, 0xFA, 0x6A, 0x00, 0x1C,
0x9A, 0xE4, 0xFB, 0xE6, 0xA1, 0x28, 0x00, 0x00, 0x00, 0x00, 0x9A, 0xFF, 0x48, 0x00, 0x00, 0x00,
0x00, 0x00, 0x00, 0x00, 0x00, 0x00, 0x06, 0xC7, 0xE5, 0x11, 0x00, 0x00, 0x00, 0x00, 0x00, 0x00,
0x00, 0x00, 0x00, 0x1A, 0xE7, 0xA7, 0x00, 0x00, 0x00, 0x00, 0x00, 0x00, 0x00, 0x00, 0x00, 0x00,
0x00, 0x00, 0x00, 0x00, 0x00, 0x00, 0x00, 0x00, 0x00, 0x00, 0x00, 0x66, 0xFF, 0xFF, 0x65, 0x00,
0x00, 0x00, 0x00, 0x00, 0x00, 0x00, 0x00, 0xA9, 0xFF, 0xFF, 0xA8, 0x00, 0x00, 0x00, 0x00, 0x00,
0x00, 0x00, 0x01, 0xEA, 0xFF, 0xFF, 0xEA, 0x01, 0x00, 0x00, 0x00, 0x00, 0x00, 0x00, 0x30, 0xFF,
0xE2, 0xE2, 0xFF, 0x2F, 0x00, 0x00, 0x00, 0x00, 0x00, 0x00, 0x73, 0xFF, 0x9F, 0xA0, 0xFF, 0x72,
0x00, 0x00, 0x00, 0x00, 0x00, 0x00, 0xB7, 0xFF, 0x5B, 0x5C, 0xFF, 0xB5, 0x00, 0x00, 0x00, 0x00,
0x00, 0x05, 0xF4, 0xFF, 0x19, 0x19, 0xFF, 0xF3, 0x05, 0x00, 0x00, 0x00, 0x00, 0x3D, 0xFF, 0xD5,
0x00, 0x00, 0xD6, 0xFF, 0x3C, 0x00, 0x00, 0x00, 0x00, 0x81, 0xFF, 0x92, 0x00, 0x00, 0x93, 0xFF,
0x7F, 0x00, 0x00, 0x00, 0x00, 0xC4, 0xFF, 0x4F, 0x00, 0x00, 0x50, 0xFF, 0xC3, 0x00, 0x00, 0x00,
0x0C, 0xFA, 0xFC, 0x0F, 0x00, 0x00, 0x10, 0xFC, 0xFA, 0x0C, 0x00, 0x00, 0x4B, 0xFF, 0xC9, 0x00,
0x00, 0x00, 0x00, 0xCA, 0xFF, 0x49, 0x00, 0x00, 0x8E, 0xFF, 0xFF, 0xFF, 0xFF, 0xFF, 0xFF, 0xFF,
0xFF, 0x8D, 0x00, 0x00, 0xD1, 0xFF, 0xFF, 0xFF, 0xFF, 0xFF, 0xFF, 0xFF, 0xFF, 0xD0, 0x00, 0x16,
0xFE, 0xF6, 0x07, 0x00, 0x00, 0x00, 0x00, 0x07, 0xF7, 0xFE, 0x15, 0x58, 0xFF, 0xBA, 0x00, 0x00,
0x00, 0x00, 0x00, 0x00, 0xBC, 0xFF, 0x57, 0x9B, 0xFF, 0x77, 0x00, 0x00, 0x00, 0x00, 0x00, 0x00,
0x79, 0xFF, 0x9A, 0xDE, 0xFF, 0x35, 0x00, 0x00, 0x00, 0x00, 0x00, 0x00, 0x36, 0xFF, 0xDE, 0x00,
0x00, 0x00, 0x00, 0x00, 0x00, 0x48, 0xFF, 0x99, 0x00, 0x00, 0x00, 0x00, 0x00, 0x00, 0x00, 0x00,
0x12, 0xE6, 0xC7, 0x06, 0x00, 0x00, 0x00, 0x00, 0x00, 0x00, 0x00, 0x00, 0xA8, 0xE7, 0x1A, 0x00,
0x00, 0x00, 0x00, 0x00, 0x00, 0x00, 0x00, 0x00, 0x00, 0x00, 0x00, 0x00, 0x00, 0x00, 0x00, 0x00,
0x00, 0x00, 0x00, 0x66, 0xFF, 0xFF, 0x65, 0x00, 0x00, 0x00, 0x00, 0x00, 0x00, 0x00, 0x00, 0xA9,
0xFF, 0xFF, 0xA8, 0x00, 0x00, 0x00, 0x00, 0x00, 0x00, 0x00, 0x01, 0xEA, 0xFF, 0xFF, 0xEA, 0x01,
0x00, 0x00, 0x00, 0x00, 0x00, 0x00, 0x30, 0xFF, 0xE2, 0xE2, 0xFF, 0x2F, 0x00, 0x00, 0x00, 0x00,
0x00, 0x00, 0x73, 0xFF, 0x9F, 0xA0, 0xFF, 0x72, 0x00, 0x00, 0x00, 0x00, 0x00, 0x00, 0xB7, 0xFF,
0x5B, 0x5C, 0xFF, 0xB5, 0x00, 0x00, 0x00, 0x00, 0x00, 0x05, 0xF4, 0xFF, 0x19, 0x19, 0xFF, 0xF3,
0x05, 0x00, 0x00, 0x00, 0x00, 0x3D, 0xFF, 0xD5, 0x00, 0x00, 0xD6, 0xFF, 0x3C, 0x00, 0x00, 0x00,
0x00, 0x81, 0xFF, 0x92, 0x00, 0x00, 0x93, 0xFF, 0x7F, 0x00, 0x00, 0x00, 0x00, 0xC4, 0xFF, 0x4F,
0x00, 0x00, 0x50, 0xFF, 0xC3, 0x00, 0x00, 0x00, 0x0C, 0xFA, 0xFC, 0x0F, 0x00, 0x00, 0x10, 0xFC,
0xFA, 0x0C, 0x00, 0x00, 0x4B, 0xFF, 0xC9, 0x00, 0x00, 0x00, 0x00, 0xCA, 0xFF, 0x49, 0x00, 0x00,
0x8E, 0xFF, 0xFF, 0xFF, 0xFF, 0xFF, 0xFF, 0xFF, 0xFF, 0x8D, 0x00, 0x00, 0xD1, 0xFF, 0xFF, 0xFF,
0xFF, 0xFF, 0xFF, 0xFF, 0xFF, 0xD0, 0x00, 0x16, 0xFE, 0xF6, 0x07, 0x00, 0x00, 0x00, 0x00, 0x07,
0xF7, 0xFE, 0x15, 0x58, 0xFF, 0xBA, 0x00, 0x00, 0x00, 0x00, 0x00, 0x00, 0xBC, 0xFF, 0x57, 0x9B,
0xFF, 0x77, 0x00, 0x00, 0x00, 0x00, 0x00, 0x00, 0x79, 0xFF, 0x9A, 0xDE, 0xFF, 0x35, 0x00, 0x00,
0x00, 0x00, 0x00, 0x00, 0x36, 0xFF, 0xDE, 0x00, 0x00, 0x00, 0x00, 0x46, 0xFE, 0xFE, 0x45, 0x00,
0x00, 0x00, 0x00, 0x00, 0x00, 0x00, 0x11, 0xE4, 0x97, 0x97, 0xE4, 0x11, 0x00, 0x00, 0x00, 0x00,
0x00, 0x00, 0xA7, 0xC2, 0x05, 0x05, 0xC0, 0xA7, 0x00, 0x00, 0x00, 0x00, 0x00, 0x00, 0x00, 0x00,
0x00, 0x00, 0x00, 0x00, 0x00, 0x00, 0x00, 0x00, 0x00, 0x00, 0x00, 0x66, 0xFF, 0xFF, 0x65, 0x00,
0x00, 0x00, 0x00, 0x00, 0x00, 0x00, 0x00, 0xA9, 0xFF, 0xFF, 0xA8, 0x00, 0x00, 0x00, 0x00, 0x00,
0x00, 0x00, 0x01, 0xEA, 0xFF, 0xFF, 0xEA, 0x01, 0x00, 0x00, 0x00, 0x00, 0x00, 0x00, 0x30, 0xFF,
0xE2, 0xE2, 0xFF, 0x2F, 0x00, 0x00, 0x00, 0x00, 0x00, 0x00, 0x73, 0xFF, 0x9F, 0xA0, 0xFF, 0x72,
0x00, 0x00, 0x00, 0x00, 0x00, 0x00, 0xB7, 0xFF, 0x5B, 0x5C, 0xFF, 0xB5, 0x00, 0x00, 0x00, 0x00,
0x00, 0x05, 0xF4, 0xFF, 0x19, 0x19, 0xFF, 0xF3, 0x05, 0x00, 0x00, 0x00, 0x00, 0x3D, 0xFF, 0xD5,
0x00, 0x00, 0xD6, 0xFF, 0x3C, 0x00, 0x00, 0x00, 0x00, 0x81, 0xFF, 0x92, 0x00, 0x00, 0x93, 0xFF,
0x7F, 0x00, 0x00, 0x00, 0x00, 0xC4, 0xFF, 0x4F, 0x00, 0x00, 0x50, 0xFF, 0xC3, 0x00, 0x00, 0x00,
0x0C, 0xFA, 0xFC, 0x0F, 0x00, 0x00, 0x10, 0xFC, 0xFA, 0x0C, 0x00, 0x00, 0x4B, 0xFF, 0xC9, 0x00,
0x00, 0x00, 0x00, 0xCA, 0xFF, 0x49, 0x00, 0x00, 0x8E, 0xFF, 0xFF, 0xFF, 0xFF, 0xFF, 0xFF, 0xFF,
0xFF, 0x8D, 0x00, 0x00, 0xD1, 0xFF, 0xFF, 0xFF, 0xFF, 0xFF, 0xFF, 0xFF, 0xFF, 0xD0, 0x00, 0x16,
0xFE, 0xF6, 0x07, 0x00, 0x00, 0x00, 0x00, 0x07, 0xF7, 0xFE, 0x15, 0x58, 0xFF, 0xBA, 0x00, 0x00,
0x00, 0x00, 0x00, 0x00, 0xBC, 0xFF, 0x57, 0x9B, 0xFF, 0x77, 0x00, 0x00, 0x00, 0x00, 0x00, 0x00,
0x79, 0xFF, 0x9A, 0xDE, 0xFF, 0x35, 0x00, 0x00, 0x00, 0x00, 0x00, 0x00, 0x36, 0xFF, 0xDE, 0x00,
0x00, 0x49, 0xDB, 0xF7, 0xC4, 0x66, 0x15, 0x3C, 0xE1, 0x00, 0x00, 0x00, 0x00, 0xE5, 0x3C, 0x15,
0x68, 0xC9, 0xF8, 0xDA, 0x44, 0x00, 0x00, 0x00, 0x00, 0x00, 0x00, 0x00, 0x00, 0x00, 0x00, 0x00,
0x00, 0x00, 0x00, 0x00, 0x00, 0x00, 0x00, 0x66, 0xFF, 0xFF, 0x65, 0x00, 0x00, 0x00, 0x00, 0x00,
0x00, 0x00, 0x00, 0xA9, 0xFF, 0xFF, 0xA8, 0x00, 0x00, 0x00, 0x00, 0x00, 0x00, 0x00, 0x01, 0xEA,
0xFF, 0xFF, 0xEA, 0x01, 0x00, 0x00, 0x00, 0x00, 0x00, 0x00, 0x30, 0xFF, 0xE2, 0xE2, 0xFF, 0x2F,
0x00, 0x00, 0x00, 0x00, 0x00, 0x00, 0x73, 0xFF, 0x9F, 0xA0, 0xFF, 0x72, 0x00, 0x00, 0x00, 0x00,
0x00, 0x00, 0xB7, 0xFF, 0x5B, 0x5C, 0xFF, 0xB5, 0x00, 0x00, 0x00, 0x00, 0x00, 0x05, 0xF4, 0xFF,
0x19, 0x19, 0xFF, 0xF3, 0x05, 0x00, 0x00, 0x00, 0x00, 0x3D, 0xFF, 0xD5, 0x00, 0x00, 0xD6, 0xFF,
0x3C, 0x00, 0x00, 0x00, 0x00, 0x81, 0xFF, 0x92, 0x00, 0x00, 0x93, 0xFF, 0x7F, 0x00, 0x00, 0x00,
0x00, 0xC4, 0xFF, 0x4F, 0x00, 0x00, 0x50, 0xFF, 0xC3, 0x00, 0x00, 0x00, 0x0C, 0xFA, 0xFC, 0x0F,
0x00, 0x00, 0x10, 0xFC, 0xFA, 0x0C, 0x00, 0x00, 0x4B, 0xFF, 0xC9, 0x00, 0x00, 0x00, 0x00, 0xCA,
0xFF, 0x49, 0x00, 0x00, 0x8E, 0xFF, 0xFF, 0xFF, 0xFF, 0xFF, 0xFF, 0xFF, 0xFF, 0x8D, 0x00, 0x00,
0xD1, 0xFF, 0xFF, 0xFF, 0xFF, 0xFF, 0xFF, 0xFF, 0xFF, 0xD0, 0x00, 0x16, 0xFE, 0xF6, 0x07, 0x00,
0x00, 0x00, 0x00, 0x07, 0xF7, 0xFE, 0x15, 0x58, 0xFF, 0xBA, 0x00, 0x00, 0x00, 0x00, 0x00, 0x00,
0xBC, 0xFF, 0x57, 0x9B, 0xFF, 0x77, 0x00, 0x00, 0x00, 0x00, 0x00, 0x00, 0x79, 0xFF, 0x9A, 0xDE,
0xFF, 0x35, 0x00, 0x00, 0x00, 0x00, 0x00, 0x00, 0x36, 0xFF, 0xDE, 0x00, 0x00, 0x00, 0xFF, 0xFF,
0x00, 0x00, 0xFF, 0xFF, 0x00, 0x00, 0x00, 0x00, 0x00, 0x00, 0xFF, 0xFF, 0x00, 0x00, 0xFF, 0xFF,
0x00, 0x00, 0x00, 0x00, 0x00, 0x00, 0x00, 0x00, 0x00, 0x00, 0x00, 0x00, 0x00, 0x00, 0x00, 0x00,
0x00, 0x00, 0x00, 0x66, 0xFF, 0xFF, 0x65, 0x00, 0x00, 0x00, 0x00, 0x00, 0x00, 0x00, 0x00, 0xA9,
0xFF, 0xFF, 0xA8, 0x00, 0x00, 0x00, 0x00, 0x00, 0x00, 0x00, 0x01, 0xEA, 0xFF, 0xFF, 0xEA, 0x01,
0x00, 0x00, 0x00, 0x00, 0x00, 0x00, 0x30, 0xFF, 0xE2, 0xE2, 0xFF, 0x2F, 0x00, 0x00, 0x00, 0x00,
0x00, 0x00, 0x73, 0xFF, 0x9F, 0xA0, 0xFF, 0x72, 0x00, 0x00, 0x00, 0x00, 0x00, 0x00, 0xB7, 0xFF,
0x5B, 0x5C, 0xFF, 0xB5, 0x00, 0x00, 0x00, 0x00, 0x00, 0x05, 0xF4, 0xFF, 0x19, 0x19, 0xFF, 0xF3,
0x05, 0x00, 0x00, 0x00, 0x00, 0x3D, 0xFF, 0xD5, 0x00, 0x00, 0xD6, 0xFF, 0x3C, 0x00, 0x00, 0x00,
0x00, 0x81, 0xFF, 0x92, 0x00, 0x00, 0x93, 0xFF, 0x7F, 0x00, 0x00, 0x00, 0x00, 0xC4, 0xFF, 0x4F,
0x00, 0x00, 0x50, 0xFF, 0xC3, 0x00, 0x00, 0x00, 0x0C, 0xFA, 0xFC, 0x0F, 0x00, 0x00, 0x10, 0xFC,
0xFA, 0x0C, 0x00, 0x00, 0x4B, 0xFF, 0xC9, 0x00, 0x00, 0x00, 0x00, 0xCA, 0xFF, 0x49, 0x00, 0x00,
0x8E, 0xFF, 0xFF, 0xFF, 0xFF, 0xFF, 0xFF, 0xFF, 0xFF, 0x8D, 0x00, 0x00, 0xD1, 0xFF, 0xFF, 0xFF,
0xFF, 0xFF, 0xFF, 0xFF, 0xFF, 0xD0, 0x00, 0x16, 0xFE, 0xF6, 0x07, 0x00, 0x00, 0x00, 0x00, 0x07,
0xF7, 0xFE, 0x15, 0x58, 0xFF, 0xBA, 0x00, 0x00, 0x00, 0x00, 0x00, 0x00, 0xBC, 0xFF, 0x57, 0x9B,
0xFF, 0x77, 0x00, 0x00, 0x00, 0x00, 0x00, 0x00, 0x79, 0xFF, 0x9A, 0xDE, 0xFF, 0x35, 0x00, 0x00,
0x00, 0x00, 0x00, 0x00, 0x36, 0xFF, 0xDE, 0x00, 0x00, 0x00, 0x0B, 0x94, 0xE9, 0xE9, 0x93, 0x0A,
0x00, 0x00, 0x00, 0x00, 0x00, 0x00, 0x9F, 0x93, 0x14, 0x14, 0x96, 0x9C, 0x00, 0x00, 0x00, 0x00,
0x00, 0x00, 0xF1, 0x0F, 0x00, 0x00, 0x10, 0xF0, 0x00, 0x00, 0x00, 0x00, 0x00, 0x00, 0xE4, 0x93,
0x14, 0x14, 0x95, 0xE3, 0x00, 0x00, 0x00, 0x00, 0x00, 0x00, 0x6F, 0xFF, 0xFF, 0xFF, 0xFF, 0x61,
0x00, 0x00, 0x00, 0x00, 0x00, 0x00, 0x1F, 0xFF, 0xED, 0xEE, 0xFF, 0x1E, 0x00, 0x00, 0x00, 0x00,
0x00, 0x00, 0x5C, 0xFF, 0xB2, 0xB3, 0xFF, 0x5B, 0x00, 0x00, 0x00, 0x00, 0x00, 0x00, 0x98, 0xFF,
0x76, 0x77, 0xFF, 0x97, 0x00, 0x00, 0x00, 0x00, 0x00, 0x00, 0xD4, 0xFF, 0x3A, 0x3B, 0xFF, 0xD3,
0x00, 0x00, 0x00, 0x00, 0x00, 0x11, 0xFE, 0xF7, 0x06, 0x06, 0xF7, 0xFE, 0x11, 0x00, 0x00, 0x00,
0x00, 0x4C, 0xFF, 0xC2, 0x00, 0x00, 0xC3, 0xFF, 0x4B, 0x00, 0x00, 0x00, 0x00, 0x89, 0xFF, 0x86,
0x00, 0x00, 0x87, 0xFF, 0x88, 0x00, 0x00, 0x00, 0x00, 0xC5, 0xFF, 0x4A, 0x00, 0x00, 0x4B, 0xFF,
0xC4, 0x00, 0x00, 0x00, 0x07, 0xF8, 0xFD, 0x10, 0x00, 0x00, 0x10, 0xFE, 0xF8, 0x07, 0x00, 0x00,
0x3D, 0xFF, 0xD2, 0x00, 0x00, 0x00, 0x00, 0xD3, 0xFF, 0x3C, 0x00, 0x00, 0x79, 0xFF, 0x96, 0x00,
0x00, 0x00, 0x00, 0x96, 0xFF, 0x78, 0x00, 0x00, 0xB5, 0xFF, 0xFF, 0xFF, 0xFF, 0xFF, 0xFF, 0xFF,
0xFF, 0xB4, 0x00, 0x02, 0xEF, 0xFF, 0xFF, 0xFF, 0xFF, 0xFF, 0xFF, 0xFF, 0xFF, 0xEF, 0x01, 0x2E,
0xFF, 0xE1, 0x00, 0x00, 0x00, 0x00, 0x00, 0x00, 0xE2, 0xFF, 0x2D, 0x6A, 0xFF, 0xA5, 0x00, 0x00,
0x00, 0x00, 0x00, 0x00, 0xA7, 0xFF, 0x69, 0xA6, 0xFF, 0x69, 0x00, 0x00, 0x00, 0x00, 0x00, 0x00,
0x6B, 0xFF, 0xA5, 0xE2, 0xFF, 0x2D, 0x00, 0x00, 0x00, 0x00, 0x00, 0x00, 0x2E, 0xFF, 0xE1, 0x00,
0x00, 0x00, 0x00, 0xA1, 0xFF, 0xFF, 0xFF, 0xFF, 0xFF, 0xFF, 0xFF, 0xFF, 0x00, 0x00, 0x00, 0x00,
0xE0, 0xFF, 0xFF, 0xFF, 0xFF, 0xFF, 0xFF, 0xFF, 0xFF, 0x00, 0x00, 0x00, 0x20, 0xFF, 0xED, 0x01,
0xFF, 0xFF, 0x00, 0x00, 0x00, 0x00, 0x00, 0x00, 0x00, 0x61, 0xFF, 0xAF, 0x00, 0xFF, 0xFF, 0x00,
0x00, 0x00, 0x00, 0x00, 0x00, 0x00, 0xA1, 0xFF, 0x6F, 0x00, 0xFF, 0xFF, 0x00, 0x00, 0x00, 0x00,
0x00, 0x00, 0x00, 0xE0, 0xFF, 0x2F, 0x00, 0xFF, 0xFF, 0x00, 0x00, 0x00, 0x00, 0x00, 0x00, 0x20,
0xFF, 0xED, 0x01, 0x00, 0xFF, 0xFF, 0x00, 0x00, 0x00, 0x00, 0x00, 0x00, 0x61, 0xFF, 0xAF, 0x00,
0x00, 0xFF, 0xFF, 0x00, 0x00, 0x00, 0x00, 0x00, 0x00, 0xA1, 0xFF, 0x6F, 0x00, 0x00, 0xFF, 0xFF,
0xFF, 0xFF, 0xFF, 0x00, 0x00, 0x00, 0xE0, 0xFF, 0x2F, 0x00, 0x00, 0xFF, 0xFF, 0xFF, 0xFF, 0xFF,
0x00, 0x00, 0x20, 0xFF, 0xED, 0x01, 0x00, 0x00, 0xFF, 0xFF, 0x00, 0x00, 0x00, 0x00, 0x00, 0x61,
0xFF, 0xAF, 0x00, 0x00, 0x00, 0xFF, 0xFF, 0x00, 0x00, 0x00, 0x00, 0x00, 0xA1, 0xFF, 0xFF, 0xFF,
0xFF, 0xFF, 0xFF, 0xFF, 0x00, 0x00, 0x00, 0x00, 0x00, 0xE0, 0xFF, 0xFF, 0xFF, 0xFF, 0xFF, 0xFF,
0xFF, 0x00, 0x00, 0x00, 0x00, 0x20, 0xFF, 0xED, 0x01, 0x00, 0x00, 0x00, 0xFF, 0xFF, 0x00, 0x00,
0x00, 0x00, 0x61, 0xFF, 0xAF, 0x00, 0x00, 0x00, 0x00, 0xFF, 0xFF, 0x00, 0x00, 0x00, 0x00, 0xA1,
0xFF, 0x6F, 0x00, 0x00, 0x00, 0x00, 0xFF, 0xFF, 0xFF, 0xFF, 0xFF, 0xFF, 0xE0, 0xFF, 0x2F, 0x00,
0x00, 0x00, 0x00, 0xFF, 0xFF, 0xFF, 0xFF, 0xFF, 0xFF, 0x00, 0x00, 0x00, 0x17, 0x86, 0xD1, 0xF1,
0xF2, 0xD3, 0x9A, 0x33, 0x00, 0x00, 0x49, 0xEF, 0xFF, 0xFF, 0xFF, 0xFF, 0xFF, 0xFF, 0xFF, 0x00,
0x35, 0xF8, 0xFE, 0x9B, 0x32, 0x09, 0x09, 0x2B, 0x72, 0xD1, 0x01, 0xD0, 0xFF, 0x73, 0x00, 0x00,
0x00, 0x00, 0x00, 0x00, 0x00, 0x42, 0xFF, 0xCF, 0x01, 0x00, 0x00, 0x00, 0x00, 0x00, 0x00, 0x00,
0x95, 0xFF, 0x70, 0x00, 0x00, 0x00, 0x00, 0x00, 0x00, 0x00, 0x00, 0xC9, 0xFF, 0x36, 0x00, 0x00,
0x00, 0x00, 0x00, 0x00, 0x00, 0x00, 0xEA, 0xFF, 0x12, 0x00, 0x00, 0x00, 0x00, 0x00, 0x00, 0x00,
0x00, 0xF9, 0xFF, 0x05, 0x00, 0x00, 0x00, 0x00, 0x00, 0x00, 0x00, 0x00, 0xF9, 0xFF, 0x05, 0x00,
0x00, 0x00, 0x00, 0x00, 0x00, 0x00, 0x00, 0xEB, 0xFF, 0x12, 0x00, 0x00, 0x00, 0x00, 0x00, 0x00,
0x00, 0x00, 0xCB, 0xFF, 0x35, 0x00, 0x00, 0x00, 0x00, 0x00, 0x00, 0x00, 0x00, 0x97, 0xFF, 0x70,
0x00, 0x00, 0x00, 0x00, 0x00, 0x00, 0x00, 0x00, 0x46, 0xFF, 0xCE, 0x01, 0x00, 0x00, 0x00, 0x00,
0x00, 0x00, 0x00, 0x02, 0xD5, 0xFF, 0x70, 0x00, 0x00, 0x00, 0x00, 0x00, 0x00, 0x00, 0x00, 0x3A,
0xFA, 0xFE, 0x99, 0x30, 0x09, 0x12, 0x30, 0x6D, 0xCE, 0x00, 0x00, 0x4E, 0xF1, 0xFF, 0xFF, 0xFF,
0xFF, 0xFF, 0xFF, 0xFF, 0x00, 0x00, 0x00, 0x19, 0x88, 0xD3, 0xF2, 0xF3, 0xD4, 0x9A, 0x33, 0x00,
0x00, 0x00, 0x00, 0x00, 0x00, 0x00, 0xFF, 0x4A, 0x00, 0x00, 0x00, 0x00, 0x00, 0x00, 0x00, 0x00,
0x00, 0xFF, 0xBB, 0x00, 0x00, 0x00, 0x00, 0x00, 0x00, 0x00, 0x01, 0x42, 0xFF, 0xF0, 0x00, 0x00,
0x00, 0x00, 0x00, 0x00, 0xFF, 0xFF, 0xFF, 0xFF, 0xD4, 0x00, 0x00, 0x00, 0x00, 0x00, 0x00, 0xC0,
0xF2, 0xF4, 0xC4, 0x32, 0x00, 0x00, 0x00, 0x00, 0x00, 0x9A, 0xFF, 0x48, 0x00, 0x00, 0x00, 0x00,
0x00, 0x00, 0x00, 0x00, 0x06, 0xC7, 0xE5, 0x11, 0x00, 0x00, 0x00, 0x00, 0x00, 0x00, 0x00, 0x00,
0x1A, 0xE7, 0xA7, 0x00, 0x00, 0x00, 0x00, 0x00, 0x00, 0x00, 0x00, 0x00, 0x00, 0x00, 0x00, 0x00,
0x00, 0x00, 0xFF, 0xFF, 0xFF, 0xFF, 0xFF, 0xFF, 0xFF, 0xFF, 0xFF, 0xFF, 0xFF, 0xFF, 0xFF, 0xFF,
0xFF, 0xFF, 0xFF, 0xFF, 0xFF, 0xFF, 0xFF, 0xFF, 0xFF, 0xFF, 0x00, 0x00, 0x00, 0x00, 0x00, 0x00,
0x00, 0x00, 0x00, 0xFF, 0xFF, 0x00, 0x00, 0x00, 0x00, 0x00, 0x00, 0x00, 0x00, 0x00, 0xFF, 0xFF,
0x00, 0x00, 0x00, 0x00, 0x00, 0x00, 0x00, 0x00, 0x00, 0xFF, 0xFF, 0x00, 0x00, 0x00, 0x00, 0x00,
0x00, 0x00, 0x00, 0x00, 0xFF, 0xFF, 0x00, 0x00, 0x00, 0x00, 0x00, 0x00, 0x00, 0x00, 0x00, 0xFF,
0xFF, 0x00, 0x00, 0x00, 0x00, 0x00, 0x00, 0x00, 0x00, 0x00, 0xFF, 0xFF, 0xFF, 0xFF, 0xFF, 0xFF,
0xFF, 0xFF, 0xFF, 0xFF, 0x00, 0xFF, 0xFF, 0xFF, 0xFF, 0xFF, 0xFF, 0xFF, 0xFF, 0xFF, 0xFF, 0x00,
0xFF, 0xFF, 0x00, 0x00, 0x00, 0x00, 0x00, 0x00, 0x00, 0x00, 0x00, 0xFF, 0xFF, 0x00, 0x00, 0x00,
0x00, 0x00, 0x00, 0x00, 0x00, 0x00, 0xFF, 0xFF, 0x00, 0x00, 0x00, 0x00, 0x00, 0x00, 0x00, 0x00,
0x00, 0xFF, 0xFF, 0x00, 0x00, 0x00, 0x00, 0x00, 0x00, 0x00, 0x00, 0x00, 0xFF, 0xFF, 0x00, 0x00,
0x00, 0x00, 0x00, 0x00, 0x00, 0x00, 0x00, 0xFF, 0xFF, 0x00, 0x00, 0x00, 0x00, 0x00, 0x00, 0x00,
0x00, 0x00, 0xFF, 0xFF, 0xFF, 0xFF, 0xFF, 0xFF, 0xFF, 0xFF, 0xFF, 0xFF, 0xFF, 0xFF, 0xFF, 0xFF,
0xFF, 0xFF, 0xFF, 0xFF, 0xFF, 0xFF, 0xFF, 0xFF, 0x00, 0x00, 0x00, 0x00, 0x00, 0x00, 0x48, 0xFF,
0x99, 0x00, 0x00, 0x00, 0x00, 0x00, 0x00, 0x00, 0x12, 0xE6, 0xC7, 0x06, 0x00, 0x00, 0x00, 0x00,
0x00, 0x00, 0x00, 0xA8, 0xE7, 0x1A, 0x00, 0x00, 0x00, 0x00, 0x00, 0x00, 0x00, 0x00, 0x00, 0x00,
0x00, 0x00, 0x00, 0x00, 0xFF, 0xFF, 0xFF, 0xFF, 0xFF, 0xFF, 0xFF, 0xFF, 0xFF, 0xFF, 0xFF, 0xFF,
0xFF, 0xFF, 0xFF, 0xFF, 0xFF, 0xFF, 0xFF, 0xFF, 0xFF, 0xFF, 0xFF, 0xFF, 0x00, 0x00, 0x00, 0x00,
0x00, 0x00, 0x00, 0x00, 0x00, 0xFF, 0xFF, 0x00, 0x00, 0x00, 0x00, 0x00, 0x00, 0x00, 0x00, 0x00,
0xFF, 0xFF, 0x00, 0x00, 0x00, 0x00, 0x00, 0x00, 0x00, 0x00, 0x00, 0xFF, 0xFF, 0x00, 0x00, 0x00,
0x00, 0x00, 0x00, 0x00, 0x00, 0x00, 0xFF, 0xFF, 0x00, 0x00, 0x00, 0x00, 0x00, 0x00, 0x00, 0x00,
0x00, 0xFF, 0xFF, 0x00, 0x00, 0x00, 0x00, 0x00, 0x00, 0x00, 0x00, 0x00, 0xFF, 0xFF, 0xFF, 0xFF,
0xFF, 0xFF, 0xFF, 0xFF, 0xFF, 0xFF, 0x00, 0xFF, 0xFF, 0xFF, 0xFF, 0xFF, 0xFF, 0xFF, 0xFF, 0xFF,
0xFF, 0x00, 0xFF, 0xFF, 0x00, 0x00, 0x00, 0x00, 0x00, 0x00, 0x00, 0x00, 0x00, 0xFF, 0xFF, 0x00,
0x00, 0x00, 0x00, 0x00, 0x00, 0x00, 0x00, 0x00, 0xFF, 0xFF, 0x00, 0x00, 0x00, 0x00, 0x00, 0x00,
0x00, 0x00, 0x00, 0xFF, 0xFF, 0x00, 0x00, 0x00, 0x00, 0x00, 0x00, 0x00, 0x00, 0x00, 0xFF, 0xFF,
0x00, 0x00, 0x00, 0x00, 0x00, 0x00, 0x00, 0x00, 0x00, 0xFF, 0xFF, 0x00, 0x00, 0x00, 0x00, 0x00,
0x00, 0x00, 0x00, 0x00, 0xFF, 0xFF, 0xFF, 0xFF, 0xFF, 0xFF, 0xFF, 0xFF, 0xFF, 0xFF, 0xFF, 0xFF,
0xFF, 0xFF, 0xFF, 0xFF, 0xFF, 0xFF, 0xFF, 0xFF, 0xFF, 0xFF, 0x00, 0x00, 0x00, 0x00, 0x17, 0xE3,
0xFF, 0xE3, 0x17, 0x00, 0x00, 0x00, 0x00, 0x00, 0x05, 0xC4, 0xE5, 0x43, 0xE4, 0xC3, 0x05, 0x00,
0x00, 0x00, 0x00, 0x99, 0xEB, 0x29, 0x00, 0x28, 0xE9, 0x98, 0x00, 0x00, 0x00, 0x00, 0x00, 0x00,
0x00, 0x00, 0x00, 0x00, 0x00, 0x00, 0xFF, 0xFF, 0xFF, 0xFF, 0xFF, 0xFF, 0xFF, 0xFF, 0xFF, 0xFF,
0xFF, 0xFF, 0xFF, 0xFF, 0xFF, 0xFF, 0xFF, 0xFF, 0xFF, 0xFF, 0xFF, 0xFF, 0xFF, 0xFF, 0x00, 0x00,
0x00, 0x00, 0x00, 0x00, 0x00, 0x00, 0x00, 0xFF, 0xFF, 0x00, 0x00, 0x00, 0x00, 0x00, 0x00, 0x00,
0x00, 0x00, 0xFF, 0xFF, 0x00, 0x00, 0x00, 0x00, 0x00, 0x00, 0x00, 0x00, 0x00, 0xFF, 0xFF, 0x00,
0x00, 0x00, 0x00, 0x00, 0x00, 0x00, 0x00, 0x00, 0xFF, 0xFF, 0x00, 0x00, 0x00, 0x00, 0x00, 0x00,
0x00, 0x00, 0x00, 0xFF, 0xFF, 0x00, 0x00, 0x00, 0x00, 0x00, 0x00, 0x00, 0x00, 0x00, 0xFF, 0xFF,
0xFF, 0xFF, 0xFF, 0xFF, 0xFF, 0xFF, 0xFF, 0xFF, 0x00, 0xFF, 0xFF, 0xFF, 0xFF, 0xFF, 0xFF, 0xFF,
0xFF, 0xFF, 0xFF, 0x00, 0xFF, 0xFF, 0x00, 0x00, 0x00, 0x00, 0x00, 0x00, 0x00, 0x00, 0x00, 0xFF,
0xFF, 0x00, 0x00, 0x00, 0x00, 0x00, 0x00, 0x00, 0x00, 0x00, 0xFF, 0xFF, 0x00, 0x00, 0x00, 0x00,
0x00, 0x00, 0x00, 0x00, 0x00, 0xFF, 0xFF, 0x00, 0x00, 0x00, 0x00, 0x00, 0x00, 0x00, 0x00, 0x00,
0xFF, 0xFF, 0x00, 0x00, 0x00, 0x00, 0x00, 0x00, 0x00, 0x00, 0x00, 0xFF, 0xFF, 0x00, 0x00, 0x00,
0x00, 0x00, 0x00, 0x00, 0x00, 0x00, 0xFF, 0xFF, 0xFF, 0xFF, 0xFF, 0xFF, 0xFF, 0xFF, 0xFF, 0xFF,
0xFF, 0xFF, 0xFF, 0xFF, 0xFF, 0xFF, 0xFF, 0xFF, 0xFF, 0xFF, 0xFF, 0xFF, 0x00, 0x00, 0x00, 0xFF,
0xFF, 0x00, 0x00, 0xFF, 0xFF, 0x00, 0x00, 0x00, 0x00, 0x00, 0xFF, 0xFF, 0x00, 0x00, 0xFF, 0xFF,
0x00, 0x00, 0x00, 0x00, 0x00, 0x00, 0x00, 0x00, 0x00, 0x00, 0x00, 0x00, 0x00, 0xFF, 0xFF, 0xFF,
0xFF, 0xFF, 0xFF, 0xFF, 0xFF, 0xFF, 0xFF, 0xFF, 0xFF, 0xFF, 0xFF, 0xFF, 0xFF, 0xFF, 0xFF, 0xFF,
0xFF, 0xFF, 0xFF, 0xFF, 0xFF, 0x00, 0x00, 0x00, 0x00, 0x00, 0x00, 0x00, 0x00, 0x00, 0xFF, 0xFF,
0x00, 0x00, 0x00, 0x00, 0x00, 0x00, 0x00, 0x00, 0x00, 0xFF, 0xFF, 0x00, 0x00, 0x00, 0x00, 0x00,
0x00, 0x00, 0x00, 0x00, 0xFF, 0xFF, 0x00, 0x00, 0x00, 0x00, 0x00, 0x00, 0x00, 0x00, 0x00, 0xFF,
0xFF, 0x00, 0x00, 0x00, 0x00, 0x00, 0x00, 0x00, 0x00, 0x00, 0xFF, 0xFF, 0x00, 0x00, 0x00, 0x00,
0x00, 0x00, 0x00, 0x00, 0x00, 0xFF, 0xFF, 0xFF, 0xFF, 0xFF, 0xFF, 0xFF, 0xFF, 0xFF, 0xFF, 0x00,
0xFF, 0xFF, 0xFF, 0xFF, 0xFF, 0xFF, 0xFF, 0xFF, 0xFF, 0xFF, 0x00, 0xFF, 0xFF, 0x00, 0x00, 0x00,
0x00, 0x00, 0x00, 0x00, 0x00, 0x00, 0xFF, 0xFF, 0x00, 0x00, 0x00, 0x00, 0x00, 0x00, 0x00, 0x00,
0x00, 0xFF, 0xFF, 0x00, 0x00, 0x00, 0x00, 0x00, 0x00, 0x00, 0x00, 0x00, 0xFF, 0xFF, 0x00, 0x00,
0x00, 0x00, 0x00, 0x00, 0x00, 0x00, 0x00, 0xFF, 0xFF, 0x00, 0x00, 0x00, 0x00, 0x00, 0x00, 0x00,
0x00, 0x00, 0xFF, 0xFF, 0x00, 0x00, 0x00, 0x00, 0x00, 0x00, 0x00, 0x00, 0x00, 0xFF, 0xFF, 0xFF,
0xFF, 0xFF, 0xFF, 0xFF, 0xFF, 0xFF, 0xFF, 0xFF, 0xFF, 0xFF, 0xFF, 0xFF, 0xFF, 0xFF, 0xFF, 0xFF,
0xFF, 0xFF, 0xFF, 0x00, 0x00, 0x9A, 0xFF, 0x48, 0x00, 0x00, 0x00, 0x00, 0x00, 0x00, 0x00, 0x06,
0xC7, 0xE5, 0x11, 0x00, 0x00, 0x00, 0x00, 0x00, 0x00, 0x00, 0x1A, 0xE7, 0xA7, 0x00, 0x00, 0x00,
0x00, 0x00, 0x00, 0x00, 0x00, 0x00, 0x00, 0x00, 0x00, 0x00, 0x00, 0xFF, 0xFF, 0xFF, 0xFF, 0xFF,
0xFF, 0xFF, 0xFF, 0xFF, 0xFF, 0xFF, 0xFF, 0xFF, 0xFF, 0xFF, 0xFF, 0xFF, 0xFF, 0xFF, 0xFF, 0x00,
0x00, 0x00, 0x00, 0xFF, 0xFF, 0x00, 0x00, 0x00, 0x00, 0x00, 0x00, 0x00, 0x00, 0xFF, 0xFF, 0x00,
0x00, 0x00, 0x00, 0x00, 0x00, 0x00, 0x00, 0xFF, 0xFF, 0x00, 0x00, 0x00, 0x00, 0x00, 0x00, 0x00,
0x00, 0xFF, 0xFF, 0x00, 0x00, 0x00, 0x00, 0x00, 0x00, 0x00, 0x00, 0xFF, 0xFF, 0x00, 0x00, 0x00,
0x00, 0x00, 0x00, 0x00, 0x00, 0xFF, 0xFF, 0x00, 0x00, 0x00, 0x00, 0x00, 0x00, 0x00, 0x00, 0xFF,
0xFF, 0x00, 0x00, 0x00, 0x00, 0x00, 0x00, 0x00, 0x00, 0xFF, 0xFF, 0x00, 0x00, 0x00, 0x00, 0x00,
0x00, 0x00, 0x00, 0xFF, 0xFF, 0x00, 0x00, 0x00, 0x00, 0x00, 0x00, 0x00, 0x00, 0xFF, 0xFF, 0x00,
0x00, 0x00, 0x00, 0x00, 0x00, 0x00, 0x00, 0xFF, 0xFF, 0x00, 0x00, 0x00, 0x00, 0x00, 0x00, 0x00,
0x00, 0xFF, 0xFF, 0x00, 0x00, 0x00, 0x00, 0x00, 0x00, 0x00, 0x00, 0xFF, 0xFF, 0x00, 0x00, 0x00,
0x00, 0x00, 0x00, 0x00, 0x00, 0xFF, 0xFF, 0x00, 0x00, 0x00, 0x00, 0xFF, 0xFF, 0xFF, 0xFF, 0xFF,
0xFF, 0xFF, 0xFF, 0xFF, 0xFF, 0xFF, 0xFF, 0xFF, 0xFF, 0xFF, 0xFF, 0xFF, 0xFF, 0xFF, 0xFF, 0x00,
0x00, 0x00, 0x00, 0x00, 0x48, 0xFF, 0x99, 0x00, 0x00, 0x00, 0x00, 0x00, 0x00, 0x12, 0xE6, 0xC7,
0x06, 0x00, 0x00, 0x00, 0x00, 0x00, 0x00, 0xA8, 0xE7, 0x1A, 0x00, 0x00, 0x00, 0x00, 0x00, 0x00,
0x00, 0x00, 0x00, 0x00, 0x00, 0x00, 0x00, 0xFF, 0xFF, 0xFF, 0xFF, 0xFF, 0xFF, 0xFF, 0xFF, 0xFF,
0xFF, 0xFF, 0xFF, 0xFF, 0xFF, 0xFF, 0xFF, 0xFF, 0xFF, 0xFF, 0xFF, 0x00, 0x00, 0x00, 0x00, 0xFF,
0xFF, 0x00, 0x00, 0x00, 0x00, 0x00, 0x00, 0x00, 0x00, 0xFF, 0xFF, 0x00, 0x00, 0x00, 0x00, 0x00,
0x00, 0x00, 0x00, 0xFF, 0xFF, 0x00, 0x00, 0x00, 0x00, 0x00, 0x00, 0x00, 0x00, 0xFF, 0xFF, 0x00,
0x00, 0x00, 0x00, 0x00, 0x00, 0x00, 0x00, 0xFF, 0xFF, 0x00, 0x00, 0x00, 0x00, 0x00, 0x00, 0x00,
0x00, 0xFF, 0xFF, 0x00, 0x00, 0x00, 0x00, 0x00, 0x00, 0x00, 0x00, 0xFF, 0xFF, 0x00, 0x00, 0x00,
0x00, 0x00, 0x00, 0x00, 0x00, 0xFF, 0xFF, 0x00, 0x00, 0x00, 0x00, 0x00, 0x00, 0x00, 0x00, 0xFF,
0xFF, 0x00, 0x00, 0x00, 0x00, 0x00, 0x00, 0x00, 0x00, 0xFF, 0xFF, 0x00, 0x00, 0x00, 0x00, 0x00,
0x00, 0x00, 0x00, 0xFF, 0xFF, 0x00, 0x00, 0x00, 0x00, 0x00, 0x00, 0x00, 0x00, 0xFF, 0xFF, 0x00,
0x00, 0x00, 0x00, 0x00, 0x00, 0x00, 0x00, 0xFF, 0xFF, 0x00, 0x00, 0x00, 0x00, 0x00, 0x00, 0x00,
0x00, 0xFF, 0xFF, 0x00, 0x00, 0x00, 0x00, 0xFF, 0xFF, 0xFF, 0xFF, 0xFF, 0xFF, 0xFF, 0xFF, 0xFF,
0xFF, 0xFF, 0xFF, 0xFF, 0xFF, 0xFF, 0xFF, 0xFF, 0xFF, 0xFF, 0xFF, 0x00, 0x00, 0x00, 0x7C, 0xFF,
0xFF, 0x7A, 0x00, 0x00, 0x00, 0x00, 0x00, 0x4C, 0xFD, 0x86, 0x86, 0xFD, 0x4B, 0x00, 0x00, 0x00,
0x27, 0xF1, 0x94, 0x00, 0x00, 0x91, 0xF0, 0x27, 0x00, 0x00, 0x00, 0x00, 0x00, 0x00, 0x00, 0x00,
0x00, 0x00, 0x00, 0xFF, 0xFF, 0xFF, 0xFF, 0xFF, 0xFF, 0xFF, 0xFF, 0xFF, 0xFF, 0xFF, 0xFF, 0xFF,
0xFF, 0xFF, 0xFF, 0xFF, 0xFF, 0xFF, 0xFF, 0x00, 0x00, 0x00, 0x00, 0xFF, 0xFF, 0x00, 0x00, 0x00,
0x00, 0x00, 0x00, 0x00, 0x00, 0xFF, 0xFF, 0x00, 0x00, 0x00, 0x00, 0x00, 0x00, 0x00, 0x00, 0xFF,
0xFF, 0x00, 0x00, 0x00, 0x00, 0x00, 0x00, 0x00, 0x00, 0xFF, 0xFF, 0x00, 0x00, 0x00, 0x00, 0x00,
0x00, 0x00, 0x00, 0xFF, 0xFF, 0x00, 0x00, 0x00, 0x00, 0x00, 0x00, 0x00, 0x00, 0xFF, 0xFF, 0x00,
0x00, 0x00, 0x00, 0x00, 0x00, 0x00, 0x00, 0xFF, 0xFF, 0x00, 0x00, 0x00, 0x00, 0x00, 0x00, 0x00,
0x00, 0xFF, 0xFF, 0x00, 0x00, 0x00, 0x00, 0x00, 0x00, 0x00, 0x00, 0xFF, 0xFF, 0x00, 0x00, 0x00,
0x00, 0x00, 0x00, 0x00, 0x00, 0xFF, 0xFF, 0x00, 0x00, 0x00, 0x00, 0x00, 0x00, 0x00, 0x00, 0xFF,
0xFF, 0x00, 0x00, 0x00, 0x00, 0x00, 0x00, 0x00, 0x00, 0xFF, 0xFF, 0x00, 0x00, 0x00, 0x00, 0x00,
0x00, 0x00, 0x00, 0xFF, 0xFF, 0x00, 0x00, 0x00, 0x00, 0x00, 0x00, 0x00, 0x00, 0xFF, 0xFF, 0x00,
0x00, 0x00, 0x00, 0xFF, 0xFF, 0xFF, 0xFF, 0xFF, 0xFF, 0xFF, 0xFF, 0xFF, 0xFF, 0xFF, 0xFF, 0xFF,
0xFF, 0xFF, 0xFF, 0xFF, 0xFF, 0xFF, 0xFF, 0x00, 0x00, 0xFF, 0xFF, 0x00, 0x00, 0xFF, 0xFF, 0x00,
0x00, 0x00, 0x00, 0xFF, 0xFF, 0x00, 0x00, 0xFF, 0xFF, 0x00, 0x00, 0x00, 0x00, 0x00, 0x00, 0x00,
0x00, 0x00, 0x00, 0x00, 0x00, 0xFF, 0xFF, 0xFF, 0xFF, 0xFF, 0xFF, 0xFF, 0xFF, 0xFF, 0xFF, 0xFF,
0xFF, 0xFF, 0xFF, 0xFF, 0xFF, 0xFF, 0xFF, 0xFF, 0xFF, 0x00, 0x00, 0x00, 0x00, 0xFF, 0xFF, 0x00,
0x00, 0x00, 0x00, 0x00, 0x00, 0x00, 0x00, 0xFF, 0xFF, 0x00, 0x00, 0x00, 0x00, 0x00, 0x00, 0x00,
0x00, 0xFF, 0xFF, 0x00, 0x00, 0x00, 0x00, 0x00, 0x00, 0x00, 0x00, 0xFF, 0xFF, 0x00, 0x00, 0x00,
0x00, 0x00, 0x00, 0x00, 0x00, 0xFF, 0xFF, 0x00, 0x00, 0x00, 0x00, 0x00, 0x00, 0x00, 0x00, 0xFF,
0xFF, 0x00, 0x00, 0x00, 0x00, 0x00, 0x00, 0x00, 0x00, 0xFF, 0xFF, 0x00, 0x00, 0x00, 0x00, 0x00,
0x00, 0x00, 0x00, 0xFF, 0xFF, 0x00, 0x00, 0x00, 0x00, 0x00, 0x00, 0x00, 0x00, 0xFF, 0xFF, 0x00,
0x00, 0x00, 0x00, 0x00, 0x00, 0x00, 0x00, 0xFF, 0xFF, 0x00, 0x00, 0x00, 0x00, 0x00, 0x00, 0x00,
0x00, 0xFF, 0xFF, 0x00, 0x00, 0x00, 0x00, 0x00, 0x00, 0x00, 0x00, 0xFF, 0xFF, 0x00, 0x00, 0x00,
0x00, 0x00, 0x00, 0x00, 0x00, 0xFF, 0xFF, 0x00, 0x00, 0x00, 0x00, 0x00, 0x00, 0x00, 0x00, 0xFF,
0xFF, 0x00, 0x00, 0x00, 0x00, 0xFF, 0xFF, 0xFF, 0xFF, 0xFF, 0xFF, 0xFF, 0xFF, 0xFF, 0xFF, 0xFF,
0xFF, 0xFF, 0xFF, 0xFF, 0xFF, 0xFF, 0xFF, 0xFF, 0xFF, 0x00, 0xFF, 0xFF, 0xFF, 0xF7, 0xE4, 0xBA,
0x75, 0x10, 0x00, 0x00, 0x00, 0x00, 0xFF, 0xFF, 0xFF, 0xFF, 0xFF, 0xFF, 0xFF, 0xEF, 0x4F, 0x00,
0x00, 0x00, 0xFF, 0xFF, 0x00, 0x06, 0x1A, 0x4B, 0xA8, 0xFF, 0xFD, 0x47, 0x00, 0x00, 0xFF, 0xFF,
0x00, 0x00, 0x00, 0x00, 0x00, 0x61, 0xFF, 0xE2, 0x05, 0x00, 0xFF, 0xFF, 0x00, 0x00, 0x00, 0x00,
0x00, 0x00, 0xBC, 0xFF, 0x53, 0x00, 0xFF, 0xFF, 0x00, 0x00, 0x00, 0x00, 0x00, 0x00, 0x62, 0xFF,
0x9D, 0x00, 0xFF, 0xFF, 0x00, 0x00, 0x00, 0x00, 0x00, 0x00, 0x31, 0xFF, 0xCE, 0x00, 0xFF, 0xFF,
0x00, 0x00, 0x00, 0x00, 0x00, 0x00, 0x12, 0xFF, 0xEA, 0xFF, 0xFF, 0xFF, 0xFF, 0xFF, 0xFF, 0x00,
0x00, 0x00, 0x06, 0xFF, 0xF8, 0xFF, 0xFF, 0xFF, 0xFF, 0xFF, 0xFF, 0x00, 0x00, 0x00, 0x05, 0xFF,
0xF8, 0x00, 0xFF, 0xFF, 0x00, 0x00, 0x00, 0x00, 0x00, 0x00, 0x11, 0xFF, 0xEA, 0x00, 0xFF, 0xFF,
0x00, 0x00, 0x00, 0x00, 0x00, 0x00, 0x31, 0xFF, 0xCF, 0x00, 0xFF, 0xFF, 0x00, 0x00, 0x00, 0x00,
0x00, 0x00, 0x63, 0xFF, 0x9D, 0x00, 0xFF, 0xFF, 0x00, 0x00, 0x00, 0x00, 0x00, 0x00, 0xBD, 0xFF,
0x53, 0x00, 0xFF, 0xFF, 0x00, 0x00, 0x00, 0x00, 0x00, 0x64, 0xFF, 0xE3, 0x05, 0x00, 0xFF, 0xFF,
0x00, 0x06, 0x18, 0x4A, 0xA8, 0xFF, 0xFD, 0x46, 0x00, 0x00, 0xFF, 0xFF, 0xFF, 0xFF, 0xFF, 0xFF,
0xFF, 0xF0, 0x50, 0x00, 0x00, 0x00, 0xFF, 0xFF, 0xFF, 0xF8, 0xE6, 0xBC, 0x76, 0x10, 0x00, 0x00,
0x00, 0x00, 0x00, 0x56, 0xE8, 0xEE, 0x96, 0x2E, 0x23, 0xDC, 0x00, 0x00, 0x00, 0x00, 0xE1, 0x24,
0x2E, 0x98, 0xEE, 0xE7, 0x51, 0x00, 0x00, 0x00, 0x00, 0x00, 0x00, 0x00, 0x00, 0x00, 0x00, 0x00,
0x00, 0x00, 0xFF, 0xFF, 0xEC, 0x08, 0x00, 0x00, 0x00, 0x00, 0x00, 0xFF, 0xFF, 0xFF, 0xFF, 0xFF,
0x5F, 0x00, 0x00, 0x00, 0x00, 0x00, 0xFF, 0xFF, 0xFF, 0xFF, 0xFF, 0xCA, 0x00, 0x00, 0x00, 0x00,
0x00, 0xFF, 0xFF, 0xFF, 0xFF, 0xCE, 0xFF, 0x34, 0x00, 0x00, 0x00, 0x00, 0xFF, 0xFF, 0xFF, 0xFF,
0x63, 0xFF, 0x9F, 0x00, 0x00, 0x00, 0x00, 0xFF, 0xFF, 0xFF, 0xFF, 0x09, 0xEE, 0xF7, 0x12, 0x00,
0x00, 0x00, 0xFF, 0xFF, 0xFF, 0xFF, 0x00, 0x8D, 0xFF, 0x74, 0x00, 0x00, 0x00, 0xFF, 0xFF, 0xFF,
0xFF, 0x00, 0x24, 0xFE, 0xDC, 0x01, 0x00, 0x00, 0xFF, 0xFF, 0xFF, 0xFF, 0x00, 0x00, 0xB8, 0xFF,
0x49, 0x00, 0x00, 0xFF, 0xFF, 0xFF, 0xFF, 0x00, 0x00, 0x4D, 0xFF, 0xB4, 0x00, 0x00, 0xFF, 0xFF,
0xFF, 0xFF, 0x00, 0x00, 0x02, 0xDF, 0xFD, 0x21, 0x00, 0xFF, 0xFF, 0xFF, 0xFF, 0x00, 0x00, 0x00,
0x77, 0xFF, 0x89, 0x00, 0xFF, 0xFF, 0xFF, 0xFF, 0x00, 0x00, 0x00, 0x14, 0xF8, 0xEB, 0x07, 0xFF,
0xFF, 0xFF, 0xFF, 0x00, 0x00, 0x00, 0x00, 0xA1, 0xFF, 0x5E, 0xFF, 0xFF, 0xFF, 0xFF, 0x00, 0x00,
0x00, 0x00, 0x36, 0xFF, 0xC8, 0xFF, 0xFF, 0xFF, 0xFF, 0x00, 0x00, 0x00, 0x00, 0x00, 0xCB, 0xFF,
0xFF, 0xFF, 0xFF, 0xFF, 0x00, 0x00, 0x00, 0x00, 0x00, 0x60, 0xFF, 0xFF, 0xFF, 0xFF, 0xFF, 0x00,
0x00, 0x00, 0x00, 0x00, 0x08, 0xEC, 0xFF, 0xFF, 0x00, 0x00, 0x00, 0x9A, 0xFF, 0x48, 0x00, 0x00,
0x00, 0x00, 0x00, 0x00, 0x00, 0x00, 0x00, 0x06, 0xC7, 0xE5, 0x11, 0x00, 0x00, 0x00, 0x00, 0x00,
0x00, 0x00, 0x00, 0x00, 0x1A, 0xE7, 0xA7, 0x00, 0x00, 0x00, 0x00, 0x00, 0x00, 0x00, 0x00, 0x00,
0x00, 0x00, 0x00, 0x00, 0x00, 0x00, 0x00, 0x00, 0x00, 0x00, 0x07, 0x78, 0xCF, 0xF2, 0xF3, 0xCF,
0x78, 0x07, 0x00, 0x00, 0x00, 0x0E, 0xCE, 0xFF, 0xFF, 0xFF, 0xFF, 0xFF, 0xFF, 0xCE, 0x0E, 0x00,
0x00, 0xA5, 0xFF, 0xDA, 0x4B, 0x0D, 0x0D, 0x4B, 0xDA, 0xFF, 0xA4, 0x00, 0x26, 0xFE, 0xF1, 0x1C,
0x00, 0x00, 0x00, 0x00, 0x1D, 0xF1, 0xFD, 0x25, 0x78, 0xFF, 0x92, 0x00, 0x00, 0x00, 0x00, 0x00,
0x00, 0x93, 0xFF, 0x76, 0xB3, 0xFF, 0x4D, 0x00, 0x00, 0x00, 0x00, 0x00, 0x00, 0x4E, 0xFF, 0xB2,
0xDA, 0xFF, 0x25, 0x00, 0x00, 0x00, 0x00, 0x00, 0x00, 0x26, 0xFF, 0xD9, 0xF0, 0xFF, 0x0D, 0x00,
0x00, 0x00, 0x00, 0x00, 0x00, 0x0D, 0xFF, 0xEE, 0xFB, 0xFF, 0x04, 0x00, 0x00, 0x00, 0x00, 0x00,
0x00, 0x04, 0xFF, 0xFA, 0xFB, 0xFF, 0x04, 0x00, 0x00, 0x00, 0x00, 0x00, 0x00, 0x04, 0xFF, 0xF9,
0xF0, 0xFF, 0x0D, 0x00, 0x00, 0x00, 0x00, 0x00, 0x00, 0x0D, 0xFF, 0xEE, 0xDA, 0xFF, 0x25, 0x00,
0x00, 0x00, 0x00, 0x00, 0x00, 0x26, 0xFF, 0xD9, 0xB4, 0xFF, 0x4D, 0x00, 0x00, 0x00, 0x00, 0x00,
0x00, 0x4D, 0xFF, 0xB2, 0x7B, 0xFF, 0x91, 0x00, 0x00, 0x00, 0x00, 0x00, 0x00, 0x91, 0xFF, 0x76,
0x2A, 0xFE, 0xF0, 0x1B, 0x00, 0x00, 0x00, 0x00, 0x1B, 0xF0, 0xFE, 0x25, 0x00, 0xAA, 0xFF, 0xD8,
0x49, 0x0C, 0x0C, 0x49, 0xD8, 0xFF, 0xA4, 0x00, 0x00, 0x11, 0xD2, 0xFF, 0xFF, 0xFF, 0xFF, 0xFF,
0xFF, 0xCF, 0x0E, 0x00, 0x00, 0x00, 0x09, 0x7B, 0xD1, 0xF4, 0xF4, 0xD0, 0x78, 0x07, 0x00, 0x00,
0x00, 0x00, 0x00, 0x00, 0x00, 0x00, 0x48, 0xFF, 0x99, 0x00, 0x00, 0x00, 0x00, 0x00, 0x00, 0x00,
0x00, 0x12, 0xE6, 0xC7, 0x06, 0x00, 0x00, 0x00, 0x00, 0x00, 0x00, 0x00, 0x00, 0xA8, 0xE7, 0x1A,
0x00, 0x00, 0x00, 0x00, 0x00, 0x00, 0x00, 0x00, 0x00, 0x00, 0x00, 0x00, 0x00, 0x00, 0x00, 0x00,
0x00, 0x00, 0x07, 0x78, 0xCF, 0xF2, 0xF3, 0xCF, 0x78, 0x07, 0x00, 0x00, 0x00, 0x0E, 0xCE, 0xFF,
0xFF, 0xFF, 0xFF, 0xFF, 0xFF, 0xCE, 0x0E, 0x00, 0x00, 0xA5, 0xFF, 0xDA, 0x4B, 0x0D, 0x0D, 0x4B,
0xDA, 0xFF, 0xA4, 0x00, 0x26, 0xFE, 0xF1, 0x1C, 0x00, 0x00, 0x00, 0x00, 0x1D, 0xF1, 0xFD, 0x25,
0x78, 0xFF, 0x92, 0x00, 0x00, 0x00, 0x00, 0x00, 0x00, 0x93, 0xFF, 0x76, 0xB3, 0xFF, 0x4D, 0x00,
0x00, 0x00, 0x00, 0x00, 0x00, 0x4E, 0xFF, 0xB2, 0xDA, 0xFF, 0x25, 0x00, 0x00, 0x00, 0x00, 0x00,
0x00, 0x26, 0xFF, 0xD9, 0xF0, 0xFF, 0x0D, 0x00, 0x00, 0x00, 0x00, 0x00, 0x00, 0x0D, 0xFF, 0xEE,
0xFB, 0xFF, 0x04, 0x00, 0x00, 0x00, 0x00, 0x00, 0x00, 0x04, 0xFF, 0xFA, 0xFB, 0xFF, 0x04, 0x00,
0x00, 0x00, 0x00, 0x00, 0x00, 0x04, 0xFF, 0xF9, 0xF0, 0xFF, 0x0D, 0x00, 0x00, 0x00, 0x00, 0x00,
0x00, 0x0D, 0xFF, 0xEE, 0xDA, 0xFF, 0x25, 0x00, 0x00, 0x00, 0x00, 0x00, 0x00, 0x26, 0xFF, 0xD9,
0xB4, 0xFF, 0x4D, 0x00, 0x00, 0x00, 0x00, 0x00, 0x00, 0x4D, 0xFF, 0xB2, 0x7B, 0xFF, 0x91, 0x00,
0x00, 0x00, 0x00, 0x00, 0x00, 0x91, 0xFF, 0x76, 0x2A, 0xFE, 0xF0, 0x1B, 0x00, 0x00, 0x00, 0x00,
0x1B, 0xF0, 0xFE, 0x25, 0x00, 0xAA, 0xFF, 0xD8, 0x49, 0x0C, 0x0C, 0x49, 0xD8, 0xFF, 0xA4, 0x00,
0x00, 0x11, 0xD2, 0xFF, 0xFF, 0xFF, 0xFF, 0xFF, 0xFF, 0xCF, 0x0E, 0x00, 0x00, 0x00, 0x09, 0x7B,
0xD1, 0xF4, 0xF4, 0xD0, 0x78, 0x07, 0x00, 0x00, 0x00, 0x00, 0x00, 0x00, 0x46, 0xFE, 0xFE, 0x45,
0x00, 0x00, 0x00, 0x00, 0x00, 0x00, 0x00, 0x11, 0xE4, 0x97, 0x97, 0xE4, 0x11, 0x00, 0x00, 0x00,
0x00, 0x00, 0x00, 0xA7, 0xC2, 0x05, 0x05, 0xC0, 0xA7, 0x00, 0x00, 0x00, 0x00, 0x00, 0x00, 0x00,
0x00, 0x00, 0x00, 0x00, 0x00, 0x00, 0x00, 0x00, 0x00, 0x00, 0x07, 0x78, 0xCF, 0xF2, 0xF3, 0xCF,
0x78, 0x07, 0x00, 0x00, 0x00, 0x0E, 0xCE, 0xFF, 0xFF, 0xFF, 0xFF, 0xFF, 0xFF, 0xCE, 0x0E, 0x00,
0x00, 0xA5, 0xFF, 0xDA, 0x4B, 0x0D, 0x0D, 0x4B, 0xDA, 0xFF, 0xA4, 0x00, 0x26, 0xFE, 0xF1, 0x1C,
0x00, 0x00, 0x00, 0x00, 0x1D, 0xF1, 0xFD, 0x25, 0x78, 0xFF, 0x92, 0x00, 0x00, 0x00, 0x00, 0x00,
0x00, 0x93, 0xFF, 0x76, 0xB3, 0xFF, 0x4D, 0x00, 0x00, 0x00, 0x00, 0x00, 0x00, 0x4E, 0xFF, 0xB2,
0xDA, 0xFF, 0x25, 0x00, 0x00, 0x00, 0x00, 0x00, 0x00, 0x26, 0xFF, 0xD9, 0xF0, 0xFF, 0x0D, 0x00,
0x00, 0x00, 0x00, 0x00, 0x00, 0x0D, 0xFF, 0xEE, 0xFB, 0xFF, 0x04, 0x00, 0x00, 0x00, 0x00, 0x00,
0x00, 0x04, 0xFF, 0xFA, 0xFB, 0xFF, 0x04, 0x00, 0x00, 0x00, 0x00, 0x00, 0x00, 0x04, 0xFF, 0xF9,
0xF0, 0xFF, 0x0D, 0x00, 0x00, 0x00, 0x00, 0x00, 0x00, 0x0D, 0xFF, 0xEE, 0xDA, 0xFF, 0x25, 0x00,
0x00, 0x00, 0x00, 0x00, 0x00, 0x26, 0xFF, 0xD9, 0xB4, 0xFF, 0x4D, 0x00, 0x00, 0x00, 0x00, 0x00,
0x00, 0x4D, 0xFF, 0xB2, 0x7B, 0xFF, 0x91, 0x00, 0x00, 0x00, 0x00, 0x00, 0x00, 0x91, 0xFF, 0x76,
0x2A, 0xFE, 0xF0, 0x1B, 0x00, 0x00, 0x00, 0x00, 0x1B, 0xF0, 0xFE, 0x25, 0x00, 0xAA, 0xFF, 0xD8,
0x49, 0x0C, 0x0C, 0x49, 0xD8, 0xFF, 0xA4, 0x00, 0x00, 0x11, 0xD2, 0xFF, 0xFF, 0xFF, 0xFF, 0xFF,
0xFF, 0xCF, 0x0E, 0x00, 0x00, 0x00, 0x09, 0x7B, 0xD1, 0xF4, 0xF4, 0xD0, 0x78, 0x07, 0x00, 0x00,
0x00, 0x00, 0x49, 0xDB, 0xF7, 0xC4, 0x66, 0x15, 0x3C, 0xE1, 0x00, 0x00, 0x00, 0x00, 0xE5, 0x3C,
0x15, 0x68, 0xC9, 0xF8, 0xDA, 0x44, 0x00, 0x00, 0x00, 0x00, 0x00, 0x00, 0x00, 0x00, 0x00, 0x00,
0x00, 0x00, 0x00, 0x00, 0x00, 0x00, 0x07, 0x78, 0xCF, 0xF2, 0xF3, 0xCF, 0x78, 0x07, 0x00, 0x00,
0x00, 0x0E, 0xCE, 0xFF, 0xFF, 0xFF, 0xFF, 0xFF, 0xFF, 0xCE, 0x0E, 0x00, 0x00, 0xA5, 0xFF, 0xDA,
0x4B, 0x0D, 0x0D, 0x4B, 0xDA, 0xFF, 0xA4, 0x00, 0x26, 0xFE, 0xF1, 0x1C, 0x00, 0x00, 0x00, 0x00,
0x1D, 0xF1, 0xFD, 0x25, 0x78, 0xFF, 0x92, 0x00, 0x00, 0x00, 0x00, 0x00, 0x00, 0x93, 0xFF, 0x76,
0xB3, 0xFF, 0x4D, 0x00, 0x00, 0x00, 0x00, 0x00, 0x00, 0x4E, 0xFF, 0xB2, 0xDA, 0xFF, 0x25, 0x00,
0x00, 0x00, 0x00, 0x00, 0x00, 0x26, 0xFF, 0xD9, 0xF0, 0xFF, 0x0D, 0x00, 0x00, 0x00, 0x00, 0x00,
0x00, 0x0D, 0xFF, 0xEE, 0xFB, 0xFF, 0x04, 0x00, 0x00, 0x00, 0x00, 0x00, 0x00, 0x04, 0xFF, 0xFA,
0xFB, 0xFF, 0x04, 0x00, 0x00, 0x00, 0x00, 0x00, 0x00, 0x04, 0xFF, 0xF9, 0xF0, 0xFF, 0x0D, 0x00,
0x00, 0x00, 0x00, 0x00, 0x00, 0x0D, 0xFF, 0xEE, 0xDA, 0xFF, 0x25, 0x00, 0x00, 0x00, 0x00, 0x00,
0x00, 0x26, 0xFF, 0xD9, 0xB4, 0xFF, 0x4D, 0x00, 0x00, 0x00, 0x00, 0x00, 0x00, 0x4D, 0xFF, 0xB2,
0x7B, 0xFF, 0x91, 0x00, 0x00, 0x00, 0x00, 0x00, 0x00, 0x91, 0xFF, 0x76, 0x2A, 0xFE, 0xF0, 0x1B,
0x00, 0x00, 0x00, 0x00, 0x1B, 0xF0, 0xFE, 0x25, 0x00, 0xAA, 0xFF, 0xD8, 0x49, 0x0C, 0x0C, 0x49,
0xD8, 0xFF, 0xA4, 0x00, 0x00, 0x11, 0xD2, 0xFF, 0xFF, 0xFF, 0xFF, 0xFF, 0xFF, 0xCF, 0x0E, 0x00,
0x00, 0x00, 0x09, 0x7B, 0xD1, 0xF4, 0xF4, 0xD0, 0x78, 0x07, 0x00, 0x00, 0x00, 0x00, 0x00, 0xFF,
0xFF, 0x00, 0x00, 0xFF, 0xFF, 0x00, 0x00, 0x00, 0x00, 0x00, 0x00, 0xFF, 0xFF, 0x00, 0x00, 0xFF,
0xFF, 0x00, 0x00, 0x00, 0x00, 0x00, 0x00, 0x00, 0x00, 0x00, 0x00, 0x00, 0x00, 0x00, 0x00, 0x00,
0x00, 0x00, 0x07, 0x78, 0xCF, 0xF2, 0xF3, 0xCF, 0x78, 0x07, 0x00, 0x00, 0x00, 0x0E, 0xCE, 0xFF,
0xFF, 0xFF, 0xFF, 0xFF, 0xFF, 0xCE, 0x0E, 0x00, 0x00, 0xA5, 0xFF, 0xDA, 0x4B, 0x0D, 0x0D, 0x4B,
0xDA, 0xFF, 0xA4, 0x00, 0x26, 0xFE, 0xF1, 0x1C, 0x00, 0x00, 0x00, 0x00, 0x1D, 0xF1, 0xFD, 0x25,
0x78, 0xFF, 0x92, 0x00, 0x00, 0x00, 0x00, 0x00, 0x00, 0x93, 0xFF, 0x76, 0xB3, 0xFF, 0x4D, 0x00,
0x00, 0x00, 0x00, 0x00, 0x00, 0x4E, 0xFF, 0xB2, 0xDA, 0xFF, 0x25, 0x00, 0x00, 0x00, 0x00, 0x00,
0x00, 0x26, 0xFF, 0xD9, 0xF0, 0xFF, 0x0D, 0x00, 0x00, 0x00, 0x00, 0x00, 0x00, 0x0D, 0xFF, 0xEE,
0xFB, 0xFF, 0x04, 0x00, 0x00, 0x00, 0x00, 0x00, 0x00, 0x04, 0xFF, 0xFA, 0xFB, 0xFF, 0x04, 0x00,
0x00, 0x00, 0x00, 0x00, 0x00, 0x04, 0xFF, 0xF9, 0xF0, 0xFF, 0x0D, 0x00, 0x00, 0x00, 0x00, 0x00,
0x00, 0x0D, 0xFF, 0xEE, 0xDA, 0xFF, 0x25, 0x00, 0x00, 0x00, 0x00, 0x00, 0x00, 0x26, 0xFF, 0xD9,
0xB4, 0xFF, 0x4D, 0x00, 0x00, 0x00, 0x00, 0x00, 0x00, 0x4D, 0xFF, 0xB2, 0x7B, 0xFF, 0x91, 0x00,
0x00, 0x00, 0x00, 0x00, 0x00, 0x91, 0xFF, 0x76, 0x2A, 0xFE, 0xF0, 0x1B, 0x00, 0x00, 0x00, 0x00,
0x1B, 0xF0, 0xFE, 0x25, 0x00, 0xAA, 0xFF, 0xD8, 0x49, 0x0C, 0x0C, 0x49, 0xD8, 0xFF, 0xA4, 0x00,
0x00, 0x11, 0xD2, 0xFF, 0xFF, 0xFF, 0xFF, 0xFF, 0xFF, 0xCF, 0x0E, 0x00, 0x00, 0x00, 0x09, 0x7B,
0xD1, 0xF4, 0xF4, 0xD0, 0x78, 0x07, 0x00, 0x00, 0x31, 0xBB, 0x11, 0x00, 0x00, 0x00, 0x00, 0x00,
0x11, 0xBB, 0x31, 0xBC, 0xFF, 0xCD, 0x11, 0x00, 0x00, 0x00, 0x11, 0xCE, 0xFF, 0xBB, 0x12, 0xCE,
0xFF, 0xCD, 0x11, 0x00, 0x11, 0xCE, 0xFF, 0xCE, 0x11, 0x00, 0x12, 0xCE, 0xFF, 0xCD, 0x23, 0xCE,
0xFF, 0xCE, 0x11, 0x00, 0x00, 0x00, 0x12, 0xCE, 0xFF, 0xFC, 0xFF, 0xCE, 0x11, 0x00, 0x00, 0x00,
0x00, 0x00, 0x24, 0xFC, 0xFF, 0xFC, 0x23, 0x00, 0x00, 0x00, 0x00, 0x00, 0x12, 0xCE, 0xFF, 0xFC,
0xFF, 0xCD, 0x11, 0x00, 0x00, 0x00, 0x13, 0xD0, 0xFF, 0xCE, 0x24, 0xCE, 0xFF, 0xCD, 0x11, 0x00,
0x14, 0xD1, 0xFF, 0xCF, 0x12, 0x00, 0x12, 0xCF, 0xFF, 0xCD, 0x11, 0xBD, 0xFF, 0xCF, 0x12, 0x00,
0x00, 0x00, 0x13, 0xD0, 0xFF, 0xB6, 0x2E, 0xBC, 0x13, 0x00, 0x00, 0x00, 0x00, 0x00, 0x13, 0xBC,
0x2B, 0x00, 0x00, 0x00, 0x00, 0x00, 0x00, 0x00, 0x00, 0x00, 0x00, 0x00, 0x00, 0x1D, 0x12, 0x00,
0x00, 0x00, 0x03, 0x6A, 0xC5, 0xEE, 0xF7, 0xDB, 0x90, 0x16, 0x00, 0xAC, 0xC3, 0x00, 0x00, 0x0A,
0xC2, 0xFF, 0xFF, 0xFF, 0xFF, 0xFF, 0xFF, 0xEA, 0x61, 0xFF, 0x4E, 0x00, 0x00, 0x9C, 0xFF, 0xD8,
0x49, 0x0D, 0x0E, 0x49, 0xDB, 0xFF, 0xFF, 0xAC, 0x00, 0x00, 0x22, 0xFD, 0xF1, 0x1B, 0x00, 0x00,
0x00, 0x00, 0x21, 0xFA, 0xFF, 0x4F, 0x00, 0x00, 0x76, 0xFF, 0x96, 0x00, 0x00, 0x00, 0x00, 0x00,
0x61, 0xFF, 0xFF, 0x91, 0x00, 0x00, 0xB2, 0xFF, 0x55, 0x00, 0x00, 0x00, 0x00, 0x3F, 0xFA, 0xF1,
0xFF, 0xC1, 0x00, 0x00, 0xDA, 0xFF, 0x2C, 0x00, 0x00, 0x00, 0x25, 0xED, 0xE6, 0x3F, 0xFF, 0xDF,
0x00, 0x00, 0xF0, 0xFF, 0x13, 0x00, 0x00, 0x12, 0xDA, 0xF6, 0x35, 0x0B, 0xFF, 0xF3, 0x00, 0x00,
0xFB, 0xFF, 0x07, 0x00, 0x05, 0xBF, 0xFE, 0x53, 0x00, 0x02, 0xFF, 0xFB, 0x00, 0x00, 0xFD, 0xFF,
0x01, 0x00, 0x9E, 0xFF, 0x78, 0x00, 0x00, 0x04, 0xFF, 0xFA, 0x00, 0x00, 0xF5, 0xFF, 0x02, 0x78,
0xFF, 0x9F, 0x00, 0x00, 0x00, 0x0D, 0xFF, 0xEE, 0x00, 0x00, 0xE5, 0xFF, 0x64, 0xFE, 0xC1, 0x06,
0x00, 0x00, 0x00, 0x26, 0xFF, 0xD8, 0x00, 0x00, 0xCB, 0xFF, 0xFD, 0xDB, 0x12, 0x00, 0x00, 0x00,
0x00, 0x4D, 0xFF, 0xB1, 0x00, 0x00, 0xA1, 0xFF, 0xEE, 0x26, 0x00, 0x00, 0x00, 0x00, 0x00, 0x91,
0xFF, 0x75, 0x00, 0x00, 0x6D, 0xFF, 0xD9, 0x0A, 0x00, 0x00, 0x00, 0x00, 0x1B, 0xF0, 0xFC, 0x22,
0x00, 0x00, 0xBF, 0xFF, 0xFF, 0xCF, 0x49, 0x0E, 0x0C, 0x4A, 0xD9, 0xFF, 0x9B, 0x00, 0x00, 0x38,
0xF3, 0x5D, 0xF7, 0xFF, 0xFF, 0xFF, 0xFF, 0xFF, 0xFF, 0xC4, 0x0A, 0x00, 0x00, 0xB3, 0x7D, 0x00,
0x24, 0x9C, 0xDF, 0xF8, 0xF0, 0xC7, 0x6C, 0x04, 0x00, 0x00, 0x00, 0x3C, 0x0B, 0x00, 0x00, 0x00,
0x00, 0x00, 0x00, 0x00, 0x00, 0x00, 0x00, 0x00, 0x00, 0x00, 0x00, 0x00, 0x9A, 0xFF, 0x48, 0x00,
0x00, 0x00, 0x00, 0x00, 0x00, 0x00, 0x00, 0x06, 0xC7, 0xE5, 0x11, 0x00, 0x00, 0x00, 0x00, 0x00,
0x00, 0x00, 0x00, 0x1A, 0xE7, 0xA7, 0x00, 0x00, 0x00, 0x00, 0x00, 0x00, 0x00, 0x00, 0x00, 0x00,
0x00, 0x00, 0x00, 0x00, 0x00, 0xFF, 0xFF, 0x00, 0x00, 0x00, 0x00, 0x00, 0x00, 0x00, 0xFF, 0xFF,
0xFF, 0xFF, 0x00, 0x00, 0x00, 0x00, 0x00, 0x00, 0x00, 0xFF, 0xFF, 0xFF, 0xFF, 0x00, 0x00, 0x00,
0x00, 0x00, 0x00, 0x00, 0xFF, 0xFF, 0xFF, 0xFF, 0x00, 0x00, 0x00, 0x00, 0x00, 0x00, 0x00, 0xFF,
0xFF, 0xFF, 0xFF, 0x00, 0x00, 0x00, 0x00, 0x00, 0x00, 0x00, 0xFF, 0xFF, 0xFF, 0xFF, 0x00, 0x00,
0x00, 0x00, 0x00, 0x00, 0x00, 0xFF, 0xFF, 0xFF, 0xFF, 0x00, 0x00, 0x00, 0x00, 0x00, 0x00, 0x00,
0xFF, 0xFF, 0xFF, 0xFF, 0x00, 0x00, 0x00, 0x00, 0x00, 0x00, 0x00, 0xFF, 0xFF, 0xFF, 0xFF, 0x00,
0x00, 0x00, 0x00, 0x00, 0x00, 0x00, 0xFF, 0xFF, 0xFF, 0xFF, 0x00, 0x00, 0x00, 0x00, 0x00, 0x00,
0x00, 0xFF, 0xFF, 0xFF, 0xFF, 0x00, 0x00, 0x00, 0x00, 0x00, 0x00, 0x00, 0xFF, 0xFF, 0xFE, 0xFF,
0x00, 0x00, 0x00, 0x00, 0x00, 0x00, 0x00, 0xFF, 0xFC, 0xF4, 0xFF, 0x02, 0x00, 0x00, 0x00, 0x00,
0x00, 0x03, 0xFF, 0xF3, 0xDF, 0xFF, 0x10, 0x00, 0x00, 0x00, 0x00, 0x00, 0x0F, 0xFF, 0xDE, 0xB1,
0xFF, 0x5E, 0x00, 0x00, 0x00, 0x00, 0x00, 0x59, 0xFF, 0xB1, 0x4D, 0xFF, 0xF2, 0x6A, 0x1A, 0x05,
0x1A, 0x6C, 0xF3, 0xFF, 0x4E, 0x00, 0x8F, 0xFF, 0xFF, 0xFF, 0xFF, 0xFF, 0xFF, 0xFF, 0x90, 0x00,
0x00, 0x00, 0x49, 0xB4, 0xEB, 0xFB, 0xEB, 0xB5, 0x4A, 0x00, 0x00, 0x00, 0x00, 0x00, 0x00, 0x00,
0x00, 0x48, 0xFF, 0x99, 0x00, 0x00, 0x00, 0x00, 0x00, 0x00, 0x00, 0x12, 0xE6, 0xC7, 0x06, 0x00,
0x00, 0x00, 0x00, 0x00, 0x00, 0x00, 0xA8, 0xE7, 0x1A, 0x00, 0x00, 0x00, 0x00, 0x00, 0x00, 0x00,
0x00, 0x00, 0x00, 0x00, 0x00, 0x00, 0x00, 0xFF, 0xFF, 0x00, 0x00, 0x00, 0x00, 0x00, 0x00, 0x00,
0xFF, 0xFF, 0xFF, 0xFF, 0x00, 0x00, 0x00, 0x00, 0x00, 0x00, 0x00, 0xFF, 0xFF, 0xFF, 0xFF, 0x00,
0x00, 0x00, 0x00, 0x00, 0x00, 0x00, 0xFF, 0xFF, 0xFF, 0xFF, 0x00, 0x00, 0x00, 0x00, 0x00, 0x00,
0x00, 0xFF, 0xFF, 0xFF, 0xFF, 0x00, 0x00, 0x00, 0x00, 0x00, 0x00, 0x00, 0xFF, 0xFF, 0xFF, 0xFF,
0x00, 0x00, 0x00, 0x00, 0x00, 0x00, 0x00, 0xFF, 0xFF, 0xFF, 0xFF, 0x00, 0x00, 0x00, 0x00, 0x00,
0x00, 0x00, 0xFF, 0xFF, 0xFF, 0xFF, 0x00, 0x00, 0x00, 0x00, 0x00, 0x00, 0x00, 0xFF, 0xFF, 0xFF,
0xFF, 0x00, 0x00, 0x00, 0x00, 0x00, 0x00, 0x00, 0xFF, 0xFF, 0xFF, 0xFF, 0x00, 0x00, 0x00, 0x00,
0x00, 0x00, 0x00, 0xFF, 0xFF, 0xFF, 0xFF, 0x00, 0x00, 0x00, 0x00, 0x00, 0x00, 0x00, 0xFF, 0xFF,
0xFE, 0xFF, 0x00, 0x00, 0x00, 0x00, 0x00, 0x00, 0x00, 0xFF, 0xFC, 0xF4, 0xFF, 0x02, 0x00, 0x00,
0x00, 0x00, 0x00, 0x03, 0xFF, 0xF3, 0xDF, 0xFF, 0x10, 0x00, 0x00, 0x00, 0x00, 0x00, 0x0F, 0xFF,
0xDE, 0xB1, 0xFF, 0x5E, 0x00, 0x00, 0x00, 0x00, 0x00, 0x59, 0xFF, 0xB1, 0x4D, 0xFF, 0xF2, 0x6A,
0x1A, 0x05, 0x1A, 0x6C, 0xF3, 0xFF, 0x4E, 0x00, 0x8F, 0xFF, 0xFF, 0xFF, 0xFF, 0xFF, 0xFF, 0xFF,
0x90, 0x00, 0x00, 0x00, 0x49, 0xB4, 0xEB, 0xFB, 0xEB, 0xB5, 0x4A, 0x00, 0x00, 0x00, 0x00, 0x00,
0x17, 0xE3, 0xFF, 0xE3, 0x17, 0x00, 0x00, 0x00, 0x00, 0x00, 0x05, 0xC4, 0xE5, 0x43, 0xE4, 0xC3,
0x05, 0x00, 0x00, 0x00, 0x00, 0x99, 0xEB, 0x29, 0x00, 0x28, 0xE9, 0x98, 0x00, 0x00, 0x00, 0x00,
0x00, 0x00, 0x00, 0x00, 0x00, 0x00, 0x00, 0x00, 0x00, 0xFF, 0xFF, 0x00, 0x00, 0x00, 0x00, 0x00,
0x00, 0x00, 0xFF, 0xFF, 0xFF, 0xFF, 0x00, 0x00, 0x00, 0x00, 0x00, 0x00, 0x00, 0xFF, 0xFF, 0xFF,
0xFF, 0x00, 0x00, 0x00, 0x00, 0x00, 0x00, 0x00, 0xFF, 0xFF, 0xFF, 0xFF, 0x00, 0x00, 0x00, 0x00,
0x00, 0x00, 0x00, 0xFF, 0xFF, 0xFF, 0xFF, 0x00, 0x00, 0x00, 0x00, 0x00, 0x00, 0x00, 0xFF, 0xFF,
0xFF, 0xFF, 0x00, 0x00, 0x00, 0x00, 0x00, 0x00, 0x00, 0xFF, 0xFF, 0xFF, 0xFF, 0x00, 0x00, 0x00,
0x00, 0x00, 0x00, 0x00, 0xFF, 0xFF, 0xFF, 0xFF, 0x00, 0x00, 0x00, 0x00, 0x00, 0x00, 0x00, 0xFF,
0xFF, 0xFF, 0xFF, 0x00, 0x00, 0x00, 0x00, 0x00, 0x00, 0x00, 0xFF, 0xFF, 0xFF, 0xFF, 0x00, 0x00,
0x00, 0x00, 0x00, 0x00, 0x00, 0xFF, 0xFF, 0xFF, 0xFF, 0x00, 0x00, 0x00, 0x00, 0x00, 0x00, 0x00,
0xFF, 0xFF, 0xFE, 0xFF, 0x00, 0x00, 0x00, 0x00, 0x00, 0x00, 0x00, 0xFF, 0xFC, 0xF4, 0xFF, 0x02,
0x00, 0x00, 0x00, 0x00, 0x00, 0x03, 0xFF, 0xF3, 0xDF, 0xFF, 0x10, 0x00, 0x00, 0x00, 0x00, 0x00,
0x0F, 0xFF, 0xDE, 0xB1, 0xFF, 0x5E, 0x00, 0x00, 0x00, 0x00, 0x00, 0x59, 0xFF, 0xB1, 0x4D, 0xFF,
0xF2, 0x6A, 0x1A, 0x05, 0x1A, 0x6C, 0xF3, 0xFF, 0x4E, 0x00, 0x8F, 0xFF, 0xFF, 0xFF, 0xFF, 0xFF,
0xFF, 0xFF, 0x90, 0x00, 0x00, 0x00, 0x49, 0xB4, 0xEB, 0xFB, 0xEB, 0xB5, 0x4A, 0x00, 0x00, 0x00,
0x00, 0x00, 0xFF, 0xFF, 0x00, 0xFF, 0xFF, 0x00, 0x00, 0x00, 0x00, 0x00, 0x00, 0xFF, 0xFF, 0x00,
0xFF, 0xFF, 0x00, 0x00, 0x00, 0x00, 0x00, 0x00, 0x00, 0x00, 0x00, 0x00, 0x00, 0x00, 0x00, 0x00,
0xFF, 0xFF, 0x00, 0x00, 0x00, 0x00, 0x00, 0x00, 0x00, 0xFF, 0xFF, 0xFF, 0xFF, 0x00, 0x00, 0x00,
0x00, 0x00, 0x00, 0x00, 0xFF, 0xFF, 0xFF, 0xFF, 0x00, 0x00, 0x00, 0x00, 0x00, 0x00, 0x00, 0xFF,
0xFF, 0xFF, 0xFF, 0x00, 0x00, 0x00, 0x00, 0x00, 0x00, 0x00, 0xFF, 0xFF, 0xFF, 0xFF, 0x00, 0x00,
0x00, 0x00, 0x00, 0x00, 0x00, 0xFF, 0xFF, 0xFF, 0xFF, 0x00, 0x00, 0x00, 0x00, 0x00, 0x00, 0x00,
0xFF, 0xFF, 0xFF, 0xFF, 0x00, 0x00, 0x00, 0x00, 0x00, 0x00, 0x00, 0xFF, 0xFF, 0xFF, 0xFF, 0x00,
0x00, 0x00, 0x00, 0x00, 0x00, 0x00, 0xFF, 0xFF, 0xFF, 0xFF, 0x00, 0x00, 0x00, 0x00, 0x00, 0x00,
0x00, 0xFF, 0xFF, 0xFF, 0xFF, 0x00, 0x00, 0x00, 0x00, 0x00, 0x00, 0x00, 0xFF, 0xFF, 0xFF, 0xFF,
0x00, 0x00, 0x00, 0x00, 0x00, 0x00, 0x00, 0xFF, 0xFF, 0xFE, 0xFF, 0x00, 0x00, 0x00, 0x00, 0x00,
0x00, 0x00, 0xFF, 0xFC, 0xF4, 0xFF, 0x02, 0x00, 0x00, 0x00, 0x00, 0x00, 0x03, 0xFF, 0xF3, 0xDF,
0xFF, 0x10, 0x00, 0x00, 0x00, 0x00, 0x00, 0x0F, 0xFF, 0xDE, 0xB1, 0xFF, 0x5E, 0x00, 0x00, 0x00,
0x00, 0x00, 0x59, 0xFF, 0xB1, 0x4D, 0xFF, 0xF2, 0x6A, 0x1A, 0x05, 0x1A, 0x6C, 0xF3, 0xFF, 0x4E,
0x00, 0x8F, 0xFF, 0xFF, 0xFF, 0xFF, 0xFF, 0xFF, 0xFF, 0x90, 0x00, 0x00, 0x00, 0x49, 0xB4, 0xEB,
0xFB, 0xEB, 0xB5, 0x4A, 0x00, 0x00, 0x00, 0x00, 0x00, 0x00, 0x00, 0x00, 0x00, 0x48, 0xFF, 0x99,
0x00, 0x00, 0x00, 0x00, 0x00, 0x00, 0x00, 0x00, 0x00, 0x00, 0x12, 0xE6, 0xC7, 0x06, 0x00, 0x00,
0x00, 0x00, 0x00, 0x00, 0x00, 0x00, 0x00, 0x00, 0xA8, 0xE7, 0x1A, 0x00, 0x00, 0x00, 0x00, 0x00,
0x00, 0x00, 0x00, 0x00, 0x00, 0x00, 0x00, 0x00, 0x00, 0x00, 0x00, 0x00, 0x00, 0x00, 0xB3, 0xFF,
0xA4, 0x00, 0x00, 0x00, 0x00, 0x00, 0x00, 0x00, 0x00, 0xA2, 0xFF, 0xB2, 0x21, 0xF6, 0xFF, 0x40,
0x00, 0x00, 0x00, 0x00, 0x00, 0x00, 0x3D, 0xFF, 0xF6, 0x21, 0x00, 0x7D, 0xFF, 0xD5, 0x05, 0x00,
0x00, 0x00, 0x00, 0x04, 0xD3, 0xFF, 0x7C, 0x00, 0x00, 0x07, 0xDB, 0xFF, 0x75, 0x00, 0x00, 0x00,
0x00, 0x74, 0xFF, 0xDA, 0x07, 0x00, 0x00, 0x00, 0x47, 0xFF, 0xF3, 0x1C, 0x00, 0x00, 0x1B, 0xF3,
0xFF, 0x47, 0x00, 0x00, 0x00, 0x00, 0x00, 0xAD, 0xFF, 0xAA, 0x00, 0x00, 0xAA, 0xFF, 0xAC, 0x00,
0x00, 0x00, 0x00, 0x00, 0x00, 0x1D, 0xF4, 0xFF, 0x45, 0x45, 0xFF, 0xF4, 0x1D, 0x00, 0x00, 0x00,
0x00, 0x00, 0x00, 0x00, 0x77, 0xFF, 0xD9, 0xD9, 0xFF, 0x76, 0x00, 0x00, 0x00, 0x00, 0x00, 0x00,
0x00, 0x00, 0x05, 0xD6, 0xFF, 0xFF, 0xD6, 0x05, 0x00, 0x00, 0x00, 0x00, 0x00, 0x00, 0x00, 0x00,
0x00, 0x42, 0xFF, 0xFF, 0x41, 0x00, 0x00, 0x00, 0x00, 0x00, 0x00, 0x00, 0x00, 0x00, 0x00, 0x00,
0xFF, 0xFF, 0x00, 0x00, 0x00, 0x00, 0x00, 0x00, 0x00, 0x00, 0x00, 0x00, 0x00, 0x00, 0xFF, 0xFF,
0x00, 0x00, 0x00, 0x00, 0x00, 0x00, 0x00, 0x00, 0x00, 0x00, 0x00, 0x00, 0xFF, 0xFF, 0x00, 0x00,
0x00, 0x00, 0x00, 0x00, 0x00, 0x00, 0x00, 0x00, 0x00, 0x00, 0xFF, 0xFF, 0x00, 0x00, 0x00, 0x00,
0x00, 0x00, 0x00, 0x00, 0x00, 0x00, 0x00, 0x00, 0xFF, 0xFF, 0x00, 0x00, 0x00, 0x00, 0x00, 0x00,
0x00, 0x00, 0x00, 0x00, 0x00, 0x00, 0xFF, 0xFF, 0x00, 0x00, 0x00, 0x00, 0x00, 0x00, 0x00, 0x00,
0x00, 0x00, 0x00, 0x00, 0xFF, 0xFF, 0x00, 0x00, 0x00, 0x00, 0x00, 0x00, 0x00, 0x00, 0x00, 0x00,
0x00, 0x00, 0xFF, 0xFF, 0x00, 0x00, 0x00, 0x00, 0x00, 0x00, 0xFF, 0xFF, 0x00, 0x00, 0x00, 0x00,
0x00, 0x00, 0x00, 0x00, 0x00, 0xFF, 0xFF, 0x00, 0x00, 0x00, 0x00, 0x00, 0x00, 0x00, 0x00, 0x00,
0xFF, 0xFF, 0x00, 0x00, 0x00, 0x00, 0x00, 0x00, 0x00, 0x00, 0x00, 0xFF, 0xFF, 0xFF, 0xFF, 0xFF,
0xFB, 0xEA, 0xBE, 0x69, 0x05, 0x00, 0xFF, 0xFF, 0xFF, 0xFF, 0xFF, 0xFF, 0xFF, 0xFF, 0xFF, 0xC5,
0x0A, 0xFF, 0xFF, 0x00, 0x00, 0x00, 0x07, 0x26, 0x7C, 0xF9, 0xFF, 0x7E, 0xFF, 0xFF, 0x00, 0x00,
0x00, 0x00, 0x00, 0x00, 0x6E, 0xFF, 0xD3, 0xFF, 0xFF, 0x00, 0x00, 0x00, 0x00, 0x00, 0x00, 0x18,
0xFF, 0xF6, 0xFF, 0xFF, 0x00, 0x00, 0x00, 0x00, 0x00, 0x00, 0x18, 0xFF, 0xF5, 0xFF, 0xFF, 0x00,
0x00, 0x00, 0x00, 0x00, 0x00, 0x6F, 0xFF, 0xD4, 0xFF, 0xFF, 0x00, 0x00, 0x00, 0x06, 0x26, 0x7B,
0xF9, 0xFF, 0x80, 0xFF, 0xFF, 0xFF, 0xFF, 0xFF, 0xFF, 0xFF, 0xFF, 0xFF, 0xC8, 0x0B, 0xFF, 0xFF,
0xFF, 0xFF, 0xFF, 0xFC, 0xEC, 0xC0, 0x6C, 0x06, 0x00, 0xFF, 0xFF, 0x00, 0x00, 0x00, 0x00, 0x00,
0x00, 0x00, 0x00, 0x00, 0xFF, 0xFF, 0x00, 0x00, 0x00, 0x00, 0x00, 0x00, 0x00, 0x00, 0x00, 0xFF,
0xFF, 0x00, 0x00, 0x00, 0x00, 0x00, 0x00, 0x00, 0x00, 0x00, 0xFF, 0xFF, 0x00, 0x00, 0x00, 0x00,
0x00, 0x00, 0x00, 0x00, 0x00, 0xFF, 0xFF, 0x00, 0x00, 0x00, 0x00, 0x00, 0x00, 0x00, 0x00, 0x00,
0x00, 0x16, 0x8F, 0xD8, 0xF7, 0xF7, 0xD7, 0x86, 0x0E, 0x00, 0x00, 0x19, 0xE3, 0xFF, 0xFF, 0xFF,
0xFF, 0xFF, 0xFF, 0xD1, 0x0C, 0x00, 0x96, 0xFF, 0xDE, 0x4A, 0x10, 0x0F, 0x47, 0xD9, 0xFF, 0x7F,
0x00, 0xDE, 0xFF, 0x45, 0x00, 0x00, 0x00, 0x00, 0x38, 0xFF, 0xD1, 0x00, 0xFA, 0xFF, 0x0D, 0x00,
0x00, 0x00, 0x2F, 0x81, 0xFF, 0xF4, 0x00, 0xFF, 0xFF, 0x00, 0x00, 0x0C, 0xA5, 0xFC, 0xA5, 0x4A,
0x1D, 0x00, 0xFF, 0xFF, 0x00, 0x00, 0x9F, 0xFF, 0x60, 0x00, 0x00, 0x00, 0x00, 0xFF, 0xFF, 0x00,
0x00, 0xF3, 0xFF, 0x09, 0x00, 0x00, 0x00, 0x00, 0xFF, 0xFF, 0x00, 0x00, 0xE5, 0xFF, 0x77, 0x00,
0x00, 0x00, 0x00, 0xFF, 0xFF, 0x00, 0x00, 0x6B, 0xFF, 0xFF, 0xC4, 0x29, 0x00, 0x00, 0xFF, 0xFF,
0x00, 0x00, 0x00, 0x63, 0xED, 0xFF, 0xF2, 0x4C, 0x00, 0xFF, 0xFF, 0x00, 0x00, 0x00, 0x00, 0x0A,
0x8D, 0xFF, 0xF8, 0x36, 0xFF, 0xFF, 0x00, 0x00, 0x00, 0x00, 0x00, 0x00, 0x7C, 0xFF, 0xB6, 0xFF,
0xFF, 0x00, 0x00, 0x00, 0x00, 0x00, 0x00, 0x0F, 0xFF, 0xEE, 0xFF, 0xFF, 0x00, 0x00, 0x00, 0x00,
0x00, 0x00, 0x23, 0xFF, 0xF6, 0xFF, 0xFF, 0x00, 0xBE, 0x51, 0x1B, 0x0A, 0x3A, 0xCA, 0xFF, 0xBC,
0xFF, 0xFF, 0x00, 0xFF, 0xFF, 0xFF, 0xFF, 0xFF, 0xFF, 0xF2, 0x31, 0xFF, 0xFF, 0x00, 0x3E, 0xB1,
0xE7, 0xFA, 0xE0, 0x9B, 0x22, 0x00, 0x00, 0x7E, 0xFF, 0xD8, 0x12, 0x00, 0x00, 0x00, 0x00, 0x00,
0x00, 0x00, 0x00, 0x79, 0xFF, 0xC4, 0x08, 0x00, 0x00, 0x00, 0x00, 0x00, 0x00, 0x00, 0x00, 0x74,
0xFF, 0xAB, 0x02, 0x00, 0x00, 0x00, 0x00, 0x00, 0x00, 0x00, 0x00, 0x70, 0xFF, 0x8F, 0x00, 0x00,
0x00, 0x00, 0x00, 0x00, 0x00, 0x00, 0x00, 0x00, 0x00, 0x00, 0x00, 0x00, 0x00, 0x00, 0x00, 0x00,
0x00, 0x00, 0x00, 0x00, 0x00, 0x00, 0x00, 0x00, 0x00, 0x29, 0x7C, 0xC2, 0xE3, 0xF9, 0xEA, 0xBC,
0x61, 0x02, 0x00, 0x00, 0xFF, 0xFF, 0xFF, 0xFF, 0xFF, 0xFF, 0xFF, 0xFF, 0xB8, 0x07, 0x00, 0xD7,
0x84, 0x3B, 0x12, 0x05, 0x19, 0x56, 0xE2, 0xFF, 0x7D, 0x00, 0x00, 0x00, 0x00, 0x00, 0x00, 0x00,
0x00, 0x45, 0xFF, 0xD1, 0x00, 0x00, 0x00, 0x00, 0x00, 0x00, 0x00, 0x00, 0x0A, 0xFF, 0xF1, 0x00,
0x0A, 0x71, 0xBF, 0xEA, 0xFA, 0xFF, 0xFF, 0xFF, 0xFF, 0xFC, 0x1B, 0xDA, 0xFF, 0xFF, 0xFF, 0xFF,
0xFF, 0xFF, 0xFF, 0xFF, 0xFF, 0xA7, 0xFF, 0xD7, 0x5E, 0x1F, 0x0B, 0x00, 0x00, 0x04, 0xFF, 0xFF,
0xEF, 0xFF, 0x22, 0x00, 0x00, 0x00, 0x00, 0x00, 0x2C, 0xFF, 0xFF, 0xF7, 0xFF, 0x1B, 0x00, 0x00,
0x00, 0x00, 0x00, 0xA8, 0xFF, 0xFF, 0xC0, 0xFF, 0xC1, 0x36, 0x0A, 0x15, 0x42, 0xBC, 0xF2, 0xFF,
0xFF, 0x36, 0xF5, 0xFF, 0xFF, 0xFF, 0xFF, 0xFF, 0xFA, 0x51, 0xFF, 0xFF, 0x00, 0x2A, 0xA6, 0xE8,
0xFB, 0xE7, 0xAC, 0x34, 0x00, 0xFF, 0xFF, 0x00, 0x00, 0x00, 0x00, 0x00, 0x00, 0x13, 0xD9, 0xFF,
0x7D, 0x00, 0x00, 0x00, 0x00, 0x00, 0x00, 0x08, 0xC5, 0xFF, 0x78, 0x00, 0x00, 0x00, 0x00, 0x00,
0x00, 0x02, 0xAC, 0xFF, 0x73, 0x00, 0x00, 0x00, 0x00, 0x00, 0x00, 0x00, 0x90, 0xFF, 0x6F, 0x00,
0x00, 0x00, 0x00, 0x00, 0x00, 0x00, 0x00, 0x00, 0x00, 0x00, 0x00, 0x00, 0x00, 0x00, 0x00, 0x00,
0x00, 0x00, 0x00, 0x00, 0x00, 0x00, 0x00, 0x00, 0x00, 0x00, 0x29, 0x7C, 0xC2, 0xE3, 0xF9, 0xEA,
0xBC, 0x61, 0x02, 0x00, 0x00, 0xFF, 0xFF, 0xFF, 0xFF, 0xFF, 0xFF, 0xFF, 0xFF, 0xB8, 0x07, 0x00,
0xD7, 0x84, 0x3B, 0x12, 0x05, 0x19, 0x56, 0xE2, 0xFF, 0x7D, 0x00, 0x00, 0x00, 0x00, 0x00, 0x00,
0x00, 0x00, 0x45, 0xFF, 0xD1, 0x00, 0x00, 0x00, 0x00, 0x00, 0x00, 0x00, 0x00, 0x0A, 0xFF, 0xF1,
0x00, 0x0A, 0x71, 0xBF, 0xEA, 0xFA, 0xFF, 0xFF, 0xFF, 0xFF, 0xFC, 0x1B, 0xDA, 0xFF, 0xFF, 0xFF,
0xFF, 0xFF, 0xFF, 0xFF, 0xFF, 0xFF, 0xA7, 0xFF, 0xD7, 0x5E, 0x1F, 0x0B, 0x00, 0x00, 0x04, 0xFF,
0xFF, 0xEF, 0xFF, 0x22, 0x00, 0x00, 0x00, 0x00, 0x00, 0x2C, 0xFF, 0xFF, 0xF7, 0xFF, 0x1B, 0x00,
0x00, 0x00, 0x00, 0x00, 0xA8, 0xFF, 0xFF, 0xC0, 0xFF, 0xC1, 0x36, 0x0A, 0x15, 0x42, 0xBC, 0xF2,
0xFF, 0xFF, 0x36, 0xF5, 0xFF, 0xFF, 0xFF, 0xFF, 0xFF, 0xFA, 0x51, 0xFF, 0xFF, 0x00, 0x2A, 0xA6,
0xE8, 0xFB, 0xE7, 0xAC, 0x34, 0x00, 0xFF, 0xFF, 0x00, 0x00, 0x00, 0xA7, 0xFF, 0xA5, 0x00, 0x00,
0x00, 0x00, 0x00, 0x00, 0x00, 0x52, 0xFF, 0xB8, 0xFF, 0x51, 0x00, 0x00, 0x00, 0x00, 0x00, 0x14,
0xE9, 0xA9, 0x00, 0xA8, 0xE9, 0x14, 0x00, 0x00, 0x00, 0x00, 0xAA, 0xDA, 0x0D, 0x00, 0x0C, 0xD8,
0xA9, 0x00, 0x00, 0x00, 0x00, 0x00, 0x00, 0x00, 0x00, 0x00, 0x00, 0x00, 0x00, 0x00, 0x00, 0x00,
0x00, 0x00, 0x00, 0x00, 0x00, 0x00, 0x00, 0x00, 0x00, 0x00, 0x00, 0x29, 0x7C, 0xC2, 0xE3, 0xF9,
0xEA, 0xBC, 0x61, 0x02, 0x00, 0x00, 0xFF, 0xFF, 0xFF, 0xFF, 0xFF, 0xFF, 0xFF, 0xFF, 0xB8, 0x07,
0x00, 0xD7, 0x84, 0x3B, 0x12, 0x05, 0x19, 0x56, 0xE2, 0xFF, 0x7D, 0x00, 0x00, 0x00, 0x00, 0x00,
0x00, 0x00, 0x00, 0x45, 0xFF, 0xD1, 0x00, 0x00, 0x00, 0x00, 0x00, 0x00, 0x00, 0x00, 0x0A, 0xFF,
0xF1, 0x00, 0x0A, 0x71, 0xBF, 0xEA, 0xFA, 0xFF, 0xFF, 0xFF, 0xFF, 0xFC, 0x1B, 0xDA, 0xFF, 0xFF,
0xFF, 0xFF, 0xFF, 0xFF, 0xFF, 0xFF, 0xFF, 0xA7, 0xFF, 0xD7, 0x5E, 0x1F, 0x0B, 0x00, 0x00, 0x04,
0xFF, 0xFF, 0xEF, 0xFF, 0x22, 0x00, 0x00, 0x00, 0x00, 0x00, 0x2C, 0xFF, 0xFF, 0xF7, 0xFF, 0x1B,
0x00, 0x00, 0x00, 0x00, 0x00, 0xA8, 0xFF, 0xFF, 0xC0, 0xFF, 0xC1, 0x36, 0x0A, 0x15, 0x42, 0xBC,
0xF2, 0xFF, 0xFF, 0x36, 0xF5, 0xFF, 0xFF, 0xFF, 0xFF, 0xFF, 0xFA, 0x51, 0xFF, 0xFF, 0x00, 0x2A,
0xA6, 0xE8, 0xFB, 0xE7, 0xAC, 0x34, 0x00, 0xFF, 0xFF, 0x00, 0x24, 0xC8, 0xF5, 0xC3, 0x4B, 0x00,
0x0B, 0xEE, 0x00, 0x00, 0x00, 0xB5, 0x61, 0x4D, 0xFF, 0xFF, 0x4F, 0x5C, 0xB3, 0x00, 0x00, 0x00,
0xEF, 0x0D, 0x00, 0x49, 0xC2, 0xF6, 0xC9, 0x24, 0x00, 0x00, 0x00, 0x00, 0x00, 0x00, 0x00, 0x00,
0x00, 0x00, 0x00, 0x00, 0x00, 0x00, 0x00, 0x00, 0x00, 0x00, 0x00, 0x00, 0x00, 0x00, 0x00, 0x00,
0x00, 0x00, 0x00, 0x00, 0x00, 0x00, 0x00, 0x00, 0x00, 0x00, 0x00, 0x00, 0x29, 0x7C, 0xC2, 0xE3,
0xF9, 0xEA, 0xBC, 0x61, 0x02, 0x00, 0x00, 0xFF, 0xFF, 0xFF, 0xFF, 0xFF, 0xFF, 0xFF, 0xFF, 0xB8,
0x07, 0x00, 0xD7, 0x84, 0x3B, 0x12, 0x05, 0x19, 0x56, 0xE2, 0xFF, 0x7D, 0x00, 0x00, 0x00, 0x00,
0x00, 0x00, 0x00, 0x00, 0x45, 0xFF, 0xD1, 0x00, 0x00, 0x00, 0x00, 0x00, 0x00, 0x00, 0x00, 0x0A,
0xFF, 0xF1, 0x00, 0x0A, 0x71, 0xBF, 0xEA, 0xFA, 0xFF, 0xFF, 0xFF, 0xFF, 0xFC, 0x1B, 0xDA, 0xFF,
0xFF, 0xFF, 0xFF, 0xFF, 0xFF, 0xFF, 0xFF, 0xFF, 0xA7, 0xFF, 0xD7, 0x5E, 0x1F, 0x0B, 0x00, 0x00,
0x04, 0xFF, 0xFF, 0xEF, 0xFF, 0x22, 0x00, 0x00, 0x00, 0x00, 0x00, 0x2C, 0xFF, 0xFF, 0xF7, 0xFF,
0x1B, 0x00, 0x00, 0x00, 0x00, 0x00, 0xA8, 0xFF, 0xFF, 0xC0, 0xFF, 0xC1, 0x36, 0x0A, 0x15, 0x42,
0xBC, 0xF2, 0xFF, 0xFF, 0x36, 0xF5, 0xFF, 0xFF, 0xFF, 0xFF, 0xFF, 0xFA, 0x51, 0xFF, 0xFF, 0x00,
0x2A, 0xA6, 0xE8, 0xFB, 0xE7, 0xAC, 0x34, 0x00, 0xFF, 0xFF, 0x00, 0x00, 0xFF, 0xFF, 0x00, 0x00,
0xFF, 0xFF, 0x00, 0x00, 0x00, 0x00, 0x00, 0xFF, 0xFF, 0x00, 0x00, 0xFF, 0xFF, 0x00, 0x00, 0x00,
0x00, 0x00, 0x00, 0x00, 0x00, 0x00, 0x00, 0x00, 0x00, 0x00, 0x00, 0x00, 0x00, 0x00, 0x00, 0x00,
0x00, 0x00, 0x00, 0x00, 0x00, 0x00, 0x00, 0x00, 0x00, 0x00, 0x00, 0x00, 0x00, 0x00, 0x00, 0x00,
0x00, 0x00, 0x29, 0x7C, 0xC2, 0xE3, 0xF9, 0xEA, 0xBC, 0x61, 0x02, 0x00, 0x00, 0xFF, 0xFF, 0xFF,
0xFF, 0xFF, 0xFF, 0xFF, 0xFF, 0xB8, 0x07, 0x00, 0xD7, 0x84, 0x3B, 0x12, 0x05, 0x19, 0x56, 0xE2,
0xFF, 0x7D, 0x00, 0x00, 0x00, 0x00, 0x00, 0x00, 0x00, 0x00, 0x45, 0xFF, 0xD1, 0x00, 0x00, 0x00,
0x00, 0x00, 0x00, 0x00, 0x00, 0x0A, 0xFF, 0xF1, 0x00, 0x0A, 0x71, 0xBF, 0xEA, 0xFA, 0xFF, 0xFF,
0xFF, 0xFF, 0xFC, 0x1B, 0xDA, 0xFF, 0xFF, 0xFF, 0xFF, 0xFF, 0xFF, 0xFF, 0xFF, 0xFF, 0xA7, 0xFF,
0xD7, 0x5E, 0x1F, 0x0B, 0x00, 0x00, 0x04, 0xFF, 0xFF, 0xEF, 0xFF, 0x22, 0x00, 0x00, 0x00, 0x00,
0x00, 0x2C, 0xFF, 0xFF, 0xF7, 0xFF, 0x1B, 0x00, 0x00, 0x00, 0x00, 0x00, 0xA8, 0xFF, 0xFF, 0xC0,
0xFF, 0xC1, 0x36, 0x0A, 0x15, 0x42, 0xBC, 0xF2, 0xFF, 0xFF, 0x36, 0xF5, 0xFF, 0xFF, 0xFF, 0xFF,
0xFF, 0xFA, 0x51, 0xFF, 0xFF, 0x00, 0x2A, 0xA6, 0xE8, 0xFB, 0xE7, 0xAC, 0x34, 0x00, 0xFF, 0xFF,
0x00, 0x00, 0x07, 0x8C, 0xE7, 0xE7, 0x8B, 0x06, 0x00, 0x00, 0x00, 0x00, 0x00, 0x8D, 0xB3, 0x1A,
0x1A, 0xB4, 0x8B, 0x00, 0x00, 0x00, 0x00, 0x00, 0xE8, 0x1A, 0x00, 0x00, 0x1A, 0xE7, 0x00, 0x00,
0x00, 0x00, 0x00, 0xE8, 0x1A, 0x00, 0x00, 0x1A, 0xE7, 0x00, 0x00, 0x00, 0x00, 0x00, 0x8D, 0xB3,
0x1A, 0x1A, 0xB3, 0x8A, 0x00, 0x00, 0x00, 0x00, 0x00, 0x07, 0x8D, 0xE8, 0xE8, 0x8B, 0x06, 0x00,
0x00, 0x00, 0x00, 0x00, 0x00, 0x00, 0x00, 0x00, 0x00, 0x00, 0x00, 0x00, 0x00, 0x00, 0x00, 0x00,
0x00, 0x00, 0x00, 0x00, 0x00, 0x00, 0x00, 0x00, 0x00, 0x29, 0x7C, 0xC2, 0xE3, 0xF9, 0xEA, 0xBC,
0x61, 0x02, 0x00, 0x00, 0xFF, 0xFF, 0xFF, 0xFF, 0xFF, 0xFF, 0xFF, 0xFF, 0xB8, 0x07, 0x00, 0xD7,
0x84, 0x3B, 0x12, 0x05, 0x19, 0x56, 0xE2, 0xFF, 0x7D, 0x00, 0x00, 0x00, 0x00, 0x00, 0x00, 0x00,
0x00, 0x45, 0xFF, 0xD1, 0x00, 0x00, 0x00, 0x00, 0x00, 0x00, 0x00, 0x00, 0x0A, 0xFF, 0xF1, 0x00,
0x0A, 0x71, 0xBF, 0xEA, 0xFA, 0xFF, 0xFF, 0xFF, 0xFF, 0xFC, 0x1B, 0xDA, 0xFF, 0xFF, 0xFF, 0xFF,
0xFF, 0xFF, 0xFF, 0xFF, 0xFF, 0xA7, 0xFF, 0xD7, 0x5E, 0x1F, 0x0B, 0x00, 0x00, 0x04, 0xFF, 0xFF,
0xEF, 0xFF, 0x22, 0x00, 0x00, 0x00, 0x00, 0x00, 0x2C, 0xFF, 0xFF, 0xF7, 0xFF, 0x1B, 0x00, 0x00,
0x00, 0x00, 0x00, 0xA8, 0xFF, 0xFF, 0xC0, 0xFF, 0xC1, 0x36, 0x0A, 0x15, 0x42, 0xBC, 0xF2, 0xFF,
0xFF, 0x36, 0xF5, 0xFF, 0xFF, 0xFF, 0xFF, 0xFF, 0xFA, 0x51, 0xFF, 0xFF, 0x00, 0x2A, 0xA6, 0xE8,
0xFB, 0xE7, 0xAC, 0x34, 0x00, 0xFF, 0xFF, 0x00, 0x43, 0xAF, 0xE6, 0xF3, 0xB3, 0x1D, 0x1E, 0xAB,
0xEF, 0xF7, 0xCC, 0x50, 0x00, 0x00, 0xFF, 0xFF, 0xFF, 0xFF, 0xFF, 0xD1, 0xDA, 0xFF, 0xFF, 0xFF,
0xFF, 0xFD, 0x3B, 0x00, 0xBF, 0x45, 0x0A, 0x1F, 0xB6, 0xFF, 0xFF, 0xA7, 0x15, 0x15, 0xA7, 0xFF,
0xA2, 0x00, 0x00, 0x00, 0x00, 0x00, 0x23, 0xFF, 0xFF, 0x23, 0x00, 0x00, 0x23, 0xFF, 0xD7, 0x00,
0x00, 0x00, 0x00, 0x00, 0x01, 0xFF, 0xFF, 0x04, 0x00, 0x00, 0x04, 0xFF, 0xF2, 0x00, 0x2F, 0xA8,
0xE6, 0xFC, 0xFF, 0xFF, 0xFF, 0xFF, 0xFF, 0xFF, 0xFF, 0xFF, 0xFD, 0x38, 0xF8, 0xFF, 0xFF, 0xFF,
0xFF, 0xFF, 0xFF, 0xFF, 0xFF, 0xFF, 0xFF, 0xFF, 0xFF, 0xBC, 0xFF, 0xB4, 0x2F, 0x0A, 0x01, 0xFF,
0xF9, 0x00, 0x00, 0x00, 0x00, 0x00, 0x00, 0xF3, 0xFF, 0x1B, 0x00, 0x00, 0x08, 0xFF, 0xFF, 0x0A,
0x00, 0x00, 0x00, 0x00, 0x00, 0xF0, 0xFF, 0x11, 0x00, 0x00, 0x28, 0xFF, 0xFF, 0x3F, 0x00, 0x00,
0x00, 0x00, 0x00, 0xC9, 0xFF, 0x9B, 0x14, 0x15, 0xA8, 0xFF, 0xFF, 0xD4, 0x3A, 0x0A, 0x1B, 0x49,
0xBE, 0x54, 0xFF, 0xFF, 0xFF, 0xFF, 0xFF, 0xA6, 0xA5, 0xFF, 0xFF, 0xFF, 0xFF, 0xFF, 0xFF, 0x00,
0x56, 0xCB, 0xF3, 0xE9, 0x92, 0x08, 0x05, 0x7E, 0xDA, 0xF8, 0xE3, 0xB1, 0x3E, 0x00, 0x00, 0x0B,
0x73, 0xC4, 0xEE, 0xF7, 0xD8, 0xA4, 0x3E, 0x00, 0x26, 0xDB, 0xFF, 0xFF, 0xFF, 0xFF, 0xFF, 0xFF,
0xFF, 0x0A, 0xDA, 0xFF, 0xD1, 0x4E, 0x11, 0x08, 0x25, 0x54, 0xBD, 0x70, 0xFF, 0xD3, 0x0B, 0x00,
0x00, 0x00, 0x00, 0x00, 0x00, 0xC2, 0xFF, 0x54, 0x00, 0x00, 0x00, 0x00, 0x00, 0x00, 0x00, 0xED,
0xFF, 0x15, 0x00, 0x00, 0x00, 0x00, 0x00, 0x00, 0x00, 0xFB, 0xFF, 0x04, 0x00, 0x00, 0x00, 0x00,
0x00, 0x00, 0x00, 0xED, 0xFF, 0x15, 0x00, 0x00, 0x00, 0x00, 0x00, 0x00, 0x00, 0xC2, 0xFF, 0x55,
0x00, 0x00, 0x00, 0x00, 0x00, 0x00, 0x00, 0x70, 0xFF, 0xD3, 0x0B, 0x00, 0x00, 0x00, 0x00, 0x00,
0x00, 0x0B, 0xDC, 0xFF, 0xD0, 0x4D, 0x10, 0x08, 0x23, 0x50, 0xB9, 0x00, 0x28, 0xDE, 0xFF, 0xFF,
0xFF, 0xFF, 0xFF, 0xFF, 0xFF, 0x00, 0x00, 0x0C, 0x74, 0xC6, 0xEF, 0xF8, 0xDA, 0xA1, 0x36, 0x00,
0x00, 0x00, 0x00, 0x00, 0x00, 0xFF, 0x4A, 0x00, 0x00, 0x00, 0x00, 0x00, 0x00, 0x00, 0x00, 0xFF,
0xBB, 0x00, 0x00, 0x00, 0x00, 0x00, 0x00, 0x01, 0x42, 0xFF, 0xF0, 0x00, 0x00, 0x00, 0x00, 0x00,
0xFF, 0xFF, 0xFF, 0xFF, 0xD4, 0x00, 0x00, 0x00, 0x00, 0x00, 0xC0, 0xF2, 0xF4, 0xC4, 0x32, 0x00,
0x00, 0x00, 0x7E, 0xFF, 0xD8, 0x12, 0x00, 0x00, 0x00, 0x00, 0x00, 0x00, 0x00, 0x00, 0x79, 0xFF,
0xC4, 0x08, 0x00, 0x00, 0x00, 0x00, 0x00, 0x00, 0x00, 0x00, 0x74, 0xFF, 0xAB, 0x02, 0x00, 0x00,
0x00, 0x00, 0x00, 0x00, 0x00, 0x00, 0x70, 0xFF, 0x8F, 0x00, 0x00, 0x00, 0x00, 0x00, 0x00, 0x00,
0x00, 0x00, 0x00, 0x00, 0x00, 0x00, 0x00, 0x00, 0x00, 0x00, 0x00, 0x00, 0x00, 0x00, 0x00, 0x00,
0x00, 0x00, 0x00, 0x00, 0x00, 0x14, 0x89, 0xD7, 0xF7, 0xF1, 0xC1, 0x55, 0x00, 0x00, 0x00, 0x30,
0xE8, 0xFF, 0xFF, 0xFF, 0xFF, 0xFF, 0xFF, 0x88, 0x00, 0x0D, 0xE0, 0xFF, 0xA2, 0x30, 0x0A, 0x1C,
0x6C, 0xF3, 0xFF, 0x41, 0x73, 0xFF, 0x9B, 0x00, 0x00, 0x00, 0x00, 0x00, 0x68, 0xFF, 0xAC, 0xC3,
0xFF, 0x28, 0x00, 0x00, 0x00, 0x00, 0x00, 0x18, 0xFF, 0xE4, 0xEE, 0xFF, 0xFC, 0xFC, 0xFD, 0xFD,
0xFE, 0xFE, 0xFF, 0xFF, 0xFA, 0xFC, 0xFF, 0xFF, 0xFF, 0xFF, 0xFF, 0xFF, 0xFF, 0xFF, 0xFF, 0xFF,
0xEF, 0xF3, 0x00, 0x00, 0x00, 0x00, 0x00, 0x00, 0x00, 0x00, 0x00, 0xC7, 0xFF, 0x20, 0x00, 0x00,
0x00, 0x00, 0x00, 0x00, 0x00, 0x00, 0x7C, 0xFF, 0x98, 0x00, 0x00, 0x00, 0x00, 0x00, 0x00, 0x00,
0x00, 0x14, 0xEA, 0xFF, 0x9E, 0x2D, 0x06, 0x15, 0x37, 0x7C, 0xD3, 0x00, 0x00, 0x3F, 0xF1, 0xFF,
0xFF, 0xFF, 0xFF, 0xFF, 0xFF, 0xFF, 0x00, 0x00, 0x00, 0x1E, 0x93, 0xDC, 0xF8, 0xEC, 0xCB, 0x87,
0x2C, 0x00, 0x00, 0x00, 0x00, 0x00, 0x00, 0x00, 0x13, 0xD9, 0xFF, 0x7D, 0x00, 0x00, 0x00, 0x00,
0x00, 0x00, 0x08, 0xC5, 0xFF, 0x78, 0x00, 0x00, 0x00, 0x00, 0x00, 0x00, 0x02, 0xAC, 0xFF, 0x73,
0x00, 0x00, 0x00, 0x00, 0x00, 0x00, 0x00, 0x90, 0xFF, 0x6F, 0x00, 0x00, 0x00, 0x00, 0x00, 0x00,
0x00, 0x00, 0x00, 0x00, 0x00, 0x00, 0x00, 0x00, 0x00, 0x00, 0x00, 0x00, 0x00, 0x00, 0x00, 0x00,
0x00, 0x00, 0x00, 0x00, 0x00, 0x00, 0x14, 0x89, 0xD7, 0xF7, 0xF1, 0xC1, 0x55, 0x00, 0x00, 0x00,
0x30, 0xE8, 0xFF, 0xFF, 0xFF, 0xFF, 0xFF, 0xFF, 0x88, 0x00, 0x0D, 0xE0, 0xFF, 0xA2, 0x30, 0x0A,
0x1C, 0x6C, 0xF3, 0xFF, 0x41, 0x73, 0xFF, 0x9B, 0x00, 0x00, 0x00, 0x00, 0x00, 0x68, 0xFF, 0xAC,
0xC3, 0xFF, 0x28, 0x00, 0x00, 0x00, 0x00, 0x00, 0x18, 0xFF, 0xE4, 0xEE, 0xFF, 0xFC, 0xFC, 0xFD,
0xFD, 0xFE, 0xFE, 0xFF, 0xFF, 0xFA, 0xFC, 0xFF, 0xFF, 0xFF, 0xFF, 0xFF, 0xFF, 0xFF, 0xFF, 0xFF,
0xFF, 0xEF, 0xF3, 0x00, 0x00, 0x00, 0x00, 0x00, 0x00, 0x00, 0x00, 0x00, 0xC7, 0xFF, 0x20, 0x00,
0x00, 0x00, 0x00, 0x00, 0x00, 0x00, 0x00, 0x7C, 0xFF, 0x98, 0x00, 0x00, 0x00, 0x00, 0x00, 0x00,
0x00, 0x00, 0x14, 0xEA, 0xFF, 0x9E, 0x2D, 0x06, 0x15, 0x37, 0x7C, 0xD3, 0x00, 0x00, 0x3F, 0xF1,
0xFF, 0xFF, 0xFF, 0xFF, 0xFF, 0xFF, 0xFF, 0x00, 0x00, 0x00, 0x1E, 0x93, 0xDC, 0xF8, 0xEC, 0xCB,
0x87, 0x2C, 0x00, 0x00, 0x00, 0x00, 0xA7, 0xFF, 0xA5, 0x00, 0x00, 0x00, 0x00, 0x00, 0x00, 0x00,
0x52, 0xFF, 0xB8, 0xFF, 0x51, 0x00, 0x00, 0x00, 0x00, 0x00, 0x14, 0xE9, 0xA9, 0x00, 0xA8, 0xE9,
0x14, 0x00, 0x00, 0x00, 0x00, 0xAA, 0xDA, 0x0D, 0x00, 0x0C, 0xD8, 0xA9, 0x00, 0x00, 0x00, 0x00,
0x00, 0x00, 0x00, 0x00, 0x00, 0x00, 0x00, 0x00, 0x00, 0x00, 0x00, 0x00, 0x00, 0x00, 0x00, 0x00,
0x00, 0x00, 0x00, 0x00, 0x00, 0x00, 0x00, 0x14, 0x89, 0xD7, 0xF7, 0xF1, 0xC1, 0x55, 0x00, 0x00,
0x00, 0x30, 0xE8, 0xFF, 0xFF, 0xFF, 0xFF, 0xFF, 0xFF, 0x88, 0x00, 0x0D, 0xE0, 0xFF, 0xA2, 0x30,
0x0A, 0x1C, 0x6C, 0xF3, 0xFF, 0x41, 0x73, 0xFF, 0x9B, 0x00, 0x00, 0x00, 0x00, 0x00, 0x68, 0xFF,
0xAC, 0xC3, 0xFF, 0x28, 0x00, 0x00, 0x00, 0x00, 0x00, 0x18, 0xFF, 0xE4, 0xEE, 0xFF, 0xFC, 0xFC,
0xFD, 0xFD, 0xFE, 0xFE, 0xFF, 0xFF, 0xFA, 0xFC, 0xFF, 0xFF, 0xFF, 0xFF, 0xFF, 0xFF, 0xFF, 0xFF,
0xFF, 0xFF, 0xEF, 0xF3, 0x00, 0x00, 0x00, 0x00, 0x00, 0x00, 0x00, 0x00, 0x00, 0xC7, 0xFF, 0x20,
0x00, 0x00, 0x00, 0x00, 0x00, 0x00, 0x00, 0x00, 0x7C, 0xFF, 0x98, 0x00, 0x00, 0x00, 0x00, 0x00,
0x00, 0x00, 0x00, 0x14, 0xEA, 0xFF, 0x9E, 0x2D, 0x06, 0x15, 0x37, 0x7C, 0xD3, 0x00, 0x00, 0x3F,
0xF1, 0xFF, 0xFF, 0xFF, 0xFF, 0xFF, 0xFF, 0xFF, 0x00, 0x00, 0x00, 0x1E, 0x93, 0xDC, 0xF8, 0xEC,
0xCB, 0x87, 0x2C, 0x00, 0x00, 0x00, 0xFF, 0xFF, 0x00, 0x00, 0xFF, 0xFF, 0x00, 0x00, 0x00, 0x00,
0x00, 0xFF, 0xFF, 0x00, 0x00, 0xFF, 0xFF, 0x00, 0x00, 0x00, 0x00, 0x00, 0x00, 0x00, 0x00, 0x00,
0x00, 0x00, 0x00, 0x00, 0x00, 0x00, 0x00, 0x00, 0x00, 0x00, 0x00, 0x00, 0x00, 0x00, 0x00, 0x00,
0x00, 0x00, 0x00, 0x00, 0x00, 0x00, 0x00, 0x00, 0x00, 0x00, 0x00, 0x00, 0x00, 0x14, 0x89, 0xD7,
0xF7, 0xF1, 0xC1, 0x55, 0x00, 0x00, 0x00, 0x30, 0xE8, 0xFF, 0xFF, 0xFF, 0xFF, 0xFF, 0xFF, 0x88,
0x00, 0x0D, 0xE0, 0xFF, 0xA2, 0x30, 0x0A, 0x1C, 0x6C, 0xF3, 0xFF, 0x41, 0x73, 0xFF, 0x9B, 0x00,
0x00, 0x00, 0x00, 0x00, 0x68, 0xFF, 0xAC, 0xC3, 0xFF, 0x28, 0x00, 0x00, 0x00, 0x00, 0x00, 0x18,
0xFF, 0xE4, 0xEE, 0xFF, 0xFC, 0xFC, 0xFD, 0xFD, 0xFE, 0xFE, 0xFF, 0xFF, 0xFA, 0xFC, 0xFF, 0xFF,
0xFF, 0xFF, 0xFF, 0xFF, 0xFF, 0xFF, 0xFF, 0xFF, 0xEF, 0xF3, 0x00, 0x00, 0x00, 0x00, 0x00, 0x00,
0x00, 0x00, 0x00, 0xC7, 0xFF, 0x20, 0x00, 0x00, 0x00, 0x00, 0x00, 0x00, 0x00, 0x00, 0x7C, 0xFF,
0x98, 0x00, 0x00, 0x00, 0x00, 0x00, 0x00, 0x00, 0x00, 0x14, 0xEA, 0xFF, 0x9E, 0x2D, 0x06, 0x15,
0x37, 0x7C, 0xD3, 0x00, 0x00, 0x3F, 0xF1, 0xFF, 0xFF, 0xFF, 0xFF, 0xFF, 0xFF, 0xFF, 0x00, 0x00,
0x00, 0x1E, 0x93, 0xDC, 0xF8, 0xEC, 0xCB, 0x87, 0x2C, 0x00, 0x00, 0x7E, 0xFF, 0xD8, 0x12, 0x00,
0x00, 0x00, 0x00, 0x00, 0x00, 0x00, 0x79, 0xFF, 0xC4, 0x08, 0x00, 0x00, 0x00, 0x00, 0x00, 0x00,
0x00, 0x74, 0xFF, 0xAB, 0x02, 0x00, 0x00, 0x00, 0x00, 0x00, 0x00, 0x00, 0x70, 0xFF, 0x8F, 0x00,
0x00, 0x00, 0x00, 0x00, 0x00, 0x00, 0x00, 0x00, 0x00, 0x00, 0x00, 0x00, 0x00, 0x00, 0x00, 0x00,
0x00, 0x00, 0x00, 0x00, 0x00, 0x00, 0x00, 0xFF, 0xFF, 0xFF, 0xFF, 0xFF, 0x00, 0x00, 0x00, 0x00,
0x00, 0xFF, 0xFF, 0xFF, 0xFF, 0xFF, 0x00, 0x00, 0x00, 0x00, 0x00, 0x00, 0x00, 0x00, 0xFF, 0xFF,
0x00, 0x00, 0x00, 0x00, 0x00, 0x00, 0x00, 0x00, 0xFF, 0xFF, 0x00, 0x00, 0x00, 0x00, 0x00, 0x00,
0x00, 0x00, 0xFF, 0xFF, 0x00, 0x00, 0x00, 0x00, 0x00, 0x00, 0x00, 0x00, 0xFF, 0xFF, 0x00, 0x00,
0x00, 0x00, 0x00, 0x00, 0x00, 0x00, 0xFF, 0xFF, 0x00, 0x00, 0x00, 0x00, 0x00, 0x00, 0x00, 0x00,
0xFF, 0xFF, 0x00, 0x00, 0x00, 0x00, 0x00, 0x00, 0x00, 0x00, 0xFF, 0xFF, 0x00, 0x00, 0x00, 0x00,
0x00, 0x00, 0x00, 0x00, 0xFF, 0xFF, 0x00, 0x00, 0x00, 0x00, 0x00, 0x00, 0x00, 0x00, 0xFF, 0xFF,
0x00, 0x00, 0x00, 0x00, 0xFF, 0xFF, 0xFF, 0xFF, 0xFF, 0xFF, 0xFF, 0xFF, 0xFF, 0xFF, 0xFF, 0xFF,
0xFF, 0xFF, 0xFF, 0xFF, 0xFF, 0xFF, 0xFF, 0xFF, 0x00, 0x00, 0x00, 0x00, 0x00, 0x00, 0x13, 0xD9,
0xFF, 0x7D, 0x00, 0x00, 0x00, 0x00, 0x00, 0x08, 0xC5, 0xFF, 0x78, 0x00, 0x00, 0x00, 0x00, 0x00,
0x02, 0xAC, 0xFF, 0x73, 0x00, 0x00, 0x00, 0x00, 0x00, 0x00, 0x90, 0xFF, 0x6F, 0x00, 0x00, 0x00,
0x00, 0x00, 0x00, 0x00, 0x00, 0x00, 0x00, 0x00, 0x00, 0x00, 0x00, 0x00, 0x00, 0x00, 0x00, 0x00,
0x00, 0x00, 0x00, 0x00, 0x00, 0xFF, 0xFF, 0xFF, 0xFF, 0xFF, 0x00, 0x00, 0x00, 0x00, 0x00, 0xFF,
0xFF, 0xFF, 0xFF, 0xFF, 0x00, 0x00, 0x00, 0x00, 0x00, 0x00, 0x00, 0x00, 0xFF, 0xFF, 0x00, 0x00,
0x00, 0x00, 0x00, 0x00, 0x00, 0x00, 0xFF, 0xFF, 0x00, 0x00, 0x00, 0x00, 0x00, 0x00, 0x00, 0x00,
0xFF, 0xFF, 0x00, 0x00, 0x00, 0x00, 0x00, 0x00, 0x00, 0x00, 0xFF, 0xFF, 0x00, 0x00, 0x00, 0x00,
0x00, 0x00, 0x00, 0x00, 0xFF, 0xFF, 0x00, 0x00, 0x00, 0x00, 0x00, 0x00, 0x00, 0x00, 0xFF, 0xFF,
0x00, 0x00, 0x00, 0x00, 0x00, 0x00, 0x00, 0x00, 0xFF, 0xFF, 0x00, 0x00, 0x00, 0x00, 0x00, 0x00,
0x00, 0x00, 0xFF, 0xFF, 0x00, 0x00, 0x00, 0x00, 0x00, 0x00, 0x00, 0x00, 0xFF, 0xFF, 0x00, 0x00,
0x00, 0x00, 0xFF, 0xFF, 0xFF, 0xFF, 0xFF, 0xFF, 0xFF, 0xFF, 0xFF, 0xFF, 0xFF, 0xFF, 0xFF, 0xFF,
0xFF, 0xFF, 0xFF, 0xFF, 0xFF, 0xFF, 0x00, 0x00, 0x00, 0xA7, 0xFF, 0xA5, 0x00, 0x00, 0x00, 0x00,
0x00, 0x00, 0x52, 0xFF, 0xB8, 0xFF, 0x51, 0x00, 0x00, 0x00, 0x00, 0x14, 0xE9, 0xA9, 0x00, 0xA8,
0xE9, 0x14, 0x00, 0x00, 0x00, 0xAA, 0xDA, 0x0D, 0x00, 0x0C, 0xD8, 0xA9, 0x00, 0x00, 0x00, 0x00,
0x00, 0x00, 0x00, 0x00, 0x00, 0x00, 0x00, 0x00, 0x00, 0x00, 0x00, 0x00, 0x00, 0x00, 0x00, 0x00,
0x00, 0x00, 0x00, 0xFF, 0xFF, 0xFF, 0xFF, 0xFF, 0x00, 0x00, 0x00, 0x00, 0x00, 0xFF, 0xFF, 0xFF,
0xFF, 0xFF, 0x00, 0x00, 0x00, 0x00, 0x00, 0x00, 0x00, 0x00, 0xFF, 0xFF, 0x00, 0x00, 0x00, 0x00,
0x00, 0x00, 0x00, 0x00, 0xFF, 0xFF, 0x00, 0x00, 0x00, 0x00, 0x00, 0x00, 0x00, 0x00, 0xFF, 0xFF,
0x00, 0x00, 0x00, 0x00, 0x00, 0x00, 0x00, 0x00, 0xFF, 0xFF, 0x00, 0x00, 0x00, 0x00, 0x00, 0x00,
0x00, 0x00, 0xFF, 0xFF, 0x00, 0x00, 0x00, 0x00, 0x00, 0x00, 0x00, 0x00, 0xFF, 0xFF, 0x00, 0x00,
0x00, 0x00, 0x00, 0x00, 0x00, 0x00, 0xFF, 0xFF, 0x00, 0x00, 0x00, 0x00, 0x00, 0x00, 0x00, 0x00,
0xFF, 0xFF, 0x00, 0x00, 0x00, 0x00, 0x00, 0x00, 0x00, 0x00, 0xFF, 0xFF, 0x00, 0x00, 0x00, 0x00,
0xFF, 0xFF, 0xFF, 0xFF, 0xFF, 0xFF, 0xFF, 0xFF, 0xFF, 0xFF, 0xFF, 0xFF, 0xFF, 0xFF, 0xFF, 0xFF,
0xFF, 0xFF, 0xFF, 0xFF, 0x00, 0x00, 0xFF, 0xFF, 0x00, 0x00, 0xFF, 0xFF, 0x00, 0x00, 0x00, 0x00,
0xFF, 0xFF, 0x00, 0x00, 0xFF, 0xFF, 0x00, 0x00, 0x00, 0x00, 0x00, 0x00, 0x00, 0x00, 0x00, 0x00,
0x00, 0x00, 0x00, 0x00, 0x00, 0x00, 0x00, 0x00, 0x00, 0x00, 0x00, 0x00, 0x00, 0x00, 0x00, 0x00,
0x00, 0x00, 0x00, 0x00, 0x00, 0x00, 0x00, 0xFF, 0xFF, 0xFF, 0xFF, 0xFF, 0x00, 0x00, 0x00, 0x00,
0x00, 0xFF, 0xFF, 0xFF, 0xFF, 0xFF, 0x00, 0x00, 0x00, 0x00, 0x00, 0x00, 0x00, 0x00, 0xFF, 0xFF,
0x00, 0x00, 0x00, 0x00, 0x00, 0x00, 0x00, 0x00, 0xFF, 0xFF, 0x00, 0x00, 0x00, 0x00, 0x00, 0x00,
0x00, 0x00, 0xFF, 0xFF, 0x00, 0x00, 0x00, 0x00, 0x00, 0x00, 0x00, 0x00, 0xFF, 0xFF, 0x00, 0x00,
0x00, 0x00, 0x00, 0x00, 0x00, 0x00, 0xFF, 0xFF, 0x00, 0x00, 0x00, 0x00, 0x00, 0x00, 0x00, 0x00,
0xFF, 0xFF, 0x00, 0x00, 0x00, 0x00, 0x00, 0x00, 0x00, 0x00, 0xFF, 0xFF, 0x00, 0x00, 0x00, 0x00,
0x00, 0x00, 0x00, 0x00, 0xFF, 0xFF, 0x00, 0x00, 0x00, 0x00, 0x00, 0x00, 0x00, 0x00, 0xFF, 0xFF,
0x00, 0x00, 0x00, 0x00, 0xFF, 0xFF, 0xFF, 0xFF, 0xFF, 0xFF, 0xFF, 0xFF, 0xFF, 0xFF, 0xFF, 0xFF,
0xFF, 0xFF, 0xFF, 0xFF, 0xFF, 0xFF, 0xFF, 0xFF, 0x00, 0x1D, 0xDF, 0xFF, 0xC1, 0x0A, 0x00, 0x01,
0x34, 0x2B, 0x00, 0x00, 0x00, 0x22, 0xE4, 0xFF, 0xC0, 0x9D, 0xE7, 0xF2, 0x6D, 0x00, 0x00, 0x17,
0x67, 0xCD, 0xFF, 0xFF, 0xF2, 0x48, 0x05, 0x00, 0x00, 0x00, 0xC3, 0xC8, 0x7B, 0x48, 0xED, 0xFF,
0x9A, 0x00, 0x00, 0x00, 0x00, 0x05, 0x00, 0x00, 0x00, 0x43, 0xFD, 0xFF, 0x62, 0x00, 0x00, 0x00,
0x00, 0x2F, 0xA7, 0xE6, 0xFA, 0xFE, 0xFF, 0xF3, 0x1E, 0x00, 0x00, 0x52, 0xFA, 0xFF, 0xFF, 0xFF,
0xFF, 0xFF, 0xFF, 0xA7, 0x00, 0x1C, 0xF3, 0xFF, 0xAA, 0x2C, 0x06, 0x11, 0x51, 0xFC, 0xFE, 0x24,
0x86, 0xFF, 0xB9, 0x01, 0x00, 0x00, 0x00, 0x00, 0xA4, 0xFF, 0x81, 0xCC, 0xFF, 0x46, 0x00, 0x00,
0x00, 0x00, 0x00, 0x49, 0xFF, 0xC5, 0xF0, 0xFF, 0x12, 0x00, 0x00, 0x00, 0x00, 0x00, 0x15, 0xFF,
0xED, 0xFC, 0xFF, 0x05, 0x00, 0x00, 0x00, 0x00, 0x00, 0x06, 0xFF, 0xFB, 0xF0, 0xFF, 0x1E, 0x00,
0x00, 0x00, 0x00, 0x00, 0x1F, 0xFF, 0xF0, 0xCC, 0xFF, 0x4B, 0x00, 0x00, 0x00, 0x00, 0x00, 0x4D,
0xFF, 0xCD, 0x87, 0xFF, 0xBE, 0x00, 0x00, 0x00, 0x00, 0x00, 0xC2, 0xFF, 0x8A, 0x1E, 0xF5, 0xFF,
0xA0, 0x25, 0x05, 0x25, 0xA3, 0xFF, 0xF6, 0x20, 0x00, 0x58, 0xFB, 0xFF, 0xFF, 0xFF, 0xFF, 0xFF,
0xFC, 0x5B, 0x00, 0x00, 0x00, 0x33, 0xAB, 0xE8, 0xFB, 0xE8, 0xAB, 0x35, 0x00, 0x00, 0x00, 0x24,
0xC8, 0xF5, 0xC3, 0x4B, 0x00, 0x0B, 0xEE, 0x00, 0x00, 0x00, 0xB5, 0x61, 0x4D, 0xFF, 0xFF, 0x4F,
0x5C, 0xB3, 0x00, 0x00, 0x00, 0xEF, 0x0D, 0x00, 0x49, 0xC2, 0xF6, 0xC9, 0x24, 0x00, 0x00, 0x00,
0x00, 0x00, 0x00, 0x00, 0x00, 0x00, 0x00, 0x00, 0x00, 0x00, 0x00, 0x00, 0x00, 0x00, 0x00, 0x00,
0x00, 0x00, 0x00, 0x00, 0x00, 0x00, 0x00, 0x00, 0x00, 0x00, 0x00, 0x00, 0x00, 0x00, 0x00, 0x00,
0xFF, 0xFF, 0x00, 0x32, 0xA7, 0xE5, 0xFA, 0xE5, 0x9D, 0x1B, 0x00, 0xFF, 0xFF, 0x51, 0xF9, 0xFF,
0xFF, 0xFF, 0xFF, 0xFF, 0xE3, 0x13, 0xFF, 0xFF, 0xF1, 0xA5, 0x30, 0x07, 0x18, 0x5D, 0xEC, 0xFF,
0x89, 0xFF, 0xFF, 0xB4, 0x00, 0x00, 0x00, 0x00, 0x00, 0x5F, 0xFF, 0xD2, 0xFF, 0xFF, 0x3A, 0x00,
0x00, 0x00, 0x00, 0x00, 0x1A, 0xFF, 0xF3, 0xFF, 0xFF, 0x10, 0x00, 0x00, 0x00, 0x00, 0x00, 0x01,
0xFF, 0xFF, 0xFF, 0xFF, 0x00, 0x00, 0x00, 0x00, 0x00, 0x00, 0x00, 0xFF, 0xFF, 0xFF, 0xFF, 0x00,
0x00, 0x00, 0x00, 0x00, 0x00, 0x00, 0xFF, 0xFF, 0xFF, 0xFF, 0x00, 0x00, 0x00, 0x00, 0x00, 0x00,
0x00, 0xFF, 0xFF, 0xFF, 0xFF, 0x00, 0x00, 0x00, 0x00, 0x00, 0x00, 0x00, 0xFF, 0xFF, 0xFF, 0xFF,
0x00, 0x00, 0x00, 0x00, 0x00, 0x00, 0x00, 0xFF, 0xFF, 0xFF, 0xFF, 0x00, 0x00, 0x00, 0x00, 0x00,
0x00, 0x00, 0xFF, 0xFF, 0xFF, 0xFF, 0x00, 0x00, 0x00, 0x00, 0x00, 0x00, 0x00, 0xFF, 0xFF, 0x00,
0x7E, 0xFF, 0xD8, 0x12, 0x00, 0x00, 0x00, 0x00, 0x00, 0x00, 0x00, 0x00, 0x79, 0xFF, 0xC4, 0x08,
0x00, 0x00, 0x00, 0x00, 0x00, 0x00, 0x00, 0x00, 0x74, 0xFF, 0xAB, 0x02, 0x00, 0x00, 0x00, 0x00,
0x00, 0x00, 0x00, 0x00, 0x70, 0xFF, 0x8F, 0x00, 0x00, 0x00, 0x00, 0x00, 0x00, 0x00, 0x00, 0x00,
0x00, 0x00, 0x00, 0x00, 0x00, 0x00, 0x00, 0x00, 0x00, 0x00, 0x00, 0x00, 0x00, 0x00, 0x00, 0x00,
0x00, 0x00, 0x00, 0x3A, 0xAE, 0xE8, 0xFA, 0xE8, 0xAE, 0x39, 0x00, 0x00, 0x00, 0x64, 0xFD, 0xFF,
0xFF, 0xFF, 0xFF, 0xFF, 0xFD, 0x61, 0x00, 0x26, 0xF9, 0xFF, 0x98, 0x24, 0x06, 0x24, 0x9A, 0xFF,
0xF8, 0x23, 0x8E, 0xFF, 0xAA, 0x00, 0x00, 0x00, 0x00, 0x00, 0xAE, 0xFF, 0x8C, 0xCF, 0xFF, 0x40,
0x00, 0x00, 0x00, 0x00, 0x00, 0x42, 0xFF, 0xCD, 0xF1, 0xFF, 0x10, 0x00, 0x00, 0x00, 0x00, 0x00,
0x11, 0xFF, 0xF0, 0xFC, 0xFF, 0x03, 0x00, 0x00, 0x00, 0x00, 0x00, 0x04, 0xFF, 0xFC, 0xF1, 0xFF,
0x10, 0x00, 0x00, 0x00, 0x00, 0x00, 0x12, 0xFF, 0xF0, 0xD0, 0xFF, 0x40, 0x00, 0x00, 0x00, 0x00,
0x00, 0x42, 0xFF, 0xCE, 0x8F, 0xFF, 0xAB, 0x00, 0x00, 0x00, 0x00, 0x00, 0xAE, 0xFF, 0x8D, 0x27,
0xFA, 0xFF, 0x97, 0x23, 0x05, 0x23, 0x9A, 0xFF, 0xF8, 0x25, 0x00, 0x67, 0xFE, 0xFF, 0xFF, 0xFF,
0xFF, 0xFF, 0xFD, 0x64, 0x00, 0x00, 0x00, 0x3C, 0xAF, 0xEA, 0xFB, 0xE9, 0xAF, 0x3B, 0x00, 0x00,
0x00, 0x00, 0x00, 0x00, 0x00, 0x00, 0x13, 0xD9, 0xFF, 0x7D, 0x00, 0x00, 0x00, 0x00, 0x00, 0x00,
0x08, 0xC5, 0xFF, 0x78, 0x00, 0x00, 0x00, 0x00, 0x00, 0x00, 0x02, 0xAC, 0xFF, 0x73, 0x00, 0x00,
0x00, 0x00, 0x00, 0x00, 0x00, 0x90, 0xFF, 0x6F, 0x00, 0x00, 0x00, 0x00, 0x00, 0x00, 0x00, 0x00,
0x00, 0x00, 0x00, 0x00, 0x00, 0x00, 0x00, 0x00, 0x00, 0x00, 0x00, 0x00, 0x00, 0x00, 0x00, 0x00,
0x00, 0x00, 0x00, 0x00, 0x3A, 0xAE, 0xE8, 0xFA, 0xE8, 0xAE, 0x39, 0x00, 0x00, 0x00, 0x64, 0xFD,
0xFF, 0xFF, 0xFF, 0xFF, 0xFF, 0xFD, 0x61, 0x00, 0x26, 0xF9, 0xFF, 0x98, 0x24, 0x06, 0x24, 0x9A,
0xFF, 0xF8, 0x23, 0x8E, 0xFF, 0xAA, 0x00, 0x00, 0x00, 0x00, 0x00, 0xAE, 0xFF, 0x8C, 0xCF, 0xFF,
0x40, 0x00, 0x00, 0x00, 0x00, 0x00, 0x42, 0xFF, 0xCD, 0xF1, 0xFF, 0x10, 0x00, 0x00, 0x00, 0x00,
0x00, 0x11, 0xFF, 0xF0, 0xFC, 0xFF, 0x03, 0x00, 0x00, 0x00, 0x00, 0x00, 0x04, 0xFF, 0xFC, 0xF1,
0xFF, 0x10, 0x00, 0x00, 0x00, 0x00, 0x00, 0x12, 0xFF, 0xF0, 0xD0, 0xFF, 0x40, 0x00, 0x00, 0x00,
0x00, 0x00, 0x42, 0xFF, 0xCE, 0x8F, 0xFF, 0xAB, 0x00, 0x00, 0x00, 0x00, 0x00, 0xAE, 0xFF, 0x8D,
0x27, 0xFA, 0xFF, 0x97, 0x23, 0x05, 0x23, 0x9A, 0xFF, 0xF8, 0x25, 0x00, 0x67, 0xFE, 0xFF, 0xFF,
0xFF, 0xFF, 0xFF, 0xFD, 0x64, 0x00, 0x00, 0x00, 0x3C, 0xAF, 0xEA, 0xFB, 0xE9, 0xAF, 0x3B, 0x00,
0x00, 0x00, 0x00, 0x00, 0x00, 0xA7, 0xFF, 0xA5, 0x00, 0x00, 0x00, 0x00, 0x00, 0x00, 0x00, 0x52,
0xFF, 0xB8, 0xFF, 0x51, 0x00, 0x00, 0x00, 0x00, 0x00, 0x14, 0xE9, 0xA9, 0x00, 0xA8, 0xE9, 0x14,
0x00, 0x00, 0x00, 0x00, 0xAA, 0xDA, 0x0D, 0x00, 0x0C, 0xD8, 0xA9, 0x00, 0x00, 0x00, 0x00, 0x00,
0x00, 0x00, 0x00, 0x00, 0x00, 0x00, 0x00, 0x00, 0x00, 0x00, 0x00, 0x00, 0x00, 0x00, 0x00, 0x00,
0x00, 0x00, 0x00, 0x00, 0x00, 0x3A, 0xAE, 0xE8, 0xFA, 0xE8, 0xAE, 0x39, 0x00, 0x00, 0x00, 0x64,
0xFD, 0xFF, 0xFF, 0xFF, 0xFF, 0xFF, 0xFD, 0x61, 0x00, 0x26, 0xF9, 0xFF, 0x98, 0x24, 0x06, 0x24,
0x9A, 0xFF, 0xF8, 0x23, 0x8E, 0xFF, 0xAA, 0x00, 0x00, 0x00, 0x00, 0x00, 0xAE, 0xFF, 0x8C, 0xCF,
0xFF, 0x40, 0x00, 0x00, 0x00, 0x00, 0x00, 0x42, 0xFF, 0xCD, 0xF1, 0xFF, 0x10, 0x00, 0x00, 0x00,
0x00, 0x00, 0x11, 0xFF, 0xF0, 0xFC, 0xFF, 0x03, 0x00, 0x00, 0x00, 0x00, 0x00, 0x04, 0xFF, 0xFC,
0xF1, 0xFF, 0x10, 0x00, 0x00, 0x00, 0x00, 0x00, 0x12, 0xFF, 0xF0, 0xD0, 0xFF, 0x40, 0x00, 0x00,
0x00, 0x00, 0x00, 0x42, 0xFF, 0xCE, 0x8F, 0xFF, 0xAB, 0x00, 0x00, 0x00, 0x00, 0x00, 0xAE, 0xFF,
0x8D, 0x27, 0xFA, 0xFF, 0x97, 0x23, 0x05, 0x23, 0x9A, 0xFF, 0xF8, 0x25, 0x00, 0x67, 0xFE, 0xFF,
0xFF, 0xFF, 0xFF, 0xFF, 0xFD, 0x64, 0x00, 0x00, 0x00, 0x3C, 0xAF, 0xEA, 0xFB, 0xE9, 0xAF, 0x3B,
0x00, 0x00, 0x00, 0x00, 0x31, 0xDA, 0xEE, 0x8A, 0x0E, 0x00, 0xDA, 0x00, 0x00, 0x00, 0x00, 0xBE,
0x38, 0xA1, 0xFF, 0xA3, 0x33, 0xBC, 0x00, 0x00, 0x00, 0x00, 0xDD, 0x00, 0x0D, 0x88, 0xED, 0xDB,
0x31, 0x00, 0x00, 0x00, 0x00, 0x00, 0x00, 0x00, 0x00, 0x00, 0x00, 0x00, 0x00, 0x00, 0x00, 0x00,
0x00, 0x00, 0x00, 0x00, 0x00, 0x00, 0x00, 0x00, 0x00, 0x00, 0x00, 0x00, 0x00, 0x00, 0x00, 0x00,
0x00, 0x00, 0x00, 0x00, 0x00, 0x00, 0x3A, 0xAE, 0xE8, 0xFA, 0xE8, 0xAE, 0x39, 0x00, 0x00, 0x00,
0x64, 0xFD, 0xFF, 0xFF, 0xFF, 0xFF, 0xFF, 0xFD, 0x61, 0x00, 0x26, 0xF9, 0xFF, 0x98, 0x24, 0x06,
0x24, 0x9A, 0xFF, 0xF8, 0x23, 0x8E, 0xFF, 0xAA, 0x00, 0x00, 0x00, 0x00, 0x00, 0xAE, 0xFF, 0x8C,
0xCF, 0xFF, 0x40, 0x00, 0x00, 0x00, 0x00, 0x00, 0x42, 0xFF, 0xCD, 0xF1, 0xFF, 0x10, 0x00, 0x00,
0x00, 0x00, 0x00, 0x11, 0xFF, 0xF0, 0xFC, 0xFF, 0x03, 0x00, 0x00, 0x00, 0x00, 0x00, 0x04, 0xFF,
0xFC, 0xF1, 0xFF, 0x10, 0x00, 0x00, 0x00, 0x00, 0x00, 0x12, 0xFF, 0xF0, 0xD0, 0xFF, 0x40, 0x00,
0x00, 0x00, 0x00, 0x00, 0x42, 0xFF, 0xCE, 0x8F, 0xFF, 0xAB, 0x00, 0x00, 0x00, 0x00, 0x00, 0xAE,
0xFF, 0x8D, 0x27, 0xFA, 0xFF, 0x97, 0x23, 0x05, 0x23, 0x9A, 0xFF, 0xF8, 0x25, 0x00, 0x67, 0xFE,
0xFF, 0xFF, 0xFF, 0xFF, 0xFF, 0xFD, 0x64, 0x00, 0x00, 0x00, 0x3C, 0xAF, 0xEA, 0xFB, 0xE9, 0xAF,
0x3B, 0x00, 0x00, 0x00, 0x00, 0x00, 0xFF, 0xFF, 0x00, 0xFF, 0xFF, 0x00, 0x00, 0x00, 0x00, 0x00,
0x00, 0xFF, 0xFF, 0x00, 0xFF, 0xFF, 0x00, 0x00, 0x00, 0x00, 0x00, 0x00, 0x00, 0x00, 0x00, 0x00,
0x00, 0x00, 0x00, 0x00, 0x00, 0x00, 0x00, 0x00, 0x00, 0x00, 0x00, 0x00, 0x00, 0x00, 0x00, 0x00,
0x00, 0x00, 0x00, 0x00, 0x00, 0x00, 0x00, 0x00, 0x00, 0x00, 0x00, 0x00, 0x3A, 0xAE, 0xE8, 0xFA,
0xE8, 0xAE, 0x39, 0x00, 0x00, 0x00, 0x64, 0xFD, 0xFF, 0xFF, 0xFF, 0xFF, 0xFF, 0xFD, 0x61, 0x00,
0x26, 0xF9, 0xFF, 0x98, 0x24, 0x06, 0x24, 0x9A, 0xFF, 0xF8, 0x23, 0x8E, 0xFF, 0xAA, 0x00, 0x00,
0x00, 0x00, 0x00, 0xAE, 0xFF, 0x8C, 0xCF, 0xFF, 0x40, 0x00, 0x00, 0x00, 0x00, 0x00, 0x42, 0xFF,
0xCD, 0xF1, 0xFF, 0x10, 0x00, 0x00, 0x00, 0x00, 0x00, 0x11, 0xFF, 0xF0, 0xFC, 0xFF, 0x03, 0x00,
0x00, 0x00, 0x00, 0x00, 0x04, 0xFF, 0xFC, 0xF1, 0xFF, 0x10, 0x00, 0x00, 0x00, 0x00, 0x00, 0x12,
0xFF, 0xF0, 0xD0, 0xFF, 0x40, 0x00, 0x00, 0x00, 0x00, 0x00, 0x42, 0xFF, 0xCE, 0x8F, 0xFF, 0xAB,
0x00, 0x00, 0x00, 0x00, 0x00, 0xAE, 0xFF, 0x8D, 0x27, 0xFA, 0xFF, 0x97, 0x23, 0x05, 0x23, 0x9A,
0xFF, 0xF8, 0x25, 0x00, 0x67, 0xFE, 0xFF, 0xFF, 0xFF, 0xFF, 0xFF, 0xFD, 0x64, 0x00, 0x00, 0x00,
0x3C, 0xAF, 0xEA, 0xFB, 0xE9, 0xAF, 0x3B, 0x00, 0x00, 0x00, 0x00, 0x00, 0x00, 0x00, 0xFF, 0xFF,
0xFF, 0x00, 0x00, 0x00, 0x00, 0x00, 0x00, 0x00, 0x00, 0x00, 0x00, 0xFF, 0xFF, 0xFF, 0x00, 0x00,
0x00, 0x00, 0x00, 0x00, 0x00, 0x00, 0x00, 0x00, 0xFF, 0xFF, 0xFF, 0x00, 0x00, 0x00, 0x00, 0x00,
0x00, 0x00, 0x00, 0x00, 0x00, 0x00, 0x00, 0x00, 0x00, 0x00, 0x00, 0x00, 0x00, 0x00, 0x00, 0x00,
0x00, 0x00, 0x00, 0x00, 0x00, 0x00, 0x00, 0x00, 0x00, 0x00, 0xFF, 0xFF, 0xFF, 0xFF, 0xFF, 0xFF,
0xFF, 0xFF, 0xFF, 0xFF, 0xFF, 0xFF, 0xFF, 0xFF, 0xFF, 0xFF, 0xFF, 0xFF, 0xFF, 0xFF, 0xFF, 0xFF,
0xFF, 0xFF, 0xFF, 0xFF, 0x00, 0x00, 0x00, 0x00, 0x00, 0x00, 0x00, 0x00, 0x00, 0x00, 0x00, 0x00,
0x00, 0x00, 0x00, 0x00, 0x00, 0x00, 0x00, 0x00, 0x00, 0x00, 0x00, 0x00, 0x00, 0x00, 0x00, 0x00,
0x00, 0x00, 0x00, 0xFF, 0xFF, 0xFF, 0x00, 0x00, 0x00, 0x00, 0x00, 0x00, 0x00, 0x00, 0x00, 0x00,
0xFF, 0xFF, 0xFF, 0x00, 0x00, 0x00, 0x00, 0x00, 0x00, 0x00, 0x00, 0x00, 0x00, 0xFF, 0xFF, 0xFF,
0x00, 0x00, 0x00, 0x00, 0x00, 0x00, 0x00, 0x00, 0x00, 0x00, 0x00, 0x00, 0x00, 0x00, 0x00, 0x00,
0x00, 0x4F, 0x3B, 0x00, 0x00, 0x00, 0x00, 0x36, 0xA9, 0xE5, 0xFA, 0xEB, 0xAF, 0x3A, 0x18, 0xED,
0xA3, 0x00, 0x00, 0x00, 0x62, 0xFD, 0xFF, 0xFF, 0xFF, 0xFF, 0xFF, 0xFC, 0xD7, 0xD9, 0x0D, 0x00,
0x00, 0x27, 0xF9, 0xFF, 0x9C, 0x24, 0x08, 0x2C, 0x99, 0xFF, 0xFF, 0x47, 0x00, 0x00, 0x00, 0x92,
0xFF, 0xB8, 0x00, 0x00, 0x00, 0x00, 0x87, 0xFF, 0xFF, 0x88, 0x00, 0x00, 0x00, 0xD2, 0xFF, 0x44,
0x00, 0x00, 0x00, 0x81, 0xFF, 0xA2, 0xFF, 0xCA, 0x00, 0x00, 0x00, 0xF3, 0xFF, 0x19, 0x00, 0x00,
0x79, 0xFF, 0x71, 0x14, 0xFF, 0xEF, 0x00, 0x00, 0x00, 0xFA, 0xFF, 0x05, 0x00, 0x71, 0xFF, 0x78,
0x00, 0x04, 0xFF, 0xFC, 0x00, 0x00, 0x00, 0xE4, 0xFF, 0x1A, 0x6A, 0xFF, 0x7E, 0x00, 0x00, 0x12,
0xFF, 0xF2, 0x00, 0x00, 0x00, 0xC8, 0xFF, 0xA5, 0xFE, 0x85, 0x00, 0x00, 0x00, 0x42, 0xFF, 0xD3,
0x00, 0x00, 0x00, 0x89, 0xFF, 0xFF, 0x8C, 0x00, 0x00, 0x00, 0x00, 0xAE, 0xFF, 0x93, 0x00, 0x00,
0x00, 0x53, 0xFF, 0xFF, 0xA8, 0x2B, 0x07, 0x22, 0x99, 0xFF, 0xFA, 0x29, 0x00, 0x00, 0x20, 0xEA,
0xC7, 0xF6, 0xFF, 0xFF, 0xFF, 0xFF, 0xFF, 0xFD, 0x66, 0x00, 0x00, 0x0E, 0xD4, 0xE1, 0x11, 0x2E,
0xAD, 0xEB, 0xFA, 0xE7, 0xAB, 0x39, 0x00, 0x00, 0x00, 0x07, 0x7B, 0x3B, 0x00, 0x00, 0x00, 0x00,
0x00, 0x00, 0x00, 0x00, 0x00, 0x00, 0x00, 0x00, 0x7E, 0xFF, 0xD8, 0x12, 0x00, 0x00, 0x00, 0x00,
0x00, 0x00, 0x00, 0x00, 0x79, 0xFF, 0xC4, 0x08, 0x00, 0x00, 0x00, 0x00, 0x00, 0x00, 0x00, 0x00,
0x74, 0xFF, 0xAB, 0x02, 0x00, 0x00, 0x00, 0x00, 0x00, 0x00, 0x00, 0x00, 0x70, 0xFF, 0x8F, 0x00,
0x00, 0x00, 0x00, 0x00, 0x00, 0x00, 0x00, 0x00, 0x00, 0x00, 0x00, 0x00, 0x00, 0x00, 0x00, 0x00,
0x00, 0x00, 0x00, 0x00, 0x00, 0x00, 0x00, 0x00, 0x00, 0xFF, 0xFF, 0x00, 0x00, 0x00, 0x00, 0x00,
0x00, 0x00, 0xFF, 0xFF, 0xFF, 0xFF, 0x00, 0x00, 0x00, 0x00, 0x00, 0x00, 0x00, 0xFF, 0xFF, 0xFF,
0xFF, 0x00, 0x00, 0x00, 0x00, 0x00, 0x00, 0x00, 0xFF, 0xFF, 0xFF, 0xFF, 0x00, 0x00, 0x00, 0x00,
0x00, 0x00, 0x00, 0xFF, 0xFF, 0xFF, 0xFF, 0x00, 0x00, 0x00, 0x00, 0x00, 0x00, 0x00, 0xFF, 0xFF,
0xFF, 0xFF, 0x00, 0x00, 0x00, 0x00, 0x00, 0x00, 0x00, 0xFF, 0xFF, 0xFF, 0xFF, 0x00, 0x00, 0x00,
0x00, 0x00, 0x00, 0x00, 0xFF, 0xFF, 0xFF, 0xFF, 0x01, 0x00, 0x00, 0x00, 0x00, 0x00, 0x10, 0xFF,
0xFF, 0xF5, 0xFF, 0x19, 0x00, 0x00, 0x00, 0x00, 0x00, 0x3A, 0xFF, 0xFF, 0xD4, 0xFF, 0x5E, 0x00,
0x00, 0x00, 0x00, 0x00, 0xB5, 0xFF, 0xFF, 0x8B, 0xFF, 0xEB, 0x5A, 0x16, 0x06, 0x2F, 0xA4, 0xF0,
0xFF, 0xFF, 0x17, 0xE7, 0xFF, 0xFF, 0xFF, 0xFF, 0xFF, 0xF9, 0x4F, 0xFF, 0xFF, 0x00, 0x1F, 0xA0,
0xE6, 0xFA, 0xE6, 0xA8, 0x30, 0x00, 0xFF, 0xFF, 0x00, 0x00, 0x00, 0x00, 0x00, 0x00, 0x13, 0xD9,
0xFF, 0x7D, 0x00, 0x00, 0x00, 0x00, 0x00, 0x00, 0x08, 0xC5, 0xFF, 0x78, 0x00, 0x00, 0x00, 0x00,
0x00, 0x00, 0x02, 0xAC, 0xFF, 0x73, 0x00, 0x00, 0x00, 0x00, 0x00, 0x00, 0x00, 0x90, 0xFF, 0x6F,
0x00, 0x00, 0x00, 0x00, 0x00, 0x00, 0x00, 0x00, 0x00, 0x00, 0x00, 0x00, 0x00, 0x00, 0x00, 0x00,
0x00, 0x00, 0x00, 0x00, 0x00, 0x00, 0x00, 0x00, 0x00, 0x00, 0xFF, 0xFF, 0x00, 0x00, 0x00, 0x00,
0x00, 0x00, 0x00, 0xFF, 0xFF, 0xFF, 0xFF, 0x00, 0x00, 0x00, 0x00, 0x00, 0x00, 0x00, 0xFF, 0xFF,
0xFF, 0xFF, 0x00, 0x00, 0x00, 0x00, 0x00, 0x00, 0x00, 0xFF, 0xFF, 0xFF, 0xFF, 0x00, 0x00, 0x00,
0x00, 0x00, 0x00, 0x00, 0xFF, 0xFF, 0xFF, 0xFF, 0x00, 0x00, 0x00, 0x00, 0x00, 0x00, 0x00, 0xFF,
0xFF, 0xFF, 0xFF, 0x00, 0x00, 0x00, 0x00, 0x00, 0x00, 0x00, 0xFF, 0xFF, 0xFF, 0xFF, 0x00, 0x00,
0x00, 0x00, 0x00, 0x00, 0x00, 0xFF, 0xFF, 0xFF, 0xFF, 0x01, 0x00, 0x00, 0x00, 0x00, 0x00, 0x10,
0xFF, 0xFF, 0xF5, 0xFF, 0x19, 0x00, 0x00, 0x00, 0x00, 0x00, 0x3A, 0xFF, 0xFF, 0xD4, 0xFF, 0x5E,
0x00, 0x00, 0x00, 0x00, 0x00, 0xB5, 0xFF, 0xFF, 0x8B, 0xFF, 0xEB, 0x5A, 0x16, 0x06, 0x2F, 0xA4,
0xF0, 0xFF, 0xFF, 0x17, 0xE7, 0xFF, 0xFF, 0xFF, 0xFF, 0xFF, 0xF9, 0x4F, 0xFF, 0xFF, 0x00, 0x1F,
0xA0, 0xE6, 0xFA, 0xE6, 0xA8, 0x30, 0x00, 0xFF, 0xFF, 0x00, 0x00, 0x00, 0x00, 0xA7, 0xFF, 0xA5,
0x00, 0x00, 0x00, 0x00, 0x00, 0x00, 0x00, 0x52, 0xFF, 0xB8, 0xFF, 0x51, 0x00, 0x00, 0x00, 0x00,
0x00, 0x14, 0xE9, 0xA9, 0x00, 0xA8, 0xE9, 0x14, 0x00, 0x00, 0x00, 0x00, 0xAA, 0xDA, 0x0D, 0x00,
0x0C, 0xD8, 0xA9, 0x00, 0x00, 0x00, 0x00, 0x00, 0x00, 0x00, 0x00, 0x00, 0x00, 0x00, 0x00, 0x00,
0x00, 0x00, 0x00, 0x00, 0x00, 0x00, 0x00, 0x00, 0x00, 0x00, 0x00, 0xFF, 0xFF, 0x00, 0x00, 0x00,
0x00, 0x00, 0x00, 0x00, 0xFF, 0xFF, 0xFF, 0xFF, 0x00, 0x00, 0x00, 0x00, 0x00, 0x00, 0x00, 0xFF,
0xFF, 0xFF, 0xFF, 0x00, 0x00, 0x00, 0x00, 0x00, 0x00, 0x00, 0xFF, 0xFF, 0xFF, 0xFF, 0x00, 0x00,
0x00, 0x00, 0x00, 0x00, 0x00, 0xFF, 0xFF, 0xFF, 0xFF, 0x00, 0x00, 0x00, 0x00, 0x00, 0x00, 0x00,
0xFF, 0xFF, 0xFF, 0xFF, 0x00, 0x00, 0x00, 0x00, 0x00, 0x00, 0x00, 0xFF, 0xFF, 0xFF, 0xFF, 0x00,
0x00, 0x00, 0x00, 0x00, 0x00, 0x00, 0xFF, 0xFF, 0xFF, 0xFF, 0x01, 0x00, 0x00, 0x00, 0x00, 0x00,
0x10, 0xFF, 0xFF, 0xF5, 0xFF, 0x19, 0x00, 0x00, 0x00, 0x00, 0x00, 0x3A, 0xFF, 0xFF, 0xD4, 0xFF,
0x5E, 0x00, 0x00, 0x00, 0x00, 0x00, 0xB5, 0xFF, 0xFF, 0x8B, 0xFF, 0xEB, 0x5A, 0x16, 0x06, 0x2F,
0xA4, 0xF0, 0xFF, 0xFF, 0x17, 0xE7, 0xFF, 0xFF, 0xFF, 0xFF, 0xFF, 0xF9, 0x4F, 0xFF, 0xFF, 0x00,
0x1F, 0xA0, 0xE6, 0xFA, 0xE6, 0xA8, 0x30, 0x00, 0xFF, 0xFF, 0x00, 0x00, 0x00, 0xFF, 0xFF, 0x00,
0xFF, 0xFF, 0x00, 0x00, 0x00, 0x00, 0x00, 0x00, 0xFF, 0xFF, 0x00, 0xFF, 0xFF, 0x00, 0x00, 0x00,
0x00, 0x00, 0x00, 0x00, 0x00, 0x00, 0x00, 0x00, 0x00, 0x00, 0x00, 0x00, 0x00, 0x00, 0x00, 0x00,
0x00, 0x00, 0x00, 0x00, 0x00, 0x00, 0x00, 0x00, 0x00, 0x00, 0x00, 0x00, 0x00, 0x00, 0x00, 0x00,
0x00, 0xFF, 0xFF, 0x00, 0x00, 0x00, 0x00, 0x00, 0x00, 0x00, 0xFF, 0xFF, 0xFF, 0xFF, 0x00, 0x00,
0x00, 0x00, 0x00, 0x00, 0x00, 0xFF, 0xFF, 0xFF, 0xFF, 0x00, 0x00, 0x00, 0x00, 0x00, 0x00, 0x00,
0xFF, 0xFF, 0xFF, 0xFF, 0x00, 0x00, 0x00, 0x00, 0x00, 0x00, 0x00, 0xFF, 0xFF, 0xFF, 0xFF, 0x00,
0x00, 0x00, 0x00, 0x00, 0x00, 0x00, 0xFF, 0xFF, 0xFF, 0xFF, 0x00, 0x00, 0x00, 0x00, 0x00, 0x00,
0x00, 0xFF, 0xFF, 0xFF, 0xFF, 0x00, 0x00, 0x00, 0x00, 0x00, 0x00, 0x00, 0xFF, 0xFF, 0xFF, 0xFF,
0x01, 0x00, 0x00, 0x00, 0x00, 0x00, 0x10, 0xFF, 0xFF, 0xF5, 0xFF, 0x19, 0x00, 0x00, 0x00, 0x00,
0x00, 0x3A, 0xFF, 0xFF, 0xD4, 0xFF, 0x5E, 0x00, 0x00, 0x00, 0x00, 0x00, 0xB5, 0xFF, 0xFF, 0x8B,
0xFF, 0xEB, 0x5A, 0x16, 0x06, 0x2F, 0xA4, 0xF0, 0xFF, 0xFF, 0x17, 0xE7, 0xFF, 0xFF, 0xFF, 0xFF,
0xFF, 0xF9, 0x4F, 0xFF, 0xFF, 0x00, 0x1F, 0xA0, 0xE6, 0xFA, 0xE6, 0xA8, 0x30, 0x00, 0xFF, 0xFF,
0x00, 0x00, 0x00, 0x00, 0x00, 0x00, 0x13, 0xD9, 0xFF, 0x7D, 0x00, 0x00, 0x00, 0x00, 0x00, 0x00,
0x08, 0xC5, 0xFF, 0x78, 0x00, 0x00, 0x00, 0x00, 0x00, 0x00, 0x02, 0xAC, 0xFF, 0x73, 0x00, 0x00,
0x00, 0x00, 0x00, 0x00, 0x00, 0x90, 0xFF, 0x6F, 0x00, 0x00, 0x00, 0x00, 0x00, 0x00, 0x00, 0x00,
0x00, 0x00, 0x00, 0x00, 0x00, 0x00, 0x00, 0x00, 0x00, 0x00, 0x00, 0x00, 0x00, 0x00, 0x00, 0x00,
0x00, 0x00, 0xD1, 0xFF, 0x52, 0x00, 0x00, 0x00, 0x00, 0x00, 0x49, 0xFF, 0xD2, 0x74, 0xFF, 0xB0,
0x00, 0x00, 0x00, 0x00, 0x00, 0xA3, 0xFF, 0x79, 0x19, 0xFC, 0xFA, 0x13, 0x00, 0x00, 0x00, 0x09,
0xF2, 0xFF, 0x21, 0x00, 0xB8, 0xFF, 0x6C, 0x00, 0x00, 0x00, 0x56, 0xFF, 0xC7, 0x00, 0x00, 0x5A,
0xFF, 0xCA, 0x00, 0x00, 0x00, 0xAF, 0xFF, 0x6D, 0x00, 0x00, 0x09, 0xF2, 0xFF, 0x27, 0x00, 0x10,
0xF8, 0xFC, 0x17, 0x00, 0x00, 0x00, 0x9E, 0xFF, 0x85, 0x00, 0x63, 0xFF, 0xBB, 0x00, 0x00, 0x00,
0x00, 0x41, 0xFF, 0xE1, 0x01, 0xBC, 0xFF, 0x61, 0x00, 0x00, 0x00, 0x00, 0x01, 0xE1, 0xFF, 0x59,
0xFC, 0xF8, 0x0F, 0x00, 0x00, 0x00, 0x00, 0x00, 0x85, 0xFF, 0xEF, 0xFF, 0xB2, 0x00, 0x00, 0x00,
0x00, 0x00, 0x00, 0x27, 0xFF, 0xFF, 0xFF, 0x5C, 0x00, 0x00, 0x00, 0x00, 0x00, 0x00, 0x00, 0xC9,
0xFF, 0xF9, 0x0F, 0x00, 0x00, 0x00, 0x00, 0x00, 0x00, 0x00, 0x7F, 0xFF, 0xB3, 0x00, 0x00, 0x00,
0x00, 0x00, 0x00, 0x00, 0x00, 0xBE, 0xFF, 0x5E, 0x00, 0x00, 0x00, 0x00, 0x00, 0x00, 0x00, 0x24,
0xFE, 0xF8, 0x0E, 0x00, 0x00, 0x00, 0x00, 0x00, 0x00, 0x17, 0xB9, 0xFF, 0xA7, 0x00, 0x00, 0x00,
0x00, 0x00, 0x00, 0xFF, 0xFF, 0xFF, 0xF9, 0x2B, 0x00, 0x00, 0x00, 0x00, 0x00, 0x00, 0xFF, 0xFC,
0xD3, 0x47, 0x00, 0x00, 0x00, 0x00, 0x00, 0x00, 0xFF, 0xFF, 0x00, 0x00, 0x00, 0x00, 0x00, 0x00,
0x00, 0x00, 0x00, 0xFF, 0xFF, 0x00, 0x00, 0x00, 0x00, 0x00, 0x00, 0x00, 0x00, 0x00, 0xFF, 0xFF,
0x00, 0x00, 0x00, 0x00, 0x00, 0x00, 0x00, 0x00, 0x00, 0xFF, 0xFF, 0x00, 0x00, 0x00, 0x00, 0x00,
0x00, 0x00, 0x00, 0x00, 0xFF, 0xFF, 0x00, 0x00, 0x00, 0x00, 0x00, 0x00, 0x00, 0x00, 0x00, 0xFF,
0xFF, 0x00, 0x67, 0xD2, 0xF7, 0xEB, 0xAF, 0x35, 0x00, 0x00, 0xFF, 0xFF, 0x88, 0xFF, 0xFF, 0xFF,
0xFF, 0xFF, 0xFC, 0x56, 0x00, 0xFF, 0xFF, 0xFE, 0x9B, 0x25, 0x06, 0x23, 0x97, 0xFF, 0xF3, 0x1C,
0xFF, 0xFF, 0xAE, 0x00, 0x00, 0x00, 0x00, 0x00, 0xAB, 0xFF, 0x84, 0xFF, 0xFF, 0x41, 0x00, 0x00,
0x00, 0x00, 0x00, 0x40, 0xFF, 0xC9, 0xFF, 0xFF, 0x10, 0x00, 0x00, 0x00, 0x00, 0x00, 0x10, 0xFF,
0xEF, 0xFF, 0xFF, 0x03, 0x00, 0x00, 0x00, 0x00, 0x00, 0x03, 0xFF, 0xFB, 0xFF, 0xFF, 0x10, 0x00,
0x00, 0x00, 0x00, 0x00, 0x10, 0xFF, 0xF0, 0xFF, 0xFF, 0x42, 0x00, 0x00, 0x00, 0x00, 0x00, 0x40,
0xFF, 0xCC, 0xFF, 0xFF, 0xAE, 0x00, 0x00, 0x00, 0x00, 0x00, 0xA8, 0xFF, 0x88, 0xFF, 0xFF, 0xFE,
0x9A, 0x24, 0x05, 0x21, 0x94, 0xFF, 0xF5, 0x1F, 0xFF, 0xFF, 0x8A, 0xFF, 0xFF, 0xFF, 0xFF, 0xFF,
0xFC, 0x59, 0x00, 0xFF, 0xFF, 0x00, 0x69, 0xD4, 0xF8, 0xEC, 0xB0, 0x37, 0x00, 0x00, 0xFF, 0xFF,
0x00, 0x00, 0x00, 0x00, 0x00, 0x00, 0x00, 0x00, 0x00, 0xFF, 0xFF, 0x00, 0x00, 0x00, 0x00, 0x00,
0x00, 0x00, 0x00, 0x00, 0xFF, 0xFF, 0x00, 0x00, 0x00, 0x00, 0x00, 0x00, 0x00, 0x00, 0x00, 0xFF,
0xFF, 0x00, 0x00, 0x00, 0x00, 0x00, 0x00, 0x00, 0x00, 0x00, 0xFF, 0xFF, 0x00, 0x00, 0x00, 0x00,
0x00, 0x00, 0x00, 0x00, 0x00, 0x00, 0x00, 0xFF, 0xFF, 0x00, 0x00, 0xFF, 0xFF, 0x00, 0x00, 0x00,
0x00, 0x00, 0xFF, 0xFF, 0x00, 0x00, 0xFF, 0xFF, 0x00, 0x00, 0x00, 0x00, 0x00, 0x00, 0x00, 0x00,
0x00, 0x00, 0x00, 0x00, 0x00, 0x00, 0x00, 0x00, 0x00, 0x00, 0x00, 0x00, 0x00, 0x00, 0x00, 0x00,
0x00, 0x00, 0x00, 0x00, 0x00, 0x00, 0x00, 0x00, 0x00, 0x00, 0x00, 0x00, 0xD1, 0xFF, 0x52, 0x00,
0x00, 0x00, 0x00, 0x00, 0x49, 0xFF, 0xD2, 0x74, 0xFF, 0xB0, 0x00, 0x00, 0x00, 0x00, 0x00, 0xA3,
0xFF, 0x79, 0x19, 0xFC, 0xFA, 0x13, 0x00, 0x00, 0x00, 0x09, 0xF2, 0xFF, 0x21, 0x00, 0xB8, 0xFF,
0x6C, 0x00, 0x00, 0x00, 0x56, 0xFF, 0xC7, 0x00, 0x00, 0x5A, 0xFF, 0xCA, 0x00, 0x00, 0x00, 0xAF,
0xFF, 0x6D, 0x00, 0x00, 0x09, 0xF2, 0xFF, 0x27, 0x00, 0x10, 0xF8, 0xFC, 0x17, 0x00, 0x00, 0x00,
0x9E, 0xFF, 0x85, 0x00, 0x63, 0xFF, 0xBB, 0x00, 0x00, 0x00, 0x00, 0x41, 0xFF, 0xE1, 0x01, 0xBC,
0xFF, 0x61, 0x00, 0x00, 0x00, 0x00, 0x01, 0xE1, 0xFF, 0x59, 0xFC, 0xF8, 0x0F, 0x00, 0x00, 0x00,
0x00, 0x00, 0x85, 0xFF, 0xEF, 0xFF, 0xB2, 0x00, 0x00, 0x00, 0x00, 0x00, 0x00, 0x27, 0xFF, 0xFF,
0xFF, 0x5C, 0x00, 0x00, 0x00, 0x00, 0x00, 0x00, 0x00, 0xC9, 0xFF, 0xF9, 0x0F, 0x00, 0x00, 0x00,
0x00, 0x00, 0x00, 0x00, 0x7F, 0xFF, 0xB3, 0x00, 0x00, 0x00, 0x00, 0x00, 0x00, 0x00, 0x00, 0xBE,
0xFF, 0x5E, 0x00, 0x00, 0x00, 0x00, 0x00, 0x00, 0x00, 0x24, 0xFE, 0xF8, 0x0E, 0x00, 0x00, 0x00,
0x00, 0x00, 0x00, 0x17, 0xB9, 0xFF, 0xA7, 0x00, 0x00, 0x00, 0x00, 0x00, 0x00, 0xFF, 0xFF, 0xFF,
0xF9, 0x2B, 0x00, 0x00, 0x00, 0x00, 0x00, 0x00, 0xFF, 0xFC, 0xD3, 0x47, 0x00, 0x00, 0x00, 0x00,
0x00, 0x00, 0x00, 0x00, 0x00, 0xFF, 0xFF, 0xFF, 0xFF, 0xFF, 0xFF, 0x00, 0x00, 0x00, 0x00, 0x00,
0x00, 0xFF, 0xFF, 0xFF, 0xFF, 0xFF, 0xFF, 0x00, 0x00, 0x00, 0x00, 0x00, 0x00, 0x00, 0x00, 0x00,
0x00, 0x00, 0x00, 0x00, 0x00, 0x00, 0x00, 0x00, 0x00, 0x00, 0x00, 0x00, 0x00, 0x00, 0x00, 0x00,
0x00, 0x00, 0x00, 0x00, 0x00, 0x00, 0x66, 0xFF, 0xFF, 0x65, 0x00, 0x00, 0x00, 0x00, 0x00, 0x00,
0x00, 0x00, 0xA9, 0xFF, 0xFF, 0xA8, 0x00, 0x00, 0x00, 0x00, 0x00, 0x00, 0x00, 0x01, 0xEA, 0xFF,
0xFF, 0xEA, 0x01, 0x00, 0x00, 0x00, 0x00, 0x00, 0x00, 0x30, 0xFF, 0xE2, 0xE2, 0xFF, 0x2F, 0x00,
0x00, 0x00, 0x00, 0x00, 0x00, 0x73, 0xFF, 0x9F, 0xA0, 0xFF, 0x72, 0x00, 0x00, 0x00, 0x00, 0x00,
0x00, 0xB7, 0xFF, 0x5B, 0x5C, 0xFF, 0xB5, 0x00, 0x00, 0x00, 0x00, 0x00, 0x05, 0xF4, 0xFF, 0x19,
0x19, 0xFF, 0xF3, 0x05, 0x00, 0x00, 0x00, 0x00, 0x3D, 0xFF, 0xD5, 0x00, 0x00, 0xD6, 0xFF, 0x3C,
0x00, 0x00, 0x00, 0x00, 0x81, 0xFF, 0x92, 0x00, 0x00, 0x93, 0xFF, 0x7F, 0x00, 0x00, 0x00, 0x00,
0xC4, 0xFF, 0x4F, 0x00, 0x00, 0x50, 0xFF, 0xC3, 0x00, 0x00, 0x00, 0x0C, 0xFA, 0xFC, 0x0F, 0x00,
0x00, 0x10, 0xFC, 0xFA, 0x0C, 0x00, 0x00, 0x4B, 0xFF, 0xC9, 0x00, 0x00, 0x00, 0x00, 0xCA, 0xFF,
0x49, 0x00, 0x00, 0x8E, 0xFF, 0xFF, 0xFF, 0xFF, 0xFF, 0xFF, 0xFF, 0xFF, 0x8D, 0x00, 0x00, 0xD1,
0xFF, 0xFF, 0xFF, 0xFF, 0xFF, 0xFF, 0xFF, 0xFF, 0xD0, 0x00, 0x16, 0xFE, 0xF6, 0x07, 0x00, 0x00,
0x00, 0x00, 0x07, 0xF7, 0xFE, 0x15, 0x58, 0xFF, 0xBA, 0x00, 0x00, 0x00, 0x00, 0x00, 0x00, 0xBC,
0xFF, 0x57, 0x9B, 0xFF, 0x77, 0x00, 0x00, 0x00, 0x00, 0x00, 0x00, 0x79, 0xFF, 0x9A, 0xDE, 0xFF,
0x35, 0x00, 0x00, 0x00, 0x00, 0x00, 0x00, 0x36, 0xFF, 0xDE, 0x00, 0x00, 0xFF, 0xFF, 0xFF, 0xFF,
0xFF, 0xFF, 0xFF, 0x00, 0x00, 0x00, 0x00, 0xFF, 0xFF, 0xFF, 0xFF, 0xFF, 0xFF, 0xFF, 0x00, 0x00,
0x00, 0x00, 0x00, 0x00, 0x00, 0x00, 0x00, 0x00, 0x00, 0x00, 0x00, 0x00, 0x00, 0x00, 0x00, 0x00,
0x00, 0x00, 0x00, 0x00, 0x00, 0x00, 0x00, 0x00, 0x00, 0x00, 0x00, 0x00, 0x00, 0x00, 0x00, 0x00,
0x00, 0x00, 0x29, 0x7C, 0xC2, 0xE3, 0xF9, 0xEA, 0xBC, 0x61, 0x02, 0x00, 0x00, 0xFF, 0xFF, 0xFF,
0xFF, 0xFF, 0xFF, 0xFF, 0xFF, 0xB8, 0x07, 0x00, 0xD7, 0x84, 0x3B, 0x12, 0x05, 0x19, 0x56, 0xE2,
0xFF, 0x7D, 0x00, 0x00, 0x00, 0x00, 0x00, 0x00, 0x00, 0x00, 0x45, 0xFF, 0xD1, 0x00, 0x00, 0x00,
0x00, 0x00, 0x00, 0x00, 0x00, 0x0A, 0xFF, 0xF1, 0x00, 0x0A, 0x71, 0xBF, 0xEA, 0xFA, 0xFF, 0xFF,
0xFF, 0xFF, 0xFC, 0x1B, 0xDA, 0xFF, 0xFF, 0xFF, 0xFF, 0xFF, 0xFF, 0xFF, 0xFF, 0xFF, 0xA7, 0xFF,
0xD7, 0x5E, 0x1F, 0x0B, 0x00, 0x00, 0x04, 0xFF, 0xFF, 0xEF, 0xFF, 0x22, 0x00, 0x00, 0x00, 0x00,
0x00, 0x2C, 0xFF, 0xFF, 0xF7, 0xFF, 0x1B, 0x00, 0x00, 0x00, 0x00, 0x00, 0xA8, 0xFF, 0xFF, 0xC0,
0xFF, 0xC1, 0x36, 0x0A, 0x15, 0x42, 0xBC, 0xF2, 0xFF, 0xFF, 0x36, 0xF5, 0xFF, 0xFF, 0xFF, 0xFF,
0xFF, 0xFA, 0x51, 0xFF, 0xFF, 0x00, 0x2A, 0xA6, 0xE8, 0xFB, 0xE7, 0xAC, 0x34, 0x00, 0xFF, 0xFF,
0x00, 0x00, 0x00, 0xE1, 0x53, 0x0A, 0x0A, 0x56, 0xDF, 0x00, 0x00, 0x00, 0x00, 0x00, 0x00, 0x97,
0xFF, 0xFF, 0xFF, 0xFF, 0x93, 0x00, 0x00, 0x00, 0x00, 0x00, 0x00, 0x0F, 0xA1, 0xEC, 0xEC, 0x9E,
0x0D, 0x00, 0x00, 0x00, 0x00, 0x00, 0x00, 0x00, 0x00, 0x00, 0x00, 0x00, 0x00, 0x00, 0x00, 0x00,
0x00, 0x00, 0x00, 0x00, 0x66, 0xFF, 0xFF, 0x65, 0x00, 0x00, 0x00, 0x00, 0x00, 0x00, 0x00, 0x00,
0xA9, 0xFF, 0xFF, 0xA8, 0x00, 0x00, 0x00, 0x00, 0x00, 0x00, 0x00, 0x01, 0xEA, 0xFF, 0xFF, 0xEA,
0x01, 0x00, 0x00, 0x00, 0x00, 0x00, 0x00, 0x30, 0xFF, 0xE2, 0xE2, 0xFF, 0x2F, 0x00, 0x00, 0x00,
0x00, 0x00, 0x00, 0x73, 0xFF, 0x9F, 0xA0, 0xFF, 0x72, 0x00, 0x00, 0x00, 0x00, 0x00, 0x00, 0xB7,
0xFF, 0x5B, 0x5C, 0xFF, 0xB5, 0x00, 0x00, 0x00, 0x00, 0x00, 0x05, 0xF4, 0xFF, 0x19, 0x19, 0xFF,
0xF3, 0x05, 0x00, 0x00, 0x00, 0x00, 0x3D, 0xFF, 0xD5, 0x00, 0x00, 0xD6, 0xFF, 0x3C, 0x00, 0x00,
0x00, 0x00, 0x81, 0xFF, 0x92, 0x00, 0x00, 0x93, 0xFF, 0x7F, 0x00, 0x00, 0x00, 0x00, 0xC4, 0xFF,
0x4F, 0x00, 0x00, 0x50, 0xFF, 0xC3, 0x00, 0x00, 0x00, 0x0C, 0xFA, 0xFC, 0x0F, 0x00, 0x00, 0x10,
0xFC, 0xFA, 0x0C, 0x00, 0x00, 0x4B, 0xFF, 0xC9, 0x00, 0x00, 0x00, 0x00, 0xCA, 0xFF, 0x49, 0x00,
0x00, 0x8E, 0xFF, 0xFF, 0xFF, 0xFF, 0xFF, 0xFF, 0xFF, 0xFF, 0x8D, 0x00, 0x00, 0xD1, 0xFF, 0xFF,
0xFF, 0xFF, 0xFF, 0xFF, 0xFF, 0xFF, 0xD0, 0x00, 0x16, 0xFE, 0xF6, 0x07, 0x00, 0x00, 0x00, 0x00,
0x07, 0xF7, 0xFE, 0x15, 0x58, 0xFF, 0xBA, 0x00, 0x00, 0x00, 0x00, 0x00, 0x00, 0xBC, 0xFF, 0x57,
0x9B, 0xFF, 0x77, 0x00, 0x00, 0x00, 0x00, 0x00, 0x00, 0x79, 0xFF, 0x9A, 0xDE, 0xFF, 0x35, 0x00,
0x00, 0x00, 0x00, 0x00, 0x00, 0x36, 0xFF, 0xDE, 0x00, 0x00, 0xE9, 0x25, 0x00, 0x00, 0x00, 0x2A,
0xE8, 0x00, 0x00, 0x00, 0x00, 0xB8, 0xC0, 0x2A, 0x07, 0x2C, 0xC7, 0xB7, 0x00, 0x00, 0x00, 0x00,
0x46, 0xFF, 0xFF, 0xFF, 0xFF, 0xFF, 0x43, 0x00, 0x00, 0x00, 0x00, 0x00, 0x5A, 0xD3, 0xF5, 0xD2,
0x57, 0x00, 0x00, 0x00, 0x00, 0x00, 0x00, 0x00, 0x00, 0x00, 0x00, 0x00, 0x00, 0x00, 0x00, 0x00,
0x00, 0x00, 0x00, 0x00, 0x00, 0x00, 0x00, 0x00, 0x00, 0x00, 0x00, 0x29, 0x7C, 0xC2, 0xE3, 0xF9,
0xEA, 0xBC, 0x61, 0x02, 0x00, 0x00, 0xFF, 0xFF, 0xFF, 0xFF, 0xFF, 0xFF, 0xFF, 0xFF, 0xB8, 0x07,
0x00, 0xD7, 0x84, 0x3B, 0x12, 0x05, 0x19, 0x56, 0xE2, 0xFF, 0x7D, 0x00, 0x00, 0x00, 0x00, 0x00,
0x00, 0x00, 0x00, 0x45, 0xFF, 0xD1, 0x00, 0x00, 0x00, 0x00, 0x00, 0x00, 0x00, 0x00, 0x0A, 0xFF,
0xF1, 0x00, 0x0A, 0x71, 0xBF, 0xEA, 0xFA, 0xFF, 0xFF, 0xFF, 0xFF, 0xFC, 0x1B, 0xDA, 0xFF, 0xFF,
0xFF, 0xFF, 0xFF, 0xFF, 0xFF, 0xFF, 0xFF, 0xA7, 0xFF, 0xD7, 0x5E, 0x1F, 0x0B, 0x00, 0x00, 0x04,
0xFF, 0xFF, 0xEF, 0xFF, 0x22, 0x00, 0x00, 0x00, 0x00, 0x00, 0x2C, 0xFF, 0xFF, 0xF7, 0xFF, 0x1B,
0x00, 0x00, 0x00, 0x00, 0x00, 0xA8, 0xFF, 0xFF, 0xC0, 0xFF, 0xC1, 0x36, 0x0A, 0x15, 0x42, 0xBC,
0xF2, 0xFF, 0xFF, 0x36, 0xF5, 0xFF, 0xFF, 0xFF, 0xFF, 0xFF, 0xFA, 0x51, 0xFF, 0xFF, 0x00, 0x2A,
0xA6, 0xE8, 0xFB, 0xE7, 0xAC, 0x34, 0x00, 0xFF, 0xFF, 0x00, 0x00, 0x00, 0x00, 0x66, 0xFF, 0xFF,
0x65, 0x00, 0x00, 0x00, 0x00, 0x00, 0x00, 0x00, 0x00, 0x00, 0xA9, 0xFF, 0xFF, 0xA8, 0x00, 0x00,
0x00, 0x00, 0x00, 0x00, 0x00, 0x00, 0x01, 0xEA, 0xFF, 0xFF, 0xEA, 0x01, 0x00, 0x00, 0x00, 0x00,
0x00, 0x00, 0x00, 0x30, 0xFF, 0xE2, 0xE2, 0xFF, 0x2F, 0x00, 0x00, 0x00, 0x00, 0x00, 0x00, 0x00,
0x73, 0xFF, 0x9F, 0xA0, 0xFF, 0x72, 0x00, 0x00, 0x00, 0x00, 0x00, 0x00, 0x00, 0xB7, 0xFF, 0x5B,
0x5C, 0xFF, 0xB5, 0x00, 0x00, 0x00, 0x00, 0x00, 0x00, 0x05, 0xF4, 0xFF, 0x19, 0x19, 0xFF, 0xF3,
0x05, 0x00, 0x00, 0x00, 0x00, 0x00, 0x3D, 0xFF, 0xD5, 0x00, 0x00, 0xD6, 0xFF, 0x3C, 0x00, 0x00,
0x00, 0x00, 0x00, 0x81, 0xFF, 0x92, 0x00, 0x00, 0x93, 0xFF, 0x7F, 0x00, 0x00, 0x00, 0x00, 0x00,
0xC4, 0xFF, 0x4F, 0x00, 0x00, 0x50, 0xFF, 0xC3, 0x00, 0x00, 0x00, 0x00, 0x0C, 0xFA, 0xFC, 0x0F,
0x00, 0x00, 0x10, 0xFC, 0xFA, 0x0C, 0x00, 0x00, 0x00, 0x4B, 0xFF, 0xC9, 0x00, 0x00, 0x00, 0x00,
0xCA, 0xFF, 0x49, 0x00, 0x00, 0x00, 0x8E, 0xFF, 0xFF, 0xFF, 0xFF, 0xFF, 0xFF, 0xFF, 0xFF, 0x8D,
0x00, 0x00, 0x00, 0xD1, 0xFF, 0xFF, 0xFF, 0xFF, 0xFF, 0xFF, 0xFF, 0xFF, 0xD0, 0x00, 0x00, 0x16,
0xFE, 0xF6, 0x07, 0x00, 0x00, 0x00, 0x00, 0x07, 0xF7, 0xFE, 0x15, 0x00, 0x58, 0xFF, 0xBA, 0x00,
0x00, 0x00, 0x00, 0x00, 0x00, 0xBC, 0xFF, 0x57, 0x00, 0x9B, 0xFF, 0x77, 0x00, 0x00, 0x00, 0x00,
0x00, 0x00, 0x79, 0xFF, 0x9A, 0x00, 0xDE, 0xFF, 0x35, 0x00, 0x00, 0x00, 0x00, 0x00, 0x00, 0x36,
0xFF, 0xDE, 0x00, 0x00, 0x00, 0x00, 0x00, 0x00, 0x00, 0x00, 0x00, 0x00, 0x4A, 0xFF, 0x00, 0x00,
0x00, 0x00, 0x00, 0x00, 0x00, 0x00, 0x00, 0x00, 0x00, 0xBF, 0xFF, 0x00, 0x00, 0x00, 0x00, 0x00,
0x00, 0x00, 0x00, 0x00, 0x00, 0x00, 0xF2, 0xFF, 0x34, 0x00, 0x00, 0x00, 0x00, 0x00, 0x00, 0x00,
0x00, 0x00, 0x00, 0xDE, 0xFF, 0xFF, 0xFF, 0x00, 0x00, 0x00, 0x00, 0x00, 0x00, 0x00, 0x00, 0x00,
0x48, 0xD7, 0xF8, 0xD4, 0x00, 0x29, 0x7C, 0xC2, 0xE3, 0xF9, 0xEA, 0xBC, 0x61, 0x02, 0x00, 0x00,
0xFF, 0xFF, 0xFF, 0xFF, 0xFF, 0xFF, 0xFF, 0xFF, 0xB8, 0x07, 0x00, 0xD7, 0x84, 0x3B, 0x12, 0x05,
0x19, 0x56, 0xE2, 0xFF, 0x7D, 0x00, 0x00, 0x00, 0x00, 0x00, 0x00, 0x00, 0x00, 0x45, 0xFF, 0xD1,
0x00, 0x00, 0x00, 0x00, 0x00, 0x00, 0x00, 0x00, 0x0A, 0xFF, 0xF1, 0x00, 0x0A, 0x71, 0xBF, 0xEA,
0xFA, 0xFF, 0xFF, 0xFF, 0xFF, 0xFC, 0x1B, 0xDA, 0xFF, 0xFF, 0xFF, 0xFF, 0xFF, 0xFF, 0xFF, 0xFF,
0xFF, 0xA7, 0xFF, 0xD7, 0x5E, 0x1F, 0x0B, 0x00, 0x00, 0x04, 0xFF, 0xFF, 0xEF, 0xFF, 0x22, 0x00,
0x00, 0x00, 0x00, 0x00, 0x2C, 0xFF, 0xFF, 0xF7, 0xFF, 0x1B, 0x00, 0x00, 0x00, 0x00, 0x00, 0xA8,
0xFF, 0xFF, 0xC0, 0xFF, 0xC1, 0x36, 0x0A, 0x15, 0x42, 0xBC, 0xF2, 0xFF, 0xFF, 0x36, 0xF5, 0xFF,
0xFF, 0xFF, 0xFF, 0xFF, 0xFA, 0x51, 0xFF, 0xFF, 0x00, 0x2A, 0xA6, 0xE8, 0xFB, 0xE7, 0xAC, 0x34,
0x00, 0xFF, 0xFF, 0x00, 0x00, 0x00, 0x00, 0x00, 0x00, 0x00, 0x4A, 0xFF, 0x00, 0x00, 0x00, 0x00,
0x00, 0x00, 0x00, 0x00, 0x00, 0xBF, 0xFF, 0x00, 0x00, 0x00, 0x00, 0x00, 0x00, 0x00, 0x00, 0x00,
0xF2, 0xFF, 0x34, 0x00, 0x00, 0x00, 0x00, 0x00, 0x00, 0x00, 0x00, 0xDE, 0xFF, 0xFF, 0xFF, 0x00,
0x00, 0x00, 0x00, 0x00, 0x00, 0x00, 0x48, 0xD7, 0xF8, 0xD4, 0x00, 0x00, 0x00, 0x00, 0x00, 0x00,
0x00, 0x48, 0xFF, 0x99, 0x00, 0x00, 0x00, 0x00, 0x00, 0x00, 0x00, 0x12, 0xE6, 0xC7, 0x06, 0x00,
0x00, 0x00, 0x00, 0x00, 0x00, 0x00, 0xA8, 0xE7, 0x1A, 0x00, 0x00, 0x00, 0x00, 0x00, 0x00, 0x00,
0x00, 0x00, 0x00, 0x00, 0x00, 0x00, 0x00, 0x00, 0x00, 0x17, 0x86, 0xD1, 0xF1, 0xF2, 0xD3, 0x9A,
0x33, 0x00, 0x00, 0x49, 0xEF, 0xFF, 0xFF, 0xFF, 0xFF, 0xFF, 0xFF, 0xFF, 0x00, 0x35, 0xF8, 0xFE,
0x9B, 0x32, 0x09, 0x09, 0x2B, 0x72, 0xD1, 0x01, 0xD0, 0xFF, 0x73, 0x00, 0x00, 0x00, 0x00, 0x00,
0x00, 0x00, 0x42, 0xFF, 0xCF, 0x01, 0x00, 0x00, 0x00, 0x00, 0x00, 0x00, 0x00, 0x95, 0xFF, 0x70,
0x00, 0x00, 0x00, 0x00, 0x00, 0x00, 0x00, 0x00, 0xC9, 0xFF, 0x36, 0x00, 0x00, 0x00, 0x00, 0x00,
0x00, 0x00, 0x00, 0xEA, 0xFF, 0x12, 0x00, 0x00, 0x00, 0x00, 0x00, 0x00, 0x00, 0x00, 0xF9, 0xFF,
0x05, 0x00, 0x00, 0x00, 0x00, 0x00, 0x00, 0x00, 0x00, 0xF9, 0xFF, 0x05, 0x00, 0x00, 0x00, 0x00,
0x00, 0x00, 0x00, 0x00, 0xEB, 0xFF, 0x12, 0x00, 0x00, 0x00, 0x00, 0x00, 0x00, 0x00, 0x00, 0xCB,
0xFF, 0x35, 0x00, 0x00, 0x00, 0x00, 0x00, 0x00, 0x00, 0x00, 0x97, 0xFF, 0x70, 0x00, 0x00, 0x00,
0x00, 0x00, 0x00, 0x00, 0x00, 0x46, 0xFF, 0xCE, 0x01, 0x00, 0x00, 0x00, 0x00, 0x00, 0x00, 0x00,
0x02, 0xD5, 0xFF, 0x70, 0x00, 0x00, 0x00, 0x00, 0x00, 0x00, 0x00, 0x00, 0x3A, 0xFA, 0xFE, 0x99,
0x30, 0x09, 0x12, 0x30, 0x6D, 0xCE, 0x00, 0x00, 0x4E, 0xF1, 0xFF, 0xFF, 0xFF, 0xFF, 0xFF, 0xFF,
0xFF, 0x00, 0x00, 0x00, 0x19, 0x88, 0xD3, 0xF2, 0xF3, 0xD4, 0x9A, 0x33, 0x00, 0x00, 0x00, 0x00,
0x00, 0x00, 0x00, 0x13, 0xD9, 0xFF, 0x7D, 0x00, 0x00, 0x00, 0x00, 0x00, 0x00, 0x08, 0xC5, 0xFF,
0x78, 0x00, 0x00, 0x00, 0x00, 0x00, 0x00, 0x02, 0xAC, 0xFF, 0x73, 0x00, 0x00, 0x00, 0x00, 0x00,
0x00, 0x00, 0x90, 0xFF, 0x6F, 0x00, 0x00, 0x00, 0x00, 0x00, 0x00, 0x00, 0x00, 0x00, 0x00, 0x00,
0x00, 0x00, 0x00, 0x00, 0x00, 0x00, 0x00, 0x00, 0x00, 0x00, 0x00, 0x00, 0x00, 0x00, 0x00, 0x00,
0x0B, 0x73, 0xC4, 0xEE, 0xF7, 0xD8, 0xA4, 0x3E, 0x00, 0x00, 0x26, 0xDB, 0xFF, 0xFF, 0xFF, 0xFF,
0xFF, 0xFF, 0xFF, 0x00, 0x0A, 0xDA, 0xFF, 0xD1, 0x4E, 0x11, 0x08, 0x25, 0x54, 0xBD, 0x00, 0x70,
0xFF, 0xD3, 0x0B, 0x00, 0x00, 0x00, 0x00, 0x00, 0x00, 0x00, 0xC2, 0xFF, 0x54, 0x00, 0x00, 0x00,
0x00, 0x00, 0x00, 0x00, 0x00, 0xED, 0xFF, 0x15, 0x00, 0x00, 0x00, 0x00, 0x00, 0x00, 0x00, 0x00,
0xFB, 0xFF, 0x04, 0x00, 0x00, 0x00, 0x00, 0x00, 0x00, 0x00, 0x00, 0xED, 0xFF, 0x15, 0x00, 0x00,
0x00, 0x00, 0x00, 0x00, 0x00, 0x00, 0xC2, 0xFF, 0x55, 0x00, 0x00, 0x00, 0x00, 0x00, 0x00, 0x00,
0x00, 0x70, 0xFF, 0xD3, 0x0B, 0x00, 0x00, 0x00, 0x00, 0x00, 0x00, 0x00, 0x0B, 0xDC, 0xFF, 0xD0,
0x4D, 0x10, 0x08, 0x23, 0x50, 0xB9, 0x00, 0x00, 0x28, 0xDE, 0xFF, 0xFF, 0xFF, 0xFF, 0xFF, 0xFF,
0xFF, 0x00, 0x00, 0x00, 0x0C, 0x74, 0xC6, 0xEF, 0xF8, 0xDA, 0xA1, 0x36, 0x00, 0x00, 0x00, 0x00,
0x00, 0x00, 0x17, 0xE3, 0xFF, 0xE3, 0x17, 0x00, 0x00, 0x00, 0x00, 0x00, 0x05, 0xC4, 0xE5, 0x43,
0xE4, 0xC3, 0x05, 0x00, 0x00, 0x00, 0x00, 0x99, 0xEB, 0x29, 0x00, 0x28, 0xE9, 0x98, 0x00, 0x00,
0x00, 0x00, 0x00, 0x00, 0x00, 0x00, 0x00, 0x00, 0x00, 0x00, 0x00, 0x00, 0x17, 0x86, 0xD1, 0xF1,
0xF2, 0xD3, 0x9A, 0x33, 0x00, 0x00, 0x49, 0xEF, 0xFF, 0xFF, 0xFF, 0xFF, 0xFF, 0xFF, 0xFF, 0x00,
0x35, 0xF8, 0xFE, 0x9B, 0x32, 0x09, 0x09, 0x2B, 0x72, 0xD1, 0x01, 0xD0, 0xFF, 0x73, 0x00, 0x00,
0x00, 0x00, 0x00, 0x00, 0x00, 0x42, 0xFF, 0xCF, 0x01, 0x00, 0x00, 0x00, 0x00, 0x00, 0x00, 0x00,
0x95, 0xFF, 0x70, 0x00, 0x00, 0x00, 0x00, 0x00, 0x00, 0x00, 0x00, 0xC9, 0xFF, 0x36, 0x00, 0x00,
0x00, 0x00, 0x00, 0x00, 0x00, 0x00, 0xEA, 0xFF, 0x12, 0x00, 0x00, 0x00, 0x00, 0x00, 0x00, 0x00,
0x00, 0xF9, 0xFF, 0x05, 0x00, 0x00, 0x00, 0x00, 0x00, 0x00, 0x00, 0x00, 0xF9, 0xFF, 0x05, 0x00,
0x00, 0x00, 0x00, 0x00, 0x00, 0x00, 0x00, 0xEB, 0xFF, 0x12, 0x00, 0x00, 0x00, 0x00, 0x00, 0x00,
0x00, 0x00, 0xCB, 0xFF, 0x35, 0x00, 0x00, 0x00, 0x00, 0x00, 0x00, 0x00, 0x00, 0x97, 0xFF, 0x70,
0x00, 0x00, 0x00, 0x00, 0x00, 0x00, 0x00, 0x00, 0x46, 0xFF, 0xCE, 0x01, 0x00, 0x00, 0x00, 0x00,
0x00, 0x00, 0x00, 0x02, 0xD5, 0xFF, 0x70, 0x00, 0x00, 0x00, 0x00, 0x00, 0x00, 0x00, 0x00, 0x3A,
0xFA, 0xFE, 0x99, 0x30, 0x09, 0x12, 0x30, 0x6D, 0xCE, 0x00, 0x00, 0x4E, 0xF1, 0xFF, 0xFF, 0xFF,
0xFF, 0xFF, 0xFF, 0xFF, 0x00, 0x00, 0x00, 0x19, 0x88, 0xD3, 0xF2, 0xF3, 0xD4, 0x9A, 0x33, 0x00,
0x00, 0x00, 0x00, 0xA7, 0xFF, 0xA5, 0x00, 0x00, 0x00, 0x00, 0x00, 0x00, 0x52, 0xFF, 0xB8, 0xFF,
0x51, 0x00, 0x00, 0x00, 0x00, 0x14, 0xE9, 0xA9, 0x00, 0xA8, 0xE9, 0x14, 0x00, 0x00, 0x00, 0xAA,
0xDA, 0x0D, 0x00, 0x0C, 0xD8, 0xA9, 0x00, 0x00, 0x00, 0x00, 0x00, 0x00, 0x00, 0x00, 0x00, 0x00,
0x00, 0x00, 0x00, 0x00, 0x00, 0x00, 0x00, 0x00, 0x00, 0x00, 0x00, 0x00, 0x00, 0x0B, 0x73, 0xC4,
0xEE, 0xF7, 0xD8, 0xA4, 0x3E, 0x00, 0x26, 0xDB, 0xFF, 0xFF, 0xFF, 0xFF, 0xFF, 0xFF, 0xFF, 0x0A,
0xDA, 0xFF, 0xD1, 0x4E, 0x11, 0x08, 0x25, 0x54, 0xBD, 0x70, 0xFF, 0xD3, 0x0B, 0x00, 0x00, 0x00,
0x00, 0x00, 0x00, 0xC2, 0xFF, 0x54, 0x00, 0x00, 0x00, 0x00, 0x00, 0x00, 0x00, 0xED, 0xFF, 0x15,
0x00, 0x00, 0x00, 0x00, 0x00, 0x00, 0x00, 0xFB, 0xFF, 0x04, 0x00, 0x00, 0x00, 0x00, 0x00, 0x00,
0x00, 0xED, 0xFF, 0x15, 0x00, 0x00, 0x00, 0x00, 0x00, 0x00, 0x00, 0xC2, 0xFF, 0x55, 0x00, 0x00,
0x00, 0x00, 0x00, 0x00, 0x00, 0x70, 0xFF, 0xD3, 0x0B, 0x00, 0x00, 0x00, 0x00, 0x00, 0x00, 0x0B,
0xDC, 0xFF, 0xD0, 0x4D, 0x10, 0x08, 0x23, 0x50, 0xB9, 0x00, 0x28, 0xDE, 0xFF, 0xFF, 0xFF, 0xFF,
0xFF, 0xFF, 0xFF, 0x00, 0x00, 0x0C, 0x74, 0xC6, 0xEF, 0xF8, 0xDA, 0xA1, 0x36, 0x00, 0x00, 0x00,
0x00, 0x00, 0x00, 0xFF, 0xFF, 0x00, 0x00, 0x00, 0x00, 0x00, 0x00, 0x00, 0x00, 0x00, 0xFF, 0xFF,
0x00, 0x00, 0x00, 0x00, 0x00, 0x00, 0x00, 0x00, 0x00, 0x00, 0x00, 0x00, 0x00, 0x00, 0x00, 0x00,
0x00, 0x00, 0x00, 0x00, 0x00, 0x00, 0x00, 0x00, 0x00, 0x00, 0x00, 0x00, 0x17, 0x86, 0xD1, 0xF1,
0xF2, 0xD3, 0x9A, 0x33, 0x00, 0x00, 0x49, 0xEF, 0xFF, 0xFF, 0xFF, 0xFF, 0xFF, 0xFF, 0xFF, 0x00,
0x35, 0xF8, 0xFE, 0x9B, 0x32, 0x09, 0x09, 0x2B, 0x72, 0xD1, 0x01, 0xD0, 0xFF, 0x73, 0x00, 0x00,
0x00, 0x00, 0x00, 0x00, 0x00, 0x42, 0xFF, 0xCF, 0x01, 0x00, 0x00, 0x00, 0x00, 0x00, 0x00, 0x00,
0x95, 0xFF, 0x70, 0x00, 0x00, 0x00, 0x00, 0x00, 0x00, 0x00, 0x00, 0xC9, 0xFF, 0x36, 0x00, 0x00,
0x00, 0x00, 0x00, 0x00, 0x00, 0x00, 0xEA, 0xFF, 0x12, 0x00, 0x00, 0x00, 0x00, 0x00, 0x00, 0x00,
0x00, 0xF9, 0xFF, 0x05, 0x00, 0x00, 0x00, 0x00, 0x00, 0x00, 0x00, 0x00, 0xF9, 0xFF, 0x05, 0x00,
0x00, 0x00, 0x00, 0x00, 0x00, 0x00, 0x00, 0xEB, 0xFF, 0x12, 0x00, 0x00, 0x00, 0x00, 0x00, 0x00,
0x00, 0x00, 0xCB, 0xFF, 0x35, 0x00, 0x00, 0x00, 0x00, 0x00, 0x00, 0x00, 0x00, 0x97, 0xFF, 0x70,
0x00, 0x00, 0x00, 0x00, 0x00, 0x00, 0x00, 0x00, 0x46, 0xFF, 0xCE, 0x01, 0x00, 0x00, 0x00, 0x00,
0x00, 0x00, 0x00, 0x02, 0xD5, 0xFF, 0x70, 0x00, 0x00, 0x00, 0x00, 0x00, 0x00, 0x00, 0x00, 0x3A,
0xFA, 0xFE, 0x99, 0x30, 0x09, 0x12, 0x30, 0x6D, 0xCE, 0x00, 0x00, 0x4E, 0xF1, 0xFF, 0xFF, 0xFF,
0xFF, 0xFF, 0xFF, 0xFF, 0x00, 0x00, 0x00, 0x19, 0x88, 0xD3, 0xF2, 0xF3, 0xD4, 0x9A, 0x33, 0x00,
0x00, 0x00, 0x00, 0x00, 0xFF, 0xFF, 0x00, 0x00, 0x00, 0x00, 0x00, 0x00, 0x00, 0x00, 0xFF, 0xFF,
0x00, 0x00, 0x00, 0x00, 0x00, 0x00, 0x00, 0x00, 0x00, 0x00, 0x00, 0x00, 0x00, 0x00, 0x00, 0x00,
0x00, 0x00, 0x00, 0x00, 0x00, 0x00, 0x00, 0x00, 0x00, 0x00, 0x00, 0x00, 0x00, 0x00, 0x00, 0x00,
0x00, 0x00, 0x00, 0x0B, 0x73, 0xC4, 0xEE, 0xF7, 0xD8, 0xA4, 0x3E, 0x00, 0x26, 0xDB, 0xFF, 0xFF,
0xFF, 0xFF, 0xFF, 0xFF, 0xFF, 0x0A, 0xDA, 0xFF, 0xD1, 0x4E, 0x11, 0x08, 0x25, 0x54, 0xBD, 0x70,
0xFF, 0xD3, 0x0B, 0x00, 0x00, 0x00, 0x00, 0x00, 0x00, 0xC2, 0xFF, 0x54, 0x00, 0x00, 0x00, 0x00,
0x00, 0x00, 0x00, 0xED, 0xFF, 0x15, 0x00, 0x00, 0x00, 0x00, 0x00, 0x00, 0x00, 0xFB, 0xFF, 0x04,
0x00, 0x00, 0x00, 0x00, 0x00, 0x00, 0x00, 0xED, 0xFF, 0x15, 0x00, 0x00, 0x00, 0x00, 0x00, 0x00,
0x00, 0xC2, 0xFF, 0x55, 0x00, 0x00, 0x00, 0x00, 0x00, 0x00, 0x00, 0x70, 0xFF, 0xD3, 0x0B, 0x00,
0x00, 0x00, 0x00, 0x00, 0x00, 0x0B, 0xDC, 0xFF, 0xD0, 0x4D, 0x10, 0x08, 0x23, 0x50, 0xB9, 0x00,
0x28, 0xDE, 0xFF, 0xFF, 0xFF, 0xFF, 0xFF, 0xFF, 0xFF, 0x00, 0x00, 0x0C, 0x74, 0xC6, 0xEF, 0xF8,
0xDA, 0xA1, 0x36, 0x00, 0x00, 0x00, 0x00, 0x99, 0xEB, 0x29, 0x00, 0x28, 0xE9, 0x98, 0x00, 0x00,
0x00, 0x00, 0x06, 0xC4, 0xE4, 0x43, 0xE4, 0xC4, 0x05, 0x00, 0x00, 0x00, 0x00, 0x00, 0x17, 0xE3,
0xFF, 0xE3, 0x17, 0x00, 0x00, 0x00, 0x00, 0x00, 0x00, 0x00, 0x00, 0x00, 0x00, 0x00, 0x00, 0x00,
0x00, 0x00, 0x17, 0x86, 0xD1, 0xF1, 0xF2, 0xD3, 0x9A, 0x33, 0x00, 0x00, 0x49, 0xEF, 0xFF, 0xFF,
0xFF, 0xFF, 0xFF, 0xFF, 0xFF, 0x00, 0x35, 0xF8, 0xFE, 0x9B, 0x32, 0x09, 0x09, 0x2B, 0x72, 0xD1,
0x01, 0xD0, 0xFF, 0x73, 0x00, 0x00, 0x00, 0x00, 0x00, 0x00, 0x00, 0x42, 0xFF, 0xCF, 0x01, 0x00,
0x00, 0x00, 0x00, 0x00, 0x00, 0x00, 0x95, 0xFF, 0x70, 0x00, 0x00, 0x00, 0x00, 0x00, 0x00, 0x00,
0x00, 0xC9, 0xFF, 0x36, 0x00, 0x00, 0x00, 0x00, 0x00, 0x00, 0x00, 0x00, 0xEA, 0xFF, 0x12, 0x00,
0x00, 0x00, 0x00, 0x00, 0x00, 0x00, 0x00, 0xF9, 0xFF, 0x05, 0x00, 0x00, 0x00, 0x00, 0x00, 0x00,
0x00, 0x00, 0xF9, 0xFF, 0x05, 0x00, 0x00, 0x00, 0x00, 0x00, 0x00, 0x00, 0x00, 0xEB, 0xFF, 0x12,
0x00, 0x00, 0x00, 0x00, 0x00, 0x00, 0x00, 0x00, 0xCB, 0xFF, 0x35, 0x00, 0x00, 0x00, 0x00, 0x00,
0x00, 0x00, 0x00, 0x97, 0xFF, 0x70, 0x00, 0x00, 0x00, 0x00, 0x00, 0x00, 0x00, 0x00, 0x46, 0xFF,
0xCE, 0x01, 0x00, 0x00, 0x00, 0x00, 0x00, 0x00, 0x00, 0x02, 0xD5, 0xFF, 0x70, 0x00, 0x00, 0x00,
0x00, 0x00, 0x00, 0x00, 0x00, 0x3A, 0xFA, 0xFE, 0x99, 0x30, 0x09, 0x12, 0x30, 0x6D, 0xCE, 0x00,
0x00, 0x4E, 0xF1, 0xFF, 0xFF, 0xFF, 0xFF, 0xFF, 0xFF, 0xFF, 0x00, 0x00, 0x00, 0x19, 0x88, 0xD3,
0xF2, 0xF3, 0xD4, 0x9A, 0x33, 0x00, 0x00, 0xAA, 0xDA, 0x0D, 0x00, 0x0C, 0xD8, 0xA9, 0x00, 0x00,
0x00, 0x14, 0xE9, 0xA9, 0x00, 0xA7, 0xE9, 0x14, 0x00, 0x00, 0x00, 0x00, 0x52, 0xFF, 0xB8, 0xFF,
0x51, 0x00, 0x00, 0x00, 0x00, 0x00, 0x00, 0xA6, 0xFF, 0xA5, 0x00, 0x00, 0x00, 0x00, 0x00, 0x00,
0x00, 0x00, 0x00, 0x00, 0x00, 0x00, 0x00, 0x00, 0x00, 0x00, 0x00, 0x00, 0x00, 0x00, 0x00, 0x00,
0x00, 0x00, 0x00, 0x0B, 0x73, 0xC4, 0xEE, 0xF7, 0xD8, 0xA4, 0x3E, 0x00, 0x26, 0xDB, 0xFF, 0xFF,
0xFF, 0xFF, 0xFF, 0xFF, 0xFF, 0x0A, 0xDA, 0xFF, 0xD1, 0x4E, 0x11, 0x08, 0x25, 0x54, 0xBD, 0x70,
0xFF, 0xD3, 0x0B, 0x00, 0x00, 0x00, 0x00, 0x00, 0x00, 0xC2, 0xFF, 0x54, 0x00, 0x00, 0x00, 0x00,
0x00, 0x00, 0x00, 0xED, 0xFF, 0x15, 0x00, 0x00, 0x00, 0x00, 0x00, 0x00, 0x00, 0xFB, 0xFF, 0x04,
0x00, 0x00, 0x00, 0x00, 0x00, 0x00, 0x00, 0xED, 0xFF, 0x15, 0x00, 0x00, 0x00, 0x00, 0x00, 0x00,
0x00, 0xC2, 0xFF, 0x55, 0x00, 0x00, 0x00, 0x00, 0x00, 0x00, 0x00, 0x70, 0xFF, 0xD3, 0x0B, 0x00,
0x00, 0x00, 0x00, 0x00, 0x00, 0x0B, 0xDC, 0xFF, 0xD0, 0x4D, 0x10, 0x08, 0x23, 0x50, 0xB9, 0x00,
0x28, 0xDE, 0xFF, 0xFF, 0xFF, 0xFF, 0xFF, 0xFF, 0xFF, 0x00, 0x00, 0x0C, 0x74, 0xC6, 0xEF, 0xF8,
0xDA, 0xA1, 0x36, 0x00, 0x00, 0x99, 0xEB, 0x29, 0x00, 0x28, 0xE9, 0x98, 0x00, 0x00, 0x00, 0x00,
0x06, 0xC4, 0xE4, 0x43, 0xE4, 0xC4, 0x05, 0x00, 0x00, 0x00, 0x00, 0x00, 0x17, 0xE3, 0xFF, 0xE3,
0x17, 0x00, 0x00, 0x00, 0x00, 0x00, 0x00, 0x00, 0x00, 0x00, 0x00, 0x00, 0x00, 0x00, 0x00, 0xFF,
0xFF, 0xFF, 0xFA, 0xE7, 0xC2, 0x7D, 0x15, 0x00, 0x00, 0x00, 0xFF, 0xFF, 0xFF, 0xFF, 0xFF, 0xFF,
0xFF, 0xF3, 0x59, 0x00, 0x00, 0xFF, 0xFF, 0x00, 0x05, 0x17, 0x46, 0xA2, 0xFE, 0xFE, 0x4D, 0x00,
0xFF, 0xFF, 0x00, 0x00, 0x00, 0x00, 0x00, 0x5C, 0xFF, 0xE5, 0x06, 0xFF, 0xFF, 0x00, 0x00, 0x00,
0x00, 0x00, 0x00, 0xB9, 0xFF, 0x55, 0xFF, 0xFF, 0x00, 0x00, 0x00, 0x00, 0x00, 0x00, 0x61, 0xFF,
0x9E, 0xFF, 0xFF, 0x00, 0x00, 0x00, 0x00, 0x00, 0x00, 0x30, 0xFF, 0xCF, 0xFF, 0xFF, 0x00, 0x00,
0x00, 0x00, 0x00, 0x00, 0x12, 0xFF, 0xEA, 0xFF, 0xFF, 0x00, 0x00, 0x00, 0x00, 0x00, 0x00, 0x06,
0xFF, 0xF8, 0xFF, 0xFF, 0x00, 0x00, 0x00, 0x00, 0x00, 0x00, 0x05, 0xFF, 0xF8, 0xFF, 0xFF, 0x00,
0x00, 0x00, 0x00, 0x00, 0x00, 0x11, 0xFF, 0xEA, 0xFF, 0xFF, 0x00, 0x00, 0x00, 0x00, 0x00, 0x00,
0x30, 0xFF, 0xD0, 0xFF, 0xFF, 0x00, 0x00, 0x00, 0x00, 0x00, 0x00, 0x61, 0xFF, 0x9F, 0xFF, 0xFF,
0x00, 0x00, 0x00, 0x00, 0x00, 0x00, 0xB9, 0xFF, 0x57, 0xFF, 0xFF, 0x00, 0x00, 0x00, 0x00, 0x00,
0x5C, 0xFF, 0xE7, 0x07, 0xFF, 0xFF, 0x00, 0x04, 0x16, 0x46, 0xA2, 0xFE, 0xFE, 0x50, 0x00, 0xFF,
0xFF, 0xFF, 0xFF, 0xFF, 0xFF, 0xFF, 0xF5, 0x5C, 0x00, 0x00, 0xFF, 0xFF, 0xFF, 0xFB, 0xE9, 0xC3,
0x7F, 0x17, 0x00, 0x00, 0x00, 0x00, 0x00, 0x00, 0x00, 0x00, 0x00, 0x00, 0x00, 0x00, 0xFF, 0xFF,
0x00, 0x52, 0xFF, 0xD6, 0x00, 0x00, 0x00, 0x00, 0x00, 0x00, 0x00, 0x00, 0x00, 0xFF, 0xFF, 0x00,
0x84, 0xFF, 0x85, 0x00, 0x00, 0x00, 0x00, 0x00, 0x00, 0x00, 0x00, 0x00, 0xFF, 0xFF, 0x00, 0xB6,
0xFF, 0x34, 0x00, 0x00, 0x00, 0x00, 0x00, 0x00, 0x00, 0x00, 0x00, 0xFF, 0xFF, 0x00, 0xE7, 0xE3,
0x00, 0x00, 0x00, 0x00, 0x00, 0x00, 0x00, 0x00, 0x00, 0x00, 0xFF, 0xFF, 0x00, 0x00, 0x00, 0x00,
0x00, 0x00, 0x35, 0xAF, 0xEA, 0xF7, 0xD3, 0x69, 0x00, 0xFF, 0xFF, 0x00, 0x00, 0x00, 0x00, 0x00,
0x59, 0xFC, 0xFF, 0xFF, 0xFF, 0xFF, 0xFF, 0x8B, 0xFF, 0xFF, 0x00, 0x00, 0x00, 0x00, 0x1F, 0xF5,
0xFF, 0x98, 0x23, 0x06, 0x25, 0x9E, 0xFE, 0xFF, 0xFF, 0x00, 0x00, 0x00, 0x00, 0x88, 0xFF, 0xAA,
0x00, 0x00, 0x00, 0x00, 0x00, 0xB1, 0xFF, 0xFF, 0x00, 0x00, 0x00, 0x00, 0xCD, 0xFF, 0x40, 0x00,
0x00, 0x00, 0x00, 0x00, 0x43, 0xFF, 0xFF, 0x00, 0x00, 0x00, 0x00, 0xF1, 0xFF, 0x10, 0x00, 0x00,
0x00, 0x00, 0x00, 0x12, 0xFF, 0xFF, 0x00, 0x00, 0x00, 0x00, 0xFC, 0xFF, 0x03, 0x00, 0x00, 0x00,
0x00, 0x00, 0x04, 0xFF, 0xFF, 0x00, 0x00, 0x00, 0x00, 0xF0, 0xFF, 0x10, 0x00, 0x00, 0x00, 0x00,
0x00, 0x12, 0xFF, 0xFF, 0x00, 0x00, 0x00, 0x00, 0xCA, 0xFF, 0x3F, 0x00, 0x00, 0x00, 0x00, 0x00,
0x44, 0xFF, 0xFF, 0x00, 0x00, 0x00, 0x00, 0x85, 0xFF, 0xA8, 0x00, 0x00, 0x00, 0x00, 0x00, 0xB1,
0xFF, 0xFF, 0x00, 0x00, 0x00, 0x00, 0x1D, 0xF4, 0xFF, 0x95, 0x21, 0x05, 0x24, 0x9E, 0xFE, 0xFF,
0xFF, 0x00, 0x00, 0x00, 0x00, 0x00, 0x57, 0xFC, 0xFF, 0xFF, 0xFF, 0xFF, 0xFF, 0x87, 0xFF, 0xFF,
0x00, 0x00, 0x00, 0x00, 0x00, 0x00, 0x35, 0xAF, 0xEC, 0xF8, 0xD3, 0x68, 0x00, 0xFF, 0xFF, 0x00,
0x00, 0x00, 0x00, 0x00, 0xFF, 0xFF, 0xFF, 0xF7, 0xE4, 0xBA, 0x75, 0x10, 0x00, 0x00, 0x00, 0x00,
0xFF, 0xFF, 0xFF, 0xFF, 0xFF, 0xFF, 0xFF, 0xEF, 0x4F, 0x00, 0x00, 0x00, 0xFF, 0xFF, 0x00, 0x06,
0x1A, 0x4B, 0xA8, 0xFF, 0xFD, 0x47, 0x00, 0x00, 0xFF, 0xFF, 0x00, 0x00, 0x00, 0x00, 0x00, 0x61,
0xFF, 0xE2, 0x05, 0x00, 0xFF, 0xFF, 0x00, 0x00, 0x00, 0x00, 0x00, 0x00, 0xBC, 0xFF, 0x53, 0x00,
0xFF, 0xFF, 0x00, 0x00, 0x00, 0x00, 0x00, 0x00, 0x62, 0xFF, 0x9D, 0x00, 0xFF, 0xFF, 0x00, 0x00,
0x00, 0x00, 0x00, 0x00, 0x31, 0xFF, 0xCE, 0x00, 0xFF, 0xFF, 0x00, 0x00, 0x00, 0x00, 0x00, 0x00,
0x12, 0xFF, 0xEA, 0xFF, 0xFF, 0xFF, 0xFF, 0xFF, 0xFF, 0x00, 0x00, 0x00, 0x06, 0xFF, 0xF8, 0xFF,
0xFF, 0xFF, 0xFF, 0xFF, 0xFF, 0x00, 0x00, 0x00, 0x05, 0xFF, 0xF8, 0x00, 0xFF, 0xFF, 0x00, 0x00,
0x00, 0x00, 0x00, 0x00, 0x11, 0xFF, 0xEA, 0x00, 0xFF, 0xFF, 0x00, 0x00, 0x00, 0x00, 0x00, 0x00,
0x31, 0xFF, 0xCF, 0x00, 0xFF, 0xFF, 0x00, 0x00, 0x00, 0x00, 0x00, 0x00, 0x63, 0xFF, 0x9D, 0x00,
0xFF, 0xFF, 0x00, 0x00, 0x00, 0x00, 0x00, 0x00, 0xBD, 0xFF, 0x53, 0x00, 0xFF, 0xFF, 0x00, 0x00,
0x00, 0x00, 0x00, 0x64, 0xFF, 0xE3, 0x05, 0x00, 0xFF, 0xFF, 0x00, 0x06, 0x18, 0x4A, 0xA8, 0xFF,
0xFD, 0x46, 0x00, 0x00, 0xFF, 0xFF, 0xFF, 0xFF, 0xFF, 0xFF, 0xFF, 0xF0, 0x50, 0x00, 0x00, 0x00,
0xFF, 0xFF, 0xFF, 0xF8, 0xE6, 0xBC, 0x76, 0x10, 0x00, 0x00, 0x00, 0x00, 0x00, 0x00, 0x00, 0x00,
0x00, 0x00, 0x00, 0x00, 0xFF, 0xFF, 0x00, 0x00, 0x00, 0x00, 0x00, 0x00, 0x00, 0x00, 0x00, 0x00,
0x00, 0xFF, 0xFF, 0x00, 0x00, 0x00, 0x00, 0x00, 0x00, 0x00, 0xFF, 0xFF, 0xFF, 0xFF, 0xFF, 0xFF,
0xFF, 0xFF, 0x00, 0x00, 0x00, 0x00, 0x00, 0xFF, 0xFF, 0xFF, 0xFF, 0xFF, 0xFF, 0xFF, 0xFF, 0x00,
0x00, 0x00, 0x00, 0x00, 0x00, 0x00, 0x00, 0x00, 0xFF, 0xFF, 0x00, 0x00, 0x00, 0x00, 0x35, 0xAF,
0xEA, 0xF7, 0xD3, 0x69, 0x00, 0xFF, 0xFF, 0x00, 0x00, 0x00, 0x59, 0xFC, 0xFF, 0xFF, 0xFF, 0xFF,
0xFF, 0x8B, 0xFF, 0xFF, 0x00, 0x00, 0x1F, 0xF5, 0xFF, 0x98, 0x23, 0x06, 0x25, 0x9E, 0xFE, 0xFF,
0xFF, 0x00, 0x00, 0x88, 0xFF, 0xAA, 0x00, 0x00, 0x00, 0x00, 0x00, 0xB1, 0xFF, 0xFF, 0x00, 0x00,
0xCD, 0xFF, 0x40, 0x00, 0x00, 0x00, 0x00, 0x00, 0x43, 0xFF, 0xFF, 0x00, 0x00, 0xF1, 0xFF, 0x10,
0x00, 0x00, 0x00, 0x00, 0x00, 0x12, 0xFF, 0xFF, 0x00, 0x00, 0xFC, 0xFF, 0x03, 0x00, 0x00, 0x00,
0x00, 0x00, 0x04, 0xFF, 0xFF, 0x00, 0x00, 0xF0, 0xFF, 0x10, 0x00, 0x00, 0x00, 0x00, 0x00, 0x12,
0xFF, 0xFF, 0x00, 0x00, 0xCA, 0xFF, 0x3F, 0x00, 0x00, 0x00, 0x00, 0x00, 0x44, 0xFF, 0xFF, 0x00,
0x00, 0x85, 0xFF, 0xA8, 0x00, 0x00, 0x00, 0x00, 0x00, 0xB1, 0xFF, 0xFF, 0x00, 0x00, 0x1D, 0xF4,
0xFF, 0x95, 0x21, 0x05, 0x24, 0x9E, 0xFE, 0xFF, 0xFF, 0x00, 0x00, 0x00, 0x57, 0xFC, 0xFF, 0xFF,
0xFF, 0xFF, 0xFF, 0x87, 0xFF, 0xFF, 0x00, 0x00, 0x00, 0x00, 0x35, 0xAF, 0xEC, 0xF8, 0xD3, 0x68,
0x00, 0xFF, 0xFF, 0x00, 0x00, 0x00, 0x00, 0x00, 0xFF, 0xFF, 0xFF, 0xFF, 0xFF, 0xFF, 0xFF, 0x00,
0x00, 0x00, 0x00, 0xFF, 0xFF, 0xFF, 0xFF, 0xFF, 0xFF, 0xFF, 0x00, 0x00, 0x00, 0x00, 0x00, 0x00,
0x00, 0x00, 0x00, 0x00, 0x00, 0x00, 0x00, 0x00, 0x00, 0x00, 0x00, 0x00, 0x00, 0x00, 0x00, 0x00,
0x00, 0xFF, 0xFF, 0xFF, 0xFF, 0xFF, 0xFF, 0xFF, 0xFF, 0xFF, 0xFF, 0xFF, 0xFF, 0xFF, 0xFF, 0xFF,
0xFF, 0xFF, 0xFF, 0xFF, 0xFF, 0xFF, 0xFF, 0xFF, 0xFF, 0x00, 0x00, 0x00, 0x00, 0x00, 0x00, 0x00,
0x00, 0x00, 0xFF, 0xFF, 0x00, 0x00, 0x00, 0x00, 0x00, 0x00, 0x00, 0x00, 0x00, 0xFF, 0xFF, 0x00,
0x00, 0x00, 0x00, 0x00, 0x00, 0x00, 0x00, 0x00, 0xFF, 0xFF, 0x00, 0x00, 0x00, 0x00, 0x00, 0x00,
0x00, 0x00, 0x00, 0xFF, 0xFF, 0x00, 0x00, 0x00, 0x00, 0x00, 0x00, 0x00, 0x00, 0x00, 0xFF, 0xFF,
0x00, 0x00, 0x00, 0x00, 0x00, 0x00, 0x00, 0x00, 0x00, 0xFF, 0xFF, 0xFF, 0xFF, 0xFF, 0xFF, 0xFF,
0xFF, 0xFF, 0xFF, 0x00, 0xFF, 0xFF, 0xFF, 0xFF, 0xFF, 0xFF, 0xFF, 0xFF, 0xFF, 0xFF, 0x00, 0xFF,
0xFF, 0x00, 0x00, 0x00, 0x00, 0x00, 0x00, 0x00, 0x00, 0x00, 0xFF, 0xFF, 0x00, 0x00, 0x00, 0x00,
0x00, 0x00, 0x00, 0x00, 0x00, 0xFF, 0xFF, 0x00, 0x00, 0x00, 0x00, 0x00, 0x00, 0x00, 0x00, 0x00,
0xFF, 0xFF, 0x00, 0x00, 0x00, 0x00, 0x00, 0x00, 0x00, 0x00, 0x00, 0xFF, 0xFF, 0x00, 0x00, 0x00,
0x00, 0x00, 0x00, 0x00, 0x00, 0x00, 0xFF, 0xFF, 0x00, 0x00, 0x00, 0x00, 0x00, 0x00, 0x00, 0x00,
0x00, 0xFF, 0xFF, 0xFF, 0xFF, 0xFF, 0xFF, 0xFF, 0xFF, 0xFF, 0xFF, 0xFF, 0xFF, 0xFF, 0xFF, 0xFF,
0xFF, 0xFF, 0xFF, 0xFF, 0xFF, 0xFF, 0xFF, 0x00, 0x00, 0xFF, 0xFF, 0xFF, 0xFF, 0xFF, 0xFF, 0xFF,
0x00, 0x00, 0x00, 0x00, 0xFF, 0xFF, 0xFF, 0xFF, 0xFF, 0xFF, 0xFF, 0x00, 0x00, 0x00, 0x00, 0x00,
0x00, 0x00, 0x00, 0x00, 0x00, 0x00, 0x00, 0x00, 0x00, 0x00, 0x00, 0x00, 0x00, 0x00, 0x00, 0x00,
0x00, 0x00, 0x00, 0x00, 0x00, 0x00, 0x00, 0x00, 0x00, 0x00, 0x00, 0x00, 0x00, 0x00, 0x00, 0x00,
0x14, 0x89, 0xD7, 0xF7, 0xF1, 0xC1, 0x55, 0x00, 0x00, 0x00, 0x30, 0xE8, 0xFF, 0xFF, 0xFF, 0xFF,
0xFF, 0xFF, 0x88, 0x00, 0x0D, 0xE0, 0xFF, 0xA2, 0x30, 0x0A, 0x1C, 0x6C, 0xF3, 0xFF, 0x41, 0x73,
0xFF, 0x9B, 0x00, 0x00, 0x00, 0x00, 0x00, 0x68, 0xFF, 0xAC, 0xC3, 0xFF, 0x28, 0x00, 0x00, 0x00,
0x00, 0x00, 0x18, 0xFF, 0xE4, 0xEE, 0xFF, 0xFC, 0xFC, 0xFD, 0xFD, 0xFE, 0xFE, 0xFF, 0xFF, 0xFA,
0xFC, 0xFF, 0xFF, 0xFF, 0xFF, 0xFF, 0xFF, 0xFF, 0xFF, 0xFF, 0xFF, 0xEF, 0xF3, 0x00, 0x00, 0x00,
0x00, 0x00, 0x00, 0x00, 0x00, 0x00, 0xC7, 0xFF, 0x20, 0x00, 0x00, 0x00, 0x00, 0x00, 0x00, 0x00,
0x00, 0x7C, 0xFF, 0x98, 0x00, 0x00, 0x00, 0x00, 0x00, 0x00, 0x00, 0x00, 0x14, 0xEA, 0xFF, 0x9E,
0x2D, 0x06, 0x15, 0x37, 0x7C, 0xD3, 0x00, 0x00, 0x3F, 0xF1, 0xFF, 0xFF, 0xFF, 0xFF, 0xFF, 0xFF,
0xFF, 0x00, 0x00, 0x00, 0x1E, 0x93, 0xDC, 0xF8, 0xEC, 0xCB, 0x87, 0x2C, 0x00, 0x00, 0x00, 0x00,
0xE1, 0x79, 0x17, 0x04, 0x17, 0x7B, 0xE0, 0x00, 0x00, 0x00, 0x00, 0x86, 0xFF, 0xFF, 0xFF, 0xFF,
0xFF, 0x81, 0x00, 0x00, 0x00, 0x00, 0x05, 0x83, 0xDE, 0xF7, 0xDD, 0x7F, 0x04, 0x00, 0x00, 0x00,
0x00, 0x00, 0x00, 0x00, 0x00, 0x00, 0x00, 0x00, 0x00, 0xFF, 0xFF, 0xFF, 0xFF, 0xFF, 0xFF, 0xFF,
0xFF, 0xFF, 0xFF, 0xFF, 0xFF, 0xFF, 0xFF, 0xFF, 0xFF, 0xFF, 0xFF, 0xFF, 0xFF, 0xFF, 0xFF, 0xFF,
0xFF, 0x00, 0x00, 0x00, 0x00, 0x00, 0x00, 0x00, 0x00, 0x00, 0xFF, 0xFF, 0x00, 0x00, 0x00, 0x00,
0x00, 0x00, 0x00, 0x00, 0x00, 0xFF, 0xFF, 0x00, 0x00, 0x00, 0x00, 0x00, 0x00, 0x00, 0x00, 0x00,
0xFF, 0xFF, 0x00, 0x00, 0x00, 0x00, 0x00, 0x00, 0x00, 0x00, 0x00, 0xFF, 0xFF, 0x00, 0x00, 0x00,
0x00, 0x00, 0x00, 0x00, 0x00, 0x00, 0xFF, 0xFF, 0x00, 0x00, 0x00, 0x00, 0x00, 0x00, 0x00, 0x00,
0x00, 0xFF, 0xFF, 0xFF, 0xFF, 0xFF, 0xFF, 0xFF, 0xFF, 0xFF, 0xFF, 0x00, 0xFF, 0xFF, 0xFF, 0xFF,
0xFF, 0xFF, 0xFF, 0xFF, 0xFF, 0xFF, 0x00, 0xFF, 0xFF, 0x00, 0x00, 0x00, 0x00, 0x00, 0x00, 0x00,
0x00, 0x00, 0xFF, 0xFF, 0x00, 0x00, 0x00, 0x00, 0x00, 0x00, 0x00, 0x00, 0x00, 0xFF, 0xFF, 0x00,
0x00, 0x00, 0x00, 0x00, 0x00, 0x00, 0x00, 0x00, 0xFF, 0xFF, 0x00, 0x00, 0x00, 0x00, 0x00, 0x00,
0x00, 0x00, 0x00, 0xFF, 0xFF, 0x00, 0x00, 0x00, 0x00, 0x00, 0x00, 0x00, 0x00, 0x00, 0xFF, 0xFF,
0x00, 0x00, 0x00, 0x00, 0x00, 0x00, 0x00, 0x00, 0x00, 0xFF, 0xFF, 0xFF, 0xFF, 0xFF, 0xFF, 0xFF,
0xFF, 0xFF, 0xFF, 0xFF, 0xFF, 0xFF, 0xFF, 0xFF, 0xFF, 0xFF, 0xFF, 0xFF, 0xFF, 0xFF, 0xFF, 0x00,
0x00, 0xE9, 0x25, 0x00, 0x00, 0x00, 0x2A, 0xE8, 0x00, 0x00, 0x00, 0x00, 0xB8, 0xC0, 0x2A, 0x07,
0x2C, 0xC7, 0xB7, 0x00, 0x00, 0x00, 0x00, 0x46, 0xFF, 0xFF, 0xFF, 0xFF, 0xFF, 0x43, 0x00, 0x00,
0x00, 0x00, 0x00, 0x5A, 0xD3, 0xF5, 0xD2, 0x57, 0x00, 0x00, 0x00, 0x00, 0x00, 0x00, 0x00, 0x00,
0x00, 0x00, 0x00, 0x00, 0x00, 0x00, 0x00, 0x00, 0x00, 0x00, 0x00, 0x00, 0x00, 0x00, 0x00, 0x00,
0x00, 0x00, 0x00, 0x14, 0x89, 0xD7, 0xF7, 0xF1, 0xC1, 0x55, 0x00, 0x00, 0x00, 0x30, 0xE8, 0xFF,
0xFF, 0xFF, 0xFF, 0xFF, 0xFF, 0x88, 0x00, 0x0D, 0xE0, 0xFF, 0xA2, 0x30, 0x0A, 0x1C, 0x6C, 0xF3,
0xFF, 0x41, 0x73, 0xFF, 0x9B, 0x00, 0x00, 0x00, 0x00, 0x00, 0x68, 0xFF, 0xAC, 0xC3, 0xFF, 0x28,
0x00, 0x00, 0x00, 0x00, 0x00, 0x18, 0xFF, 0xE4, 0xEE, 0xFF, 0xFC, 0xFC, 0xFD, 0xFD, 0xFE, 0xFE,
0xFF, 0xFF, 0xFA, 0xFC, 0xFF, 0xFF, 0xFF, 0xFF, 0xFF, 0xFF, 0xFF, 0xFF, 0xFF, 0xFF, 0xEF, 0xF3,
0x00, 0x00, 0x00, 0x00, 0x00, 0x00, 0x00, 0x00, 0x00, 0xC7, 0xFF, 0x20, 0x00, 0x00, 0x00, 0x00,
0x00, 0x00, 0x00, 0x00, 0x7C, 0xFF, 0x98, 0x00, 0x00, 0x00, 0x00, 0x00, 0x00, 0x00, 0x00, 0x14,
0xEA, 0xFF, 0x9E, 0x2D, 0x06, 0x15, 0x37, 0x7C, 0xD3, 0x00, 0x00, 0x3F, 0xF1, 0xFF, 0xFF, 0xFF,
0xFF, 0xFF, 0xFF, 0xFF, 0x00, 0x00, 0x00, 0x1E, 0x93, 0xDC, 0xF8, 0xEC, 0xCB, 0x87, 0x2C, 0x00,
0x00, 0x00, 0x00, 0x00, 0x00, 0xFF, 0xFF, 0x00, 0x00, 0x00, 0x00, 0x00, 0x00, 0x00, 0x00, 0x00,
0xFF, 0xFF, 0x00, 0x00, 0x00, 0x00, 0x00, 0x00, 0x00, 0x00, 0x00, 0x00, 0x00, 0x00, 0x00, 0x00,
0x00, 0x00, 0x00, 0x00, 0x00, 0x00, 0x00, 0x00, 0x00, 0x00, 0x00, 0x00, 0xFF, 0xFF, 0xFF, 0xFF,
0xFF, 0xFF, 0xFF, 0xFF, 0xFF, 0xFF, 0xFF, 0xFF, 0xFF, 0xFF, 0xFF, 0xFF, 0xFF, 0xFF, 0xFF, 0xFF,
0xFF, 0xFF, 0xFF, 0xFF, 0x00, 0x00, 0x00, 0x00, 0x00, 0x00, 0x00, 0x00, 0x00, 0xFF, 0xFF, 0x00,
0x00, 0x00, 0x00, 0x00, 0x00, 0x00, 0x00, 0x00, 0xFF, 0xFF, 0x00, 0x00, 0x00, 0x00, 0x00, 0x00,
0x00, 0x00, 0x00, 0xFF, 0xFF, 0x00, 0x00, 0x00, 0x00, 0x00, 0x00, 0x00, 0x00, 0x00, 0xFF, 0xFF,
0x00, 0x00, 0x00, 0x00, 0x00, 0x00, 0x00, 0x00, 0x00, 0xFF, 0xFF, 0x00, 0x00, 0x00, 0x00, 0x00,
0x00, 0x00, 0x00, 0x00, 0xFF, 0xFF, 0xFF, 0xFF, 0xFF, 0xFF, 0xFF, 0xFF, 0xFF, 0xFF, 0x00, 0xFF,
0xFF, 0xFF, 0xFF, 0xFF, 0xFF, 0xFF, 0xFF, 0xFF, 0xFF, 0x00, 0xFF, 0xFF, 0x00, 0x00, 0x00, 0x00,
0x00, 0x00, 0x00, 0x00, 0x00, 0xFF, 0xFF, 0x00, 0x00, 0x00, 0x00, 0x00, 0x00, 0x00, 0x00, 0x00,
0xFF, 0xFF, 0x00, 0x00, 0x00, 0x00, 0x00, 0x00, 0x00, 0x00, 0x00, 0xFF, 0xFF, 0x00, 0x00, 0x00,
0x00, 0x00, 0x00, 0x00, 0x00, 0x00, 0xFF, 0xFF, 0x00, 0x00, 0x00, 0x00, 0x00, 0x00, 0x00, 0x00,
0x00, 0xFF, 0xFF, 0x00, 0x00, 0x00, 0x00, 0x00, 0x00, 0x00, 0x00, 0x00, 0xFF, 0xFF, 0xFF, 0xFF,
0xFF, 0xFF, 0xFF, 0xFF, 0xFF, 0xFF, 0xFF, 0xFF, 0xFF, 0xFF, 0xFF, 0xFF, 0xFF, 0xFF, 0xFF, 0xFF,
0xFF, 0xFF, 0x00, 0x00, 0x00, 0x00, 0xFF, 0xFF, 0x00, 0x00, 0x00, 0x00, 0x00, 0x00, 0x00, 0x00,
0x00, 0xFF, 0xFF, 0x00, 0x00, 0x00, 0x00, 0x00, 0x00, 0x00, 0x00, 0x00, 0x00, 0x00, 0x00, 0x00,
0x00, 0x00, 0x00, 0x00, 0x00, 0x00, 0x00, 0x00, 0x00, 0x00, 0x00, 0x00, 0x00, 0x00, 0x00, 0x00,
0x00, 0x00, 0x00, 0x00, 0x00, 0x00, 0x00, 0x00, 0x00, 0x00, 0x00, 0x14, 0x89, 0xD7, 0xF7, 0xF1,
0xC1, 0x55, 0x00, 0x00, 0x00, 0x30, 0xE8, 0xFF, 0xFF, 0xFF, 0xFF, 0xFF, 0xFF, 0x88, 0x00, 0x0D,
0xE0, 0xFF, 0xA2, 0x30, 0x0A, 0x1C, 0x6C, 0xF3, 0xFF, 0x41, 0x73, 0xFF, 0x9B, 0x00, 0x00, 0x00,
0x00, 0x00, 0x68, 0xFF, 0xAC, 0xC3, 0xFF, 0x28, 0x00, 0x00, 0x00, 0x00, 0x00, 0x18, 0xFF, 0xE4,
0xEE, 0xFF, 0xFC, 0xFC, 0xFD, 0xFD, 0xFE, 0xFE, 0xFF, 0xFF, 0xFA, 0xFC, 0xFF, 0xFF, 0xFF, 0xFF,
0xFF, 0xFF, 0xFF, 0xFF, 0xFF, 0xFF, 0xEF, 0xF3, 0x00, 0x00, 0x00, 0x00, 0x00, 0x00, 0x00, 0x00,
0x00, 0xC7, 0xFF, 0x20, 0x00, 0x00, 0x00, 0x00, 0x00, 0x00, 0x00, 0x00, 0x7C, 0xFF, 0x98, 0x00,
0x00, 0x00, 0x00, 0x00, 0x00, 0x00, 0x00, 0x14, 0xEA, 0xFF, 0x9E, 0x2D, 0x06, 0x15, 0x37, 0x7C,
0xD3, 0x00, 0x00, 0x3F, 0xF1, 0xFF, 0xFF, 0xFF, 0xFF, 0xFF, 0xFF, 0xFF, 0x00, 0x00, 0x00, 0x1E,
0x93, 0xDC, 0xF8, 0xEC, 0xCB, 0x87, 0x2C, 0x00, 0xFF, 0xFF, 0xFF, 0xFF, 0xFF, 0xFF, 0xFF, 0xFF,
0xFF, 0xFF, 0xFF, 0x00, 0xFF, 0xFF, 0xFF, 0xFF, 0xFF, 0xFF, 0xFF, 0xFF, 0xFF, 0xFF, 0xFF, 0x00,
0xFF, 0xFF, 0x00, 0x00, 0x00, 0x00, 0x00, 0x00, 0x00, 0x00, 0x00, 0x00, 0xFF, 0xFF, 0x00, 0x00,
0x00, 0x00, 0x00, 0x00, 0x00, 0x00, 0x00, 0x00, 0xFF, 0xFF, 0x00, 0x00, 0x00, 0x00, 0x00, 0x00,
0x00, 0x00, 0x00, 0x00, 0xFF, 0xFF, 0x00, 0x00, 0x00, 0x00, 0x00, 0x00, 0x00, 0x00, 0x00, 0x00,
0xFF, 0xFF, 0x00, 0x00, 0x00, 0x00, 0x00, 0x00, 0x00, 0x00, 0x00, 0x00, 0xFF, 0xFF, 0x00, 0x00,
0x00, 0x00, 0x00, 0x00, 0x00, 0x00, 0x00, 0x00, 0xFF, 0xFF, 0xFF, 0xFF, 0xFF, 0xFF, 0xFF, 0xFF,
0xFF, 0xFF, 0x00, 0x00, 0xFF, 0xFF, 0xFF, 0xFF, 0xFF, 0xFF, 0xFF, 0xFF, 0xFF, 0xFF, 0x00, 0x00,
0xFF, 0xFF, 0x00, 0x00, 0x00, 0x00, 0x00, 0x00, 0x00, 0x00, 0x00, 0x00, 0xFF, 0xFF, 0x00, 0x00,
0x00, 0x00, 0x00, 0x00, 0x00, 0x00, 0x00, 0x00, 0xFF, 0xFF, 0x00, 0x00, 0x00, 0x00, 0x00, 0x00,
0x00, 0x00, 0x00, 0x00, 0xFF, 0xFF, 0x00, 0x00, 0x00, 0x00, 0x00, 0x00, 0x00, 0x00, 0x00, 0x00,
0xFF, 0xFF, 0x00, 0x00, 0x00, 0x00, 0x00, 0x00, 0x00, 0x00, 0x00, 0x00, 0xFF, 0xFF, 0x00, 0x00,
0x00, 0x00, 0x00, 0x00, 0x00, 0x00, 0x00, 0x00, 0xFF, 0xFF, 0xFF, 0xFF, 0xFF, 0xFF, 0xFF, 0xFF,
0xFF, 0xFF, 0xFF, 0x00, 0xFF, 0xFF, 0xFF, 0xFF, 0xFF, 0xFF, 0xFF, 0xFF, 0xFF, 0xFF, 0xFF, 0x00,
0x00, 0x00, 0x00, 0x00, 0x00, 0x00, 0x00, 0x00, 0x4A, 0xFF, 0x00, 0x00, 0x00, 0x00, 0x00, 0x00,
0x00, 0x00, 0x00, 0x00, 0xBF, 0xFF, 0x00, 0x00, 0x00, 0x00, 0x00, 0x00, 0x00, 0x00, 0x00, 0x00,
0xF2, 0xFF, 0x34, 0x00, 0x00, 0x00, 0x00, 0x00, 0x00, 0x00, 0x00, 0x00, 0xDE, 0xFF, 0xFF, 0xFF,
0x00, 0x00, 0x00, 0x00, 0x00, 0x00, 0x00, 0x00, 0x48, 0xD7, 0xF8, 0xD4, 0x00, 0x00, 0x14, 0x89,
0xD7, 0xF7, 0xF1, 0xC1, 0x55, 0x00, 0x00, 0x00, 0x30, 0xE8, 0xFF, 0xFF, 0xFF, 0xFF, 0xFF, 0xFF,
0x88, 0x00, 0x0D, 0xE0, 0xFF, 0xA2, 0x30, 0x0A, 0x1C, 0x6C, 0xF3, 0xFF, 0x41, 0x73, 0xFF, 0x9B,
0x00, 0x00, 0x00, 0x00, 0x00, 0x68, 0xFF, 0xAC, 0xC3, 0xFF, 0x28, 0x00, 0x00, 0x00, 0x00, 0x00,
0x18, 0xFF, 0xE4, 0xEE, 0xFF, 0xFC, 0xFC, 0xFD, 0xFD, 0xFE, 0xFE, 0xFF, 0xFF, 0xFA, 0xFC, 0xFF,
0xFF, 0xFF, 0xFF, 0xFF, 0xFF, 0xFF, 0xFF, 0xFF, 0xFF, 0xEF, 0xF3, 0x00, 0x00, 0x00, 0x00, 0x00,
0x00, 0x00, 0x00, 0x00, 0xC7, 0xFF, 0x20, 0x00, 0x00, 0x00, 0x00, 0x00, 0x00, 0x00, 0x00, 0x7C,
0xFF, 0x98, 0x00, 0x00, 0x00, 0x00, 0x00, 0x00, 0x00, 0x00, 0x14, 0xEA, 0xFF, 0x9E, 0x2D, 0x06,
0x15, 0x37, 0x7C, 0xD3, 0x00, 0x00, 0x3F, 0xF1, 0xFF, 0xFF, 0xFF, 0xFF, 0xFF, 0xFF, 0xFF, 0x00,
0x00, 0x00, 0x1E, 0x93, 0xDC, 0xF8, 0xEC, 0xCB, 0x87, 0x2C, 0x00, 0x00, 0x00, 0x00, 0x00, 0x00,
0x00, 0x4A, 0xFF, 0x00, 0x00, 0x00, 0x00, 0x00, 0x00, 0x00, 0x00, 0x00, 0xBF, 0xFF, 0x00, 0x00,
0x00, 0x00, 0x00, 0x00, 0x00, 0x00, 0x00, 0xF2, 0xFF, 0x34, 0x00, 0x00, 0x00, 0x00, 0x00, 0x00,
0x00, 0x00, 0xDE, 0xFF, 0xFF, 0xFF, 0x00, 0x00, 0x00, 0x00, 0x00, 0x00, 0x00, 0x48, 0xD7, 0xF8,
0xD4, 0x00, 0x00, 0x00, 0x00, 0x99, 0xEB, 0x29, 0x00, 0x28, 0xE9, 0x98, 0x00, 0x00, 0x00, 0x00,
0x06, 0xC4, 0xE4, 0x43, 0xE4, 0xC4, 0x05, 0x00, 0x00, 0x00, 0x00, 0x00, 0x17, 0xE3, 0xFF, 0xE3,
0x17, 0x00, 0x00, 0x00, 0x00, 0x00, 0x00, 0x00, 0x00, 0x00, 0x00, 0x00, 0x00, 0x00, 0xFF, 0xFF,
0xFF, 0xFF, 0xFF, 0xFF, 0xFF, 0xFF, 0xFF, 0xFF, 0xFF, 0xFF, 0xFF, 0xFF, 0xFF, 0xFF, 0xFF, 0xFF,
0xFF, 0xFF, 0xFF, 0xFF, 0xFF, 0xFF, 0x00, 0x00, 0x00, 0x00, 0x00, 0x00, 0x00, 0x00, 0x00, 0xFF,
0xFF, 0x00, 0x00, 0x00, 0x00, 0x00, 0x00, 0x00, 0x00, 0x00, 0xFF, 0xFF, 0x00, 0x00, 0x00, 0x00,
0x00, 0x00, 0x00, 0x00, 0x00, 0xFF, 0xFF, 0x00, 0x00, 0x00, 0x00, 0x00, 0x00, 0x00, 0x00, 0x00,
0xFF, 0xFF, 0x00, 0x00, 0x00, 0x00, 0x00, 0x00, 0x00, 0x00, 0x00, 0xFF, 0xFF, 0x00, 0x00, 0x00,
0x00, 0x00, 0x00, 0x00, 0x00, 0x00, 0xFF, 0xFF, 0xFF, 0xFF, 0xFF, 0xFF, 0xFF, 0xFF, 0xFF, 0xFF,
0x00, 0xFF, 0xFF, 0xFF, 0xFF, 0xFF, 0xFF, 0xFF, 0xFF, 0xFF, 0xFF, 0x00, 0xFF, 0xFF, 0x00, 0x00,
0x00, 0x00, 0x00, 0x00, 0x00, 0x00, 0x00, 0xFF, 0xFF, 0x00, 0x00, 0x00, 0x00, 0x00, 0x00, 0x00,
0x00, 0x00, 0xFF, 0xFF, 0x00, 0x00, 0x00, 0x00, 0x00, 0x00, 0x00, 0x00, 0x00, 0xFF, 0xFF, 0x00,
0x00, 0x00, 0x00, 0x00, 0x00, 0x00, 0x00, 0x00, 0xFF, 0xFF, 0x00, 0x00, 0x00, 0x00, 0x00, 0x00,
0x00, 0x00, 0x00, 0xFF, 0xFF, 0x00, 0x00, 0x00, 0x00, 0x00, 0x00, 0x00, 0x00, 0x00, 0xFF, 0xFF,
0xFF, 0xFF, 0xFF, 0xFF, 0xFF, 0xFF, 0xFF, 0xFF, 0xFF, 0xFF, 0xFF, 0xFF, 0xFF, 0xFF, 0xFF, 0xFF,
0xFF, 0xFF, 0xFF, 0xFF, 0x00, 0xAA, 0xDA, 0x0D, 0x00, 0x0C, 0xD8, 0xA9, 0x00, 0x00, 0x00, 0x00,
0x14, 0xE9, 0xA9, 0x00, 0xA7, 0xE9, 0x14, 0x00, 0x00, 0x00, 0x00, 0x00, 0x52, 0xFF, 0xB8, 0xFF,
0x51, 0x00, 0x00, 0x00, 0x00, 0x00, 0x00, 0x00, 0xA6, 0xFF, 0xA5, 0x00, 0x00, 0x00, 0x00, 0x00,
0x00, 0x00, 0x00, 0x00, 0x00, 0x00, 0x00, 0x00, 0x00, 0x00, 0x00, 0x00, 0x00, 0x00, 0x00, 0x00,
0x00, 0x00, 0x00, 0x00, 0x00, 0x00, 0x00, 0x00, 0x14, 0x89, 0xD7, 0xF7, 0xF1, 0xC1, 0x55, 0x00,
0x00, 0x00, 0x30, 0xE8, 0xFF, 0xFF, 0xFF, 0xFF, 0xFF, 0xFF, 0x88, 0x00, 0x0D, 0xE0, 0xFF, 0xA2,
0x30, 0x0A, 0x1C, 0x6C, 0xF3, 0xFF, 0x41, 0x73, 0xFF, 0x9B, 0x00, 0x00, 0x00, 0x00, 0x00, 0x68,
0xFF, 0xAC, 0xC3, 0xFF, 0x28, 0x00, 0x00, 0x00, 0x00, 0x00, 0x18, 0xFF, 0xE4, 0xEE, 0xFF, 0xFC,
0xFC, 0xFD, 0xFD, 0xFE, 0xFE, 0xFF, 0xFF, 0xFA, 0xFC, 0xFF, 0xFF, 0xFF, 0xFF, 0xFF, 0xFF, 0xFF,
0xFF, 0xFF, 0xFF, 0xEF, 0xF3, 0x00, 0x00, 0x00, 0x00, 0x00, 0x00, 0x00, 0x00, 0x00, 0xC7, 0xFF,
0x20, 0x00, 0x00, 0x00, 0x00, 0x00, 0x00, 0x00, 0x00, 0x7C, 0xFF, 0x98, 0x00, 0x00, 0x00, 0x00,
0x00, 0x00, 0x00, 0x00, 0x14, 0xEA, 0xFF, 0x9E, 0x2D, 0x06, 0x15, 0x37, 0x7C, 0xD3, 0x00, 0x00,
0x3F, 0xF1, 0xFF, 0xFF, 0xFF, 0xFF, 0xFF, 0xFF, 0xFF, 0x00, 0x00, 0x00, 0x1E, 0x93, 0xDC, 0xF8,
0xEC, 0xCB, 0x87, 0x2C, 0x00, 0x00, 0x00, 0x00, 0x00, 0x17, 0xE3, 0xFF, 0xE3, 0x17, 0x00, 0x00,
0x00, 0x00, 0x00, 0x00, 0x05, 0xC4, 0xE5, 0x43, 0xE4, 0xC3, 0x05, 0x00, 0x00, 0x00, 0x00, 0x00,
0x99, 0xEB, 0x29, 0x00, 0x28, 0xE9, 0x98, 0x00, 0x00, 0x00, 0x00, 0x00, 0x00, 0x00, 0x00, 0x00,
0x00, 0x00, 0x00, 0x00, 0x00, 0x00, 0x00, 0x00, 0x1C, 0x8B, 0xD5, 0xF3, 0xF0, 0xD1, 0x95, 0x31,
0x00, 0x00, 0x00, 0x50, 0xF2, 0xFF, 0xFF, 0xFF, 0xFF, 0xFF, 0xFF, 0xFF, 0x00, 0x00, 0x3B, 0xFA,
0xFD, 0x94, 0x2E, 0x08, 0x15, 0x32, 0x68, 0xC6, 0x00, 0x02, 0xD5, 0xFF, 0x6B, 0x00, 0x00, 0x00,
0x00, 0x00, 0x00, 0x00, 0x00, 0x46, 0xFF, 0xCB, 0x00, 0x00, 0x00, 0x00, 0x00, 0x00, 0x00, 0x00,
0x00, 0x97, 0xFF, 0x6E, 0x00, 0x00, 0x00, 0x00, 0x00, 0x00, 0x00, 0x00, 0x00, 0xCA, 0xFF, 0x35,
0x00, 0x00, 0x00, 0x00, 0x00, 0x00, 0x00, 0x00, 0x00, 0xEB, 0xFF, 0x12, 0x00, 0x00, 0x00, 0x00,
0x00, 0x00, 0x00, 0x00, 0x00, 0xF9, 0xFF, 0x05, 0x00, 0x00, 0x00, 0x00, 0x00, 0x00, 0x00, 0x00,
0x00, 0xF9, 0xFF, 0x05, 0x00, 0x00, 0x00, 0x00, 0xFF, 0xFF, 0xFF, 0xFF, 0xFF, 0xEA, 0xFF, 0x13,
0x00, 0x00, 0x00, 0x00, 0xFF, 0xFF, 0xFF, 0xFF, 0xFF, 0xC9, 0xFF, 0x37, 0x00, 0x00, 0x00, 0x00,
0x00, 0x00, 0x00, 0xFF, 0xFF, 0x95, 0xFF, 0x72, 0x00, 0x00, 0x00, 0x00, 0x00, 0x00, 0x00, 0xFF,
0xFF, 0x42, 0xFF, 0xD2, 0x02, 0x00, 0x00, 0x00, 0x00, 0x00, 0x00, 0xFF, 0xFF, 0x01, 0xD0, 0xFF,
0x7E, 0x00, 0x00, 0x00, 0x00, 0x00, 0x00, 0xFF, 0xFF, 0x00, 0x35, 0xF8, 0xFF, 0xAA, 0x3E, 0x0F,
0x08, 0x23, 0x78, 0xFF, 0xFF, 0x00, 0x00, 0x47, 0xEE, 0xFF, 0xFF, 0xFF, 0xFF, 0xFF, 0xFF, 0xFE,
0x89, 0x00, 0x00, 0x00, 0x15, 0x83, 0xCF, 0xF0, 0xF8, 0xDE, 0x9D, 0x30, 0x00, 0x00, 0x00, 0x00,
0xA7, 0xFF, 0xA5, 0x00, 0x00, 0x00, 0x00, 0x00, 0x00, 0x00, 0x52, 0xFF, 0xB8, 0xFF, 0x51, 0x00,
0x00, 0x00, 0x00, 0x00, 0x14, 0xE9, 0xA9, 0x00, 0xA8, 0xE9, 0x14, 0x00, 0x00, 0x00, 0x00, 0xAA,
0xDA, 0x0D, 0x00, 0x0C, 0xD8, 0xA9, 0x00, 0x00, 0x00, 0x00, 0x00, 0x00, 0x00, 0x00, 0x00, 0x00,
0x00, 0x00, 0x00, 0x00, 0x00, 0x00, 0x00, 0x00, 0x00, 0x00, 0x00, 0x00, 0x00, 0x00, 0x00, 0x00,
0x00, 0x33, 0xAF, 0xEC, 0xF6, 0xD2, 0x66, 0x00, 0xFF, 0xFF, 0x00, 0x51, 0xFB, 0xFF, 0xFF, 0xFF,
0xFF, 0xFF, 0x80, 0xFF, 0xFF, 0x1A, 0xF1, 0xFF, 0xA3, 0x28, 0x06, 0x21, 0x96, 0xFB, 0xFF, 0xFF,
0x82, 0xFF, 0xB3, 0x00, 0x00, 0x00, 0x00, 0x00, 0xAB, 0xFF, 0xFF, 0xCA, 0xFF, 0x43, 0x00, 0x00,
0x00, 0x00, 0x00, 0x40, 0xFF, 0xFF, 0xF0, 0xFF, 0x10, 0x00, 0x00, 0x00, 0x00, 0x00, 0x10, 0xFF,
0xFF, 0xFC, 0xFF, 0x03, 0x00, 0x00, 0x00, 0x00, 0x00, 0x03, 0xFF, 0xFF, 0xF0, 0xFF, 0x11, 0x00,
0x00, 0x00, 0x00, 0x00, 0x11, 0xFF, 0xFF, 0xCA, 0xFF, 0x45, 0x00, 0x00, 0x00, 0x00, 0x00, 0x42,
0xFF, 0xFF, 0x82, 0xFF, 0xB5, 0x00, 0x00, 0x00, 0x00, 0x00, 0xAD, 0xFF, 0xFF, 0x1A, 0xF2, 0xFF,
0xA5, 0x28, 0x05, 0x20, 0x97, 0xF6, 0xFF, 0xFF, 0x00, 0x52, 0xFB, 0xFF, 0xFF, 0xFF, 0xFF, 0xFF,
0x75, 0xFF, 0xFF, 0x00, 0x00, 0x34, 0xAF, 0xED, 0xF7, 0xD1, 0x62, 0x04, 0xFF, 0xF6, 0x00, 0x00,
0x00, 0x00, 0x00, 0x00, 0x00, 0x00, 0x1F, 0xFF, 0xDC, 0x00, 0x00, 0x00, 0x00, 0x00, 0x00, 0x00,
0x00, 0x7A, 0xFF, 0x9E, 0x00, 0xD0, 0x79, 0x38, 0x17, 0x05, 0x20, 0x7A, 0xF9, 0xFC, 0x31, 0x00,
0xFF, 0xFF, 0xFF, 0xFF, 0xFF, 0xFF, 0xFF, 0xFD, 0x6B, 0x00, 0x00, 0x2E, 0x8A, 0xCD, 0xEE, 0xF9,
0xE1, 0xA3, 0x35, 0x00, 0x00, 0x00, 0x00, 0x00, 0x00, 0xE1, 0x79, 0x17, 0x04, 0x17, 0x7B, 0xE0,
0x00, 0x00, 0x00, 0x00, 0x00, 0x86, 0xFF, 0xFF, 0xFF, 0xFF, 0xFF, 0x81, 0x00, 0x00, 0x00, 0x00,
0x00, 0x05, 0x83, 0xDE, 0xF7, 0xDD, 0x7F, 0x04, 0x00, 0x00, 0x00, 0x00, 0x00, 0x00, 0x00, 0x00,
0x00, 0x00, 0x00, 0x00, 0x00, 0x00, 0x00, 0x00, 0x1C, 0x8B, 0xD5, 0xF3, 0xF0, 0xD1, 0x95, 0x31,
0x00, 0x00, 0x00, 0x50, 0xF2, 0xFF, 0xFF, 0xFF, 0xFF, 0xFF, 0xFF, 0xFF, 0x00, 0x00, 0x3B, 0xFA,
0xFD, 0x94, 0x2E, 0x08, 0x15, 0x32, 0x68, 0xC6, 0x00, 0x02, 0xD5, 0xFF, 0x6B, 0x00, 0x00, 0x00,
0x00, 0x00, 0x00, 0x00, 0x00, 0x46, 0xFF, 0xCB, 0x00, 0x00, 0x00, 0x00, 0x00, 0x00, 0x00, 0x00,
0x00, 0x97, 0xFF, 0x6E, 0x00, 0x00, 0x00, 0x00, 0x00, 0x00, 0x00, 0x00, 0x00, 0xCA, 0xFF, 0x35,
0x00, 0x00, 0x00, 0x00, 0x00, 0x00, 0x00, 0x00, 0x00, 0xEB, 0xFF, 0x12, 0x00, 0x00, 0x00, 0x00,
0x00, 0x00, 0x00, 0x00, 0x00, 0xF9, 0xFF, 0x05, 0x00, 0x00, 0x00, 0x00, 0x00, 0x00, 0x00, 0x00,
0x00, 0xF9, 0xFF, 0x05, 0x00, 0x00, 0x00, 0x00, 0xFF, 0xFF, 0xFF, 0xFF, 0xFF, 0xEA, 0xFF, 0x13,
0x00, 0x00, 0x00, 0x00, 0xFF, 0xFF, 0xFF, 0xFF, 0xFF, 0xC9, 0xFF, 0x37, 0x00, 0x00, 0x00, 0x00,
0x00, 0x00, 0x00, 0xFF, 0xFF, 0x95, 0xFF, 0x72, 0x00, 0x00, 0x00, 0x00, 0x00, 0x00, 0x00, 0xFF,
0xFF, 0x42, 0xFF, 0xD2, 0x02, 0x00, 0x00, 0x00, 0x00, 0x00, 0x00, 0xFF, 0xFF, 0x01, 0xD0, 0xFF,
0x7E, 0x00, 0x00, 0x00, 0x00, 0x00, 0x00, 0xFF, 0xFF, 0x00, 0x35, 0xF8, 0xFF, 0xAA, 0x3E, 0x0F,
0x08, 0x23, 0x78, 0xFF, 0xFF, 0x00, 0x00, 0x47, 0xEE, 0xFF, 0xFF, 0xFF, 0xFF, 0xFF, 0xFF, 0xFE,
0x89, 0x00, 0x00, 0x00, 0x15, 0x83, 0xCF, 0xF0, 0xF8, 0xDE, 0x9D, 0x30, 0x00, 0x00, 0x00, 0xE9,
0x25, 0x00, 0x00, 0x00, 0x2A, 0xE8, 0x00, 0x00, 0x00, 0x00, 0xB8, 0xC0, 0x2A, 0x07, 0x2C, 0xC7,
0xB7, 0x00, 0x00, 0x00, 0x00, 0x46, 0xFF, 0xFF, 0xFF, 0xFF, 0xFF, 0x43, 0x00, 0x00, 0x00, 0x00,
0x00, 0x5A, 0xD3, 0xF5, 0xD2, 0x57, 0x00, 0x00, 0x00, 0x00, 0x00, 0x00, 0x00, 0x00, 0x00, 0x00,
0x00, 0x00, 0x00, 0x00, 0x00, 0x00, 0x00, 0x00, 0x00, 0x00, 0x00, 0x00, 0x00, 0x00, 0x00, 0x00,
0x00, 0x33, 0xAF, 0xEC, 0xF6, 0xD2, 0x66, 0x00, 0xFF, 0xFF, 0x00, 0x51, 0xFB, 0xFF, 0xFF, 0xFF,
0xFF, 0xFF, 0x80, 0xFF, 0xFF, 0x1A, 0xF1, 0xFF, 0xA3, 0x28, 0x06, 0x21, 0x96, 0xFB, 0xFF, 0xFF,
0x82, 0xFF, 0xB3, 0x00, 0x00, 0x00, 0x00, 0x00, 0xAB, 0xFF, 0xFF, 0xCA, 0xFF, 0x43, 0x00, 0x00,
0x00, 0x00, 0x00, 0x40, 0xFF, 0xFF, 0xF0, 0xFF, 0x10, 0x00, 0x00, 0x00, 0x00, 0x00, 0x10, 0xFF,
0xFF, 0xFC, 0xFF, 0x03, 0x00, 0x00, 0x00, 0x00, 0x00, 0x03, 0xFF, 0xFF, 0xF0, 0xFF, 0x11, 0x00,
0x00, 0x00, 0x00, 0x00, 0x11, 0xFF, 0xFF, 0xCA, 0xFF, 0x45, 0x00, 0x00, 0x00, 0x00, 0x00, 0x42,
0xFF, 0xFF, 0x82, 0xFF, 0xB5, 0x00, 0x00, 0x00, 0x00, 0x00, 0xAD, 0xFF, 0xFF, 0x1A, 0xF2, 0xFF,
0xA5, 0x28, 0x05, 0x20, 0x97, 0xF6, 0xFF, 0xFF, 0x00, 0x52, 0xFB, 0xFF, 0xFF, 0xFF, 0xFF, 0xFF,
0x75, 0xFF, 0xFF, 0x00, 0x00, 0x34, 0xAF, 0xED, 0xF7, 0xD1, 0x62, 0x04, 0xFF, 0xF6, 0x00, 0x00,
0x00, 0x00, 0x00, 0x00, 0x00, 0x00, 0x1F, 0xFF, 0xDC, 0x00, 0x00, 0x00, 0x00, 0x00, 0x00, 0x00,
0x00, 0x7A, 0xFF, 0x9E, 0x00, 0xD0, 0x79, 0x38, 0x17, 0x05, 0x20, 0x7A, 0xF9, 0xFC, 0x31, 0x00,
0xFF, 0xFF, 0xFF, 0xFF, 0xFF, 0xFF, 0xFF, 0xFD, 0x6B, 0x00, 0x00, 0x2E, 0x8A, 0xCD, 0xEE, 0xF9,
0xE1, 0xA3, 0x35, 0x00, 0x00, 0x00, 0x00, 0x00, 0x00, 0x00, 0x00, 0xFF, 0xFF, 0x00, 0x00, 0x00,
0x00, 0x00, 0x00, 0x00, 0x00, 0x00, 0x00, 0xFF, 0xFF, 0x00, 0x00, 0x00, 0x00, 0x00, 0x00, 0x00,
0x00, 0x00, 0x00, 0x00, 0x00, 0x00, 0x00, 0x00, 0x00, 0x00, 0x00, 0x00, 0x00, 0x00, 0x00, 0x00,
0x00, 0x00, 0x00, 0x00, 0x00, 0x00, 0x00, 0x00, 0x1C, 0x8B, 0xD5, 0xF3, 0xF0, 0xD1, 0x95, 0x31,
0x00, 0x00, 0x00, 0x50, 0xF2, 0xFF, 0xFF, 0xFF, 0xFF, 0xFF, 0xFF, 0xFF, 0x00, 0x00, 0x3B, 0xFA,
0xFD, 0x94, 0x2E, 0x08, 0x15, 0x32, 0x68, 0xC6, 0x00, 0x02, 0xD5, 0xFF, 0x6B, 0x00, 0x00, 0x00,
0x00, 0x00, 0x00, 0x00, 0x00, 0x46, 0xFF, 0xCB, 0x00, 0x00, 0x00, 0x00, 0x00, 0x00, 0x00, 0x00,
0x00, 0x97, 0xFF, 0x6E, 0x00, 0x00, 0x00, 0x00, 0x00, 0x00, 0x00, 0x00, 0x00, 0xCA, 0xFF, 0x35,
0x00, 0x00, 0x00, 0x00, 0x00, 0x00, 0x00, 0x00, 0x00, 0xEB, 0xFF, 0x12, 0x00, 0x00, 0x00, 0x00,
0x00, 0x00, 0x00, 0x00, 0x00, 0xF9, 0xFF, 0x05, 0x00, 0x00, 0x00, 0x00, 0x00, 0x00, 0x00, 0x00,
0x00, 0xF9, 0xFF, 0x05, 0x00, 0x00, 0x00, 0x00, 0xFF, 0xFF, 0xFF, 0xFF, 0xFF, 0xEA, 0xFF, 0x13,
0x00, 0x00, 0x00, 0x00, 0xFF, 0xFF, 0xFF, 0xFF, 0xFF, 0xC9, 0xFF, 0x37, 0x00, 0x00, 0x00, 0x00,
0x00, 0x00, 0x00, 0xFF, 0xFF, 0x95, 0xFF, 0x72, 0x00, 0x00, 0x00, 0x00, 0x00, 0x00, 0x00, 0xFF,
0xFF, 0x42, 0xFF, 0xD2, 0x02, 0x00, 0x00, 0x00, 0x00, 0x00, 0x00, 0xFF, 0xFF, 0x01, 0xD0, 0xFF,
0x7E, 0x00, 0x00, 0x00, 0x00, 0x00, 0x00, 0xFF, 0xFF, 0x00, 0x35, 0xF8, 0xFF, 0xAA, 0x3E, 0x0F,
0x08, 0x23, 0x78, 0xFF, 0xFF, 0x00, 0x00, 0x47, 0xEE, 0xFF, 0xFF, 0xFF, 0xFF, 0xFF, 0xFF, 0xFE,
0x89, 0x00, 0x00, 0x00, 0x15, 0x83, 0xCF, 0xF0, 0xF8, 0xDE, 0x9D, 0x30, 0x00, 0x00, 0x00, 0x00,
0x00, 0xFF, 0xFF, 0x00, 0x00, 0x00, 0x00, 0x00, 0x00, 0x00, 0x00, 0x00, 0xFF, 0xFF, 0x00, 0x00,
0x00, 0x00, 0x00, 0x00, 0x00, 0x00, 0x00, 0x00, 0x00, 0x00, 0x00, 0x00, 0x00, 0x00, 0x00, 0x00,
0x00, 0x00, 0x00, 0x00, 0x00, 0x00, 0x00, 0x00, 0x00, 0x00, 0x00, 0x00, 0x00, 0x00, 0x00, 0x00,
0x00, 0x00, 0x00, 0x00, 0x00, 0x00, 0x33, 0xAF, 0xEC, 0xF6, 0xD2, 0x66, 0x00, 0xFF, 0xFF, 0x00,
0x51, 0xFB, 0xFF, 0xFF, 0xFF, 0xFF, 0xFF, 0x80, 0xFF, 0xFF, 0x1A, 0xF1, 0xFF, 0xA3, 0x28, 0x06,
0x21, 0x96, 0xFB, 0xFF, 0xFF, 0x82, 0xFF, 0xB3, 0x00, 0x00, 0x00, 0x00, 0x00, 0xAB, 0xFF, 0xFF,
0xCA, 0xFF, 0x43, 0x00, 0x00, 0x00, 0x00, 0x00, 0x40, 0xFF, 0xFF, 0xF0, 0xFF, 0x10, 0x00, 0x00,
0x00, 0x00, 0x00, 0x10, 0xFF, 0xFF, 0xFC, 0xFF, 0x03, 0x00, 0x00, 0x00, 0x00, 0x00, 0x03, 0xFF,
0xFF, 0xF0, 0xFF, 0x11, 0x00, 0x00, 0x00, 0x00, 0x00, 0x11, 0xFF, 0xFF, 0xCA, 0xFF, 0x45, 0x00,
0x00, 0x00, 0x00, 0x00, 0x42, 0xFF, 0xFF, 0x82, 0xFF, 0xB5, 0x00, 0x00, 0x00, 0x00, 0x00, 0xAD,
0xFF, 0xFF, 0x1A, 0xF2, 0xFF, 0xA5, 0x28, 0x05, 0x20, 0x97, 0xF6, 0xFF, 0xFF, 0x00, 0x52, 0xFB,
0xFF, 0xFF, 0xFF, 0xFF, 0xFF, 0x75, 0xFF, 0xFF, 0x00, 0x00, 0x34, 0xAF, 0xED, 0xF7, 0xD1, 0x62,
0x04, 0xFF, 0xF6, 0x00, 0x00, 0x00, 0x00, 0x00, 0x00, 0x00, 0x00, 0x1F, 0xFF, 0xDC, 0x00, 0x00,
0x00, 0x00, 0x00, 0x00, 0x00, 0x00, 0x7A, 0xFF, 0x9E, 0x00, 0xD0, 0x79, 0x38, 0x17, 0x05, 0x20,
0x7A, 0xF9, 0xFC, 0x31, 0x00, 0xFF, 0xFF, 0xFF, 0xFF, 0xFF, 0xFF, 0xFF, 0xFD, 0x6B, 0x00, 0x00,
0x2E, 0x8A, 0xCD, 0xEE, 0xF9, 0xE1, 0xA3, 0x35, 0x00, 0x00, 0x00, 0x00, 0x00, 0x1C, 0x8B, 0xD5,
0xF3, 0xF0, 0xD1, 0x95, 0x31, 0x00, 0x00, 0x00, 0x50, 0xF2, 0xFF, 0xFF, 0xFF, 0xFF, 0xFF, 0xFF,
0xFF, 0x00, 0x00, 0x3B, 0xFA, 0xFD, 0x94, 0x2E, 0x08, 0x15, 0x32, 0x68, 0xC6, 0x00, 0x02, 0xD5,
0xFF, 0x6B, 0x00, 0x00, 0x00, 0x00, 0x00, 0x00, 0x00, 0x00, 0x46, 0xFF, 0xCB, 0x00, 0x00, 0x00,
0x00, 0x00, 0x00, 0x00, 0x00, 0x00, 0x97, 0xFF, 0x6E, 0x00, 0x00, 0x00, 0x00, 0x00, 0x00, 0x00,
0x00, 0x00, 0xCA, 0xFF, 0x35, 0x00, 0x00, 0x00, 0x00, 0x00, 0x00, 0x00, 0x00, 0x00, 0xEB, 0xFF,
0x12, 0x00, 0x00, 0x00, 0x00, 0x00, 0x00, 0x00, 0x00, 0x00, 0xF9, 0xFF, 0x05, 0x00, 0x00, 0x00,
0x00, 0x00, 0x00, 0x00, 0x00, 0x00, 0xF9, 0xFF, 0x05, 0x00, 0x00, 0x00, 0x00, 0xFF, 0xFF, 0xFF,
0xFF, 0xFF, 0xEA, 0xFF, 0x13, 0x00, 0x00, 0x00, 0x00, 0xFF, 0xFF, 0xFF, 0xFF, 0xFF, 0xC9, 0xFF,
0x37, 0x00, 0x00, 0x00, 0x00, 0x00, 0x00, 0x00, 0xFF, 0xFF, 0x95, 0xFF, 0x72, 0x00, 0x00, 0x00,
0x00, 0x00, 0x00, 0x00, 0xFF, 0xFF, 0x42, 0xFF, 0xD2, 0x02, 0x00, 0x00, 0x00, 0x00, 0x00, 0x00,
0xFF, 0xFF, 0x01, 0xD0, 0xFF, 0x7E, 0x00, 0x00, 0x00, 0x00, 0x00, 0x00, 0xFF, 0xFF, 0x00, 0x35,
0xF8, 0xFF, 0xAA, 0x3E, 0x0F, 0x08, 0x23, 0x78, 0xFF, 0xFF, 0x00, 0x00, 0x47, 0xEE, 0xFF, 0xFF,
0xFF, 0xFF, 0xFF, 0xFF, 0xFE, 0x89, 0x00, 0x00, 0x00, 0x15, 0x83, 0xCF, 0xF0, 0xF8, 0xDE, 0x9D,
0x30, 0x00, 0x00, 0x00, 0x00, 0x00, 0x00, 0x00, 0x00, 0x00, 0x00, 0x00, 0x00, 0x00, 0x00, 0x00,
0x00, 0x00, 0x00, 0x00, 0x00, 0x00, 0x00, 0x00, 0x00, 0x00, 0x00, 0x00, 0x00, 0x00, 0x00, 0x00,
0x0B, 0xF9, 0xFF, 0xB7, 0x00, 0x00, 0x00, 0x00, 0x00, 0x00, 0x00, 0x00, 0x4D, 0xFF, 0xFC, 0x2B,
0x00, 0x00, 0x00, 0x00, 0x00, 0x00, 0x00, 0x00, 0x95, 0xFF, 0x97, 0x00, 0x00, 0x00, 0x00, 0x00,
0x00, 0x00, 0x00, 0x00, 0xDC, 0xF1, 0x16, 0x00, 0x00, 0x00, 0x00, 0x00, 0x00, 0x00, 0x00, 0x27,
0x60, 0x21, 0x00, 0x00, 0x00, 0x00, 0x00, 0x00, 0x00, 0x00, 0xC8, 0xFF, 0x2A, 0x00, 0x00, 0x00,
0x00, 0x00, 0x00, 0x00, 0x54, 0xFF, 0xE3, 0x00, 0x00, 0x00, 0x00, 0x00, 0x00, 0x00, 0x04, 0xD9,
0xFF, 0x9E, 0x00, 0x00, 0x00, 0x00, 0x00, 0x00, 0x00, 0x37, 0xAC, 0xAC, 0x42, 0x00, 0x00, 0x00,
0x00, 0x00, 0x00, 0x00, 0x00, 0x00, 0x00, 0x00, 0x00, 0x00, 0x00, 0x00, 0x00, 0x00, 0x00, 0x00,
0x00, 0x00, 0x00, 0x00, 0x00, 0x00, 0x00, 0x00, 0x00, 0x33, 0xAF, 0xEC, 0xF6, 0xD2, 0x66, 0x00,
0xFF, 0xFF, 0x00, 0x51, 0xFB, 0xFF, 0xFF, 0xFF, 0xFF, 0xFF, 0x80, 0xFF, 0xFF, 0x1A, 0xF1, 0xFF,
0xA3, 0x28, 0x06, 0x21, 0x96, 0xFB, 0xFF, 0xFF, 0x82, 0xFF, 0xB3, 0x00, 0x00, 0x00, 0x00, 0x00,
0xAB, 0xFF, 0xFF, 0xCA, 0xFF, 0x43, 0x00, 0x00, 0x00, 0x00, 0x00, 0x40, 0xFF, 0xFF, 0xF0, 0xFF,
0x10, 0x00, 0x00, 0x00, 0x00, 0x00, 0x10, 0xFF, 0xFF, 0xFC, 0xFF, 0x03, 0x00, 0x00, 0x00, 0x00,
0x00, 0x03, 0xFF, 0xFF, 0xF0, 0xFF, 0x11, 0x00, 0x00, 0x00, 0x00, 0x00, 0x11, 0xFF, 0xFF, 0xCA,
0xFF, 0x45, 0x00, 0x00, 0x00, 0x00, 0x00, 0x42, 0xFF, 0xFF, 0x82, 0xFF, 0xB5, 0x00, 0x00, 0x00,
0x00, 0x00, 0xAD, 0xFF, 0xFF, 0x1A, 0xF2, 0xFF, 0xA5, 0x28, 0x05, 0x20, 0x97, 0xF6, 0xFF, 0xFF,
0x00, 0x52, 0xFB, 0xFF, 0xFF, 0xFF, 0xFF, 0xFF, 0x75, 0xFF, 0xFF, 0x00, 0x00, 0x34, 0xAF, 0xED,
0xF7, 0xD1, 0x62, 0x04, 0xFF, 0xF6, 0x00, 0x00, 0x00, 0x00, 0x00, 0x00, 0x00, 0x00, 0x1F, 0xFF,
0xDC, 0x00, 0x00, 0x00, 0x00, 0x00, 0x00, 0x00, 0x00, 0x7A, 0xFF, 0x9E, 0x00, 0xD0, 0x79, 0x38,
0x17, 0x05, 0x20, 0x7A, 0xF9, 0xFC, 0x31, 0x00, 0xFF, 0xFF, 0xFF, 0xFF, 0xFF, 0xFF, 0xFF, 0xFD,
0x6B, 0x00, 0x00, 0x2E, 0x8A, 0xCD, 0xEE, 0xF9, 0xE1, 0xA3, 0x35, 0x00, 0x00, 0x00, 0x00, 0x00,
0x17, 0xE3, 0xFF, 0xE3, 0x17, 0x00, 0x00, 0x00, 0x00, 0x00, 0x05, 0xC4, 0xE5, 0x43, 0xE4, 0xC3,
0x05, 0x00, 0x00, 0x00, 0x00, 0x99, 0xEB, 0x29, 0x00, 0x28, 0xE9, 0x98, 0x00, 0x00, 0x00, 0x00,
0x00, 0x00, 0x00, 0x00, 0x00, 0x00, 0x00, 0x00, 0x00, 0xFF, 0xFF, 0x00, 0x00, 0x00, 0x00, 0x00,
0x00, 0x00, 0xFF, 0xFF, 0xFF, 0xFF, 0x00, 0x00, 0x00, 0x00, 0x00, 0x00, 0x00, 0xFF, 0xFF, 0xFF,
0xFF, 0x00, 0x00, 0x00, 0x00, 0x00, 0x00, 0x00, 0xFF, 0xFF, 0xFF, 0xFF, 0x00, 0x00, 0x00, 0x00,
0x00, 0x00, 0x00, 0xFF, 0xFF, 0xFF, 0xFF, 0x00, 0x00, 0x00, 0x00, 0x00, 0x00, 0x00, 0xFF, 0xFF,
0xFF, 0xFF, 0x00, 0x00, 0x00, 0x00, 0x00, 0x00, 0x00, 0xFF, 0xFF, 0xFF, 0xFF, 0x00, 0x00, 0x00,
0x00, 0x00, 0x00, 0x00, 0xFF, 0xFF, 0xFF, 0xFF, 0x00, 0x00, 0x00, 0x00, 0x00, 0x00, 0x00, 0xFF,
0xFF, 0xFF, 0xFF, 0xFF, 0xFF, 0xFF, 0xFF, 0xFF, 0xFF, 0xFF, 0xFF, 0xFF, 0xFF, 0xFF, 0xFF, 0xFF,
0xFF, 0xFF, 0xFF, 0xFF, 0xFF, 0xFF, 0xFF, 0xFF, 0xFF, 0x00, 0x00, 0x00, 0x00, 0x00, 0x00, 0x00,
0xFF, 0xFF, 0xFF, 0xFF, 0x00, 0x00, 0x00, 0x00, 0x00, 0x00, 0x00, 0xFF, 0xFF, 0xFF, 0xFF, 0x00,
0x00, 0x00, 0x00, 0x00, 0x00, 0x00, 0xFF, 0xFF, 0xFF, 0xFF, 0x00, 0x00, 0x00, 0x00, 0x00, 0x00,
0x00, 0xFF, 0xFF, 0xFF, 0xFF, 0x00, 0x00, 0x00, 0x00, 0x00, 0x00, 0x00, 0xFF, 0xFF, 0xFF, 0xFF,
0x00, 0x00, 0x00, 0x00, 0x00, 0x00, 0x00, 0xFF, 0xFF, 0xFF, 0xFF, 0x00, 0x00, 0x00, 0x00, 0x00,
0x00, 0x00, 0xFF, 0xFF, 0xFF, 0xFF, 0x00, 0x00, 0x00, 0x00, 0x00, 0x00, 0x00, 0xFF, 0xFF, 0x00,
0x00, 0x00, 0x17, 0xE3, 0xFF, 0xE3, 0x17, 0x00, 0x00, 0x00, 0x00, 0x00, 0x05, 0xC4, 0xE5, 0x43,
0xE4, 0xC3, 0x05, 0x00, 0x00, 0x00, 0x00, 0x99, 0xEB, 0x29, 0x00, 0x28, 0xE9, 0x98, 0x00, 0x00,
0x00, 0x00, 0x00, 0x00, 0x00, 0x00, 0x00, 0x00, 0x00, 0x00, 0x00, 0xFF, 0xFF, 0x00, 0x00, 0x00,
0x00, 0x00, 0x00, 0x00, 0x00, 0x00, 0xFF, 0xFF, 0x00, 0x00, 0x00, 0x00, 0x00, 0x00, 0x00, 0x00,
0x00, 0xFF, 0xFF, 0x00, 0x00, 0x00, 0x00, 0x00, 0x00, 0x00, 0x00, 0x00, 0xFF, 0xFF, 0x00, 0x00,
0x00, 0x00, 0x00, 0x00, 0x00, 0x00, 0x00, 0xFF, 0xFF, 0x00, 0x00, 0x00, 0x00, 0x00, 0x00, 0x00,
0x00, 0x00, 0xFF, 0xFF, 0x00, 0x32, 0xA7, 0xE5, 0xFA, 0xE5, 0x9D, 0x1B, 0x00, 0xFF, 0xFF, 0x51,
0xF9, 0xFF, 0xFF, 0xFF, 0xFF, 0xFF, 0xE3, 0x13, 0xFF, 0xFF, 0xF1, 0xA5, 0x30, 0x07, 0x18, 0x5D,
0xEC, 0xFF, 0x89, 0xFF, 0xFF, 0xB4, 0x00, 0x00, 0x00, 0x00, 0x00, 0x5F, 0xFF, 0xD2, 0xFF, 0xFF,
0x3A, 0x00, 0x00, 0x00, 0x00, 0x00, 0x1A, 0xFF, 0xF3, 0xFF, 0xFF, 0x10, 0x00, 0x00, 0x00, 0x00,
0x00, 0x01, 0xFF, 0xFF, 0xFF, 0xFF, 0x00, 0x00, 0x00, 0x00, 0x00, 0x00, 0x00, 0xFF, 0xFF, 0xFF,
0xFF, 0x00, 0x00, 0x00, 0x00, 0x00, 0x00, 0x00, 0xFF, 0xFF, 0xFF, 0xFF, 0x00, 0x00, 0x00, 0x00,
0x00, 0x00, 0x00, 0xFF, 0xFF, 0xFF, 0xFF, 0x00, 0x00, 0x00, 0x00, 0x00, 0x00, 0x00, 0xFF, 0xFF,
0xFF, 0xFF, 0x00, 0x00, 0x00, 0x00, 0x00, 0x00, 0x00, 0xFF, 0xFF, 0xFF, 0xFF, 0x00, 0x00, 0x00,
0x00, 0x00, 0x00, 0x00, 0xFF, 0xFF, 0xFF, 0xFF, 0x00, 0x00, 0x00, 0x00, 0x00, 0x00, 0x00, 0xFF,
0xFF, 0x00, 0x00, 0xFF, 0xFF, 0x00, 0x00, 0x00, 0x00, 0x00, 0x00, 0x00, 0xFF, 0xFF, 0x00, 0x00,
0x00, 0x00, 0xFF, 0xFF, 0x00, 0x00, 0x00, 0x00, 0x00, 0x00, 0x00, 0xFF, 0xFF, 0x00, 0x00, 0x00,
0x00, 0xFF, 0xFF, 0x00, 0x00, 0x00, 0x00, 0x00, 0x00, 0x00, 0xFF, 0xFF, 0x00, 0x00, 0xFF, 0xFF,
0xFF, 0xFF, 0xFF, 0xFF, 0xFF, 0xFF, 0xFF, 0xFF, 0xFF, 0xFF, 0xFF, 0xFF, 0xFF, 0xFF, 0xFF, 0xFF,
0xFF, 0xFF, 0xFF, 0xFF, 0xFF, 0xFF, 0xFF, 0xFF, 0xFF, 0xFF, 0xFF, 0xFF, 0x00, 0x00, 0xFF, 0xFF,
0x00, 0x00, 0x00, 0x00, 0x00, 0x00, 0x00, 0xFF, 0xFF, 0x00, 0x00, 0x00, 0x00, 0xFF, 0xFF, 0x00,
0x00, 0x00, 0x00, 0x00, 0x00, 0x00, 0xFF, 0xFF, 0x00, 0x00, 0x00, 0x00, 0xFF, 0xFF, 0x00, 0x00,
0x00, 0x00, 0x00, 0x00, 0x00, 0xFF, 0xFF, 0x00, 0x00, 0x00, 0x00, 0xFF, 0xFF, 0xFF, 0xFF, 0xFF,
0xFF, 0xFF, 0xFF, 0xFF, 0xFF, 0xFF, 0x00, 0x00, 0x00, 0x00, 0xFF, 0xFF, 0xFF, 0xFF, 0xFF, 0xFF,
0xFF, 0xFF, 0xFF, 0xFF, 0xFF, 0x00, 0x00, 0x00, 0x00, 0xFF, 0xFF, 0x00, 0x00, 0x00, 0x00, 0x00,
0x00, 0x00, 0xFF, 0xFF, 0x00, 0x00, 0x00, 0x00, 0xFF, 0xFF, 0x00, 0x00, 0x00, 0x00, 0x00, 0x00,
0x00, 0xFF, 0xFF, 0x00, 0x00, 0x00, 0x00, 0xFF, 0xFF, 0x00, 0x00, 0x00, 0x00, 0x00, 0x00, 0x00,
0xFF, 0xFF, 0x00, 0x00, 0x00, 0x00, 0xFF, 0xFF, 0x00, 0x00, 0x00, 0x00, 0x00, 0x00, 0x00, 0xFF,
0xFF, 0x00, 0x00, 0x00, 0x00, 0xFF, 0xFF, 0x00, 0x00, 0x00, 0x00, 0x00, 0x00, 0x00, 0xFF, 0xFF,
0x00, 0x00, 0x00, 0x00, 0xFF, 0xFF, 0x00, 0x00, 0x00, 0x00, 0x00, 0x00, 0x00, 0xFF, 0xFF, 0x00,
0x00, 0x00, 0x00, 0xFF, 0xFF, 0x00, 0x00, 0x00, 0x00, 0x00, 0x00, 0x00, 0xFF, 0xFF, 0x00, 0x00,
0x00, 0x00, 0xFF, 0xFF, 0x00, 0x00, 0x00, 0x00, 0x00, 0x00, 0x00, 0xFF, 0xFF, 0x00, 0x00, 0x00,
0xFF, 0xFF, 0x00, 0x00, 0x00, 0x00, 0x00, 0x00, 0x00, 0x00, 0x00, 0x00, 0xFF, 0xFF, 0x00, 0x00,
0x00, 0x00, 0x00, 0x00, 0x00, 0x00, 0x00, 0xFF, 0xFF, 0xFF, 0xFF, 0xFF, 0xFF, 0xFF, 0x00, 0x00,
0x00, 0x00, 0x00, 0xFF, 0xFF, 0xFF, 0xFF, 0xFF, 0xFF, 0xFF, 0x00, 0x00, 0x00, 0x00, 0x00, 0x00,
0xFF, 0xFF, 0x00, 0x00, 0x00, 0x00, 0x00, 0x00, 0x00, 0x00, 0x00, 0x00, 0xFF, 0xFF, 0x00, 0x32,
0xA7, 0xE5, 0xFA, 0xE5, 0x9D, 0x1B, 0x00, 0x00, 0xFF, 0xFF, 0x53, 0xFA, 0xFF, 0xFF, 0xFF, 0xFF,
0xFF, 0xE3, 0x13, 0x00, 0xFF, 0xFF, 0xF2, 0xA5, 0x30, 0x07, 0x18, 0x5D, 0xEC, 0xFF, 0x89, 0x00,
0xFF, 0xFF, 0xB4, 0x00, 0x00, 0x00, 0x00, 0x00, 0x5F, 0xFF, 0xD2, 0x00, 0xFF, 0xFF, 0x3A, 0x00,
0x00, 0x00, 0x00, 0x00, 0x1A, 0xFF, 0xF4, 0x00, 0xFF, 0xFF, 0x10, 0x00, 0x00, 0x00, 0x00, 0x00,
0x01, 0xFF, 0xFF, 0x00, 0xFF, 0xFF, 0x00, 0x00, 0x00, 0x00, 0x00, 0x00, 0x00, 0xFF, 0xFF, 0x00,
0xFF, 0xFF, 0x00, 0x00, 0x00, 0x00, 0x00, 0x00, 0x00, 0xFF, 0xFF, 0x00, 0xFF, 0xFF, 0x00, 0x00,
0x00, 0x00, 0x00, 0x00, 0x00, 0xFF, 0xFF, 0x00, 0xFF, 0xFF, 0x00, 0x00, 0x00, 0x00, 0x00, 0x00,
0x00, 0xFF, 0xFF, 0x00, 0xFF, 0xFF, 0x00, 0x00, 0x00, 0x00, 0x00, 0x00, 0x00, 0xFF, 0xFF, 0x00,
0xFF, 0xFF, 0x00, 0x00, 0x00, 0x00, 0x00, 0x00, 0x00, 0xFF, 0xFF, 0x00, 0xFF, 0xFF, 0x00, 0x00,
0x00, 0x00, 0x00, 0x00, 0x00, 0xFF, 0xFF, 0x00, 0x49, 0xDB, 0xF7, 0xC4, 0x66, 0x15, 0x3C, 0xE1,
0x00, 0x00, 0xE5, 0x3C, 0x15, 0x68, 0xC9, 0xF8, 0xDA, 0x44, 0x00, 0x00, 0x00, 0x00, 0x00, 0x00,
0x00, 0x00, 0x00, 0x00, 0x00, 0xFF, 0xFF, 0xFF, 0xFF, 0xFF, 0xFF, 0xFF, 0xFF, 0xFF, 0xFF, 0xFF,
0xFF, 0xFF, 0xFF, 0xFF, 0xFF, 0xFF, 0xFF, 0xFF, 0xFF, 0x00, 0x00, 0x00, 0x00, 0xFF, 0xFF, 0x00,
0x00, 0x00, 0x00, 0x00, 0x00, 0x00, 0x00, 0xFF, 0xFF, 0x00, 0x00, 0x00, 0x00, 0x00, 0x00, 0x00,
0x00, 0xFF, 0xFF, 0x00, 0x00, 0x00, 0x00, 0x00, 0x00, 0x00, 0x00, 0xFF, 0xFF, 0x00, 0x00, 0x00,
0x00, 0x00, 0x00, 0x00, 0x00, 0xFF, 0xFF, 0x00, 0x00, 0x00, 0x00, 0x00, 0x00, 0x00, 0x00, 0xFF,
0xFF, 0x00, 0x00, 0x00, 0x00, 0x00, 0x00, 0x00, 0x00, 0xFF, 0xFF, 0x00, 0x00, 0x00, 0x00, 0x00,
0x00, 0x00, 0x00, 0xFF, 0xFF, 0x00, 0x00, 0x00, 0x00, 0x00, 0x00, 0x00, 0x00, 0xFF, 0xFF, 0x00,
0x00, 0x00, 0x00, 0x00, 0x00, 0x00, 0x00, 0xFF, 0xFF, 0x00, 0x00, 0x00, 0x00, 0x00, 0x00, 0x00,
0x00, 0xFF, 0xFF, 0x00, 0x00, 0x00, 0x00, 0x00, 0x00, 0x00, 0x00, 0xFF, 0xFF, 0x00, 0x00, 0x00,
0x00, 0x00, 0x00, 0x00, 0x00, 0xFF, 0xFF, 0x00, 0x00, 0x00, 0x00, 0x00, 0x00, 0x00, 0x00, 0xFF,
0xFF, 0x00, 0x00, 0x00, 0x00, 0xFF, 0xFF, 0xFF, 0xFF, 0xFF, 0xFF, 0xFF, 0xFF, 0xFF, 0xFF, 0xFF,
0xFF, 0xFF, 0xFF, 0xFF, 0xFF, 0xFF, 0xFF, 0xFF, 0xFF, 0x00, 0x24, 0xC8, 0xF5, 0xC3, 0x4B, 0x00,
0x0B, 0xEE, 0x00, 0x00, 0xB5, 0x61, 0x4D, 0xFF, 0xFF, 0x4F, 0x5C, 0xB3, 0x00, 0x00, 0xEF, 0x0D,
0x00, 0x49, 0xC2, 0xF6, 0xC9, 0x24, 0x00, 0x00, 0x00, 0x00, 0x00, 0x00, 0x00, 0x00, 0x00, 0x00,
0x00, 0x00, 0x00, 0x00, 0x00, 0x00, 0x00, 0x00, 0x00, 0x00, 0x00, 0x00, 0x00, 0x00, 0x00, 0x00,
0x00, 0x00, 0x00, 0x00, 0x00, 0x00, 0xFF, 0xFF, 0xFF, 0xFF, 0xFF, 0x00, 0x00, 0x00, 0x00, 0x00,
0xFF, 0xFF, 0xFF, 0xFF, 0xFF, 0x00, 0x00, 0x00, 0x00, 0x00, 0x00, 0x00, 0x00, 0xFF, 0xFF, 0x00,
0x00, 0x00, 0x00, 0x00, 0x00, 0x00, 0x00, 0xFF, 0xFF, 0x00, 0x00, 0x00, 0x00, 0x00, 0x00, 0x00,
0x00, 0xFF, 0xFF, 0x00, 0x00, 0x00, 0x00, 0x00, 0x00, 0x00, 0x00, 0xFF, 0xFF, 0x00, 0x00, 0x00,
0x00, 0x00, 0x00, 0x00, 0x00, 0xFF, 0xFF, 0x00, 0x00, 0x00, 0x00, 0x00, 0x00, 0x00, 0x00, 0xFF,
0xFF, 0x00, 0x00, 0x00, 0x00, 0x00, 0x00, 0x00, 0x00, 0xFF, 0xFF, 0x00, 0x00, 0x00, 0x00, 0x00,
0x00, 0x00, 0x00, 0xFF, 0xFF, 0x00, 0x00, 0x00, 0x00, 0x00, 0x00, 0x00, 0x00, 0xFF, 0xFF, 0x00,
0x00, 0x00, 0x00, 0xFF, 0xFF, 0xFF, 0xFF, 0xFF, 0xFF, 0xFF, 0xFF, 0xFF, 0xFF, 0xFF, 0xFF, 0xFF,
0xFF, 0xFF, 0xFF, 0xFF, 0xFF, 0xFF, 0xFF, 0x00, 0x00, 0xFF, 0xFF, 0xFF, 0xFF, 0xFF, 0xFF, 0x00,
0x00, 0x00, 0x00, 0xFF, 0xFF, 0xFF, 0xFF, 0xFF, 0xFF, 0x00, 0x00, 0x00, 0x00, 0x00, 0x00, 0x00,
0x00, 0x00, 0x00, 0x00, 0x00, 0x00, 0x00, 0x00, 0x00, 0x00, 0x00, 0x00, 0x00, 0x00, 0x00, 0xFF,
0xFF, 0xFF, 0xFF, 0xFF, 0xFF, 0xFF, 0xFF, 0xFF, 0xFF, 0xFF, 0xFF, 0xFF, 0xFF, 0xFF, 0xFF, 0xFF,
0xFF, 0xFF, 0xFF, 0x00, 0x00, 0x00, 0x00, 0xFF, 0xFF, 0x00, 0x00, 0x00, 0x00, 0x00, 0x00, 0x00,
0x00, 0xFF, 0xFF, 0x00, 0x00, 0x00, 0x00, 0x00, 0x00, 0x00, 0x00, 0xFF, 0xFF, 0x00, 0x00, 0x00,
0x00, 0x00, 0x00, 0x00, 0x00, 0xFF, 0xFF, 0x00, 0x00, 0x00, 0x00, 0x00, 0x00, 0x00, 0x00, 0xFF,
0xFF, 0x00, 0x00, 0x00, 0x00, 0x00, 0x00, 0x00, 0x00, 0xFF, 0xFF, 0x00, 0x00, 0x00, 0x00, 0x00,
0x00, 0x00, 0x00, 0xFF, 0xFF, 0x00, 0x00, 0x00, 0x00, 0x00, 0x00, 0x00, 0x00, 0xFF, 0xFF, 0x00,
0x00, 0x00, 0x00, 0x00, 0x00, 0x00, 0x00, 0xFF, 0xFF, 0x00, 0x00, 0x00, 0x00, 0x00, 0x00, 0x00,
0x00, 0xFF, 0xFF, 0x00, 0x00, 0x00, 0x00, 0x00, 0x00, 0x00, 0x00, 0xFF, 0xFF, 0x00, 0x00, 0x00,
0x00, 0x00, 0x00, 0x00, 0x00, 0xFF, 0xFF, 0x00, 0x00, 0x00, 0x00, 0x00, 0x00, 0x00, 0x00, 0xFF,
0xFF, 0x00, 0x00, 0x00, 0x00, 0x00, 0x00, 0x00, 0x00, 0xFF, 0xFF, 0x00, 0x00, 0x00, 0x00, 0xFF,
0xFF, 0xFF, 0xFF, 0xFF, 0xFF, 0xFF, 0xFF, 0xFF, 0xFF, 0xFF, 0xFF, 0xFF, 0xFF, 0xFF, 0xFF, 0xFF,
0xFF, 0xFF, 0xFF, 0x00, 0x00, 0xFF, 0xFF, 0xFF, 0xFF, 0xFF, 0xFF, 0xFF, 0x00, 0x00, 0x00, 0xFF,
0xFF, 0xFF, 0xFF, 0xFF, 0xFF, 0xFF, 0x00, 0x00, 0x00, 0x00, 0x00, 0x00, 0x00, 0x00, 0x00, 0x00,
0x00, 0x00, 0x00, 0x00, 0x00, 0x00, 0x00, 0x00, 0x00, 0x00, 0x00, 0x00, 0x00, 0x00, 0x00, 0x00,
0x00, 0x00, 0x00, 0x00, 0x00, 0x00, 0xFF, 0xFF, 0xFF, 0xFF, 0xFF, 0x00, 0x00, 0x00, 0x00, 0x00,
0xFF, 0xFF, 0xFF, 0xFF, 0xFF, 0x00, 0x00, 0x00, 0x00, 0x00, 0x00, 0x00, 0x00, 0xFF, 0xFF, 0x00,
0x00, 0x00, 0x00, 0x00, 0x00, 0x00, 0x00, 0xFF, 0xFF, 0x00, 0x00, 0x00, 0x00, 0x00, 0x00, 0x00,
0x00, 0xFF, 0xFF, 0x00, 0x00, 0x00, 0x00, 0x00, 0x00, 0x00, 0x00, 0xFF, 0xFF, 0x00, 0x00, 0x00,
0x00, 0x00, 0x00, 0x00, 0x00, 0xFF, 0xFF, 0x00, 0x00, 0x00, 0x00, 0x00, 0x00, 0x00, 0x00, 0xFF,
0xFF, 0x00, 0x00, 0x00, 0x00, 0x00, 0x00, 0x00, 0x00, 0xFF, 0xFF, 0x00, 0x00, 0x00, 0x00, 0x00,
0x00, 0x00, 0x00, 0xFF, 0xFF, 0x00, 0x00, 0x00, 0x00, 0x00, 0x00, 0x00, 0x00, 0xFF, 0xFF, 0x00,
0x00, 0x00, 0x00, 0xFF, 0xFF, 0xFF, 0xFF, 0xFF, 0xFF, 0xFF, 0xFF, 0xFF, 0xFF, 0xFF, 0xFF, 0xFF,
0xFF, 0xFF, 0xFF, 0xFF, 0xFF, 0xFF, 0xFF, 0x00, 0x00, 0xE1, 0x53, 0x0A, 0x0A, 0x56, 0xDF, 0x00,
0x00, 0x00, 0x00, 0x97, 0xFF, 0xFF, 0xFF, 0xFF, 0x93, 0x00, 0x00, 0x00, 0x00, 0x0F, 0xA1, 0xEC,
0xEC, 0x9E, 0x0D, 0x00, 0x00, 0x00, 0x00, 0x00, 0x00, 0x00, 0x00, 0x00, 0x00, 0x00, 0x00, 0xFF,
0xFF, 0xFF, 0xFF, 0xFF, 0xFF, 0xFF, 0xFF, 0xFF, 0xFF, 0xFF, 0xFF, 0xFF, 0xFF, 0xFF, 0xFF, 0xFF,
0xFF, 0xFF, 0xFF, 0x00, 0x00, 0x00, 0x00, 0xFF, 0xFF, 0x00, 0x00, 0x00, 0x00, 0x00, 0x00, 0x00,
0x00, 0xFF, 0xFF, 0x00, 0x00, 0x00, 0x00, 0x00, 0x00, 0x00, 0x00, 0xFF, 0xFF, 0x00, 0x00, 0x00,
0x00, 0x00, 0x00, 0x00, 0x00, 0xFF, 0xFF, 0x00, 0x00, 0x00, 0x00, 0x00, 0x00, 0x00, 0x00, 0xFF,
0xFF, 0x00, 0x00, 0x00, 0x00, 0x00, 0x00, 0x00, 0x00, 0xFF, 0xFF, 0x00, 0x00, 0x00, 0x00, 0x00,
0x00, 0x00, 0x00, 0xFF, 0xFF, 0x00, 0x00, 0x00, 0x00, 0x00, 0x00, 0x00, 0x00, 0xFF, 0xFF, 0x00,
0x00, 0x00, 0x00, 0x00, 0x00, 0x00, 0x00, 0xFF, 0xFF, 0x00, 0x00, 0x00, 0x00, 0x00, 0x00, 0x00,
0x00, 0xFF, 0xFF, 0x00, 0x00, 0x00, 0x00, 0x00, 0x00, 0x00, 0x00, 0xFF, 0xFF, 0x00, 0x00, 0x00,
0x00, 0x00, 0x00, 0x00, 0x00, 0xFF, 0xFF, 0x00, 0x00, 0x00, 0x00, 0x00, 0x00, 0x00, 0x00, 0xFF,
0xFF, 0x00, 0x00, 0x00, 0x00, 0x00, 0x00, 0x00, 0x00, 0xFF, 0xFF, 0x00, 0x00, 0x00, 0x00, 0xFF,
0xFF, 0xFF, 0xFF, 0xFF, 0xFF, 0xFF, 0xFF, 0xFF, 0xFF, 0xFF, 0xFF, 0xFF, 0xFF, 0xFF, 0xFF, 0xFF,
0xFF, 0xFF, 0xFF, 0x00, 0x00, 0xE9, 0x25, 0x00, 0x00, 0x00, 0x2A, 0xE8, 0x00, 0x00, 0x00, 0xB8,
0xC0, 0x2A, 0x07, 0x2C, 0xC7, 0xB7, 0x00, 0x00, 0x00, 0x46, 0xFF, 0xFF, 0xFF, 0xFF, 0xFF, 0x43,
0x00, 0x00, 0x00, 0x00, 0x5A, 0xD3, 0xF5, 0xD2, 0x57, 0x00, 0x00, 0x00, 0x00, 0x00, 0x00, 0x00,
0x00, 0x00, 0x00, 0x00, 0x00, 0x00, 0x00, 0x00, 0x00, 0x00, 0x00, 0x00, 0x00, 0x00, 0x00, 0x00,
0xFF, 0xFF, 0xFF, 0xFF, 0xFF, 0x00, 0x00, 0x00, 0x00, 0x00, 0xFF, 0xFF, 0xFF, 0xFF, 0xFF, 0x00,
0x00, 0x00, 0x00, 0x00, 0x00, 0x00, 0x00, 0xFF, 0xFF, 0x00, 0x00, 0x00, 0x00, 0x00, 0x00, 0x00,
0x00, 0xFF, 0xFF, 0x00, 0x00, 0x00, 0x00, 0x00, 0x00, 0x00, 0x00, 0xFF, 0xFF, 0x00, 0x00, 0x00,
0x00, 0x00, 0x00, 0x00, 0x00, 0xFF, 0xFF, 0x00, 0x00, 0x00, 0x00, 0x00, 0x00, 0x00, 0x00, 0xFF,
0xFF, 0x00, 0x00, 0x00, 0x00, 0x00, 0x00, 0x00, 0x00, 0xFF, 0xFF, 0x00, 0x00, 0x00, 0x00, 0x00,
0x00, 0x00, 0x00, 0xFF, 0xFF, 0x00, 0x00, 0x00, 0x00, 0x00, 0x00, 0x00, 0x00, 0xFF, 0xFF, 0x00,
0x00, 0x00, 0x00, 0x00, 0x00, 0x00, 0x00, 0xFF, 0xFF, 0x00, 0x00, 0x00, 0x00, 0xFF, 0xFF, 0xFF,
0xFF, 0xFF, 0xFF, 0xFF, 0xFF, 0xFF, 0xFF, 0xFF, 0xFF, 0xFF, 0xFF, 0xFF, 0xFF, 0xFF, 0xFF, 0xFF,
0xFF, 0xFF, 0xFF, 0xFF, 0xFF, 0xFF, 0xFF, 0xFF, 0xFF, 0xFF, 0xFF, 0xFF, 0xFF, 0xFF, 0xFF, 0xFF,
0xFF, 0xFF, 0xFF, 0xFF, 0xFF, 0x00, 0x00, 0x00, 0x00, 0xFF, 0xFF, 0x00, 0x00, 0x00, 0x00, 0x00,
0x00, 0x00, 0x00, 0xFF, 0xFF, 0x00, 0x00, 0x00, 0x00, 0x00, 0x00, 0x00, 0x00, 0xFF, 0xFF, 0x00,
0x00, 0x00, 0x00, 0x00, 0x00, 0x00, 0x00, 0xFF, 0xFF, 0x00, 0x00, 0x00, 0x00, 0x00, 0x00, 0x00,
0x00, 0xFF, 0xFF, 0x00, 0x00, 0x00, 0x00, 0x00, 0x00, 0x00, 0x00, 0xFF, 0xFF, 0x00, 0x00, 0x00,
0x00, 0x00, 0x00, 0x00, 0x00, 0xFF, 0xFF, 0x00, 0x00, 0x00, 0x00, 0x00, 0x00, 0x00, 0x00, 0xFF,
0xFF, 0x00, 0x00, 0x00, 0x00, 0x00, 0x00, 0x00, 0x00, 0xFF, 0xFF, 0x00, 0x00, 0x00, 0x00, 0x00,
0x00, 0x00, 0x00, 0xFF, 0xFF, 0x00, 0x00, 0x00, 0x00, 0x00, 0x00, 0x00, 0x00, 0xFF, 0xFF, 0x00,
0x00, 0x00, 0x00, 0x00, 0x00, 0x00, 0x00, 0xFF, 0xFF, 0x00, 0x00, 0x00, 0x00, 0x00, 0x00, 0x00,
0x00, 0xFF, 0xFF, 0x00, 0x00, 0x00, 0x00, 0x00, 0x00, 0x00, 0x00, 0xFF, 0xFF, 0x00, 0x00, 0x00,
0x00, 0xFF, 0xFF, 0xFF, 0xFF, 0xFF, 0xFF, 0xFF, 0xFF, 0xFF, 0xFF, 0xFF, 0xFF, 0xFF, 0xFF, 0xFF,
0xFF, 0xFF, 0xFF, 0xFF, 0xFF, 0x00, 0x00, 0x00, 0x00, 0x4A, 0xFF, 0x00, 0x00, 0x00, 0x00, 0x00,
0x00, 0x00, 0x00, 0xBF, 0xFF, 0x00, 0x00, 0x00, 0x00, 0x00, 0x00, 0x00, 0x00, 0xF2, 0xFF, 0x34,
0x00, 0x00, 0x00, 0x00, 0x00, 0x00, 0x00, 0xDE, 0xFF, 0xFF, 0xFF, 0x00, 0x00, 0x00, 0x00, 0x00,
0x00, 0x48, 0xD7, 0xF8, 0xD4, 0x00, 0x00, 0x00, 0x00, 0x00, 0x00, 0xFF, 0xFF, 0x00, 0x00, 0x00,
0x00, 0x00, 0x00, 0x00, 0x00, 0xFF, 0xFF, 0x00, 0x00, 0x00, 0x00, 0x00, 0x00, 0x00, 0x00, 0xFF,
0xFF, 0x00, 0x00, 0x00, 0x00, 0x00, 0x00, 0x00, 0x00, 0x00, 0x00, 0x00, 0x00, 0x00, 0x00, 0x00,
0x00, 0x00, 0x00, 0x00, 0x00, 0x00, 0x00, 0x00, 0x00, 0x00, 0xFF, 0xFF, 0xFF, 0xFF, 0xFF, 0x00,
0x00, 0x00, 0x00, 0x00, 0xFF, 0xFF, 0xFF, 0xFF, 0xFF, 0x00, 0x00, 0x00, 0x00, 0x00, 0x00, 0x00,
0x00, 0xFF, 0xFF, 0x00, 0x00, 0x00, 0x00, 0x00, 0x00, 0x00, 0x00, 0xFF, 0xFF, 0x00, 0x00, 0x00,
0x00, 0x00, 0x00, 0x00, 0x00, 0xFF, 0xFF, 0x00, 0x00, 0x00, 0x00, 0x00, 0x00, 0x00, 0x00, 0xFF,
0xFF, 0x00, 0x00, 0x00, 0x00, 0x00, 0x00, 0x00, 0x00, 0xFF, 0xFF, 0x00, 0x00, 0x00, 0x00, 0x00,
0x00, 0x00, 0x00, 0xFF, 0xFF, 0x00, 0x00, 0x00, 0x00, 0x00, 0x00, 0x00, 0x00, 0xFF, 0xFF, 0x00,
0x00, 0x00, 0x00, 0x00, 0x00, 0x00, 0x00, 0xFF, 0xFF, 0x00, 0x00, 0x00, 0x00, 0x00, 0x00, 0x00,
0x00, 0xFF, 0xFF, 0x00, 0x00, 0x00, 0x00, 0xFF, 0xFF, 0xFF, 0xFF, 0xFF, 0xFF, 0xFF, 0xFF, 0xFF,
0xFF, 0xFF, 0xFF, 0xFF, 0xFF, 0xFF, 0xFF, 0xFF, 0xFF, 0xFF, 0xFF, 0x00, 0x00, 0x00, 0x00, 0x4A,
0xFF, 0x00, 0x00, 0x00, 0x00, 0x00, 0x00, 0x00, 0x00, 0xBF, 0xFF, 0x00, 0x00, 0x00, 0x00, 0x00,
0x00, 0x00, 0x00, 0xF2, 0xFF, 0x34, 0x00, 0x00, 0x00, 0x00, 0x00, 0x00, 0x00, 0xDE, 0xFF, 0xFF,
0xFF, 0x00, 0x00, 0x00, 0x00, 0x00, 0x00, 0x48, 0xD7, 0xF8, 0xD4, 0x00, 0x00, 0x00, 0x00, 0x00,
0x00, 0xFF, 0xFF, 0x00, 0x00, 0x00, 0x00, 0x00, 0x00, 0x00, 0x00, 0xFF, 0xFF, 0x00, 0x00, 0x00,
0x00, 0x00, 0x00, 0x00, 0x00, 0x00, 0x00, 0x00, 0x00, 0x00, 0x00, 0x00, 0x00, 0x00, 0x00, 0x00,
0x00, 0x00, 0x00, 0x00, 0x00, 0xFF, 0xFF, 0xFF, 0xFF, 0xFF, 0xFF, 0xFF, 0xFF, 0xFF, 0xFF, 0xFF,
0xFF, 0xFF, 0xFF, 0xFF, 0xFF, 0xFF, 0xFF, 0xFF, 0xFF, 0x00, 0x00, 0x00, 0x00, 0xFF, 0xFF, 0x00,
0x00, 0x00, 0x00, 0x00, 0x00, 0x00, 0x00, 0xFF, 0xFF, 0x00, 0x00, 0x00, 0x00, 0x00, 0x00, 0x00,
0x00, 0xFF, 0xFF, 0x00, 0x00, 0x00, 0x00, 0x00, 0x00, 0x00, 0x00, 0xFF, 0xFF, 0x00, 0x00, 0x00,
0x00, 0x00, 0x00, 0x00, 0x00, 0xFF, 0xFF, 0x00, 0x00, 0x00, 0x00, 0x00, 0x00, 0x00, 0x00, 0xFF,
0xFF, 0x00, 0x00, 0x00, 0x00, 0x00, 0x00, 0x00, 0x00, 0xFF, 0xFF, 0x00, 0x00, 0x00, 0x00, 0x00,
0x00, 0x00, 0x00, 0xFF, 0xFF, 0x00, 0x00, 0x00, 0x00, 0x00, 0x00, 0x00, 0x00, 0xFF, 0xFF, 0x00,
0x00, 0x00, 0x00, 0x00, 0x00, 0x00, 0x00, 0xFF, 0xFF, 0x00, 0x00, 0x00, 0x00, 0x00, 0x00, 0x00,
0x00, 0xFF, 0xFF, 0x00, 0x00, 0x00, 0x00, 0x00, 0x00, 0x00, 0x00, 0xFF, 0xFF, 0x00, 0x00, 0x00,
0x00, 0x00, 0x00, 0x00, 0x00, 0xFF, 0xFF, 0x00, 0x00, 0x00, 0x00, 0x00, 0x00, 0x00, 0x00, 0xFF,
0xFF, 0x00, 0x00, 0x00, 0x00, 0xFF, 0xFF, 0xFF, 0xFF, 0xFF, 0xFF, 0xFF, 0xFF, 0xFF, 0xFF, 0xFF,
0xFF, 0xFF, 0xFF, 0xFF, 0xFF, 0xFF, 0xFF, 0xFF, 0xFF, 0x00, 0xFF, 0xFF, 0xFF, 0xFF, 0xFF, 0x00,
0x00, 0x00, 0x00, 0x00, 0xFF, 0xFF, 0xFF, 0xFF, 0xFF, 0x00, 0x00, 0x00, 0x00, 0x00, 0x00, 0x00,
0x00, 0xFF, 0xFF, 0x00, 0x00, 0x00, 0x00, 0x00, 0x00, 0x00, 0x00, 0xFF, 0xFF, 0x00, 0x00, 0x00,
0x00, 0x00, 0x00, 0x00, 0x00, 0xFF, 0xFF, 0x00, 0x00, 0x00, 0x00, 0x00, 0x00, 0x00, 0x00, 0xFF,
0xFF, 0x00, 0x00, 0x00, 0x00, 0x00, 0x00, 0x00, 0x00, 0xFF, 0xFF, 0x00, 0x00, 0x00, 0x00, 0x00,
0x00, 0x00, 0x00, 0xFF, 0xFF, 0x00, 0x00, 0x00, 0x00, 0x00, 0x00, 0x00, 0x00, 0xFF, 0xFF, 0x00,
0x00, 0x00, 0x00, 0x00, 0x00, 0x00, 0x00, 0xFF, 0xFF, 0x00, 0x00, 0x00, 0x00, 0x00, 0x00, 0x00,
0x00, 0xFF, 0xFF, 0x00, 0x00, 0x00, 0x00, 0xFF, 0xFF, 0xFF, 0xFF, 0xFF, 0xFF, 0xFF, 0xFF, 0xFF,
0xFF, 0xFF, 0xFF, 0xFF, 0xFF, 0xFF, 0xFF, 0xFF, 0xFF, 0xFF, 0xFF, 0xFF, 0xFF, 0xFF, 0xFF, 0xFF,
0xFF, 0xFF, 0xFF, 0x00, 0xFF, 0xFF, 0xFF, 0xFF, 0xFF, 0xFF, 0xFF, 0xFF, 0xFF, 0xFF, 0xFF, 0xFF,
0xFF, 0x00, 0xF4, 0xF4, 0xF4, 0xFF, 0xFF, 0x00, 0x00, 0x00, 0xFF, 0xFF, 0x00, 0x00, 0x00, 0x00,
0x00, 0x00, 0x00, 0xFF, 0xFF, 0x00, 0x00, 0x00, 0xFF, 0xFF, 0x00, 0x00, 0x00, 0x00, 0x00, 0x00,
0x00, 0xFF, 0xFF, 0x00, 0x00, 0x00, 0xFF, 0xFF, 0x00, 0x00, 0x00, 0x00, 0x00, 0x00, 0x00, 0xFF,
0xFF, 0x00, 0x00, 0x00, 0xFF, 0xFF, 0x00, 0x00, 0x00, 0x00, 0x00, 0x00, 0x00, 0xFF, 0xFF, 0x00,
0x00, 0x00, 0xFF, 0xFF, 0x00, 0x00, 0x00, 0x00, 0x00, 0x00, 0x00, 0xFF, 0xFF, 0x00, 0x00, 0x00,
0xFF, 0xFF, 0x00, 0x00, 0x00, 0x00, 0x00, 0x00, 0x00, 0xFF, 0xFF, 0x00, 0x00, 0x00, 0xFF, 0xFF,
0x00, 0x00, 0x00, 0x00, 0x00, 0x00, 0x00, 0xFF, 0xFF, 0x00, 0x00, 0x00, 0xFF, 0xFF, 0x00, 0x00,
0x00, 0x00, 0x00, 0x00, 0x00, 0xFF, 0xFF, 0x00, 0x00, 0x00, 0xFF, 0xFF, 0x00, 0x00, 0x00, 0x00,
0x00, 0x00, 0x00, 0xFF, 0xFF, 0x00, 0x00, 0x00, 0xFF, 0xFF, 0x00, 0x00, 0x00, 0x00, 0x00, 0x00,
0x00, 0xFF, 0xFF, 0x00, 0x00, 0x00, 0xFF, 0xFF, 0x00, 0x00, 0x00, 0x00, 0x00, 0x00, 0x04, 0xFF,
0xFA, 0x00, 0x00, 0x00, 0xFF, 0xFF, 0x00, 0x00, 0x00, 0x00, 0x00, 0x00, 0x14, 0xFF, 0xED, 0x00,
0x00, 0x00, 0xFF, 0xFF, 0x00, 0x00, 0x69, 0x00, 0x00, 0x00, 0x3E, 0xFF, 0xCE, 0x00, 0x00, 0x00,
0xFF, 0xFF, 0x00, 0x00, 0xFD, 0x83, 0x16, 0x1D, 0xC1, 0xFF, 0x94, 0xFF, 0xFF, 0xFF, 0xFF, 0xFF,
0xFF, 0xFF, 0xFF, 0xFF, 0xFF, 0xFF, 0xFF, 0xF9, 0x2C, 0xFF, 0xFF, 0xFF, 0xFF, 0xFF, 0xFF, 0xFF,
0xFF, 0xAF, 0xE4, 0xF8, 0xCC, 0x47, 0x00, 0x00, 0x00, 0x00, 0x00, 0xFF, 0xFF, 0x00, 0x00, 0x00,
0x00, 0x00, 0x00, 0xFF, 0xFF, 0x00, 0x00, 0x00, 0x00, 0xFF, 0xFF, 0x00, 0x00, 0x00, 0x00, 0x00,
0x00, 0xFF, 0xFF, 0x00, 0x00, 0x00, 0x00, 0xFF, 0xFF, 0x00, 0x00, 0x00, 0x00, 0x00, 0x00, 0xFF,
0xFF, 0x00, 0x00, 0x00, 0x00, 0x00, 0x00, 0x00, 0x00, 0x00, 0x00, 0x00, 0x00, 0x20, 0x20, 0x00,
0x00, 0x00, 0x00, 0x00, 0x00, 0x00, 0x00, 0x00, 0x00, 0x00, 0x00, 0x00, 0x00, 0x00, 0xFF, 0xFF,
0xFF, 0xFF, 0xFF, 0x00, 0x00, 0xE0, 0xE0, 0xE0, 0xE0, 0xE0, 0xE0, 0x00, 0xFF, 0xFF, 0xFF, 0xFF,
0xFF, 0x00, 0x00, 0xFF, 0xFF, 0xFF, 0xFF, 0xFF, 0xFF, 0x00, 0x00, 0x00, 0x00, 0xFF, 0xFF, 0x00,
0x00, 0x20, 0x20, 0x20, 0x20, 0xFF, 0xFF, 0x00, 0x00, 0x00, 0x00, 0xFF, 0xFF, 0x00, 0x00, 0x00,
0x00, 0x00, 0x00, 0xFF, 0xFF, 0x00, 0x00, 0x00, 0x00, 0xFF, 0xFF, 0x00, 0x00, 0x00, 0x00, 0x00,
0x00, 0xFF, 0xFF, 0x00, 0x00, 0x00, 0x00, 0xFF, 0xFF, 0x00, 0x00, 0x00, 0x00, 0x00, 0x00, 0xFF,
0xFF, 0x00, 0x00, 0x00, 0x00, 0xFF, 0xFF, 0x00, 0x00, 0x00, 0x00, 0x00, 0x00, 0xFF, 0xFF, 0x00,
0x00, 0x00, 0x00, 0xFF, 0xFF, 0x00, 0x00, 0x00, 0x00, 0x00, 0x00, 0xFF, 0xFF, 0x00, 0x00, 0x00,
0x00, 0xFF, 0xFF, 0x00, 0x00, 0x00, 0x00, 0x00, 0x00, 0xFF, 0xFF, 0x00, 0x00, 0x00, 0x00, 0xFF,
0xFF, 0x00, 0x00, 0x00, 0x00, 0x00, 0x00, 0xFF, 0xFF, 0x00, 0x00, 0x00, 0x00, 0xFF, 0xFF, 0x00,
0x00, 0x00, 0x00, 0x00, 0x00, 0xFF, 0xFF, 0xFF, 0xFF, 0xFF, 0xFF, 0xFF, 0xFF, 0xFF, 0xFF, 0xFF,
0xFF, 0x00, 0x00, 0xFF, 0xFF, 0xFF, 0xFF, 0xFF, 0xFF, 0xFF, 0xFF, 0xFF, 0xFF, 0xFF, 0xFF, 0x00,
0x00, 0xFF, 0xFF, 0x00, 0x00, 0x00, 0x00, 0x00, 0x00, 0x00, 0x00, 0x00, 0x00, 0x00, 0x08, 0xFF,
0xFB, 0x00, 0x00, 0x00, 0x00, 0x00, 0x00, 0x00, 0x00, 0x00, 0x00, 0x00, 0x33, 0xFF, 0xE5, 0x00,
0x00, 0x00, 0x00, 0x00, 0x00, 0x00, 0x00, 0x00, 0x00, 0x22, 0xC1, 0xFF, 0xA6, 0x00, 0x00, 0x00,
0x00, 0x00, 0x00, 0x00, 0xFF, 0xFF, 0xFF, 0xFF, 0xFF, 0xF6, 0x2B, 0x00, 0x00, 0x00, 0x00, 0x00,
0x00, 0x00, 0xFF, 0xFF, 0xFF, 0xF4, 0xBC, 0x35, 0x00, 0x00, 0x00, 0x00, 0x00, 0x00, 0x17, 0xE3,
0xFF, 0xE3, 0x17, 0x00, 0x00, 0x00, 0x00, 0x00, 0x05, 0xC4, 0xE5, 0x43, 0xE4, 0xC3, 0x05, 0x00,
0x00, 0x00, 0x00, 0x99, 0xEB, 0x29, 0x00, 0x28, 0xE9, 0x98, 0x00, 0x00, 0x00, 0x00, 0x00, 0x00,
0x00, 0x00, 0x00, 0x00, 0x00, 0x00, 0x00, 0x00, 0x00, 0xFF, 0xFF, 0xFF, 0xFF, 0xFF, 0xFF, 0x00,
0x00, 0x00, 0x00, 0x00, 0xFF, 0xFF, 0xFF, 0xFF, 0xFF, 0xFF, 0x00, 0x00, 0x00, 0x00, 0x00, 0x00,
0x00, 0x00, 0x00, 0xFF, 0xFF, 0x00, 0x00, 0x00, 0x00, 0x00, 0x00, 0x00, 0x00, 0x00, 0xFF, 0xFF,
0x00, 0x00, 0x00, 0x00, 0x00, 0x00, 0x00, 0x00, 0x00, 0xFF, 0xFF, 0x00, 0x00, 0x00, 0x00, 0x00,
0x00, 0x00, 0x00, 0x00, 0xFF, 0xFF, 0x00, 0x00, 0x00, 0x00, 0x00, 0x00, 0x00, 0x00, 0x00, 0xFF,
0xFF, 0x00, 0x00, 0x00, 0x00, 0x00, 0x00, 0x00, 0x00, 0x00, 0xFF, 0xFF, 0x00, 0x00, 0x00, 0x00,
0x00, 0x00, 0x00, 0x00, 0x00, 0xFF, 0xFF, 0x00, 0x00, 0x00, 0x00, 0x00, 0x00, 0x00, 0x00, 0x00,
0xFF, 0xFF, 0x00, 0x00, 0x00, 0x00, 0x00, 0x00, 0x00, 0x00, 0x00, 0xFF, 0xFF, 0x00, 0x00, 0x00,
0x00, 0x00, 0x00, 0x00, 0x00, 0x00, 0xFF, 0xFF, 0x00, 0x00, 0x00, 0x00, 0x00, 0x00, 0x00, 0x00,
0x08, 0xFF, 0xF6, 0x00, 0x00, 0x00, 0x00, 0x00, 0x00, 0x00, 0x00, 0x22, 0xFF, 0xE3, 0x00, 0x9E,
0x0A, 0x00, 0x00, 0x00, 0x00, 0x00, 0x66, 0xFF, 0xB6, 0x00, 0xFF, 0xE5, 0x75, 0x29, 0x08, 0x0E,
0x53, 0xEC, 0xFF, 0x62, 0x00, 0xFF, 0xFF, 0xFF, 0xFF, 0xFF, 0xFF, 0xFF, 0xFF, 0xC1, 0x03, 0x00,
0x30, 0x88, 0xC6, 0xE3, 0xFA, 0xF1, 0xC9, 0x75, 0x08, 0x00, 0x00, 0x00, 0x00, 0x00, 0xA7, 0xFF,
0xA5, 0x00, 0x00, 0x00, 0x00, 0x52, 0xFF, 0xB8, 0xFF, 0x51, 0x00, 0x00, 0x14, 0xE9, 0xA9, 0x00,
0xA8, 0xE9, 0x14, 0x00, 0xAA, 0xDA, 0x0D, 0x00, 0x0C, 0xD8, 0xA9, 0x00, 0x00, 0x00, 0x00, 0x00,
0x00, 0x00, 0x00, 0x00, 0x00, 0x00, 0x00, 0x00, 0x00, 0x00, 0x00, 0x00, 0xFF, 0xFF, 0xFF, 0xFF,
0xFF, 0xFF, 0x00, 0x00, 0xFF, 0xFF, 0xFF, 0xFF, 0xFF, 0xFF, 0x00, 0x00, 0x00, 0x00, 0x00, 0x00,
0xFF, 0xFF, 0x00, 0x00, 0x00, 0x00, 0x00, 0x00, 0xFF, 0xFF, 0x00, 0x00, 0x00, 0x00, 0x00, 0x00,
0xFF, 0xFF, 0x00, 0x00, 0x00, 0x00, 0x00, 0x00, 0xFF, 0xFF, 0x00, 0x00, 0x00, 0x00, 0x00, 0x00,
0xFF, 0xFF, 0x00, 0x00, 0x00, 0x00, 0x00, 0x00, 0xFF, 0xFF, 0x00, 0x00, 0x00, 0x00, 0x00, 0x00,
0xFF, 0xFF, 0x00, 0x00, 0x00, 0x00, 0x00, 0x00, 0xFF, 0xFF, 0x00, 0x00, 0x00, 0x00, 0x00, 0x00,
0xFF, 0xFF, 0x00, 0x00, 0x00, 0x00, 0x00, 0x00, 0xFF, 0xFF, 0x00, 0x00, 0x00, 0x00, 0x00, 0x00,
0xFF, 0xFF, 0x00, 0x00, 0x00, 0x00, 0x00, 0x09, 0xFF, 0xFA, 0x00, 0x00, 0x00, 0x00, 0x00, 0x36,
0xFF, 0xE1, 0x00, 0x00, 0x00, 0x01, 0x27, 0xC7, 0xFF, 0xA0, 0x00, 0xFF, 0xFF, 0xFF, 0xFF, 0xFF,
0xF4, 0x26, 0x00, 0xFF, 0xFF, 0xFF, 0xF4, 0xBA, 0x32, 0x00, 0x00, 0xFF, 0xFF, 0x00, 0x00, 0x00,
0x00, 0x00, 0x00, 0x27, 0xEA, 0xFF, 0xB1, 0x04, 0xFF, 0xFF, 0x00, 0x00, 0x00, 0x00, 0x00, 0x1D,
0xE1, 0xFF, 0xC0, 0x08, 0x00, 0xFF, 0xFF, 0x00, 0x00, 0x00, 0x00, 0x14, 0xD7, 0xFF, 0xCD, 0x0E,
0x00, 0x00, 0xFF, 0xFF, 0x00, 0x00, 0x00, 0x0C, 0xCA, 0xFF, 0xD9, 0x15, 0x00, 0x00, 0x00, 0xFF,
0xFF, 0x00, 0x00, 0x07, 0xBD, 0xFF, 0xE3, 0x1E, 0x00, 0x00, 0x00, 0x00, 0xFF, 0xFF, 0x00, 0x03,
0xAD, 0xFF, 0xEB, 0x28, 0x00, 0x00, 0x00, 0x00, 0x00, 0xFF, 0xFF, 0x00, 0x9C, 0xFF, 0xF2, 0x34,
0x00, 0x00, 0x00, 0x00, 0x00, 0x00, 0xFF, 0xFF, 0x8A, 0xFF, 0xFF, 0x8D, 0x00, 0x00, 0x00, 0x00,
0x00, 0x00, 0x00, 0xFF, 0xFF, 0xFF, 0xFB, 0xFF, 0xF6, 0x25, 0x00, 0x00, 0x00, 0x00, 0x00, 0x00,
0xFF, 0xFF, 0xFE, 0x58, 0xA1, 0xFF, 0xC2, 0x01, 0x00, 0x00, 0x00, 0x00, 0x00, 0xFF, 0xFF, 0x6D,
0x00, 0x11, 0xE6, 0xFF, 0x6D, 0x00, 0x00, 0x00, 0x00, 0x00, 0xFF, 0xFF, 0x00, 0x00, 0x00, 0x4F,
0xFF, 0xF4, 0x21, 0x00, 0x00, 0x00, 0x00, 0xFF, 0xFF, 0x00, 0x00, 0x00, 0x00, 0xA6, 0xFF, 0xBE,
0x01, 0x00, 0x00, 0x00, 0xFF, 0xFF, 0x00, 0x00, 0x00, 0x00, 0x13, 0xE9, 0xFF, 0x68, 0x00, 0x00,
0x00, 0xFF, 0xFF, 0x00, 0x00, 0x00, 0x00, 0x00, 0x54, 0xFF, 0xF2, 0x1E, 0x00, 0x00, 0xFF, 0xFF,
0x00, 0x00, 0x00, 0x00, 0x00, 0x00, 0xAB, 0xFF, 0xB8, 0x00, 0x00, 0xFF, 0xFF, 0x00, 0x00, 0x00,
0x00, 0x00, 0x00, 0x16, 0xEB, 0xFF, 0x62, 0x00, 0xFF, 0xFF, 0x00, 0x00, 0x00, 0x00, 0x00, 0x00,
0x00, 0x59, 0xFF, 0xF0, 0x1B, 0x00, 0x00, 0x00, 0x00, 0x00, 0x00, 0x00, 0x00, 0x00, 0x00, 0x00,
0x00, 0x00, 0x00, 0x00, 0x00, 0x00, 0x00, 0x00, 0x00, 0x00, 0x00, 0x00, 0x00, 0x00, 0x00, 0x00,
0x00, 0x00, 0x00, 0x00, 0x0B, 0xF9, 0xFF, 0xB7, 0x00, 0x00, 0x00, 0x00, 0x00, 0x00, 0x00, 0x00,
0x00, 0x4D, 0xFF, 0xFC, 0x2B, 0x00, 0x00, 0x00, 0x00, 0x00, 0x00, 0x00, 0x00, 0x00, 0x95, 0xFF,
0x97, 0x00, 0x00, 0x00, 0x00, 0x00, 0x00, 0x00, 0x00, 0x00, 0x00, 0xDC, 0xF1, 0x16, 0x00, 0x00,
0x00, 0x00, 0x00, 0xFF, 0xFF, 0x00, 0x00, 0x00, 0x00, 0x00, 0x00, 0x00, 0x00, 0x00, 0xFF, 0xFF,
0x00, 0x00, 0x00, 0x00, 0x00, 0x00, 0x00, 0x00, 0x00, 0xFF, 0xFF, 0x00, 0x00, 0x00, 0x00, 0x00,
0x00, 0x00, 0x00, 0x00, 0xFF, 0xFF, 0x00, 0x00, 0x00, 0x00, 0x00, 0x00, 0x00, 0x00, 0x00, 0xFF,
0xFF, 0x00, 0x00, 0x00, 0x00, 0x00, 0x00, 0x00, 0x00, 0x00, 0xFF, 0xFF, 0x00, 0x00, 0x00, 0x00,
0x16, 0xD2, 0xFF, 0xDC, 0x1E, 0xFF, 0xFF, 0x00, 0x00, 0x00, 0x1B, 0xD8, 0xFF, 0xD6, 0x1A, 0x00,
0xFF, 0xFF, 0x00, 0x00, 0x20, 0xDD, 0xFF, 0xD0, 0x15, 0x00, 0x00, 0xFF, 0xFF, 0x00, 0x25, 0xE2,
0xFF, 0xCA, 0x11, 0x00, 0x00, 0x00, 0xFF, 0xFF, 0x2B, 0xE7, 0xFF, 0xC3, 0x0E, 0x00, 0x00, 0x00,
0x00, 0xFF, 0xFF, 0xEB, 0xFF, 0xFF, 0x88, 0x00, 0x00, 0x00, 0x00, 0x00, 0xFF, 0xFF, 0xFF, 0xC6,
0xFD, 0xFD, 0x43, 0x00, 0x00, 0x00, 0x00, 0xFF, 0xFF, 0xAC, 0x05, 0x82, 0xFF, 0xE6, 0x15, 0x00,
0x00, 0x00, 0xFF, 0xFF, 0x03, 0x00, 0x03, 0xC2, 0xFF, 0xB5, 0x01, 0x00, 0x00, 0xFF, 0xFF, 0x00,
0x00, 0x00, 0x1C, 0xED, 0xFF, 0x71, 0x00, 0x00, 0xFF, 0xFF, 0x00, 0x00, 0x00, 0x00, 0x4E, 0xFF,
0xF9, 0x32, 0x00, 0xFF, 0xFF, 0x00, 0x00, 0x00, 0x00, 0x00, 0x92, 0xFF, 0xDA, 0x0C, 0xFF, 0xFF,
0x00, 0x00, 0x00, 0x00, 0x00, 0x07, 0xCE, 0xFF, 0xA2, 0x00, 0x00, 0x00, 0x00, 0x00, 0x00, 0x00,
0x00, 0x00, 0x00, 0x00, 0x00, 0x00, 0x00, 0x00, 0x00, 0x00, 0x00, 0x00, 0x00, 0x00, 0x00, 0x00,
0x00, 0x00, 0x00, 0x00, 0x0B, 0xF9, 0xFF, 0xB7, 0x00, 0x00, 0x00, 0x00, 0x00, 0x00, 0x00, 0x4D,
0xFF, 0xFC, 0x2B, 0x00, 0x00, 0x00, 0x00, 0x00, 0x00, 0x00, 0x95, 0xFF, 0x97, 0x00, 0x00, 0x00,
0x00, 0x00, 0x00, 0x00, 0x00, 0xDC, 0xF1, 0x16, 0x00, 0x00, 0x00, 0xFF, 0xFF, 0x00, 0x00, 0x00,
0x00, 0x16, 0xD2, 0xFF, 0xDC, 0x1E, 0xFF, 0xFF, 0x00, 0x00, 0x00, 0x1B, 0xD8, 0xFF, 0xD6, 0x1A,
0x00, 0xFF, 0xFF, 0x00, 0x00, 0x20, 0xDD, 0xFF, 0xD0, 0x15, 0x00, 0x00, 0xFF, 0xFF, 0x00, 0x25,
0xE2, 0xFF, 0xCA, 0x11, 0x00, 0x00, 0x00, 0xFF, 0xFF, 0x2B, 0xE7, 0xFF, 0xC3, 0x0E, 0x00, 0x00,
0x00, 0x00, 0xFF, 0xFF, 0xEB, 0xFF, 0xFF, 0x88, 0x00, 0x00, 0x00, 0x00, 0x00, 0xFF, 0xFF, 0xFF,
0xC6, 0xFD, 0xFD, 0x43, 0x00, 0x00, 0x00, 0x00, 0xFF, 0xFF, 0xAC, 0x05, 0x82, 0xFF, 0xE6, 0x15,
0x00, 0x00, 0x00, 0xFF, 0xFF, 0x03, 0x00, 0x03, 0xC2, 0xFF, 0xB5, 0x01, 0x00, 0x00, 0xFF, 0xFF,
0x00, 0x00, 0x00, 0x1C, 0xED, 0xFF, 0x71, 0x00, 0x00, 0xFF, 0xFF, 0x00, 0x00, 0x00, 0x00, 0x4E,
0xFF, 0xF9, 0x32, 0x00, 0xFF, 0xFF, 0x00, 0x00, 0x00, 0x00, 0x00, 0x92, 0xFF, 0xDA, 0x0C, 0xFF,
0xFF, 0x00, 0x00, 0x00, 0x00, 0x00, 0x07, 0xCE, 0xFF, 0xA2, 0x00, 0x00, 0x00, 0x48, 0xFF, 0x99,
0x00, 0x00, 0x00, 0x00, 0x00, 0x00, 0x00, 0x12, 0xE6, 0xC7, 0x06, 0x00, 0x00, 0x00, 0x00, 0x00,
0x00, 0x00, 0xA8, 0xE7, 0x1A, 0x00, 0x00, 0x00, 0x00, 0x00, 0x00, 0x00, 0x00, 0x00, 0x00, 0x00,
0x00, 0x00, 0x00, 0x00, 0x00, 0x00, 0xFF, 0xFF, 0x00, 0x00, 0x00, 0x00, 0x00, 0x00, 0x00, 0x00,
0x00, 0xFF, 0xFF, 0x00, 0x00, 0x00, 0x00, 0x00, 0x00, 0x00, 0x00, 0x00, 0xFF, 0xFF, 0x00, 0x00,
0x00, 0x00, 0x00, 0x00, 0x00, 0x00, 0x00, 0xFF, 0xFF, 0x00, 0x00, 0x00, 0x00, 0x00, 0x00, 0x00,
0x00, 0x00, 0xFF, 0xFF, 0x00, 0x00, 0x00, 0x00, 0x00, 0x00, 0x00, 0x00, 0x00, 0xFF, 0xFF, 0x00,
0x00, 0x00, 0x00, 0x00, 0x00, 0x00, 0x00, 0x00, 0xFF, 0xFF, 0x00, 0x00, 0x00, 0x00, 0x00, 0x00,
0x00, 0x00, 0x00, 0xFF, 0xFF, 0x00, 0x00, 0x00, 0x00, 0x00, 0x00, 0x00, 0x00, 0x00, 0xFF, 0xFF,
0x00, 0x00, 0x00, 0x00, 0x00, 0x00, 0x00, 0x00, 0x00, 0xFF, 0xFF, 0x00, 0x00, 0x00, 0x00, 0x00,
0x00, 0x00, 0x00, 0x00, 0xFF, 0xFF, 0x00, 0x00, 0x00, 0x00, 0x00, 0x00, 0x00, 0x00, 0x00, 0xFF,
0xFF, 0x00, 0x00, 0x00, 0x00, 0x00, 0x00, 0x00, 0x00, 0x00, 0xFF, 0xFF, 0x00, 0x00, 0x00, 0x00,
0x00, 0x00, 0x00, 0x00, 0x00, 0xFF, 0xFF, 0x00, 0x00, 0x00, 0x00, 0x00, 0x00, 0x00, 0x00, 0x00,
0xFF, 0xFF, 0x00, 0x00, 0x00, 0x00, 0x00, 0x00, 0x00, 0x00, 0x00, 0xFF, 0xFF, 0x00, 0x00, 0x00,
0x00, 0x00, 0x00, 0x00, 0x00, 0x00, 0xFF, 0xFF, 0xFF, 0xFF, 0xFF, 0xFF, 0xFF, 0xFF, 0xFF, 0xFF,
0xFF, 0xFF, 0xFF, 0xFF, 0xFF, 0xFF, 0xFF, 0xFF, 0xFF, 0xFF, 0xFF, 0xFF, 0x00, 0x00, 0x00, 0x00,
0x00, 0x48, 0xFF, 0x99, 0x00, 0x00, 0x00, 0x00, 0x00, 0x00, 0x00, 0x12, 0xE6, 0xC7, 0x06, 0x00,
0x00, 0x00, 0x00, 0x00, 0x00, 0x00, 0xA8, 0xE7, 0x1A, 0x00, 0x00, 0x00, 0x00, 0x00, 0x00, 0x00,
0x00, 0x00, 0x00, 0x00, 0x00, 0x00, 0x00, 0x00, 0xFF, 0xFF, 0xFF, 0xFF, 0xFF, 0xFF, 0x00, 0x00,
0x00, 0x00, 0x00, 0xFF, 0xFF, 0xFF, 0xFF, 0xFF, 0xFF, 0x00, 0x00, 0x00, 0x00, 0x00, 0x00, 0x00,
0x00, 0x00, 0xFF, 0xFF, 0x00, 0x00, 0x00, 0x00, 0x00, 0x00, 0x00, 0x00, 0x00, 0xFF, 0xFF, 0x00,
0x00, 0x00, 0x00, 0x00, 0x00, 0x00, 0x00, 0x00, 0xFF, 0xFF, 0x00, 0x00, 0x00, 0x00, 0x00, 0x00,
0x00, 0x00, 0x00, 0xFF, 0xFF, 0x00, 0x00, 0x00, 0x00, 0x00, 0x00, 0x00, 0x00, 0x00, 0xFF, 0xFF,
0x00, 0x00, 0x00, 0x00, 0x00, 0x00, 0x00, 0x00, 0x00, 0xFF, 0xFF, 0x00, 0x00, 0x00, 0x00, 0x00,
0x00, 0x00, 0x00, 0x00, 0xFF, 0xFF, 0x00, 0x00, 0x00, 0x00, 0x00, 0x00, 0x00, 0x00, 0x00, 0xFF,
0xFF, 0x00, 0x00, 0x00, 0x00, 0x00, 0x00, 0x00, 0x00, 0x00, 0xFF, 0xFF, 0x00, 0x00, 0x00, 0x00,
0x00, 0x00, 0x00, 0x00, 0x00, 0xFF, 0xFF, 0x00, 0x00, 0x00, 0x00, 0x00, 0x00, 0x00, 0x00, 0x00,
0xFF, 0xFF, 0x00, 0x00, 0x00, 0x00, 0x00, 0x00, 0x00, 0x00, 0x00, 0xFB, 0xFF, 0x08, 0x00, 0x00,
0x00, 0x00, 0x00, 0x00, 0x00, 0x00, 0xE4, 0xFF, 0x35, 0x00, 0x00, 0x00, 0x00, 0x00, 0x00, 0x00,
0x00, 0xA2, 0xFF, 0xC7, 0x28, 0x01, 0x00, 0x00, 0x00, 0x00, 0x00, 0x00, 0x29, 0xF5, 0xFF, 0xFF,
0xFF, 0xFF, 0xFF, 0x00, 0x00, 0x00, 0x00, 0x00, 0x33, 0xBA, 0xF4, 0xFF, 0xFF, 0xFF, 0xFF, 0xFF,
0x00, 0x00, 0x00, 0x00, 0x00, 0x00, 0x00, 0x00, 0x00, 0xFF, 0xFF, 0x00, 0x00, 0x00, 0x00, 0x00,
0x00, 0x00, 0x00, 0x00, 0xFF, 0xFF, 0x00, 0x00, 0x00, 0x00, 0x00, 0x00, 0x00, 0x00, 0x00, 0xFF,
0xFF, 0x00, 0x00, 0x00, 0x00, 0x00, 0x00, 0x00, 0x00, 0x00, 0xFF, 0xFF, 0x00, 0x00, 0x00, 0x00,
0x00, 0x00, 0x00, 0x00, 0x00, 0xFF, 0xFF, 0x00, 0x00, 0x00, 0x00, 0x00, 0x00, 0x00, 0x00, 0x00,
0xFF, 0xFF, 0x00, 0x00, 0x00, 0x00, 0x00, 0x00, 0x00, 0x00, 0x00, 0xFF, 0xFF, 0x00, 0x00, 0x00,
0x00, 0x00, 0x00, 0x00, 0x00, 0x00, 0xFF, 0xFF, 0x00, 0x00, 0x00, 0x00, 0x00, 0x00, 0x00, 0x00,
0x00, 0xFF, 0xFF, 0x00, 0x00, 0x00, 0x00, 0x00, 0x00, 0x00, 0x00, 0x00, 0xFF, 0xFF, 0x00, 0x00,
0x00, 0x00, 0x00, 0x00, 0x00, 0x00, 0x00, 0xFF, 0xFF, 0x00, 0x00, 0x00, 0x00, 0x00, 0x00, 0x00,
0x00, 0x00, 0xFF, 0xFF, 0x00, 0x00, 0x00, 0x00, 0x00, 0x00, 0x00, 0x00, 0x00, 0xFF, 0xFF, 0x00,
0x00, 0x00, 0x00, 0x00, 0x00, 0x00, 0x00, 0x00, 0xFF, 0xFF, 0x00, 0x00, 0x00, 0x00, 0x00, 0x00,
0x00, 0x00, 0x00, 0xFF, 0xFF, 0x00, 0x00, 0x00, 0x00, 0x00, 0x00, 0x00, 0x00, 0x00, 0xFF, 0xFF,
0xFF, 0xFF, 0xFF, 0xFF, 0xFF, 0xFF, 0xFF, 0xFF, 0xFF, 0xFF, 0xFF, 0xFF, 0xFF, 0xFF, 0xFF, 0xFF,
0xFF, 0xFF, 0xFF, 0xFF, 0x00, 0x00, 0x00, 0x00, 0x00, 0x00, 0x00, 0x00, 0x00, 0x00, 0x00, 0x00,
0x00, 0x00, 0x00, 0x00, 0x00, 0x00, 0x00, 0x00, 0x00, 0x00, 0x00, 0x00, 0x00, 0x00, 0x00, 0x0B,
0xF9, 0xFF, 0xB7, 0x00, 0x00, 0x00, 0x00, 0x00, 0x00, 0x00, 0x4D, 0xFF, 0xFC, 0x2B, 0x00, 0x00,
0x00, 0x00, 0x00, 0x00, 0x00, 0x95, 0xFF, 0x97, 0x00, 0x00, 0x00, 0x00, 0x00, 0x00, 0x00, 0x00,
0xDC, 0xF1, 0x16, 0x00, 0x00, 0x00, 0xFF, 0xFF, 0xFF, 0xFF, 0xFF, 0xFF, 0x00, 0x00, 0x00, 0x00,
0x00, 0xFF, 0xFF, 0xFF, 0xFF, 0xFF, 0xFF, 0x00, 0x00, 0x00, 0x00, 0x00, 0x00, 0x00, 0x00, 0x00,
0xFF, 0xFF, 0x00, 0x00, 0x00, 0x00, 0x00, 0x00, 0x00, 0x00, 0x00, 0xFF, 0xFF, 0x00, 0x00, 0x00,
0x00, 0x00, 0x00, 0x00, 0x00, 0x00, 0xFF, 0xFF, 0x00, 0x00, 0x00, 0x00, 0x00, 0x00, 0x00, 0x00,
0x00, 0xFF, 0xFF, 0x00, 0x00, 0x00, 0x00, 0x00, 0x00, 0x00, 0x00, 0x00, 0xFF, 0xFF, 0x00, 0x00,
0x00, 0x00, 0x00, 0x00, 0x00, 0x00, 0x00, 0xFF, 0xFF, 0x00, 0x00, 0x00, 0x00, 0x00, 0x00, 0x00,
0x00, 0x00, 0xFF, 0xFF, 0x00, 0x00, 0x00, 0x00, 0x00, 0x00, 0x00, 0x00, 0x00, 0xFF, 0xFF, 0x00,
0x00, 0x00, 0x00, 0x00, 0x00, 0x00, 0x00, 0x00, 0xFF, 0xFF, 0x00, 0x00, 0x00, 0x00, 0x00, 0x00,
0x00, 0x00, 0x00, 0xFF, 0xFF, 0x00, 0x00, 0x00, 0x00, 0x00, 0x00, 0x00, 0x00, 0x00, 0xFF, 0xFF,
0x00, 0x00, 0x00, 0x00, 0x00, 0x00, 0x00, 0x00, 0x00, 0xFB, 0xFF, 0x08, 0x00, 0x00, 0x00, 0x00,
0x00, 0x00, 0x00, 0x00, 0xE4, 0xFF, 0x35, 0x00, 0x00, 0x00, 0x00, 0x00, 0x00, 0x00, 0x00, 0xA2,
0xFF, 0xC7, 0x28, 0x01, 0x00, 0x00, 0x00, 0x00, 0x00, 0x00, 0x29, 0xF5, 0xFF, 0xFF, 0xFF, 0xFF,
0xFF, 0x00, 0x00, 0x00, 0x00, 0x00, 0x33, 0xBA, 0xF4, 0xFF, 0xFF, 0xFF, 0x00, 0x00, 0x00, 0x00,
0x00, 0x00, 0x00, 0x00, 0x00, 0x00, 0x00, 0x00, 0x00, 0x00, 0x00, 0x00, 0x00, 0x00, 0x00, 0x00,
0x00, 0x00, 0x00, 0x00, 0x00, 0x00, 0x0B, 0xF9, 0xFF, 0xB7, 0x00, 0x00, 0x00, 0x00, 0x00, 0x00,
0x00, 0x4D, 0xFF, 0xFC, 0x2B, 0x00, 0x00, 0x00, 0x00, 0x00, 0x00, 0x00, 0x95, 0xFF, 0x97, 0x00,
0x00, 0x00, 0x00, 0x00, 0x00, 0x00, 0x00, 0xDC, 0xF1, 0x16, 0x00, 0x00, 0x00, 0x00, 0xFF, 0xFF,
0x00, 0x00, 0x00, 0x00, 0x00, 0x00, 0x00, 0x00, 0x00, 0xFF, 0xFF, 0x00, 0x00, 0x00, 0x00, 0x00,
0x52, 0xFF, 0xD6, 0x00, 0xFF, 0xFF, 0x00, 0x00, 0x00, 0x00, 0x00, 0x84, 0xFF, 0x85, 0x00, 0xFF,
0xFF, 0x00, 0x00, 0x00, 0x00, 0x00, 0xB6, 0xFF, 0x34, 0x00, 0xFF, 0xFF, 0x00, 0x00, 0x00, 0x00,
0x00, 0xE7, 0xE3, 0x00, 0x00, 0xFF, 0xFF, 0x00, 0x00, 0x00, 0x00, 0x00, 0x00, 0x00, 0x00, 0x00,
0xFF, 0xFF, 0x00, 0x00, 0x00, 0x00, 0x00, 0x00, 0x00, 0x00, 0x00, 0xFF, 0xFF, 0x00, 0x00, 0x00,
0x00, 0x00, 0x00, 0x00, 0x00, 0x00, 0xFF, 0xFF, 0x00, 0x00, 0x00, 0x00, 0x00, 0x00, 0x00, 0x00,
0x00, 0xFF, 0xFF, 0x00, 0x00, 0x00, 0x00, 0x00, 0x00, 0x00, 0x00, 0x00, 0xFF, 0xFF, 0x00, 0x00,
0x00, 0x00, 0x00, 0x00, 0x00, 0x00, 0x00, 0xFF, 0xFF, 0x00, 0x00, 0x00, 0x00, 0x00, 0x00, 0x00,
0x00, 0x00, 0xFF, 0xFF, 0x00, 0x00, 0x00, 0x00, 0x00, 0x00, 0x00, 0x00, 0x00, 0xFF, 0xFF, 0x00,
0x00, 0x00, 0x00, 0x00, 0x00, 0x00, 0x00, 0x00, 0xFF, 0xFF, 0x00, 0x00, 0x00, 0x00, 0x00, 0x00,
0x00, 0x00, 0x00, 0xFF, 0xFF, 0x00, 0x00, 0x00, 0x00, 0x00, 0x00, 0x00, 0x00, 0x00, 0xFF, 0xFF,
0xFF, 0xFF, 0xFF, 0xFF, 0xFF, 0xFF, 0xFF, 0xFF, 0xFF, 0xFF, 0xFF, 0xFF, 0xFF, 0xFF, 0xFF, 0xFF,
0xFF, 0xFF, 0xFF, 0xFF, 0xFF, 0xFF, 0xFF, 0xFF, 0xFF, 0xFF, 0x00, 0x00, 0x00, 0x00, 0x52, 0xFF,
0xD6, 0xFF, 0xFF, 0xFF, 0xFF, 0xFF, 0xFF, 0x00, 0x00, 0x00, 0x00, 0x84, 0xFF, 0x85, 0x00, 0x00,
0x00, 0x00, 0xFF, 0xFF, 0x00, 0x00, 0x00, 0x00, 0xB6, 0xFF, 0x34, 0x00, 0x00, 0x00, 0x00, 0xFF,
0xFF, 0x00, 0x00, 0x00, 0x00, 0xE7, 0xE3, 0x00, 0x00, 0x00, 0x00, 0x00, 0xFF, 0xFF, 0x00, 0x00,
0x00, 0x00, 0x00, 0x00, 0x00, 0x00, 0x00, 0x00, 0x00, 0xFF, 0xFF, 0x00, 0x00, 0x00, 0x00, 0x00,
0x00, 0x00, 0x00, 0x00, 0x00, 0x00, 0xFF, 0xFF, 0x00, 0x00, 0x00, 0x00, 0x00, 0x00, 0x00, 0x00,
0x00, 0x00, 0x00, 0xFF, 0xFF, 0x00, 0x00, 0x00, 0x00, 0x00, 0x00, 0x00, 0x00, 0x00, 0x00, 0x00,
0xFF, 0xFF, 0x00, 0x00, 0x00, 0x00, 0x00, 0x00, 0x00, 0x00, 0x00, 0x00, 0x00, 0xFF, 0xFF, 0x00,
0x00, 0x00, 0x00, 0x00, 0x00, 0x00, 0x00, 0x00, 0x00, 0x00, 0xFF, 0xFF, 0x00, 0x00, 0x00, 0x00,
0x00, 0x00, 0x00, 0x00, 0x00, 0x00, 0x00, 0xFF, 0xFF, 0x00, 0x00, 0x00, 0x00, 0x00, 0x00, 0x00,
0x00, 0x00, 0x00, 0x00, 0xFF, 0xFF, 0x00, 0x00, 0x00, 0x00, 0x00, 0x00, 0x00, 0x00, 0x00, 0x00,
0x00, 0xFB, 0xFF, 0x08, 0x00, 0x00, 0x00, 0x00, 0x00, 0x00, 0x00, 0x00, 0x00, 0x00, 0xE4, 0xFF,
0x35, 0x00, 0x00, 0x00, 0x00, 0x00, 0x00, 0x00, 0x00, 0x00, 0x00, 0xA2, 0xFF, 0xC7, 0x28, 0x01,
0x00, 0x00, 0x00, 0x00, 0x00, 0x00, 0x00, 0x00, 0x29, 0xF5, 0xFF, 0xFF, 0xFF, 0xFF, 0xFF, 0x00,
0x00, 0x00, 0x00, 0x00, 0x00, 0x00, 0x33, 0xBA, 0xF4, 0xFF, 0xFF, 0xFF, 0x00, 0x00, 0xFF, 0xFF,
0x00, 0x00, 0x00, 0x00, 0x00, 0x00, 0x00, 0x00, 0x00, 0x00, 0xFF, 0xFF, 0x00, 0x00, 0x00, 0x00,
0x00, 0x00, 0x00, 0x00, 0x00, 0x00, 0xFF, 0xFF, 0x00, 0x00, 0x00, 0x00, 0x00, 0x00, 0x00, 0x00,
0x00, 0x00, 0xFF, 0xFF, 0x00, 0x00, 0x00, 0x00, 0x00, 0x00, 0x00, 0x00, 0x00, 0x00, 0xFF, 0xFF,
0x00, 0x00, 0x00, 0x00, 0x00, 0x00, 0x00, 0x00, 0x00, 0x00, 0xFF, 0xFF, 0x00, 0x00, 0x00, 0x00,
0x00, 0x00, 0x00, 0x00, 0x00, 0x00, 0xFF, 0xFF, 0x00, 0x00, 0x00, 0x00, 0x00, 0x00, 0x00, 0xFF,
0xFF, 0xFF, 0xFF, 0xFF, 0x00, 0x00, 0x00, 0x00, 0x00, 0x00, 0x00, 0xFF, 0xFF, 0xFF, 0xFF, 0xFF,
0x00, 0x00, 0x00, 0x00, 0x00, 0x00, 0x00, 0xFF, 0xFF, 0xFF, 0xFF, 0xFF, 0x00, 0x00, 0x00, 0x00,
0x00, 0x00, 0x00, 0xFF, 0xFF, 0xFF, 0xFF, 0xFF, 0x00, 0x00, 0x00, 0x00, 0x00, 0x00, 0x00, 0x00,
0x00, 0x00, 0xFF, 0xFF, 0x00, 0x00, 0x00, 0x00, 0x00, 0x00, 0x00, 0x00, 0x00, 0x00, 0xFF, 0xFF,
0x00, 0x00, 0x00, 0x00, 0x00, 0x00, 0x00, 0x00, 0x00, 0x00, 0xFF, 0xFF, 0x00, 0x00, 0x00, 0x00,
0x00, 0x00, 0x00, 0x00, 0x00, 0x00, 0xFF, 0xFF, 0x00, 0x00, 0x00, 0x00, 0x00, 0x00, 0x00, 0x00,
0x00, 0x00, 0xFF, 0xFF, 0x00, 0x00, 0x00, 0x00, 0x00, 0x00, 0x00, 0x00, 0x00, 0x00, 0xFF, 0xFF,
0xFF, 0xFF, 0xFF, 0xFF, 0xFF, 0xFF, 0xFF, 0xFF, 0xFF, 0x00, 0xFF, 0xFF, 0xFF, 0xFF, 0xFF, 0xFF,
0xFF, 0xFF, 0xFF, 0xFF, 0xFF, 0x00, 0xFF, 0xFF, 0xFF, 0xFF, 0xFF, 0xFF, 0x00, 0x00, 0x00, 0x00,
0x00, 0x00, 0x00, 0x00, 0xFF, 0xFF, 0xFF, 0xFF, 0xFF, 0xFF, 0x00, 0x00, 0x00, 0x00, 0x00, 0x00,
0x00, 0x00, 0x00, 0x00, 0x00, 0x00, 0xFF, 0xFF, 0x00, 0x00, 0x00, 0x00, 0x00, 0x00, 0x00, 0x00,
0x00, 0x00, 0x00, 0x00, 0xFF, 0xFF, 0x00, 0x00, 0x00, 0x00, 0x00, 0x00, 0x00, 0x00, 0x00, 0x00,
0x00, 0x00, 0xFF, 0xFF, 0x00, 0x00, 0x00, 0x00, 0x00, 0x00, 0x00, 0x00, 0x00, 0x00, 0x00, 0x00,
0xFF, 0xFF, 0x00, 0x00, 0x00, 0x00, 0x00, 0x00, 0x00, 0x00, 0x00, 0x00, 0x00, 0x00, 0xFF, 0xFF,
0x00, 0x00, 0x00, 0x00, 0x00, 0xFF, 0xFF, 0xFF, 0x00, 0x00, 0x00, 0x00, 0xFF, 0xFF, 0x00, 0x00,
0x00, 0x00, 0x00, 0xFF, 0xFF, 0xFF, 0x00, 0x00, 0x00, 0x00, 0xFF, 0xFF, 0x00, 0x00, 0x00, 0x00,
0x00, 0xFF, 0xFF, 0xFF, 0x00, 0x00, 0x00, 0x00, 0xFF, 0xFF, 0x00, 0x00, 0x00, 0x00, 0x00, 0xFF,
0xFF, 0xFF, 0x00, 0x00, 0x00, 0x00, 0xFF, 0xFF, 0x00, 0x00, 0x00, 0x00, 0x00, 0x00, 0x00, 0x00,
0x00, 0x00, 0x00, 0x00, 0xFF, 0xFF, 0x00, 0x00, 0x00, 0x00, 0x00, 0x00, 0x00, 0x00, 0x00, 0x00,
0x00, 0x00, 0xFF, 0xFF, 0x00, 0x00, 0x00, 0x00, 0x00, 0x00, 0x00, 0x00, 0x00, 0x00, 0x00, 0x00,
0xFB, 0xFF, 0x08, 0x00, 0x00, 0x00, 0x00, 0x00, 0x00, 0x00, 0x00, 0x00, 0x00, 0x00, 0xE4, 0xFF,
0x35, 0x00, 0x00, 0x00, 0x00, 0x00, 0x00, 0x00, 0x00, 0x00, 0x00, 0x00, 0xA2, 0xFF, 0xC7, 0x28,
0x01, 0x00, 0x00, 0x00, 0x00, 0x00, 0x00, 0x00, 0x00, 0x00, 0x29, 0xF5, 0xFF, 0xFF, 0xFF, 0xFF,
0xFF, 0x00, 0x00, 0x00, 0x00, 0x00, 0x00, 0x00, 0x00, 0x33, 0xBA, 0xF4, 0xFF, 0xFF, 0xFF, 0x00,
0x00, 0x00, 0x00, 0x00, 0xFF, 0xFF, 0x00, 0x00, 0x00, 0x00, 0x00, 0x00, 0x00, 0x00, 0x00, 0x00,
0x00, 0xFF, 0xFF, 0x00, 0x00, 0x00, 0x00, 0x00, 0x00, 0x00, 0x00, 0x00, 0x00, 0x00, 0xFF, 0xFF,
0x00, 0x00, 0x00, 0x00, 0x00, 0x00, 0x00, 0x00, 0x00, 0x00, 0x00, 0xFF, 0xFF, 0x00, 0x00, 0x00,
0x00, 0x00, 0x00, 0x00, 0x00, 0x00, 0x00, 0x00, 0xFF, 0xFF, 0x00, 0x00, 0x00, 0x0A, 0x01, 0x00,
0x00, 0x00, 0x00, 0x00, 0x00, 0xFF, 0xFF, 0x00, 0x00, 0x3D, 0xDD, 0x71, 0x00, 0x00, 0x00, 0x00,
0x00, 0x00, 0xFF, 0xFF, 0x09, 0x8E, 0xFD, 0xF4, 0x65, 0x00, 0x00, 0x00, 0x00, 0x00, 0x00, 0xFF,
0xFF, 0xD9, 0xFF, 0xC1, 0x22, 0x00, 0x00, 0x00, 0x00, 0x00, 0x00, 0x00, 0xFF, 0xFF, 0xF6, 0x71,
0x02, 0x00, 0x00, 0x00, 0x00, 0x00, 0x00, 0x00, 0x2F, 0xFF, 0xFF, 0x26, 0x00, 0x00, 0x00, 0x00,
0x00, 0x00, 0x00, 0x00, 0x00, 0xC3, 0xFF, 0xFF, 0x00, 0x00, 0x00, 0x00, 0x00, 0x00, 0x00, 0x00,
0x00, 0x08, 0xC4, 0xFF, 0xFF, 0x00, 0x00, 0x00, 0x00, 0x00, 0x00, 0x00, 0x00, 0x00, 0x00, 0x15,
0xFF, 0xFF, 0x00, 0x00, 0x00, 0x00, 0x00, 0x00, 0x00, 0x00, 0x00, 0x00, 0x00, 0xFF, 0xFF, 0x00,
0x00, 0x00, 0x00, 0x00, 0x00, 0x00, 0x00, 0x00, 0x00, 0x00, 0xFF, 0xFF, 0x00, 0x00, 0x00, 0x00,
0x00, 0x00, 0x00, 0x00, 0x00, 0x00, 0x00, 0xFF, 0xFF, 0x00, 0x00, 0x00, 0x00, 0x00, 0x00, 0x00,
0x00, 0x00, 0x00, 0x00, 0xFF, 0xFF, 0xFF, 0xFF, 0xFF, 0xFF, 0xFF, 0xFF, 0xFF, 0xFF, 0xFF, 0x00,
0x00, 0xFF, 0xFF, 0xFF, 0xFF, 0xFF, 0xFF, 0xFF, 0xFF, 0xFF, 0xFF, 0xFF, 0x00, 0xFF, 0xFF, 0xFF,
0xFF, 0xFF, 0x00, 0x00, 0x00, 0x00, 0x00, 0x00, 0xFF, 0xFF, 0xFF, 0xFF, 0xFF, 0x00, 0x00, 0x00,
0x00, 0x00, 0x00, 0x00, 0x00, 0x00, 0xFF, 0xFF, 0x00, 0x00, 0x00, 0x00, 0x00, 0x00, 0x00, 0x00,
0x00, 0xFF, 0xFF, 0x00, 0x00, 0x00, 0x00, 0x00, 0x00, 0x00, 0x00, 0x00, 0xFF, 0xFF, 0x00, 0x00,
0x00, 0x54, 0x27, 0x00, 0x00, 0x00, 0x00, 0xFF, 0xFF, 0x00, 0x24, 0xB8, 0xFF, 0xB7, 0x00, 0x00,
0x00, 0x00, 0xFF, 0xFF, 0x81, 0xF8, 0xF8, 0x81, 0x08, 0x00, 0x00, 0x00, 0x00, 0xFF, 0xFF, 0xFF,
0xB7, 0x24, 0x00, 0x00, 0x00, 0x00, 0x02, 0x77, 0xFF, 0xFF, 0x52, 0x00, 0x00, 0x00, 0x00, 0x00,
0x1A, 0xBC, 0xFF, 0xFF, 0xFF, 0x00, 0x00, 0x00, 0x00, 0x00, 0x4D, 0xEB, 0xF7, 0x66, 0xFF, 0xFF,
0x00, 0x00, 0x00, 0x00, 0x00, 0xB5, 0xDB, 0x2F, 0x00, 0xFF, 0xFF, 0x00, 0x00, 0x00, 0x00, 0x00,
0x0F, 0x0E, 0x00, 0x00, 0xFF, 0xFF, 0x00, 0x00, 0x00, 0x00, 0x00, 0x00, 0x00, 0x00, 0x00, 0xFB,
0xFF, 0x08, 0x00, 0x00, 0x00, 0x00, 0x00, 0x00, 0x00, 0x00, 0xE4, 0xFF, 0x35, 0x00, 0x00, 0x00,
0x00, 0x00, 0x00, 0x00, 0x00, 0xA2, 0xFF, 0xC7, 0x28, 0x01, 0x00, 0x00, 0x00, 0x00, 0x00, 0x00,
0x29, 0xF5, 0xFF, 0xFF, 0xFF, 0xFF, 0xFF, 0x00, 0x00, 0x00, 0x00, 0x00, 0x33, 0xBA, 0xF4, 0xFF,
0xFF, 0xFF, 0x00, 0x00, 0x00, 0x00, 0x00, 0x00, 0x48, 0xFF, 0x99, 0x00, 0x00, 0x00, 0x00, 0x00,
0x00, 0x00, 0x12, 0xE6, 0xC7, 0x06, 0x00, 0x00, 0x00, 0x00, 0x00, 0x00, 0x00, 0xA8, 0xE7, 0x1A,
0x00, 0x00, 0x00, 0x00, 0x00, 0x00, 0x00, 0x00, 0x00, 0x00, 0x00, 0x00, 0x00, 0x00, 0xFF, 0xFF,
0xEC, 0x08, 0x00, 0x00, 0x00, 0x00, 0x00, 0xFF, 0xFF, 0xFF, 0xFF, 0xFF, 0x5F, 0x00, 0x00, 0x00,
0x00, 0x00, 0xFF, 0xFF, 0xFF, 0xFF, 0xFF, 0xCA, 0x00, 0x00, 0x00, 0x00, 0x00, 0xFF, 0xFF, 0xFF,
0xFF, 0xCE, 0xFF, 0x34, 0x00, 0x00, 0x00, 0x00, 0xFF, 0xFF, 0xFF, 0xFF, 0x63, 0xFF, 0x9F, 0x00,
0x00, 0x00, 0x00, 0xFF, 0xFF, 0xFF, 0xFF, 0x09, 0xEE, 0xF7, 0x12, 0x00, 0x00, 0x00, 0xFF, 0xFF,
0xFF, 0xFF, 0x00, 0x8D, 0xFF, 0x74, 0x00, 0x00, 0x00, 0xFF, 0xFF, 0xFF, 0xFF, 0x00, 0x24, 0xFE,
0xDC, 0x01, 0x00, 0x00, 0xFF, 0xFF, 0xFF, 0xFF, 0x00, 0x00, 0xB8, 0xFF, 0x49, 0x00, 0x00, 0xFF,
0xFF, 0xFF, 0xFF, 0x00, 0x00, 0x4D, 0xFF, 0xB4, 0x00, 0x00, 0xFF, 0xFF, 0xFF, 0xFF, 0x00, 0x00,
0x02, 0xDF, 0xFD, 0x21, 0x00, 0xFF, 0xFF, 0xFF, 0xFF, 0x00, 0x00, 0x00, 0x77, 0xFF, 0x89, 0x00,
0xFF, 0xFF, 0xFF, 0xFF, 0x00, 0x00, 0x00, 0x14, 0xF8, 0xEB, 0x07, 0xFF, 0xFF, 0xFF, 0xFF, 0x00,
0x00, 0x00, 0x00, 0xA1, 0xFF, 0x5E, 0xFF, 0xFF, 0xFF, 0xFF, 0x00, 0x00, 0x00, 0x00, 0x36, 0xFF,
0xC8, 0xFF, 0xFF, 0xFF, 0xFF, 0x00, 0x00, 0x00, 0x00, 0x00, 0xCB, 0xFF, 0xFF, 0xFF, 0xFF, 0xFF,
0x00, 0x00, 0x00, 0x00, 0x00, 0x60, 0xFF, 0xFF, 0xFF, 0xFF, 0xFF, 0x00, 0x00, 0x00, 0x00, 0x00,
0x08, 0xEC, 0xFF, 0xFF, 0x00, 0x00, 0x00, 0x00, 0x00, 0x00, 0x13, 0xD9, 0xFF, 0x7D, 0x00, 0x00,
0x00, 0x00, 0x00, 0x00, 0x08, 0xC5, 0xFF, 0x78, 0x00, 0x00, 0x00, 0x00, 0x00, 0x00, 0x02, 0xAC,
0xFF, 0x73, 0x00, 0x00, 0x00, 0x00, 0x00, 0x00, 0x00, 0x90, 0xFF, 0x6F, 0x00, 0x00, 0x00, 0x00,
0x00, 0x00, 0x00, 0x00, 0x00, 0x00, 0x00, 0x00, 0x00, 0x00, 0x00, 0x00, 0x00, 0x00, 0x00, 0x00,
0x00, 0x00, 0x00, 0x00, 0x00, 0x00, 0xFF, 0xFF, 0x00, 0x32, 0xA7, 0xE5, 0xFA, 0xE5, 0x9D, 0x1B,
0x00, 0xFF, 0xFF, 0x51, 0xF9, 0xFF, 0xFF, 0xFF, 0xFF, 0xFF, 0xE3, 0x13, 0xFF, 0xFF, 0xF1, 0xA5,
0x30, 0x07, 0x18, 0x5D, 0xEC, 0xFF, 0x89, 0xFF, 0xFF, 0xB4, 0x00, 0x00, 0x00, 0x00, 0x00, 0x5F,
0xFF, 0xD2, 0xFF, 0xFF, 0x3A, 0x00, 0x00, 0x00, 0x00, 0x00, 0x1A, 0xFF, 0xF3, 0xFF, 0xFF, 0x10,
0x00, 0x00, 0x00, 0x00, 0x00, 0x01, 0xFF, 0xFF, 0xFF, 0xFF, 0x00, 0x00, 0x00, 0x00, 0x00, 0x00,
0x00, 0xFF, 0xFF, 0xFF, 0xFF, 0x00, 0x00, 0x00, 0x00, 0x00, 0x00, 0x00, 0xFF, 0xFF, 0xFF, 0xFF,
0x00, 0x00, 0x00, 0x00, 0x00, 0x00, 0x00, 0xFF, 0xFF, 0xFF, 0xFF, 0x00, 0x00, 0x00, 0x00, 0x00,
0x00, 0x00, 0xFF, 0xFF, 0xFF, 0xFF, 0x00, 0x00, 0x00, 0x00, 0x00, 0x00, 0x00, 0xFF, 0xFF, 0xFF,
0xFF, 0x00, 0x00, 0x00, 0x00, 0x00, 0x00, 0x00, 0xFF, 0xFF, 0xFF, 0xFF, 0x00, 0x00, 0x00, 0x00,
0x00, 0x00, 0x00, 0xFF, 0xFF, 0xFF, 0xFF, 0xEC, 0x08, 0x00, 0x00, 0x00, 0x00, 0x00, 0xFF, 0xFF,
0xFF, 0xFF, 0xFF, 0x5F, 0x00, 0x00, 0x00, 0x00, 0x00, 0xFF, 0xFF, 0xFF, 0xFF, 0xFF, 0xCA, 0x00,
0x00, 0x00, 0x00, 0x00, 0xFF, 0xFF, 0xFF, 0xFF, 0xCE, 0xFF, 0x34, 0x00, 0x00, 0x00, 0x00, 0xFF,
0xFF, 0xFF, 0xFF, 0x63, 0xFF, 0x9F, 0x00, 0x00, 0x00, 0x00, 0xFF, 0xFF, 0xFF, 0xFF, 0x09, 0xEE,
0xF7, 0x12, 0x00, 0x00, 0x00, 0xFF, 0xFF, 0xFF, 0xFF, 0x00, 0x8D, 0xFF, 0x74, 0x00, 0x00, 0x00,
0xFF, 0xFF, 0xFF, 0xFF, 0x00, 0x24, 0xFE, 0xDC, 0x01, 0x00, 0x00, 0xFF, 0xFF, 0xFF, 0xFF, 0x00,
0x00, 0xB8, 0xFF, 0x49, 0x00, 0x00, 0xFF, 0xFF, 0xFF, 0xFF, 0x00, 0x00, 0x4D, 0xFF, 0xB4, 0x00,
0x00, 0xFF, 0xFF, 0xFF, 0xFF, 0x00, 0x00, 0x02, 0xDF, 0xFD, 0x21, 0x00, 0xFF, 0xFF, 0xFF, 0xFF,
0x00, 0x00, 0x00, 0x77, 0xFF, 0x89, 0x00, 0xFF, 0xFF, 0xFF, 0xFF, 0x00, 0x00, 0x00, 0x14, 0xF8,
0xEB, 0x07, 0xFF, 0xFF, 0xFF, 0xFF, 0x00, 0x00, 0x00, 0x00, 0xA1, 0xFF, 0x5E, 0xFF, 0xFF, 0xFF,
0xFF, 0x00, 0x00, 0x00, 0x00, 0x36, 0xFF, 0xC8, 0xFF, 0xFF, 0xFF, 0xFF, 0x00, 0x00, 0x00, 0x00,
0x00, 0xCB, 0xFF, 0xFF, 0xFF, 0xFF, 0xFF, 0x00, 0x00, 0x00, 0x00, 0x00, 0x60, 0xFF, 0xFF, 0xFF,
0xFF, 0xFF, 0x00, 0x00, 0x00, 0x00, 0x00, 0x08, 0xEC, 0xFF, 0xFF, 0x00, 0x00, 0x00, 0x00, 0x00,
0x00, 0x00, 0x00, 0x00, 0x00, 0x00, 0x00, 0x00, 0x00, 0x00, 0x00, 0x00, 0x00, 0x00, 0x00, 0x00,
0x00, 0x00, 0x00, 0x00, 0x00, 0x00, 0x0B, 0xF9, 0xFF, 0xB7, 0x00, 0x00, 0x00, 0x00, 0x00, 0x00,
0x00, 0x4D, 0xFF, 0xFC, 0x2B, 0x00, 0x00, 0x00, 0x00, 0x00, 0x00, 0x00, 0x95, 0xFF, 0x97, 0x00,
0x00, 0x00, 0x00, 0x00, 0x00, 0x00, 0x00, 0xDC, 0xF1, 0x16, 0x00, 0x00, 0x00, 0xFF, 0xFF, 0x00,
0x32, 0xA7, 0xE5, 0xFA, 0xE5, 0x9D, 0x1B, 0x00, 0xFF, 0xFF, 0x51, 0xF9, 0xFF, 0xFF, 0xFF, 0xFF,
0xFF, 0xE3, 0x13, 0xFF, 0xFF, 0xF1, 0xA5, 0x30, 0x07, 0x18, 0x5D, 0xEC, 0xFF, 0x89, 0xFF, 0xFF,
0xB4, 0x00, 0x00, 0x00, 0x00, 0x00, 0x5F, 0xFF, 0xD2, 0xFF, 0xFF, 0x3A, 0x00, 0x00, 0x00, 0x00,
0x00, 0x1A, 0xFF, 0xF3, 0xFF, 0xFF, 0x10, 0x00, 0x00, 0x00, 0x00, 0x00, 0x01, 0xFF, 0xFF, 0xFF,
0xFF, 0x00, 0x00, 0x00, 0x00, 0x00, 0x00, 0x00, 0xFF, 0xFF, 0xFF, 0xFF, 0x00, 0x00, 0x00, 0x00,
0x00, 0x00, 0x00, 0xFF, 0xFF, 0xFF, 0xFF, 0x00, 0x00, 0x00, 0x00, 0x00, 0x00, 0x00, 0xFF, 0xFF,
0xFF, 0xFF, 0x00, 0x00, 0x00, 0x00, 0x00, 0x00, 0x00, 0xFF, 0xFF, 0xFF, 0xFF, 0x00, 0x00, 0x00,
0x00, 0x00, 0x00, 0x00, 0xFF, 0xFF, 0xFF, 0xFF, 0x00, 0x00, 0x00, 0x00, 0x00, 0x00, 0x00, 0xFF,
0xFF, 0xFF, 0xFF, 0x00, 0x00, 0x00, 0x00, 0x00, 0x00, 0x00, 0xFF, 0xFF, 0x00, 0x00, 0x00, 0x00,
0x00, 0x00, 0x00, 0x00, 0x00, 0x00, 0x00, 0x00, 0x00, 0x00, 0x00, 0x00, 0x00, 0x00, 0x00, 0x00,
0x00, 0x00, 0x00, 0x00, 0x00, 0x00, 0x0B, 0xF9, 0xFF, 0xB7, 0x00, 0x00, 0x00, 0x00, 0x00, 0x00,
0x00, 0x4D, 0xFF, 0xFC, 0x2B, 0x00, 0x00, 0x00, 0x00, 0x00, 0x00, 0x00, 0x95, 0xFF, 0x97, 0x00,
0x00, 0x00, 0x00, 0x00, 0x00, 0x00, 0x00, 0xDC, 0xF1, 0x16, 0x00, 0x00, 0x00, 0x00, 0x00, 0x00,
0x00, 0x00, 0x99, 0xEB, 0x29, 0x00, 0x28, 0xE9, 0x98, 0x00, 0x00, 0x00, 0x00, 0x06, 0xC4, 0xE4,
0x43, 0xE4, 0xC4, 0x05, 0x00, 0x00, 0x00, 0x00, 0x00, 0x17, 0xE3, 0xFF, 0xE3, 0x17, 0x00, 0x00,
0x00, 0x00, 0x00, 0x00, 0x00, 0x00, 0x00, 0x00, 0x00, 0x00, 0xFF, 0xFF, 0xEC, 0x08, 0x00, 0x00,
0x00, 0x00, 0x00, 0xFF, 0xFF, 0xFF, 0xFF, 0xFF, 0x5F, 0x00, 0x00, 0x00, 0x00, 0x00, 0xFF, 0xFF,
0xFF, 0xFF, 0xFF, 0xCA, 0x00, 0x00, 0x00, 0x00, 0x00, 0xFF, 0xFF, 0xFF, 0xFF, 0xCE, 0xFF, 0x34,
0x00, 0x00, 0x00, 0x00, 0xFF, 0xFF, 0xFF, 0xFF, 0x63, 0xFF, 0x9F, 0x00, 0x00, 0x00, 0x00, 0xFF,
0xFF, 0xFF, 0xFF, 0x09, 0xEE, 0xF7, 0x12, 0x00, 0x00, 0x00, 0xFF, 0xFF, 0xFF, 0xFF, 0x00, 0x8D,
0xFF, 0x74, 0x00, 0x00, 0x00, 0xFF, 0xFF, 0xFF, 0xFF, 0x00, 0x24, 0xFE, 0xDC, 0x01, 0x00, 0x00,
0xFF, 0xFF, 0xFF, 0xFF, 0x00, 0x00, 0xB8, 0xFF, 0x49, 0x00, 0x00, 0xFF, 0xFF, 0xFF, 0xFF, 0x00,
0x00, 0x4D, 0xFF, 0xB4, 0x00, 0x00, 0xFF, 0xFF, 0xFF, 0xFF, 0x00, 0x00, 0x02, 0xDF, 0xFD, 0x21,
0x00, 0xFF, 0xFF, 0xFF, 0xFF, 0x00, 0x00, 0x00, 0x77, 0xFF, 0x89, 0x00, 0xFF, 0xFF, 0xFF, 0xFF,
0x00, 0x00, 0x00, 0x14, 0xF8, 0xEB, 0x07, 0xFF, 0xFF, 0xFF, 0xFF, 0x00, 0x00, 0x00, 0x00, 0xA1,
0xFF, 0x5E, 0xFF, 0xFF, 0xFF, 0xFF, 0x00, 0x00, 0x00, 0x00, 0x36, 0xFF, 0xC8, 0xFF, 0xFF, 0xFF,
0xFF, 0x00, 0x00, 0x00, 0x00, 0x00, 0xCB, 0xFF, 0xFF, 0xFF, 0xFF, 0xFF, 0x00, 0x00, 0x00, 0x00,
0x00, 0x60, 0xFF, 0xFF, 0xFF, 0xFF, 0xFF, 0x00, 0x00, 0x00, 0x00, 0x00, 0x08, 0xEC, 0xFF, 0xFF,
0x00, 0xAA, 0xDA, 0x0D, 0x00, 0x0C, 0xD8, 0xA9, 0x00, 0x00, 0x00, 0x00, 0x14, 0xE9, 0xA9, 0x00,
0xA7, 0xE9, 0x14, 0x00, 0x00, 0x00, 0x00, 0x00, 0x52, 0xFF, 0xB8, 0xFF, 0x51, 0x00, 0x00, 0x00,
0x00, 0x00, 0x00, 0x00, 0xA6, 0xFF, 0xA5, 0x00, 0x00, 0x00, 0x00, 0x00, 0x00, 0x00, 0x00, 0x00,
0x00, 0x00, 0x00, 0x00, 0x00, 0x00, 0x00, 0x00, 0x00, 0x00, 0x00, 0x00, 0x00, 0x00, 0x00, 0x00,
0x00, 0x00, 0xFF, 0xFF, 0x00, 0x32, 0xA7, 0xE5, 0xFA, 0xE5, 0x9D, 0x1B, 0x00, 0xFF, 0xFF, 0x51,
0xF9, 0xFF, 0xFF, 0xFF, 0xFF, 0xFF, 0xE3, 0x13, 0xFF, 0xFF, 0xF1, 0xA5, 0x30, 0x07, 0x18, 0x5D,
0xEC, 0xFF, 0x89, 0xFF, 0xFF, 0xB4, 0x00, 0x00, 0x00, 0x00, 0x00, 0x5F, 0xFF, 0xD2, 0xFF, 0xFF,
0x3A, 0x00, 0x00, 0x00, 0x00, 0x00, 0x1A, 0xFF, 0xF3, 0xFF, 0xFF, 0x10, 0x00, 0x00, 0x00, 0x00,
0x00, 0x01, 0xFF, 0xFF, 0xFF, 0xFF, 0x00, 0x00, 0x00, 0x00, 0x00, 0x00, 0x00, 0xFF, 0xFF, 0xFF,
0xFF, 0x00, 0x00, 0x00, 0x00, 0x00, 0x00, 0x00, 0xFF, 0xFF, 0xFF, 0xFF, 0x00, 0x00, 0x00, 0x00,
0x00, 0x00, 0x00, 0xFF, 0xFF, 0xFF, 0xFF, 0x00, 0x00, 0x00, 0x00, 0x00, 0x00, 0x00, 0xFF, 0xFF,
0xFF, 0xFF, 0x00, 0x00, 0x00, 0x00, 0x00, 0x00, 0x00, 0xFF, 0xFF, 0xFF, 0xFF, 0x00, 0x00, 0x00,
0x00, 0x00, 0x00, 0x00, 0xFF, 0xFF, 0xFF, 0xFF, 0x00, 0x00, 0x00, 0x00, 0x00, 0x00, 0x00, 0xFF,
0xFF, 0x00, 0xFF, 0xFF, 0xFF, 0x00, 0x00, 0x00, 0x00, 0x00, 0x00, 0x00, 0x00, 0x00, 0x00, 0xFF,
0xFF, 0xFF, 0x00, 0x00, 0x00, 0x00, 0x00, 0x00, 0x00, 0x00, 0x00, 0x08, 0xFF, 0xFF, 0xEF, 0x00,
0x00, 0x00, 0x00, 0x00, 0x00, 0x00, 0x00, 0x00, 0x3B, 0xFF, 0xFF, 0x89, 0x00, 0x00, 0x00, 0x00,
0x00, 0x00, 0x00, 0x00, 0x00, 0x74, 0xFF, 0xFB, 0x1D, 0x00, 0x00, 0x00, 0x00, 0x00, 0x00, 0x00,
0x00, 0x00, 0xAC, 0xFF, 0xFF, 0xFF, 0x00, 0x32, 0xA7, 0xE5, 0xFA, 0xE5, 0x9D, 0x1B, 0x00, 0xE4,
0xFF, 0xFF, 0xFF, 0x51, 0xF9, 0xFF, 0xFF, 0xFF, 0xFF, 0xFF, 0xE3, 0x13, 0x00, 0x00, 0xFF, 0xFF,
0xF1, 0xA5, 0x30, 0x07, 0x18, 0x5D, 0xEC, 0xFF, 0x89, 0x00, 0x00, 0xFF, 0xFF, 0xB4, 0x00, 0x00,
0x00, 0x00, 0x00, 0x5F, 0xFF, 0xD2, 0x00, 0x00, 0xFF, 0xFF, 0x3A, 0x00, 0x00, 0x00, 0x00, 0x00,
0x1A, 0xFF, 0xF3, 0x00, 0x00, 0xFF, 0xFF, 0x10, 0x00, 0x00, 0x00, 0x00, 0x00, 0x01, 0xFF, 0xFF,
0x00, 0x00, 0xFF, 0xFF, 0x00, 0x00, 0x00, 0x00, 0x00, 0x00, 0x00, 0xFF, 0xFF, 0x00, 0x00, 0xFF,
0xFF, 0x00, 0x00, 0x00, 0x00, 0x00, 0x00, 0x00, 0xFF, 0xFF, 0x00, 0x00, 0xFF, 0xFF, 0x00, 0x00,
0x00, 0x00, 0x00, 0x00, 0x00, 0xFF, 0xFF, 0x00, 0x00, 0xFF, 0xFF, 0x00, 0x00, 0x00, 0x00, 0x00,
0x00, 0x00, 0xFF, 0xFF, 0x00, 0x00, 0xFF, 0xFF, 0x00, 0x00, 0x00, 0x00, 0x00, 0x00, 0x00, 0xFF,
0xFF, 0x00, 0x00, 0xFF, 0xFF, 0x00, 0x00, 0x00, 0x00, 0x00, 0x00, 0x00, 0xFF, 0xFF, 0x00, 0x00,
0xFF, 0xFF, 0x00, 0x00, 0x00, 0x00, 0x00, 0x00, 0x00, 0xFF, 0xFF, 0xFF, 0xFF, 0x00, 0x20, 0x9A,
0xE1, 0xF9, 0xE0, 0x8B, 0x0C, 0x00, 0xFF, 0xFF, 0x2E, 0xEB, 0xFF, 0xFF, 0xFF, 0xFF, 0xFF, 0xC1,
0x02, 0xFF, 0xFF, 0xD1, 0xC6, 0x3C, 0x09, 0x1E, 0x74, 0xFA, 0xFF, 0x5A, 0xFF, 0xFF, 0xD7, 0x09,
0x00, 0x00, 0x00, 0x00, 0x7F, 0xFF, 0xB1, 0xFF, 0xFF, 0x60, 0x00, 0x00, 0x00, 0x00, 0x00, 0x29,
0xFF, 0xE0, 0xFF, 0xFF, 0x20, 0x00, 0x00, 0x00, 0x00, 0x00, 0x08, 0xFF, 0xF5, 0xFF, 0xFF, 0x06,
0x00, 0x00, 0x00, 0x00, 0x00, 0x00, 0xFF, 0xFF, 0xFF, 0xFF, 0x00, 0x00, 0x00, 0x00, 0x00, 0x00,
0x00, 0xFF, 0xFF, 0xFF, 0xFF, 0x00, 0x00, 0x00, 0x00, 0x00, 0x00, 0x00, 0xFF, 0xFF, 0xFF, 0xFF,
0x00, 0x00, 0x00, 0x00, 0x00, 0x00, 0x00, 0xFF, 0xFF, 0xFF, 0xFF, 0x00, 0x00, 0x00, 0x00, 0x00,
0x00, 0x00, 0xFF, 0xFF, 0xFF, 0xFF, 0x00, 0x00, 0x00, 0x00, 0x00, 0x00, 0x00, 0xFF, 0xFF, 0xFF,
0xFF, 0x00, 0x00, 0x00, 0x00, 0x00, 0x00, 0x00, 0xFF, 0xFF, 0xFF, 0xFF, 0x00, 0x00, 0x00, 0x00,
0x00, 0x00, 0x00, 0xFF, 0xFF, 0xFF, 0xFF, 0x00, 0x00, 0x00, 0x00, 0x00, 0x00, 0x00, 0xFF, 0xFF,
0xFF, 0xFF, 0x00, 0x00, 0x00, 0x00, 0x00, 0x00, 0x00, 0xFF, 0xFF, 0xFF, 0xFF, 0x00, 0x00, 0x00,
0x00, 0x00, 0x00, 0x00, 0xFF, 0xFF, 0xFF, 0xFF, 0x00, 0x00, 0x00, 0x00, 0x00, 0x00, 0x00, 0xFF,
0xFF, 0x00, 0x00, 0x00, 0x00, 0x00, 0x00, 0x00, 0x00, 0x0F, 0xFF, 0xFB, 0x00, 0x00, 0x00, 0x00,
0x00, 0x00, 0x00, 0x00, 0x38, 0xFF, 0xE4, 0x00, 0x00, 0x00, 0x00, 0x00, 0x00, 0x00, 0x1E, 0xC0,
0xFF, 0xA8, 0x00, 0x00, 0x00, 0x00, 0x00, 0xFF, 0xFF, 0xFF, 0xFF, 0xF9, 0x32, 0x00, 0x00, 0x00,
0x00, 0x00, 0xFF, 0xFF, 0xF9, 0xC9, 0x42, 0x00, 0xFF, 0xFF, 0x00, 0x34, 0xAA, 0xE6, 0xFA, 0xE5,
0x9D, 0x1B, 0x00, 0xFF, 0xFF, 0x52, 0xFA, 0xFF, 0xFF, 0xFF, 0xFF, 0xFF, 0xE3, 0x13, 0xFF, 0xFF,
0xF1, 0xA4, 0x30, 0x07, 0x18, 0x5D, 0xEC, 0xFF, 0x89, 0xFF, 0xFF, 0xB1, 0x00, 0x00, 0x00, 0x00,
0x00, 0x5F, 0xFF, 0xD2, 0xFF, 0xFF, 0x39, 0x00, 0x00, 0x00, 0x00, 0x00, 0x1A, 0xFF, 0xF3, 0xFF,
0xFF, 0x10, 0x00, 0x00, 0x00, 0x00, 0x00, 0x01, 0xFF, 0xFF, 0xFF, 0xFF, 0x00, 0x00, 0x00, 0x00,
0x00, 0x00, 0x00, 0xFF, 0xFF, 0xFF, 0xFF, 0x00, 0x00, 0x00, 0x00, 0x00, 0x00, 0x00, 0xFF, 0xFF,
0xFF, 0xFF, 0x00, 0x00, 0x00, 0x00, 0x00, 0x00, 0x00, 0xFF, 0xFF, 0xFF, 0xFF, 0x00, 0x00, 0x00,
0x00, 0x00, 0x00, 0x00, 0xFF, 0xFF, 0xFF, 0xFF, 0x00, 0x00, 0x00, 0x00, 0x00, 0x00, 0x00, 0xFF,
0xFF, 0xFF, 0xFF, 0x00, 0x00, 0x00, 0x00, 0x00, 0x00, 0x00, 0xFF, 0xFF, 0xFF, 0xFF, 0x00, 0x00,
0x00, 0x00, 0x00, 0x00, 0x00, 0xFF, 0xFF, 0x00, 0x00, 0x00, 0x00, 0x00, 0x00, 0x00, 0x00, 0x07,
0xFF, 0xF9, 0x00, 0x00, 0x00, 0x00, 0x00, 0x00, 0x00, 0x00, 0x2D, 0xFF, 0xDC, 0x00, 0x00, 0x00,
0x00, 0x00, 0x00, 0x00, 0x18, 0xB5, 0xFF, 0xA7, 0x00, 0x00, 0x00, 0x00, 0x00, 0xFF, 0xFF, 0xFF,
0xFF, 0xFC, 0x2E, 0x00, 0x00, 0x00, 0x00, 0x00, 0xFF, 0xFF, 0xF9, 0xCC, 0x47, 0x00, 0x00, 0x00,
0x00, 0xFF, 0xFF, 0xFF, 0xFF, 0xFF, 0xFF, 0x00, 0x00, 0x00, 0x00, 0x00, 0x00, 0xFF, 0xFF, 0xFF,
0xFF, 0xFF, 0xFF, 0x00, 0x00, 0x00, 0x00, 0x00, 0x00, 0x00, 0x00, 0x00, 0x00, 0x00, 0x00, 0x00,
0x00, 0x00, 0x00, 0x00, 0x00, 0x00, 0x00, 0x00, 0x00, 0x00, 0x00, 0x00, 0x00, 0x00, 0x00, 0x00,
0x07, 0x78, 0xCF, 0xF2, 0xF3, 0xCF, 0x78, 0x07, 0x00, 0x00, 0x00, 0x0E, 0xCE, 0xFF, 0xFF, 0xFF,
0xFF, 0xFF, 0xFF, 0xCE, 0x0E, 0x00, 0x00, 0xA5, 0xFF, 0xDA, 0x4B, 0x0D, 0x0D, 0x4B, 0xDA, 0xFF,
0xA4, 0x00, 0x26, 0xFE, 0xF1, 0x1C, 0x00, 0x00, 0x00, 0x00, 0x1D, 0xF1, 0xFD, 0x25, 0x78, 0xFF,
0x92, 0x00, 0x00, 0x00, 0x00, 0x00, 0x00, 0x93, 0xFF, 0x76, 0xB3, 0xFF, 0x4D, 0x00, 0x00, 0x00,
0x00, 0x00, 0x00, 0x4E, 0xFF, 0xB2, 0xDA, 0xFF, 0x25, 0x00, 0x00, 0x00, 0x00, 0x00, 0x00, 0x26,
0xFF, 0xD9, 0xF0, 0xFF, 0x0D, 0x00, 0x00, 0x00, 0x00, 0x00, 0x00, 0x0D, 0xFF, 0xEE, 0xFB, 0xFF,
0x04, 0x00, 0x00, 0x00, 0x00, 0x00, 0x00, 0x04, 0xFF, 0xFA, 0xFB, 0xFF, 0x04, 0x00, 0x00, 0x00,
0x00, 0x00, 0x00, 0x04, 0xFF, 0xF9, 0xF0, 0xFF, 0x0D, 0x00, 0x00, 0x00, 0x00, 0x00, 0x00, 0x0D,
0xFF, 0xEE, 0xDA, 0xFF, 0x25, 0x00, 0x00, 0x00, 0x00, 0x00, 0x00, 0x26, 0xFF, 0xD9, 0xB4, 0xFF,
0x4D, 0x00, 0x00, 0x00, 0x00, 0x00, 0x00, 0x4D, 0xFF, 0xB2, 0x7B, 0xFF, 0x91, 0x00, 0x00, 0x00,
0x00, 0x00, 0x00, 0x91, 0xFF, 0x76, 0x2A, 0xFE, 0xF0, 0x1B, 0x00, 0x00, 0x00, 0x00, 0x1B, 0xF0,
0xFE, 0x25, 0x00, 0xAA, 0xFF, 0xD8, 0x49, 0x0C, 0x0C, 0x49, 0xD8, 0xFF, 0xA4, 0x00, 0x00, 0x11,
0xD2, 0xFF, 0xFF, 0xFF, 0xFF, 0xFF, 0xFF, 0xCF, 0x0E, 0x00, 0x00, 0x00, 0x09, 0x7B, 0xD1, 0xF4,
0xF4, 0xD0, 0x78, 0x07, 0x00, 0x00, 0x00, 0x00, 0xFF, 0xFF, 0xFF, 0xFF, 0xFF, 0xFF, 0xFF, 0x00,
0x00, 0x00, 0x00, 0xFF, 0xFF, 0xFF, 0xFF, 0xFF, 0xFF, 0xFF, 0x00, 0x00, 0x00, 0x00, 0x00, 0x00,
0x00, 0x00, 0x00, 0x00, 0x00, 0x00, 0x00, 0x00, 0x00, 0x00, 0x00, 0x00, 0x00, 0x00, 0x00, 0x00,
0x00, 0x00, 0x00, 0x00, 0x00, 0x00, 0x00, 0x00, 0x00, 0x00, 0x00, 0x00, 0x00, 0x00, 0x00, 0x3A,
0xAE, 0xE8, 0xFA, 0xE8, 0xAE, 0x39, 0x00, 0x00, 0x00, 0x64, 0xFD, 0xFF, 0xFF, 0xFF, 0xFF, 0xFF,
0xFD, 0x61, 0x00, 0x26, 0xF9, 0xFF, 0x98, 0x24, 0x06, 0x24, 0x9A, 0xFF, 0xF8, 0x23, 0x8E, 0xFF,
0xAA, 0x00, 0x00, 0x00, 0x00, 0x00, 0xAE, 0xFF, 0x8C, 0xCF, 0xFF, 0x40, 0x00, 0x00, 0x00, 0x00,
0x00, 0x42, 0xFF, 0xCD, 0xF1, 0xFF, 0x10, 0x00, 0x00, 0x00, 0x00, 0x00, 0x11, 0xFF, 0xF0, 0xFC,
0xFF, 0x03, 0x00, 0x00, 0x00, 0x00, 0x00, 0x04, 0xFF, 0xFC, 0xF1, 0xFF, 0x10, 0x00, 0x00, 0x00,
0x00, 0x00, 0x12, 0xFF, 0xF0, 0xD0, 0xFF, 0x40, 0x00, 0x00, 0x00, 0x00, 0x00, 0x42, 0xFF, 0xCE,
0x8F, 0xFF, 0xAB, 0x00, 0x00, 0x00, 0x00, 0x00, 0xAE, 0xFF, 0x8D, 0x27, 0xFA, 0xFF, 0x97, 0x23,
0x05, 0x23, 0x9A, 0xFF, 0xF8, 0x25, 0x00, 0x67, 0xFE, 0xFF, 0xFF, 0xFF, 0xFF, 0xFF, 0xFD, 0x64,
0x00, 0x00, 0x00, 0x3C, 0xAF, 0xEA, 0xFB, 0xE9, 0xAF, 0x3B, 0x00, 0x00, 0x00, 0x00, 0x00, 0xE1,
0x53, 0x0A, 0x0A, 0x56, 0xDF, 0x00, 0x00, 0x00, 0x00, 0x00, 0x00, 0x97, 0xFF, 0xFF, 0xFF, 0xFF,
0x93, 0x00, 0x00, 0x00, 0x00, 0x00, 0x00, 0x0F, 0xA1, 0xEC, 0xEC, 0x9E, 0x0D, 0x00, 0x00, 0x00,
0x00, 0x00, 0x00, 0x00, 0x00, 0x00, 0x00, 0x00, 0x00, 0x00, 0x00, 0x00, 0x00, 0x00, 0x07, 0x78,
0xCF, 0xF2, 0xF3, 0xCF, 0x78, 0x07, 0x00, 0x00, 0x00, 0x0E, 0xCE, 0xFF, 0xFF, 0xFF, 0xFF, 0xFF,
0xFF, 0xCE, 0x0E, 0x00, 0x00, 0xA5, 0xFF, 0xDA, 0x4B, 0x0D, 0x0D, 0x4B, 0xDA, 0xFF, 0xA4, 0x00,
0x26, 0xFE, 0xF1, 0x1C, 0x00, 0x00, 0x00, 0x00, 0x1D, 0xF1, 0xFD, 0x25, 0x78, 0xFF, 0x92, 0x00,
0x00, 0x00, 0x00, 0x00, 0x00, 0x93, 0xFF, 0x76, 0xB3, 0xFF, 0x4D, 0x00, 0x00, 0x00, 0x00, 0x00,
0x00, 0x4E, 0xFF, 0xB2, 0xDA, 0xFF, 0x25, 0x00, 0x00, 0x00, 0x00, 0x00, 0x00, 0x26, 0xFF, 0xD9,
0xF0, 0xFF, 0x0D, 0x00, 0x00, 0x00, 0x00, 0x00, 0x00, 0x0D, 0xFF, 0xEE, 0xFB, 0xFF, 0x04, 0x00,
0x00, 0x00, 0x00, 0x00, 0x00, 0x04, 0xFF, 0xFA, 0xFB, 0xFF, 0x04, 0x00, 0x00, 0x00, 0x00, 0x00,
0x00, 0x04, 0xFF, 0xF9, 0xF0, 0xFF, 0x0D, 0x00, 0x00, 0x00, 0x00, 0x00, 0x00, 0x0D, 0xFF, 0xEE,
0xDA, 0xFF, 0x25, 0x00, 0x00, 0x00, 0x00, 0x00, 0x00, 0x26, 0xFF, 0xD9, 0xB4, 0xFF, 0x4D, 0x00,
0x00, 0x00, 0x00, 0x00, 0x00, 0x4D, 0xFF, 0xB2, 0x7B, 0xFF, 0x91, 0x00, 0x00, 0x00, 0x00, 0x00,
0x00, 0x91, 0xFF, 0x76, 0x2A, 0xFE, 0xF0, 0x1B, 0x00, 0x00, 0x00, 0x00, 0x1B, 0xF0, 0xFE, 0x25,
0x00, 0xAA, 0xFF, 0xD8, 0x49, 0x0C, 0x0C, 0x49, 0xD8, 0xFF, 0xA4, 0x00, 0x00, 0x11, 0xD2, 0xFF,
0xFF, 0xFF, 0xFF, 0xFF, 0xFF, 0xCF, 0x0E, 0x00, 0x00, 0x00, 0x09, 0x7B, 0xD1, 0xF4, 0xF4, 0xD0,
0x78, 0x07, 0x00, 0x00, 0x00, 0x00, 0xE9, 0x25, 0x00, 0x00, 0x00, 0x2A, 0xE8, 0x00, 0x00, 0x00,
0x00, 0xB8, 0xC0, 0x2A, 0x07, 0x2C, 0xC7, 0xB7, 0x00, 0x00, 0x00, 0x00, 0x46, 0xFF, 0xFF, 0xFF,
0xFF, 0xFF, 0x43, 0x00, 0x00, 0x00, 0x00, 0x00, 0x5A, 0xD3, 0xF5, 0xD2, 0x57, 0x00, 0x00, 0x00,
0x00, 0x00, 0x00, 0x00, 0x00, 0x00, 0x00, 0x00, 0x00, 0x00, 0x00, 0x00, 0x00, 0x00, 0x00, 0x00,
0x00, 0x00, 0x00, 0x00, 0x00, 0x00, 0x00, 0x00, 0x3A, 0xAE, 0xE8, 0xFA, 0xE8, 0xAE, 0x39, 0x00,
0x00, 0x00, 0x64, 0xFD, 0xFF, 0xFF, 0xFF, 0xFF, 0xFF, 0xFD, 0x61, 0x00, 0x26, 0xF9, 0xFF, 0x98,
0x24, 0x06, 0x24, 0x9A, 0xFF, 0xF8, 0x23, 0x8E, 0xFF, 0xAA, 0x00, 0x00, 0x00, 0x00, 0x00, 0xAE,
0xFF, 0x8C, 0xCF, 0xFF, 0x40, 0x00, 0x00, 0x00, 0x00, 0x00, 0x42, 0xFF, 0xCD, 0xF1, 0xFF, 0x10,
0x00, 0x00, 0x00, 0x00, 0x00, 0x11, 0xFF, 0xF0, 0xFC, 0xFF, 0x03, 0x00, 0x00, 0x00, 0x00, 0x00,
0x04, 0xFF, 0xFC, 0xF1, 0xFF, 0x10, 0x00, 0x00, 0x00, 0x00, 0x00, 0x12, 0xFF, 0xF0, 0xD0, 0xFF,
0x40, 0x00, 0x00, 0x00, 0x00, 0x00, 0x42, 0xFF, 0xCE, 0x8F, 0xFF, 0xAB, 0x00, 0x00, 0x00, 0x00,
0x00, 0xAE, 0xFF, 0x8D, 0x27, 0xFA, 0xFF, 0x97, 0x23, 0x05, 0x23, 0x9A, 0xFF, 0xF8, 0x25, 0x00,
0x67, 0xFE, 0xFF, 0xFF, 0xFF, 0xFF, 0xFF, 0xFD, 0x64, 0x00, 0x00, 0x00, 0x3C, 0xAF, 0xEA, 0xFB,
0xE9, 0xAF, 0x3B, 0x00, 0x00, 0x00, 0x00, 0x00, 0x00, 0x48, 0xFF, 0x99, 0x00, 0x48, 0xFF, 0x99,
0x00, 0x00, 0x00, 0x00, 0x12, 0xE6, 0xC7, 0x06, 0x12, 0xE6, 0xC7, 0x06, 0x00, 0x00, 0x00, 0x00,
0xA8, 0xE7, 0x1A, 0x00, 0xA8, 0xE7, 0x1A, 0x00, 0x00, 0x00, 0x00, 0x00, 0x00, 0x00, 0x00, 0x00,
0x00, 0x00, 0x00, 0x00, 0x00, 0x00, 0x00, 0x07, 0x78, 0xCF, 0xF2, 0xF3, 0xCF, 0x78, 0x07, 0x00,
0x00, 0x00, 0x0E, 0xCE, 0xFF, 0xFF, 0xFF, 0xFF, 0xFF, 0xFF, 0xCE, 0x0E, 0x00, 0x00, 0xA5, 0xFF,
0xDA, 0x4B, 0x0D, 0x0D, 0x4B, 0xDA, 0xFF, 0xA4, 0x00, 0x26, 0xFE, 0xF1, 0x1C, 0x00, 0x00, 0x00,
0x00, 0x1D, 0xF1, 0xFD, 0x25, 0x78, 0xFF, 0x92, 0x00, 0x00, 0x00, 0x00, 0x00, 0x00, 0x93, 0xFF,
0x76, 0xB3, 0xFF, 0x4D, 0x00, 0x00, 0x00, 0x00, 0x00, 0x00, 0x4E, 0xFF, 0xB2, 0xDA, 0xFF, 0x25,
0x00, 0x00, 0x00, 0x00, 0x00, 0x00, 0x26, 0xFF, 0xD9, 0xF0, 0xFF, 0x0D, 0x00, 0x00, 0x00, 0x00,
0x00, 0x00, 0x0D, 0xFF, 0xEE, 0xFB, 0xFF, 0x04, 0x00, 0x00, 0x00, 0x00, 0x00, 0x00, 0x04, 0xFF,
0xFA, 0xFB, 0xFF, 0x04, 0x00, 0x00, 0x00, 0x00, 0x00, 0x00, 0x04, 0xFF, 0xF9, 0xF0, 0xFF, 0x0D,
0x00, 0x00, 0x00, 0x00, 0x00, 0x00, 0x0D, 0xFF, 0xEE, 0xDA, 0xFF, 0x25, 0x00, 0x00, 0x00, 0x00,
0x00, 0x00, 0x26, 0xFF, 0xD9, 0xB4, 0xFF, 0x4D, 0x00, 0x00, 0x00, 0x00, 0x00, 0x00, 0x4D, 0xFF,
0xB2, 0x7B, 0xFF, 0x91, 0x00, 0x00, 0x00, 0x00, 0x00, 0x00, 0x91, 0xFF, 0x76, 0x2A, 0xFE, 0xF0,
0x1B, 0x00, 0x00, 0x00, 0x00, 0x1B, 0xF0, 0xFE, 0x25, 0x00, 0xAA, 0xFF, 0xD8, 0x49, 0x0C, 0x0C,
0x49, 0xD8, 0xFF, 0xA4, 0x00, 0x00, 0x11, 0xD2, 0xFF, 0xFF, 0xFF, 0xFF, 0xFF, 0xFF, 0xCF, 0x0E,
0x00, 0x00, 0x00, 0x09, 0x7B, 0xD1, 0xF4, 0xF4, 0xD0, 0x78, 0x07, 0x00, 0x00, 0x00, 0x00, 0x00,
0x09, 0xDF, 0xAF, 0x00, 0x56, 0xFF, 0xAC, 0x00, 0x00, 0x00, 0x00, 0x82, 0xF3, 0x1D, 0x00, 0xCE,
0xEE, 0x18, 0x00, 0x00, 0x00, 0x22, 0xF7, 0x71, 0x00, 0x4A, 0xFF, 0x60, 0x00, 0x00, 0x00, 0x00,
0xB4, 0xCF, 0x03, 0x00, 0xC3, 0xBA, 0x00, 0x00, 0x00, 0x00, 0x00, 0x00, 0x00, 0x00, 0x00, 0x00,
0x00, 0x00, 0x00, 0x00, 0x00, 0x00, 0x00, 0x00, 0x00, 0x00, 0x00, 0x00, 0x00, 0x00, 0x00, 0x00,
0x00, 0x3A, 0xAE, 0xE8, 0xFA, 0xE8, 0xAE, 0x39, 0x00, 0x00, 0x00, 0x64, 0xFD, 0xFF, 0xFF, 0xFF,
0xFF, 0xFF, 0xFD, 0x61, 0x00, 0x26, 0xF9, 0xFF, 0x98, 0x24, 0x06, 0x24, 0x9A, 0xFF, 0xF8, 0x23,
0x8E, 0xFF, 0xAA, 0x00, 0x00, 0x00, 0x00, 0x00, 0xAE, 0xFF, 0x8C, 0xCF, 0xFF, 0x40, 0x00, 0x00,
0x00, 0x00, 0x00, 0x42, 0xFF, 0xCD, 0xF1, 0xFF, 0x10, 0x00, 0x00, 0x00, 0x00, 0x00, 0x11, 0xFF,
0xF0, 0xFC, 0xFF, 0x03, 0x00, 0x00, 0x00, 0x00, 0x00, 0x04, 0xFF, 0xFC, 0xF1, 0xFF, 0x10, 0x00,
0x00, 0x00, 0x00, 0x00, 0x12, 0xFF, 0xF0, 0xD0, 0xFF, 0x40, 0x00, 0x00, 0x00, 0x00, 0x00, 0x42,
0xFF, 0xCE, 0x8F, 0xFF, 0xAB, 0x00, 0x00, 0x00, 0x00, 0x00, 0xAE, 0xFF, 0x8D, 0x27, 0xFA, 0xFF,
0x97, 0x23, 0x05, 0x23, 0x9A, 0xFF, 0xF8, 0x25, 0x00, 0x67, 0xFE, 0xFF, 0xFF, 0xFF, 0xFF, 0xFF,
0xFD, 0x64, 0x00, 0x00, 0x00, 0x3C, 0xAF, 0xEA, 0xFB, 0xE9, 0xAF, 0x3B, 0x00, 0x00, 0x00, 0x00,
0x34, 0xA9, 0xE6, 0xFB, 0xFF, 0xFF, 0xFF, 0xFF, 0xFF, 0xFF, 0xFF, 0x00, 0x51, 0xFC, 0xFF, 0xFF,
0xFF, 0xFF, 0xFF, 0xFF, 0xFF, 0xFF, 0xFF, 0xFF, 0x0B, 0xEC, 0xFF, 0x92, 0x1F, 0x01, 0xFF, 0xFF,
0x00, 0x00, 0x00, 0x00, 0x00, 0x5D, 0xFF, 0xBA, 0x00, 0x00, 0x00, 0xFF, 0xFF, 0x00, 0x00, 0x00,
0x00, 0x00, 0x9E, 0xFF, 0x60, 0x00, 0x00, 0x00, 0xFF, 0xFF, 0x00, 0x00, 0x00, 0x00, 0x00, 0xC7,
0xFF, 0x31, 0x00, 0x00, 0x00, 0xFF, 0xFF, 0x00, 0x00, 0x00, 0x00, 0x00, 0xE5, 0xFF, 0x17, 0x00,
0x00, 0x00, 0xFF, 0xFF, 0x00, 0x00, 0x00, 0x00, 0x00, 0xF3, 0xFF, 0x08, 0x00, 0x00, 0x00, 0xFF,
0xFF, 0x00, 0x00, 0x00, 0x00, 0x00, 0xFC, 0xFF, 0x02, 0x00, 0x00, 0x00, 0xFF, 0xFF, 0xFF, 0xFF,
0xFF, 0xFF, 0xFF, 0xFC, 0xFF, 0x02, 0x00, 0x00, 0x00, 0xFF, 0xFF, 0xFF, 0xFF, 0xFF, 0xFF, 0xFF,
0xF3, 0xFF, 0x08, 0x00, 0x00, 0x00, 0xFF, 0xFF, 0x00, 0x00, 0x00, 0x00, 0x00, 0xE5, 0xFF, 0x17,
0x00, 0x00, 0x00, 0xFF, 0xFF, 0x00, 0x00, 0x00, 0x00, 0x00, 0xC7, 0xFF, 0x31, 0x00, 0x00, 0x00,
0xFF, 0xFF, 0x00, 0x00, 0x00, 0x00, 0x00, 0x9D, 0xFF, 0x5E, 0x00, 0x00, 0x00, 0xFF, 0xFF, 0x00,
0x00, 0x00, 0x00, 0x00, 0x5D, 0xFF, 0xB8, 0x00, 0x00, 0x00, 0xFF, 0xFF, 0x00, 0x00, 0x00, 0x00,
0x00, 0x0B, 0xEC, 0xFF, 0x90, 0x1D, 0x01, 0xFF, 0xFF, 0x00, 0x00, 0x00, 0x00, 0x00, 0x00, 0x51,
0xFC, 0xFF, 0xFF, 0xFF, 0xFF, 0xFF, 0xFF, 0xFF, 0xFF, 0xFF, 0xFF, 0x00, 0x00, 0x34, 0xAA, 0xE6,
0xFC, 0xFF, 0xFF, 0xFF, 0xFF, 0xFF, 0xFF, 0xFF, 0x00, 0x29, 0xB6, 0xF2, 0xF2, 0xAB, 0x18, 0x1A,
0xA7, 0xEE, 0xF7, 0xCD, 0x51, 0x00, 0x13, 0xE8, 0xFF, 0xFF, 0xFF, 0xFF, 0xD0, 0xD7, 0xFF, 0xFF,
0xFF, 0xFF, 0xFD, 0x3B, 0x78, 0xFF, 0xC0, 0x1C, 0x1E, 0xC5, 0xFF, 0xFF, 0xA7, 0x15, 0x17, 0xAA,
0xFF, 0xA2, 0xBD, 0xFF, 0x3E, 0x00, 0x00, 0x43, 0xFF, 0xFF, 0x23, 0x00, 0x00, 0x22, 0xFF, 0xD7,
0xE3, 0xFF, 0x15, 0x00, 0x00, 0x1A, 0xFF, 0xFF, 0x04, 0x00, 0x00, 0x05, 0xFF, 0xF2, 0xF7, 0xFF,
0x05, 0x00, 0x00, 0x08, 0xFF, 0xFF, 0xFF, 0xFF, 0xFF, 0xFF, 0xFF, 0xFD, 0xFE, 0xFF, 0x01, 0x00,
0x00, 0x02, 0xFF, 0xFF, 0xFF, 0xFF, 0xFF, 0xFF, 0xFF, 0xFF, 0xF7, 0xFF, 0x05, 0x00, 0x00, 0x05,
0xFF, 0xFF, 0x00, 0x00, 0x00, 0x00, 0x00, 0x00, 0xE3, 0xFF, 0x15, 0x00, 0x00, 0x15, 0xFF, 0xFF,
0x11, 0x00, 0x00, 0x00, 0x00, 0x00, 0xBD, 0xFF, 0x3E, 0x00, 0x00, 0x40, 0xFF, 0xFF, 0x44, 0x00,
0x00, 0x00, 0x00, 0x00, 0x79, 0xFF, 0xBF, 0x1D, 0x1D, 0xC2, 0xFF, 0xFF, 0xD6, 0x3B, 0x0A, 0x1B,
0x47, 0xBC, 0x14, 0xEA, 0xFF, 0xFF, 0xFF, 0xFF, 0xC7, 0xC6, 0xFF, 0xFF, 0xFF, 0xFF, 0xFF, 0xFF,
0x00, 0x2B, 0xB7, 0xF3, 0xF1, 0xA3, 0x12, 0x0B, 0x86, 0xDB, 0xF8, 0xE5, 0xB8, 0x49, 0x00, 0x00,
0x00, 0x00, 0x00, 0x48, 0xFF, 0x99, 0x00, 0x00, 0x00, 0x00, 0x00, 0x00, 0x00, 0x00, 0x00, 0x12,
0xE6, 0xC7, 0x06, 0x00, 0x00, 0x00, 0x00, 0x00, 0x00, 0x00, 0x00, 0x00, 0xA8, 0xE7, 0x1A, 0x00,
0x00, 0x00, 0x00, 0x00, 0x00, 0x00, 0x00, 0x00, 0x00, 0x00, 0x00, 0x00, 0x00, 0x00, 0x00, 0x00,
0x00, 0x00, 0xFF, 0xFF, 0xFF, 0xFF, 0xFF, 0xF7, 0xDF, 0xA9, 0x47, 0x00, 0x00, 0x00, 0x00, 0xFF,
0xFF, 0xFF, 0xFF, 0xFF, 0xFF, 0xFF, 0xFF, 0xFF, 0x9D, 0x02, 0x00, 0x00, 0xFF, 0xFF, 0x00, 0x00,
0x00, 0x10, 0x31, 0x92, 0xFB, 0xFF, 0x67, 0x00, 0x00, 0xFF, 0xFF, 0x00, 0x00, 0x00, 0x00, 0x00,
0x00, 0x6D, 0xFF, 0xCB, 0x00, 0x00, 0xFF, 0xFF, 0x00, 0x00, 0x00, 0x00, 0x00, 0x00, 0x10, 0xFF,
0xF5, 0x00, 0x00, 0xFF, 0xFF, 0x00, 0x00, 0x00, 0x00, 0x00, 0x00, 0x17, 0xFF, 0xED, 0x00, 0x00,
0xFF, 0xFF, 0x00, 0x00, 0x00, 0x00, 0x00, 0x00, 0x69, 0xFF, 0xBF, 0x00, 0x00, 0xFF, 0xFF, 0x00,
0x00, 0x00, 0x05, 0x22, 0x75, 0xF7, 0xFE, 0x44, 0x00, 0x00, 0xFF, 0xFF, 0xFF, 0xFF, 0xFF, 0xFF,
0xFF, 0xFF, 0xD8, 0x4F, 0x00, 0x00, 0x00, 0xFF, 0xFF, 0xFF, 0xFF, 0xFF, 0xFF, 0xFF, 0xF7, 0x78,
0x00, 0x00, 0x00, 0x00, 0xFF, 0xFF, 0x00, 0x00, 0x01, 0x1A, 0x6E, 0xF5, 0xFF, 0x75, 0x00, 0x00,
0x00, 0xFF, 0xFF, 0x00, 0x00, 0x00, 0x00, 0x00, 0x55, 0xFF, 0xF4, 0x14, 0x00, 0x00, 0xFF, 0xFF,
0x00, 0x00, 0x00, 0x00, 0x00, 0x00, 0xB9, 0xFF, 0x81, 0x00, 0x00, 0xFF, 0xFF, 0x00, 0x00, 0x00,
0x00, 0x00, 0x00, 0x39, 0xFF, 0xEB, 0x09, 0x00, 0xFF, 0xFF, 0x00, 0x00, 0x00, 0x00, 0x00, 0x00,
0x00, 0xC5, 0xFF, 0x69, 0x00, 0xFF, 0xFF, 0x00, 0x00, 0x00, 0x00, 0x00, 0x00, 0x00, 0x52, 0xFF,
0xDA, 0x02, 0xFF, 0xFF, 0x00, 0x00, 0x00, 0x00, 0x00, 0x00, 0x00, 0x02, 0xDB, 0xFF, 0x51, 0xFF,
0xFF, 0x00, 0x00, 0x00, 0x00, 0x00, 0x00, 0x00, 0x00, 0x6A, 0xFF, 0xC5, 0x00, 0x00, 0x00, 0x00,
0x00, 0x00, 0x13, 0xD9, 0xFF, 0x7D, 0x00, 0x00, 0x00, 0x00, 0x00, 0x08, 0xC5, 0xFF, 0x78, 0x00,
0x00, 0x00, 0x00, 0x00, 0x02, 0xAC, 0xFF, 0x73, 0x00, 0x00, 0x00, 0x00, 0x00, 0x00, 0x90, 0xFF,
0x6F, 0x00, 0x00, 0x00, 0x00, 0x00, 0x00, 0x00, 0x00, 0x00, 0x00, 0x00, 0x00, 0x00, 0x00, 0x00,
0x00, 0x00, 0x00, 0x00, 0x00, 0x00, 0x00, 0x00, 0xFF, 0xFF, 0x00, 0x2B, 0xA8, 0xE7, 0xF1, 0xC4,
0x54, 0x00, 0xFF, 0xFF, 0x35, 0xF1, 0xFF, 0xFF, 0xFF, 0xFF, 0xFF, 0x00, 0xFF, 0xFF, 0xCC, 0xCA,
0x45, 0x0D, 0x12, 0x40, 0xAF, 0x00, 0xFF, 0xFF, 0xD4, 0x09, 0x00, 0x00, 0x00, 0x00, 0x00, 0x00,
0xFF, 0xFF, 0x5A, 0x00, 0x00, 0x00, 0x00, 0x00, 0x00, 0x00, 0xFF, 0xFF, 0x1A, 0x00, 0x00, 0x00,
0x00, 0x00, 0x00, 0x00, 0xFF, 0xFF, 0x03, 0x00, 0x00, 0x00, 0x00, 0x00, 0x00, 0x00, 0xFF, 0xFF,
0x00, 0x00, 0x00, 0x00, 0x00, 0x00, 0x00, 0x00, 0xFF, 0xFF, 0x00, 0x00, 0x00, 0x00, 0x00, 0x00,
0x00, 0x00, 0xFF, 0xFF, 0x00, 0x00, 0x00, 0x00, 0x00, 0x00, 0x00, 0x00, 0xFF, 0xFF, 0x00, 0x00,
0x00, 0x00, 0x00, 0x00, 0x00, 0x00, 0xFF, 0xFF, 0x00, 0x00, 0x00, 0x00, 0x00, 0x00, 0x00, 0x00,
0xFF, 0xFF, 0x00, 0x00, 0x00, 0x00, 0x00, 0x00, 0x00, 0x00, 0xFF, 0xFF, 0xFF, 0xFF, 0xFF, 0xF7,
0xDF, 0xA9, 0x47, 0x00, 0x00, 0x00, 0x00, 0xFF, 0xFF, 0xFF, 0xFF, 0xFF, 0xFF, 0xFF, 0xFF, 0xFF,
0x9D, 0x02, 0x00, 0x00, 0xFF, 0xFF, 0x00, 0x00, 0x00, 0x10, 0x31, 0x92, 0xFB, 0xFF, 0x67, 0x00,
0x00, 0xFF, 0xFF, 0x00, 0x00, 0x00, 0x00, 0x00, 0x00, 0x6D, 0xFF, 0xCB, 0x00, 0x00, 0xFF, 0xFF,
0x00, 0x00, 0x00, 0x00, 0x00, 0x00, 0x10, 0xFF, 0xF5, 0x00, 0x00, 0xFF, 0xFF, 0x00, 0x00, 0x00,
0x00, 0x00, 0x00, 0x17, 0xFF, 0xED, 0x00, 0x00, 0xFF, 0xFF, 0x00, 0x00, 0x00, 0x00, 0x00, 0x00,
0x69, 0xFF, 0xBF, 0x00, 0x00, 0xFF, 0xFF, 0x00, 0x00, 0x00, 0x05, 0x22, 0x75, 0xF7, 0xFE, 0x44,
0x00, 0x00, 0xFF, 0xFF, 0xFF, 0xFF, 0xFF, 0xFF, 0xFF, 0xFF, 0xD8, 0x4F, 0x00, 0x00, 0x00, 0xFF,
0xFF, 0xFF, 0xFF, 0xFF, 0xFF, 0xFF, 0xF7, 0x78, 0x00, 0x00, 0x00, 0x00, 0xFF, 0xFF, 0x00, 0x00,
0x01, 0x1A, 0x6E, 0xF5, 0xFF, 0x75, 0x00, 0x00, 0x00, 0xFF, 0xFF, 0x00, 0x00, 0x00, 0x00, 0x00,
0x55, 0xFF, 0xF4, 0x14, 0x00, 0x00, 0xFF, 0xFF, 0x00, 0x00, 0x00, 0x00, 0x00, 0x00, 0xB9, 0xFF,
0x81, 0x00, 0x00, 0xFF, 0xFF, 0x00, 0x00, 0x00, 0x00, 0x00, 0x00, 0x39, 0xFF, 0xEB, 0x09, 0x00,
0xFF, 0xFF, 0x00, 0x00, 0x00, 0x00, 0x00, 0x00, 0x00, 0xC5, 0xFF, 0x69, 0x00, 0xFF, 0xFF, 0x00,
0x00, 0x00, 0x00, 0x00, 0x00, 0x00, 0x52, 0xFF, 0xDA, 0x02, 0xFF, 0xFF, 0x00, 0x00, 0x00, 0x00,
0x00, 0x00, 0x00, 0x02, 0xDB, 0xFF, 0x51, 0xFF, 0xFF, 0x00, 0x00, 0x00, 0x00, 0x00, 0x00, 0x00,
0x00, 0x6A, 0xFF, 0xC5, 0x00, 0x00, 0x00, 0x00, 0x00, 0x00, 0x00, 0x00, 0x00, 0x00, 0x00, 0x00,
0x00, 0x00, 0x00, 0x00, 0x00, 0x00, 0x00, 0x00, 0x00, 0x00, 0x00, 0x00, 0x00, 0x00, 0x00, 0x00,
0x00, 0x00, 0x00, 0x0B, 0xF9, 0xFF, 0xB7, 0x00, 0x00, 0x00, 0x00, 0x00, 0x00, 0x00, 0x00, 0x00,
0x4D, 0xFF, 0xFC, 0x2B, 0x00, 0x00, 0x00, 0x00, 0x00, 0x00, 0x00, 0x00, 0x00, 0x95, 0xFF, 0x97,
0x00, 0x00, 0x00, 0x00, 0x00, 0x00, 0x00, 0x00, 0x00, 0x00, 0xDC, 0xF1, 0x16, 0x00, 0x00, 0x00,
0x00, 0x00, 0xFF, 0xFF, 0x00, 0x2B, 0xA8, 0xE7, 0xF1, 0xC4, 0x54, 0xFF, 0xFF, 0x35, 0xF1, 0xFF,
0xFF, 0xFF, 0xFF, 0xFF, 0xFF, 0xFF, 0xCC, 0xCA, 0x45, 0x0D, 0x12, 0x40, 0xAF, 0xFF, 0xFF, 0xD4,
0x09, 0x00, 0x00, 0x00, 0x00, 0x00, 0xFF, 0xFF, 0x5A, 0x00, 0x00, 0x00, 0x00, 0x00, 0x00, 0xFF,
0xFF, 0x1A, 0x00, 0x00, 0x00, 0x00, 0x00, 0x00, 0xFF, 0xFF, 0x03, 0x00, 0x00, 0x00, 0x00, 0x00,
0x00, 0xFF, 0xFF, 0x00, 0x00, 0x00, 0x00, 0x00, 0x00, 0x00, 0xFF, 0xFF, 0x00, 0x00, 0x00, 0x00,
0x00, 0x00, 0x00, 0xFF, 0xFF, 0x00, 0x00, 0x00, 0x00, 0x00, 0x00, 0x00, 0xFF, 0xFF, 0x00, 0x00,
0x00, 0x00, 0x00, 0x00, 0x00, 0xFF, 0xFF, 0x00, 0x00, 0x00, 0x00, 0x00, 0x00, 0x00, 0xFF, 0xFF,
0x00, 0x00, 0x00, 0x00, 0x00, 0x00, 0x00, 0x00, 0x00, 0x00, 0x00, 0x00, 0x00, 0x00, 0x00, 0x00,
0x00, 0x00, 0x00, 0x00, 0x00, 0x00, 0x00, 0x00, 0x00, 0x0B, 0xF9, 0xFF, 0xB7, 0x00, 0x00, 0x00,
0x00, 0x00, 0x4D, 0xFF, 0xFC, 0x2B, 0x00, 0x00, 0x00, 0x00, 0x00, 0x95, 0xFF, 0x97, 0x00, 0x00,
0x00, 0x00, 0x00, 0x00, 0xDC, 0xF1, 0x16, 0x00, 0x00, 0x00, 0x00, 0x00, 0x00, 0x00, 0x00, 0x99,
0xEB, 0x29, 0x00, 0x28, 0xE9, 0x98, 0x00, 0x00, 0x00, 0x00, 0x00, 0x00, 0x06, 0xC4, 0xE4, 0x43,
0xE4, 0xC4, 0x05, 0x00, 0x00, 0x00, 0x00, 0x00, 0x00, 0x00, 0x17, 0xE3, 0xFF, 0xE3, 0x17, 0x00,
0x00, 0x00, 0x00, 0x00, 0x00, 0x00, 0x00, 0x00, 0x00, 0x00, 0x00, 0x00, 0x00, 0x00, 0x00, 0x00,
0x00, 0xFF, 0xFF, 0xFF, 0xFF, 0xFF, 0xF7, 0xDF, 0xA9, 0x47, 0x00, 0x00, 0x00, 0x00, 0xFF, 0xFF,
0xFF, 0xFF, 0xFF, 0xFF, 0xFF, 0xFF, 0xFF, 0x9D, 0x02, 0x00, 0x00, 0xFF, 0xFF, 0x00, 0x00, 0x00,
0x10, 0x31, 0x92, 0xFB, 0xFF, 0x67, 0x00, 0x00, 0xFF, 0xFF, 0x00, 0x00, 0x00, 0x00, 0x00, 0x00,
0x6D, 0xFF, 0xCB, 0x00, 0x00, 0xFF, 0xFF, 0x00, 0x00, 0x00, 0x00, 0x00, 0x00, 0x10, 0xFF, 0xF5,
0x00, 0x00, 0xFF, 0xFF, 0x00, 0x00, 0x00, 0x00, 0x00, 0x00, 0x17, 0xFF, 0xED, 0x00, 0x00, 0xFF,
0xFF, 0x00, 0x00, 0x00, 0x00, 0x00, 0x00, 0x69, 0xFF, 0xBF, 0x00, 0x00, 0xFF, 0xFF, 0x00, 0x00,
0x00, 0x05, 0x22, 0x75, 0xF7, 0xFE, 0x44, 0x00, 0x00, 0xFF, 0xFF, 0xFF, 0xFF, 0xFF, 0xFF, 0xFF,
0xFF, 0xD8, 0x4F, 0x00, 0x00, 0x00, 0xFF, 0xFF, 0xFF, 0xFF, 0xFF, 0xFF, 0xFF, 0xF7, 0x78, 0x00,
0x00, 0x00, 0x00, 0xFF, 0xFF, 0x00, 0x00, 0x01, 0x1A, 0x6E, 0xF5, 0xFF, 0x75, 0x00, 0x00, 0x00,
0xFF, 0xFF, 0x00, 0x00, 0x00, 0x00, 0x00, 0x55, 0xFF, 0xF4, 0x14, 0x00, 0x00, 0xFF, 0xFF, 0x00,
0x00, 0x00, 0x00, 0x00, 0x00, 0xB9, 0xFF, 0x81, 0x00, 0x00, 0xFF, 0xFF, 0x00, 0x00, 0x00, 0x00,
0x00, 0x00, 0x39, 0xFF, 0xEB, 0x09, 0x00, 0xFF, 0xFF, 0x00, 0x00, 0x00, 0x00, 0x00, 0x00, 0x00,
0xC5, 0xFF, 0x69, 0x00, 0xFF, 0xFF, 0x00, 0x00, 0x00, 0x00, 0x00, 0x00, 0x00, 0x52, 0xFF, 0xDA,
0x02, 0xFF, 0xFF, 0x00, 0x00, 0x00, 0x00, 0x00, 0x00, 0x00, 0x02, 0xDB, 0xFF, 0x51, 0xFF, 0xFF,
0x00, 0x00, 0x00, 0x00, 0x00, 0x00, 0x00, 0x00, 0x6A, 0xFF, 0xC5, 0xAA, 0xDA, 0x0D, 0x00, 0x0C,
0xD8, 0xA9, 0x00, 0x00, 0x14, 0xE9, 0xA9, 0x00, 0xA7, 0xE9, 0x14, 0x00, 0x00, 0x00, 0x52, 0xFF,
0xB8, 0xFF, 0x51, 0x00, 0x00, 0x00, 0x00, 0x00, 0xA6, 0xFF, 0xA5, 0x00, 0x00, 0x00, 0x00, 0x00,
0x00, 0x00, 0x00, 0x00, 0x00, 0x00, 0x00, 0x00, 0x00, 0x00, 0x00, 0x00, 0x00, 0x00, 0x00, 0x00,
0x00, 0xFF, 0xFF, 0x00, 0x2B, 0xA8, 0xE7, 0xF1, 0xC4, 0x54, 0xFF, 0xFF, 0x35, 0xF1, 0xFF, 0xFF,
0xFF, 0xFF, 0xFF, 0xFF, 0xFF, 0xCC, 0xCA, 0x45, 0x0D, 0x12, 0x40, 0xAF, 0xFF, 0xFF, 0xD4, 0x09,
0x00, 0x00, 0x00, 0x00, 0x00, 0xFF, 0xFF, 0x5A, 0x00, 0x00, 0x00, 0x00, 0x00, 0x00, 0xFF, 0xFF,
0x1A, 0x00, 0x00, 0x00, 0x00, 0x00, 0x00, 0xFF, 0xFF, 0x03, 0x00, 0x00, 0x00, 0x00, 0x00, 0x00,
0xFF, 0xFF, 0x00, 0x00, 0x00, 0x00, 0x00, 0x00, 0x00, 0xFF, 0xFF, 0x00, 0x00, 0x00, 0x00, 0x00,
0x00, 0x00, 0xFF, 0xFF, 0x00, 0x00, 0x00, 0x00, 0x00, 0x00, 0x00, 0xFF, 0xFF, 0x00, 0x00, 0x00,
0x00, 0x00, 0x00, 0x00, 0xFF, 0xFF, 0x00, 0x00, 0x00, 0x00, 0x00, 0x00, 0x00, 0xFF, 0xFF, 0x00,
0x00, 0x00, 0x00, 0x00, 0x00, 0x00, 0x00, 0x00, 0x00, 0x00, 0x00, 0x00, 0x48, 0xFF, 0x99, 0x00,
0x00, 0x00, 0x00, 0x00, 0x00, 0x00, 0x12, 0xE6, 0xC7, 0x06, 0x00, 0x00, 0x00, 0x00, 0x00, 0x00,
0x00, 0xA8, 0xE7, 0x1A, 0x00, 0x00, 0x00, 0x00, 0x00, 0x00, 0x00, 0x00, 0x00, 0x00, 0x00, 0x00,
0x00, 0x00, 0x00, 0x00, 0x3D, 0xAB, 0xE6, 0xF9, 0xE4, 0xC3, 0x7D, 0x29, 0x00, 0x00, 0x7C, 0xFE,
0xFF, 0xFF, 0xFF, 0xFF, 0xFF, 0xFF, 0xFF, 0x00, 0x4A, 0xFF, 0xF8, 0x81, 0x25, 0x08, 0x19, 0x37,
0x7C, 0xD4, 0x00, 0xBB, 0xFF, 0x68, 0x00, 0x00, 0x00, 0x00, 0x00, 0x00, 0x00, 0x00, 0xF0, 0xFF,
0x12, 0x00, 0x00, 0x00, 0x00, 0x00, 0x00, 0x00, 0x00, 0xFA, 0xFF, 0x11, 0x00, 0x00, 0x00, 0x00,
0x00, 0x00, 0x00, 0x00, 0xD7, 0xFF, 0x62, 0x00, 0x00, 0x00, 0x00, 0x00, 0x00, 0x00, 0x00, 0x73,
0xFF, 0xF7, 0x83, 0x23, 0x00, 0x00, 0x00, 0x00, 0x00, 0x00, 0x02, 0x9D, 0xFF, 0xFF, 0xFF, 0xDF,
0xA0, 0x54, 0x06, 0x00, 0x00, 0x00, 0x00, 0x3D, 0xA5, 0xED, 0xFF, 0xFF, 0xFF, 0xE3, 0x49, 0x00,
0x00, 0x00, 0x00, 0x00, 0x02, 0x2E, 0x6D, 0xC9, 0xFF, 0xFB, 0x3D, 0x00, 0x00, 0x00, 0x00, 0x00,
0x00, 0x00, 0x00, 0x94, 0xFF, 0xBB, 0x00, 0x00, 0x00, 0x00, 0x00, 0x00, 0x00, 0x00, 0x1B, 0xFF,
0xF3, 0x00, 0x00, 0x00, 0x00, 0x00, 0x00, 0x00, 0x00, 0x0B, 0xFF, 0xF3, 0x00, 0x00, 0x00, 0x00,
0x00, 0x00, 0x00, 0x00, 0x63, 0xFF, 0xC9, 0xD5, 0x84, 0x46, 0x26, 0x0E, 0x0B, 0x2B, 0x88, 0xF9,
0xFF, 0x65, 0xFF, 0xFF, 0xFF, 0xFF, 0xFF, 0xFF, 0xFF, 0xFF, 0xFF, 0x9C, 0x01, 0x27, 0x74, 0xBA,
0xDB, 0xF4, 0xF9, 0xE2, 0xAB, 0x49, 0x00, 0x00, 0x00, 0x00, 0x00, 0x00, 0x00, 0x00, 0x13, 0xD9,
0xFF, 0x7D, 0x00, 0x00, 0x00, 0x00, 0x00, 0x00, 0x08, 0xC5, 0xFF, 0x78, 0x00, 0x00, 0x00, 0x00,
0x00, 0x00, 0x02, 0xAC, 0xFF, 0x73, 0x00, 0x00, 0x00, 0x00, 0x00, 0x00, 0x00, 0x90, 0xFF, 0x6F,
0x00, 0x00, 0x00, 0x00, 0x00, 0x00, 0x00, 0x00, 0x00, 0x00, 0x00, 0x00, 0x00, 0x00, 0x00, 0x00,
0x00, 0x00, 0x00, 0x00, 0x00, 0x00, 0x00, 0x00, 0x00, 0x00, 0x00, 0x19, 0x87, 0xCD, 0xF0, 0xFA,
0xE5, 0xC8, 0x85, 0x2C, 0x00, 0x31, 0xEE, 0xFF, 0xFF, 0xFF, 0xFF, 0xFF, 0xFF, 0xFF, 0xFF, 0x00,
0xC3, 0xFF, 0xBA, 0x3E, 0x12, 0x06, 0x1D, 0x3A, 0x80, 0xD5, 0x00, 0xF7, 0xFF, 0x17, 0x00, 0x00,
0x00, 0x00, 0x00, 0x00, 0x00, 0x00, 0xDC, 0xFF, 0x94, 0x22, 0x00, 0x00, 0x00, 0x00, 0x00, 0x00,
0x00, 0x69, 0xFF, 0xFF, 0xFF, 0xE8, 0xB9, 0x90, 0x6A, 0x22, 0x00, 0x00, 0x00, 0x58, 0xC8, 0xFD,
0xFF, 0xFF, 0xFF, 0xFF, 0xFF, 0xA5, 0x0B, 0x00, 0x00, 0x00, 0x0D, 0x34, 0x5A, 0x88, 0xCF, 0xFF,
0xFF, 0x90, 0x00, 0x00, 0x00, 0x00, 0x00, 0x00, 0x00, 0x00, 0x5B, 0xFF, 0xE4, 0x00, 0x00, 0x00,
0x00, 0x00, 0x00, 0x00, 0x00, 0x21, 0xFF, 0xF4, 0xDD, 0x99, 0x55, 0x2E, 0x14, 0x05, 0x17, 0x52,
0xD4, 0xFF, 0xB3, 0xFF, 0xFF, 0xFF, 0xFF, 0xFF, 0xFF, 0xFF, 0xFF, 0xFF, 0xD9, 0x1E, 0x24, 0x6D,
0xB3, 0xD7, 0xF2, 0xFA, 0xE7, 0xBB, 0x6B, 0x09, 0x00, 0x00, 0x00, 0x00, 0x00, 0x17, 0xE3, 0xFF,
0xE3, 0x17, 0x00, 0x00, 0x00, 0x00, 0x00, 0x05, 0xC4, 0xE5, 0x43, 0xE4, 0xC3, 0x05, 0x00, 0x00,
0x00, 0x00, 0x99, 0xEB, 0x29, 0x00, 0x28, 0xE9, 0x98, 0x00, 0x00, 0x00, 0x00, 0x00, 0x00, 0x00,
0x00, 0x00, 0x00, 0x00, 0x00, 0x00, 0x00, 0x3D, 0xAB, 0xE6, 0xF9, 0xE4, 0xC3, 0x7D, 0x29, 0x00,
0x00, 0x7C, 0xFE, 0xFF, 0xFF, 0xFF, 0xFF, 0xFF, 0xFF, 0xFF, 0x00, 0x4A, 0xFF, 0xF8, 0x81, 0x25,
0x08, 0x19, 0x37, 0x7C, 0xD4, 0x00, 0xBB, 0xFF, 0x68, 0x00, 0x00, 0x00, 0x00, 0x00, 0x00, 0x00,
0x00, 0xF0, 0xFF, 0x12, 0x00, 0x00, 0x00, 0x00, 0x00, 0x00, 0x00, 0x00, 0xFA, 0xFF, 0x11, 0x00,
0x00, 0x00, 0x00, 0x00, 0x00, 0x00, 0x00, 0xD7, 0xFF, 0x62, 0x00, 0x00, 0x00, 0x00, 0x00, 0x00,
0x00, 0x00, 0x73, 0xFF, 0xF7, 0x83, 0x23, 0x00, 0x00, 0x00, 0x00, 0x00, 0x00, 0x02, 0x9D, 0xFF,
0xFF, 0xFF, 0xDF, 0xA0, 0x54, 0x06, 0x00, 0x00, 0x00, 0x00, 0x3D, 0xA5, 0xED, 0xFF, 0xFF, 0xFF,
0xE3, 0x49, 0x00, 0x00, 0x00, 0x00, 0x00, 0x02, 0x2E, 0x6D, 0xC9, 0xFF, 0xFB, 0x3D, 0x00, 0x00,
0x00, 0x00, 0x00, 0x00, 0x00, 0x00, 0x94, 0xFF, 0xBB, 0x00, 0x00, 0x00, 0x00, 0x00, 0x00, 0x00,
0x00, 0x1B, 0xFF, 0xF3, 0x00, 0x00, 0x00, 0x00, 0x00, 0x00, 0x00, 0x00, 0x0B, 0xFF, 0xF3, 0x00,
0x00, 0x00, 0x00, 0x00, 0x00, 0x00, 0x00, 0x63, 0xFF, 0xC9, 0xD5, 0x84, 0x46, 0x26, 0x0E, 0x0B,
0x2B, 0x88, 0xF9, 0xFF, 0x65, 0xFF, 0xFF, 0xFF, 0xFF, 0xFF, 0xFF, 0xFF, 0xFF, 0xFF, 0x9C, 0x01,
0x27, 0x74, 0xBA, 0xDB, 0xF4, 0xF9, 0xE2, 0xAB, 0x49, 0x00, 0x00, 0x00, 0x00, 0x00, 0xA7, 0xFF,
0xA5, 0x00, 0x00, 0x00, 0x00, 0x00, 0x00, 0x00, 0x52, 0xFF, 0xB8, 0xFF, 0x51, 0x00, 0x00, 0x00,
0x00, 0x00, 0x14, 0xE9, 0xA9, 0x00, 0xA8, 0xE9, 0x14, 0x00, 0x00, 0x00, 0x00, 0xAA, 0xDA, 0x0D,
0x00, 0x0C, 0xD8, 0xA9, 0x00, 0x00, 0x00, 0x00, 0x00, 0x00, 0x00, 0x00, 0x00, 0x00, 0x00, 0x00,
0x00, 0x00, 0x00, 0x00, 0x00, 0x00, 0x00, 0x00, 0x00, 0x00, 0x00, 0x00, 0x00, 0x00, 0x19, 0x87,
0xCD, 0xF0, 0xFA, 0xE5, 0xC8, 0x85, 0x2C, 0x00, 0x31, 0xEE, 0xFF, 0xFF, 0xFF, 0xFF, 0xFF, 0xFF,
0xFF, 0xFF, 0x00, 0xC3, 0xFF, 0xBA, 0x3E, 0x12, 0x06, 0x1D, 0x3A, 0x80, 0xD5, 0x00, 0xF7, 0xFF,
0x17, 0x00, 0x00, 0x00, 0x00, 0x00, 0x00, 0x00, 0x00, 0xDC, 0xFF, 0x94, 0x22, 0x00, 0x00, 0x00,
0x00, 0x00, 0x00, 0x00, 0x69, 0xFF, 0xFF, 0xFF, 0xE8, 0xB9, 0x90, 0x6A, 0x22, 0x00, 0x00, 0x00,
0x58, 0xC8, 0xFD, 0xFF, 0xFF, 0xFF, 0xFF, 0xFF, 0xA5, 0x0B, 0x00, 0x00, 0x00, 0x0D, 0x34, 0x5A,
0x88, 0xCF, 0xFF, 0xFF, 0x90, 0x00, 0x00, 0x00, 0x00, 0x00, 0x00, 0x00, 0x00, 0x5B, 0xFF, 0xE4,
0x00, 0x00, 0x00, 0x00, 0x00, 0x00, 0x00, 0x00, 0x21, 0xFF, 0xF4, 0xDD, 0x99, 0x55, 0x2E, 0x14,
0x05, 0x17, 0x52, 0xD4, 0xFF, 0xB3, 0xFF, 0xFF, 0xFF, 0xFF, 0xFF, 0xFF, 0xFF, 0xFF, 0xFF, 0xD9,
0x1E, 0x24, 0x6D, 0xB3, 0xD7, 0xF2, 0xFA, 0xE7, 0xBB, 0x6B, 0x09, 0x00, 0x00, 0x00, 0x3D, 0xAB,
0xE6, 0xF9, 0xE4, 0xC3, 0x7D, 0x29, 0x00, 0x00, 0x7C, 0xFE, 0xFF, 0xFF, 0xFF, 0xFF, 0xFF, 0xFF,
0xFF, 0x00, 0x4A, 0xFF, 0xF8, 0x81, 0x25, 0x08, 0x19, 0x37, 0x7C, 0xD4, 0x00, 0xBB, 0xFF, 0x68,
0x00, 0x00, 0x00, 0x00, 0x00, 0x00, 0x00, 0x00, 0xF0, 0xFF, 0x12, 0x00, 0x00, 0x00, 0x00, 0x00,
0x00, 0x00, 0x00, 0xFA, 0xFF, 0x11, 0x00, 0x00, 0x00, 0x00, 0x00, 0x00, 0x00, 0x00, 0xD7, 0xFF,
0x62, 0x00, 0x00, 0x00, 0x00, 0x00, 0x00, 0x00, 0x00, 0x73, 0xFF, 0xF7, 0x83, 0x23, 0x00, 0x00,
0x00, 0x00, 0x00, 0x00, 0x02, 0x9D, 0xFF, 0xFF, 0xFF, 0xDF, 0xA0, 0x54, 0x06, 0x00, 0x00, 0x00,
0x00, 0x3D, 0xA5, 0xED, 0xFF, 0xFF, 0xFF, 0xE3, 0x49, 0x00, 0x00, 0x00, 0x00, 0x00, 0x02, 0x2E,
0x6D, 0xC9, 0xFF, 0xFB, 0x3D, 0x00, 0x00, 0x00, 0x00, 0x00, 0x00, 0x00, 0x00, 0x94, 0xFF, 0xBB,
0x00, 0x00, 0x00, 0x00, 0x00, 0x00, 0x00, 0x00, 0x1B, 0xFF, 0xF3, 0x00, 0x00, 0x00, 0x00, 0x00,
0x00, 0x00, 0x00, 0x0B, 0xFF, 0xF3, 0x00, 0x00, 0x00, 0x00, 0x00, 0x00, 0x00, 0x00, 0x63, 0xFF,
0xC9, 0xD5, 0x84, 0x46, 0x26, 0x0E, 0x0B, 0x2B, 0x88, 0xF9, 0xFF, 0x65, 0xFF, 0xFF, 0xFF, 0xFF,
0xFF, 0xFF, 0xFF, 0xFF, 0xFF, 0x9C, 0x01, 0x27, 0x74, 0xBA, 0xDB, 0xF4, 0xF9, 0xE2, 0xAB, 0x49,
0x00, 0x00, 0x00, 0x00, 0x00, 0x00, 0x00, 0x00, 0xFF, 0x4A, 0x00, 0x00, 0x00, 0x00, 0x00, 0x00,
0x00, 0x00, 0x00, 0xFF, 0xBB, 0x00, 0x00, 0x00, 0x00, 0x00, 0x00, 0x00, 0x01, 0x42, 0xFF, 0xF0,
0x00, 0x00, 0x00, 0x00, 0x00, 0x00, 0xFF, 0xFF, 0xFF, 0xFF, 0xD4, 0x00, 0x00, 0x00, 0x00, 0x00,
0x00, 0xC0, 0xF2, 0xF4, 0xC4, 0x32, 0x00, 0x00, 0x00, 0x00, 0x19, 0x87, 0xCD, 0xF0, 0xFA, 0xE5,
0xC8, 0x85, 0x2C, 0x00, 0x31, 0xEE, 0xFF, 0xFF, 0xFF, 0xFF, 0xFF, 0xFF, 0xFF, 0xFF, 0x00, 0xC3,
0xFF, 0xBA, 0x3E, 0x12, 0x06, 0x1D, 0x3A, 0x80, 0xD5, 0x00, 0xF7, 0xFF, 0x17, 0x00, 0x00, 0x00,
0x00, 0x00, 0x00, 0x00, 0x00, 0xDC, 0xFF, 0x94, 0x22, 0x00, 0x00, 0x00, 0x00, 0x00, 0x00, 0x00,
0x69, 0xFF, 0xFF, 0xFF, 0xE8, 0xB9, 0x90, 0x6A, 0x22, 0x00, 0x00, 0x00, 0x58, 0xC8, 0xFD, 0xFF,
0xFF, 0xFF, 0xFF, 0xFF, 0xA5, 0x0B, 0x00, 0x00, 0x00, 0x0D, 0x34, 0x5A, 0x88, 0xCF, 0xFF, 0xFF,
0x90, 0x00, 0x00, 0x00, 0x00, 0x00, 0x00, 0x00, 0x00, 0x5B, 0xFF, 0xE4, 0x00, 0x00, 0x00, 0x00,
0x00, 0x00, 0x00, 0x00, 0x21, 0xFF, 0xF4, 0xDD, 0x99, 0x55, 0x2E, 0x14, 0x05, 0x17, 0x52, 0xD4,
0xFF, 0xB3, 0xFF, 0xFF, 0xFF, 0xFF, 0xFF, 0xFF, 0xFF, 0xFF, 0xFF, 0xD9, 0x1E, 0x24, 0x6D, 0xB3,
0xD7, 0xF2, 0xFA, 0xE7, 0xBB, 0x6B, 0x09, 0x00, 0x00, 0x00, 0x00, 0x00, 0x00, 0xFF, 0x4A, 0x00,
0x00, 0x00, 0x00, 0x00, 0x00, 0x00, 0x00, 0x00, 0xFF, 0xBB, 0x00, 0x00, 0x00, 0x00, 0x00, 0x00,
0x00, 0x01, 0x42, 0xFF, 0xF0, 0x00, 0x00, 0x00, 0x00, 0x00, 0x00, 0xFF, 0xFF, 0xFF, 0xFF, 0xD4,
0x00, 0x00, 0x00, 0x00, 0x00, 0x00, 0xC0, 0xF2, 0xF4, 0xC4, 0x32, 0x00, 0x00, 0x00, 0x00, 0x00,
0x00, 0x00, 0x99, 0xEB, 0x29, 0x00, 0x28, 0xE9, 0x98, 0x00, 0x00, 0x00, 0x00, 0x06, 0xC4, 0xE4,
0x43, 0xE4, 0xC4, 0x05, 0x00, 0x00, 0x00, 0x00, 0x00, 0x17, 0xE3, 0xFF, 0xE3, 0x17, 0x00, 0x00,
0x00, 0x00, 0x00, 0x00, 0x00, 0x00, 0x00, 0x00, 0x00, 0x00, 0x00, 0x00, 0x00, 0x3D, 0xAB, 0xE6,
0xF9, 0xE4, 0xC3, 0x7D, 0x29, 0x00, 0x00, 0x7C, 0xFE, 0xFF, 0xFF, 0xFF, 0xFF, 0xFF, 0xFF, 0xFF,
0x00, 0x4A, 0xFF, 0xF8, 0x81, 0x25, 0x08, 0x19, 0x37, 0x7C, 0xD4, 0x00, 0xBB, 0xFF, 0x68, 0x00,
0x00, 0x00, 0x00, 0x00, 0x00, 0x00, 0x00, 0xF0, 0xFF, 0x12, 0x00, 0x00, 0x00, 0x00, 0x00, 0x00,
0x00, 0x00, 0xFA, 0xFF, 0x11, 0x00, 0x00, 0x00, 0x00, 0x00, 0x00, 0x00, 0x00, 0xD7, 0xFF, 0x62,
0x00, 0x00, 0x00, 0x00, 0x00, 0x00, 0x00, 0x00, 0x73, 0xFF, 0xF7, 0x83, 0x23, 0x00, 0x00, 0x00,
0x00, 0x00, 0x00, 0x02, 0x9D, 0xFF, 0xFF, 0xFF, 0xDF, 0xA0, 0x54, 0x06, 0x00, 0x00, 0x00, 0x00,
0x3D, 0xA5, 0xED, 0xFF, 0xFF, 0xFF, 0xE3, 0x49, 0x00, 0x00, 0x00, 0x00, 0x00, 0x02, 0x2E, 0x6D,
0xC9, 0xFF, 0xFB, 0x3D, 0x00, 0x00, 0x00, 0x00, 0x00, 0x00, 0x00, 0x00, 0x94, 0xFF, 0xBB, 0x00,
0x00, 0x00, 0x00, 0x00, 0x00, 0x00, 0x00, 0x1B, 0xFF, 0xF3, 0x00, 0x00, 0x00, 0x00, 0x00, 0x00,
0x00, 0x00, 0x0B, 0xFF, 0xF3, 0x00, 0x00, 0x00, 0x00, 0x00, 0x00, 0x00, 0x00, 0x63, 0xFF, 0xC9,
0xD5, 0x84, 0x46, 0x26, 0x0E, 0x0B, 0x2B, 0x88, 0xF9, 0xFF, 0x65, 0xFF, 0xFF, 0xFF, 0xFF, 0xFF,
0xFF, 0xFF, 0xFF, 0xFF, 0x9C, 0x01, 0x27, 0x74, 0xBA, 0xDB, 0xF4, 0xF9, 0xE2, 0xAB, 0x49, 0x00,
0x00, 0x00, 0xAA, 0xDA, 0x0D, 0x00, 0x0C, 0xD8, 0xA9, 0x00, 0x00, 0x00, 0x00, 0x14, 0xE9, 0xA9,
0x00, 0xA7, 0xE9, 0x14, 0x00, 0x00, 0x00, 0x00, 0x00, 0x52, 0xFF, 0xB8, 0xFF, 0x51, 0x00, 0x00,
0x00, 0x00, 0x00, 0x00, 0x00, 0xA6, 0xFF, 0xA5, 0x00, 0x00, 0x00, 0x00, 0x00, 0x00, 0x00, 0x00,
0x00, 0x00, 0x00, 0x00, 0x00, 0x00, 0x00, 0x00, 0x00, 0x00, 0x00, 0x00, 0x00, 0x00, 0x00, 0x00,
0x00, 0x00, 0x00, 0x00, 0x19, 0x87, 0xCD, 0xF0, 0xFA, 0xE5, 0xC8, 0x85, 0x2C, 0x00, 0x31, 0xEE,
0xFF, 0xFF, 0xFF, 0xFF, 0xFF, 0xFF, 0xFF, 0xFF, 0x00, 0xC3, 0xFF, 0xBA, 0x3E, 0x12, 0x06, 0x1D,
0x3A, 0x80, 0xD5, 0x00, 0xF7, 0xFF, 0x17, 0x00, 0x00, 0x00, 0x00, 0x00, 0x00, 0x00, 0x00, 0xDC,
0xFF, 0x94, 0x22, 0x00, 0x00, 0x00, 0x00, 0x00, 0x00, 0x00, 0x69, 0xFF, 0xFF, 0xFF, 0xE8, 0xB9,
0x90, 0x6A, 0x22, 0x00, 0x00, 0x00, 0x58, 0xC8, 0xFD, 0xFF, 0xFF, 0xFF, 0xFF, 0xFF, 0xA5, 0x0B,
0x00, 0x00, 0x00, 0x0D, 0x34, 0x5A, 0x88, 0xCF, 0xFF, 0xFF, 0x90, 0x00, 0x00, 0x00, 0x00, 0x00,
0x00, 0x00, 0x00, 0x5B, 0xFF, 0xE4, 0x00, 0x00, 0x00, 0x00, 0x00, 0x00, 0x00, 0x00, 0x21, 0xFF,
0xF4, 0xDD, 0x99, 0x55, 0x2E, 0x14, 0x05, 0x17, 0x52, 0xD4, 0xFF, 0xB3, 0xFF, 0xFF, 0xFF, 0xFF,
0xFF, 0xFF, 0xFF, 0xFF, 0xFF, 0xD9, 0x1E, 0x24, 0x6D, 0xB3, 0xD7, 0xF2, 0xFA, 0xE7, 0xBB, 0x6B,
0x09, 0x00, 0xFF, 0xFF, 0xFF, 0xFF, 0xFF, 0xFF, 0xFF, 0xFF, 0xFF, 0xFF, 0xFF, 0xFF, 0xFF, 0xFF,
0xFF, 0xFF, 0xFF, 0xFF, 0xFF, 0xFF, 0xFF, 0xFF, 0xFF, 0xFF, 0x00, 0x00, 0x00, 0x00, 0x00, 0xFF,
0xFF, 0x00, 0x00, 0x00, 0x00, 0x00, 0x00, 0x00, 0x00, 0x00, 0x00, 0xFF, 0xFF, 0x00, 0x00, 0x00,
0x00, 0x00, 0x00, 0x00, 0x00, 0x00, 0x00, 0xFF, 0xFF, 0x00, 0x00, 0x00, 0x00, 0x00, 0x00, 0x00,
0x00, 0x00, 0x00, 0xFF, 0xFF, 0x00, 0x00, 0x00, 0x00, 0x00, 0x00, 0x00, 0x00, 0x00, 0x00, 0xFF,
0xFF, 0x00, 0x00, 0x00, 0x00, 0x00, 0x00, 0x00, 0x00, 0x00, 0x00, 0xFF, 0xFF, 0x00, 0x00, 0x00,
0x00, 0x00, 0x00, 0x00, 0x00, 0x00, 0x00, 0xFF, 0xFF, 0x00, 0x00, 0x00, 0x00, 0x00, 0x00, 0x00,
0x00, 0x00, 0x00, 0xFF, 0xFF, 0x00, 0x00, 0x00, 0x00, 0x00, 0x00, 0x00, 0x00, 0x00, 0x00, 0xFF,
0xFF, 0x00, 0x00, 0x00, 0x00, 0x00, 0x00, 0x00, 0x00, 0x00, 0x00, 0xFF, 0xFF, 0x00, 0x00, 0x00,
0x00, 0x00, 0x00, 0x00, 0x00, 0x00, 0x00, 0xFF, 0xFF, 0x00, 0x00, 0x00, 0x00, 0x00, 0x00, 0x00,
0x00, 0x00, 0x00, 0xFF, 0xFF, 0x00, 0x00, 0x00, 0x00, 0x00, 0x00, 0x00, 0x00, 0x00, 0x00, 0xFF,
0xFF, 0x00, 0x00, 0x00, 0x00, 0x00, 0x00, 0x00, 0x00, 0x00, 0x00, 0xFF, 0xFF, 0x00, 0x00, 0x00,
0x00, 0x00, 0x00, 0x00, 0x00, 0x00, 0x00, 0xFF, 0xFF, 0x00, 0x00, 0x00, 0x00, 0x00, 0x00, 0x00,
0x00, 0x00, 0x00, 0xFF, 0xFF, 0x00, 0x00, 0x00, 0x00, 0x00, 0x00, 0x00, 0x00, 0x00, 0x00, 0x00,
0xFF, 0x4A, 0x00, 0x00, 0x00, 0x00, 0x00, 0x00, 0x00, 0x00, 0x00, 0x00, 0xFF, 0xBB, 0x00, 0x00,
0x00, 0x00, 0x00, 0x00, 0x00, 0x00, 0x01, 0x42, 0xFF, 0xF0, 0x00, 0x00, 0x00, 0x00, 0x00, 0x00,
0x00, 0xFF, 0xFF, 0xFF, 0xFF, 0xD4, 0x00, 0x00, 0x00, 0x00, 0x00, 0x00, 0x00, 0xC0, 0xF2, 0xF4,
0xC4, 0x32, 0x00, 0x00, 0x00, 0x00, 0x00, 0x00, 0x00, 0x00, 0xFF, 0xFF, 0x00, 0x00, 0x00, 0x00,
0x00, 0x00, 0x00, 0x00, 0x00, 0xFF, 0xFF, 0x00, 0x00, 0x00, 0x00, 0x00, 0x00, 0x00, 0x00, 0x00,
0xFF, 0xFF, 0x00, 0x00, 0x00, 0x00, 0x00, 0x00, 0x00, 0x00, 0x00, 0xFF, 0xFF, 0x00, 0x00, 0x00,
0x00, 0x00, 0xFF, 0xFF, 0xFF, 0xFF, 0xFF, 0xFF, 0xFF, 0xFF, 0xFF, 0xFF, 0xFF, 0xFF, 0xFF, 0xFF,
0xFF, 0xFF, 0xFF, 0xFF, 0xFF, 0xFF, 0xFF, 0xFF, 0x00, 0x00, 0x00, 0x00, 0xFF, 0xFF, 0x00, 0x00,
0x00, 0x00, 0x00, 0x00, 0x00, 0x00, 0x00, 0xFF, 0xFF, 0x00, 0x00, 0x00, 0x00, 0x00, 0x00, 0x00,
0x00, 0x00, 0xFF, 0xFF, 0x00, 0x00, 0x00, 0x00, 0x00, 0x00, 0x00, 0x00, 0x00, 0xFF, 0xFF, 0x00,
0x00, 0x00, 0x00, 0x00, 0x00, 0x00, 0x00, 0x00, 0xFF, 0xFF, 0x00, 0x00, 0x00, 0x00, 0x00, 0x00,
0x00, 0x00, 0x00, 0xFF, 0xFF, 0x00, 0x00, 0x00, 0x00, 0x00, 0x00, 0x00, 0x00, 0x00, 0xFE, 0xFF,
0x02, 0x00, 0x00, 0x00, 0x00, 0x00, 0x00, 0x00, 0x00, 0xF2, 0xFF, 0x20, 0x00, 0x00, 0x00, 0x00,
0x00, 0x00, 0x00, 0x00, 0xC7, 0xFF, 0xAE, 0x23, 0x03, 0x00, 0x00, 0x00, 0x00, 0x00, 0x00, 0x60,
0xFF, 0xFF, 0xFF, 0xFF, 0xFF, 0xFF, 0x00, 0x00, 0x00, 0x00, 0x00, 0x62, 0xCA, 0xF4, 0xFF, 0xFF,
0xFF, 0x00, 0x00, 0x00, 0x00, 0x00, 0x00, 0x00, 0xFF, 0x4A, 0x00, 0x00, 0x00, 0x00, 0x00, 0x00,
0x00, 0x00, 0x00, 0xFF, 0xBB, 0x00, 0x00, 0x00, 0x00, 0x00, 0x00, 0x00, 0x01, 0x42, 0xFF, 0xF0,
0x00, 0x00, 0x00, 0x00, 0x00, 0x00, 0xFF, 0xFF, 0xFF, 0xFF, 0xD4, 0x00, 0x00, 0x00, 0x00, 0x00,
0x00, 0xC0, 0xF2, 0xF4, 0xC4, 0x32, 0x00, 0x00, 0x00, 0x00, 0x00, 0xA7, 0xC2, 0x05, 0x05, 0xC0,
0xA6, 0x00, 0x00, 0x00, 0x00, 0x00, 0x00, 0x11, 0xE4, 0x97, 0x97, 0xE4, 0x11, 0x00, 0x00, 0x00,
0x00, 0x00, 0x00, 0x00, 0x46, 0xFE, 0xFE, 0x45, 0x00, 0x00, 0x00, 0x00, 0x00, 0x00, 0x00, 0x00,
0x00, 0x00, 0x00, 0x00, 0x00, 0x00, 0x00, 0x00, 0xFF, 0xFF, 0xFF, 0xFF, 0xFF, 0xFF, 0xFF, 0xFF,
0xFF, 0xFF, 0xFF, 0xFF, 0xFF, 0xFF, 0xFF, 0xFF, 0xFF, 0xFF, 0xFF, 0xFF, 0xFF, 0xFF, 0xFF, 0xFF,
0x00, 0x00, 0x00, 0x00, 0x00, 0xFF, 0xFF, 0x00, 0x00, 0x00, 0x00, 0x00, 0x00, 0x00, 0x00, 0x00,
0x00, 0xFF, 0xFF, 0x00, 0x00, 0x00, 0x00, 0x00, 0x00, 0x00, 0x00, 0x00, 0x00, 0xFF, 0xFF, 0x00,
0x00, 0x00, 0x00, 0x00, 0x00, 0x00, 0x00, 0x00, 0x00, 0xFF, 0xFF, 0x00, 0x00, 0x00, 0x00, 0x00,
0x00, 0x00, 0x00, 0x00, 0x00, 0xFF, 0xFF, 0x00, 0x00, 0x00, 0x00, 0x00, 0x00, 0x00, 0x00, 0x00,
0x00, 0xFF, 0xFF, 0x00, 0x00, 0x00, 0x00, 0x00, 0x00, 0x00, 0x00, 0x00, 0x00, 0xFF, 0xFF, 0x00,
0x00, 0x00, 0x00, 0x00, 0x00, 0x00, 0x00, 0x00, 0x00, 0xFF, 0xFF, 0x00, 0x00, 0x00, 0x00, 0x00,
0x00, 0x00, 0x00, 0x00, 0x00, 0xFF, 0xFF, 0x00, 0x00, 0x00, 0x00, 0x00, 0x00, 0x00, 0x00, 0x00,
0x00, 0xFF, 0xFF, 0x00, 0x00, 0x00, 0x00, 0x00, 0x00, 0x00, 0x00, 0x00, 0x00, 0xFF, 0xFF, 0x00,
0x00, 0x00, 0x00, 0x00, 0x00, 0x00, 0x00, 0x00, 0x00, 0xFF, 0xFF, 0x00, 0x00, 0x00, 0x00, 0x00,
0x00, 0x00, 0x00, 0x00, 0x00, 0xFF, 0xFF, 0x00, 0x00, 0x00, 0x00, 0x00, 0x00, 0x00, 0x00, 0x00,
0x00, 0xFF, 0xFF, 0x00, 0x00, 0x00, 0x00, 0x00, 0x00, 0x00, 0x00, 0x00, 0x00, 0xFF, 0xFF, 0x00,
0x00, 0x00, 0x00, 0x00, 0x00, 0x00, 0x00, 0x00, 0x00, 0xFF, 0xFF, 0x00, 0x00, 0x00, 0x00, 0x00,
0x00, 0x00, 0x00, 0x00, 0x00, 0x00, 0x00, 0x00, 0x52, 0xFF, 0xD6, 0x00, 0x00, 0x00, 0x00, 0x00,
0x00, 0x00, 0x00, 0x84, 0xFF, 0x85, 0x00, 0x00, 0x00, 0x00, 0xFF, 0xFF, 0x00, 0x00, 0xB6, 0xFF,
0x34, 0x00, 0x00, 0x00, 0x00, 0xFF, 0xFF, 0x00, 0x00, 0xE7, 0xE3, 0x00, 0x00, 0x00, 0x00, 0x00,
0xFF, 0xFF, 0x00, 0x00, 0x00, 0x00, 0x00, 0x00, 0x00, 0x00, 0x00, 0xFF, 0xFF, 0x00, 0x00, 0x00,
0x00, 0x00, 0xFF, 0xFF, 0xFF, 0xFF, 0xFF, 0xFF, 0xFF, 0xFF, 0xFF, 0xFF, 0xFF, 0xFF, 0xFF, 0xFF,
0xFF, 0xFF, 0xFF, 0xFF, 0xFF, 0xFF, 0xFF, 0xFF, 0x00, 0x00, 0x00, 0x00, 0xFF, 0xFF, 0x00, 0x00,
0x00, 0x00, 0x00, 0x00, 0x00, 0x00, 0x00, 0xFF, 0xFF, 0x00, 0x00, 0x00, 0x00, 0x00, 0x00, 0x00,
0x00, 0x00, 0xFF, 0xFF, 0x00, 0x00, 0x00, 0x00, 0x00, 0x00, 0x00, 0x00, 0x00, 0xFF, 0xFF, 0x00,
0x00, 0x00, 0x00, 0x00, 0x00, 0x00, 0x00, 0x00, 0xFF, 0xFF, 0x00, 0x00, 0x00, 0x00, 0x00, 0x00,
0x00, 0x00, 0x00, 0xFF, 0xFF, 0x00, 0x00, 0x00, 0x00, 0x00, 0x00, 0x00, 0x00, 0x00, 0xFE, 0xFF,
0x02, 0x00, 0x00, 0x00, 0x00, 0x00, 0x00, 0x00, 0x00, 0xF2, 0xFF, 0x20, 0x00, 0x00, 0x00, 0x00,
0x00, 0x00, 0x00, 0x00, 0xC7, 0xFF, 0xAE, 0x23, 0x03, 0x00, 0x00, 0x00, 0x00, 0x00, 0x00, 0x60,
0xFF, 0xFF, 0xFF, 0xFF, 0xFF, 0xFF, 0x00, 0x00, 0x00, 0x00, 0x00, 0x62, 0xCA, 0xF4, 0xFF, 0xFF,
0xFF, 0xFF, 0xFF, 0xFF, 0xFF, 0xFF, 0xFF, 0xFF, 0xFF, 0xFF, 0xFF, 0xFF, 0xFF, 0xFF, 0xFF, 0xFF,
0xFF, 0xFF, 0xFF, 0xFF, 0xFF, 0xFF, 0xFF, 0xFF, 0xFF, 0x00, 0x00, 0x00, 0x00, 0x00, 0xFF, 0xFF,
0x00, 0x00, 0x00, 0x00, 0x00, 0x00, 0x00, 0x00, 0x00, 0x00, 0xFF, 0xFF, 0x00, 0x00, 0x00, 0x00,
0x00, 0x00, 0x00, 0x00, 0x00, 0x00, 0xFF, 0xFF, 0x00, 0x00, 0x00, 0x00, 0x00, 0x00, 0x00, 0x00,
0x00, 0x00, 0xFF, 0xFF, 0x00, 0x00, 0x00, 0x00, 0x00, 0x00, 0x00, 0x00, 0x00, 0x00, 0xFF, 0xFF,
0x00, 0x00, 0x00, 0x00, 0x00, 0x00, 0x00, 0x00, 0x00, 0x00, 0xFF, 0xFF, 0x00, 0x00, 0x00, 0x00,
0x00, 0x00, 0x00, 0x00, 0x00, 0x00, 0xFF, 0xFF, 0x00, 0x00, 0x00, 0x00, 0x00, 0x00, 0x00, 0xFF,
0xFF, 0xFF, 0xFF, 0xFF, 0xFF, 0xFF, 0xFF, 0x00, 0x00, 0x00, 0x00, 0xFF, 0xFF, 0xFF, 0xFF, 0xFF,
0xFF, 0xFF, 0xFF, 0x00, 0x00, 0x00, 0x00, 0x00, 0x00, 0x00, 0xFF, 0xFF, 0x00, 0x00, 0x00, 0x00,
0x00, 0x00, 0x00, 0x00, 0x00, 0x00, 0xFF, 0xFF, 0x00, 0x00, 0x00, 0x00, 0x00, 0x00, 0x00, 0x00,
0x00, 0x00, 0xFF, 0xFF, 0x00, 0x00, 0x00, 0x00, 0x00, 0x00, 0x00, 0x00, 0x00, 0x00, 0xFF, 0xFF,
0x00, 0x00, 0x00, 0x00, 0x00, 0x00, 0x00, 0x00, 0x00, 0x00, 0xFF, 0xFF, 0x00, 0x00, 0x00, 0x00,
0x00, 0x00, 0x00, 0x00, 0x00, 0x00, 0xFF, 0xFF, 0x00, 0x00, 0x00, 0x00, 0x00, 0x00, 0x00, 0x00,
0x00, 0x00, 0xFF, 0xFF, 0x00, 0x00, 0x00, 0x00, 0x00, 0x00, 0x00, 0x00, 0x00, 0xFF, 0xFF, 0x00,
0x00, 0x00, 0x00, 0x00, 0x00, 0x00, 0x00, 0x00, 0xFF, 0xFF, 0x00, 0x00, 0x00, 0x00, 0x00, 0x00,
0x00, 0x00, 0x00, 0xFF, 0xFF, 0x00, 0x00, 0x00, 0x00, 0x00, 0x00, 0x00, 0x00, 0x00, 0xFF, 0xFF,
0x00, 0x00, 0x00, 0x00, 0x00, 0xFF, 0xFF, 0xFF, 0xFF, 0xFF, 0xFF, 0xFF, 0xFF, 0xFF, 0xFF, 0xFF,
0xFF, 0xFF, 0xFF, 0xFF, 0xFF, 0xFF, 0xFF, 0xFF, 0xFF, 0xFF, 0xFF, 0x00, 0x00, 0x00, 0x00, 0xFF,
0xFF, 0x00, 0x00, 0x00, 0x00, 0x00, 0x00, 0x00, 0x00, 0x00, 0xFF, 0xFF, 0x00, 0x00, 0x00, 0x00,
0x00, 0x00, 0xFF, 0xFF, 0xFF, 0xFF, 0xFF, 0xFF, 0xFF, 0xFF, 0x00, 0x00, 0x00, 0xFF, 0xFF, 0xFF,
0xFF, 0xFF, 0xFF, 0xFF, 0xFF, 0x00, 0x00, 0x00, 0x00, 0x00, 0x00, 0xFF, 0xFF, 0x00, 0x00, 0x00,
0x00, 0x00, 0x00, 0x00, 0x00, 0x00, 0xFF, 0xFF, 0x00, 0x00, 0x00, 0x00, 0x00, 0x00, 0x00, 0x00,
0x00, 0xFD, 0xFF, 0x05, 0x00, 0x00, 0x00, 0x00, 0x00, 0x00, 0x00, 0x00, 0xEE, 0xFF, 0x27, 0x00,
0x00, 0x00, 0x00, 0x00, 0x00, 0x00, 0x00, 0xC0, 0xFF, 0xB6, 0x26, 0x04, 0x00, 0x00, 0x00, 0x00,
0x00, 0x00, 0x56, 0xFF, 0xFF, 0xFF, 0xFF, 0xFF, 0xFF, 0x00, 0x00, 0x00, 0x00, 0x00, 0x5A, 0xC7,
0xF3, 0xFF, 0xFF, 0xFF, 0x00, 0x00, 0x56, 0xE8, 0xEE, 0x96, 0x2E, 0x23, 0xDC, 0x00, 0x00, 0x00,
0x00, 0xE1, 0x24, 0x2E, 0x98, 0xEE, 0xE7, 0x51, 0x00, 0x00, 0x00, 0x00, 0x00, 0x00, 0x00, 0x00,
0x00, 0x00, 0x00, 0x00, 0x00, 0xFF, 0xFF, 0x00, 0x00, 0x00, 0x00, 0x00, 0x00, 0x00, 0xFF, 0xFF,
0xFF, 0xFF, 0x00, 0x00, 0x00, 0x00, 0x00, 0x00, 0x00, 0xFF, 0xFF, 0xFF, 0xFF, 0x00, 0x00, 0x00,
0x00, 0x00, 0x00, 0x00, 0xFF, 0xFF, 0xFF, 0xFF, 0x00, 0x00, 0x00, 0x00, 0x00, 0x00, 0x00, 0xFF,
0xFF, 0xFF, 0xFF, 0x00, 0x00, 0x00, 0x00, 0x00, 0x00, 0x00, 0xFF, 0xFF, 0xFF, 0xFF, 0x00, 0x00,
0x00, 0x00, 0x00, 0x00, 0x00, 0xFF, 0xFF, 0xFF, 0xFF, 0x00, 0x00, 0x00, 0x00, 0x00, 0x00, 0x00,
0xFF, 0xFF, 0xFF, 0xFF, 0x00, 0x00, 0x00, 0x00, 0x00, 0x00, 0x00, 0xFF, 0xFF, 0xFF, 0xFF, 0x00,
0x00, 0x00, 0x00, 0x00, 0x00, 0x00, 0xFF, 0xFF, 0xFF, 0xFF, 0x00, 0x00, 0x00, 0x00, 0x00, 0x00,
0x00, 0xFF, 0xFF, 0xFF, 0xFF, 0x00, 0x00, 0x00, 0x00, 0x00, 0x00, 0x00, 0xFF, 0xFF, 0xFE, 0xFF,
0x00, 0x00, 0x00, 0x00, 0x00, 0x00, 0x00, 0xFF, 0xFC, 0xF4, 0xFF, 0x02, 0x00, 0x00, 0x00, 0x00,
0x00, 0x03, 0xFF, 0xF3, 0xDF, 0xFF, 0x10, 0x00, 0x00, 0x00, 0x00, 0x00, 0x0F, 0xFF, 0xDE, 0xB1,
0xFF, 0x5E, 0x00, 0x00, 0x00, 0x00, 0x00, 0x59, 0xFF, 0xB1, 0x4D, 0xFF, 0xF2, 0x6A, 0x1A, 0x05,
0x1A, 0x6C, 0xF3, 0xFF, 0x4E, 0x00, 0x8F, 0xFF, 0xFF, 0xFF, 0xFF, 0xFF, 0xFF, 0xFF, 0x90, 0x00,
0x00, 0x00, 0x49, 0xB4, 0xEB, 0xFB, 0xEB, 0xB5, 0x4A, 0x00, 0x00, 0x00, 0x00, 0x31, 0xDA, 0xEE,
0x8A, 0x0E, 0x00, 0xDA, 0x00, 0x00, 0x00, 0x00, 0xBE, 0x38, 0xA1, 0xFF, 0xA3, 0x33, 0xBC, 0x00,
0x00, 0x00, 0x00, 0xDD, 0x00, 0x0D, 0x88, 0xED, 0xDB, 0x31, 0x00, 0x00, 0x00, 0x00, 0x00, 0x00,
0x00, 0x00, 0x00, 0x00, 0x00, 0x00, 0x00, 0x00, 0x00, 0x00, 0x00, 0x00, 0x00, 0x00, 0x00, 0x00,
0x00, 0x00, 0x00, 0x00, 0x00, 0x00, 0x00, 0x00, 0x00, 0x00, 0x00, 0x00, 0x00, 0xFF, 0xFF, 0x00,
0x00, 0x00, 0x00, 0x00, 0x00, 0x00, 0xFF, 0xFF, 0xFF, 0xFF, 0x00, 0x00, 0x00, 0x00, 0x00, 0x00,
0x00, 0xFF, 0xFF, 0xFF, 0xFF, 0x00, 0x00, 0x00, 0x00, 0x00, 0x00, 0x00, 0xFF, 0xFF, 0xFF, 0xFF,
0x00, 0x00, 0x00, 0x00, 0x00, 0x00, 0x00, 0xFF, 0xFF, 0xFF, 0xFF, 0x00, 0x00, 0x00, 0x00, 0x00,
0x00, 0x00, 0xFF, 0xFF, 0xFF, 0xFF, 0x00, 0x00, 0x00, 0x00, 0x00, 0x00, 0x00, 0xFF, 0xFF, 0xFF,
0xFF, 0x00, 0x00, 0x00, 0x00, 0x00, 0x00, 0x00, 0xFF, 0xFF, 0xFF, 0xFF, 0x01, 0x00, 0x00, 0x00,
0x00, 0x00, 0x10, 0xFF, 0xFF, 0xF5, 0xFF, 0x19, 0x00, 0x00, 0x00, 0x00, 0x00, 0x3A, 0xFF, 0xFF,
0xD4, 0xFF, 0x5E, 0x00, 0x00, 0x00, 0x00, 0x00, 0xB5, 0xFF, 0xFF, 0x8B, 0xFF, 0xEB, 0x5A, 0x16,
0x06, 0x2F, 0xA4, 0xF0, 0xFF, 0xFF, 0x17, 0xE7, 0xFF, 0xFF, 0xFF, 0xFF, 0xFF, 0xF9, 0x4F, 0xFF,
0xFF, 0x00, 0x1F, 0xA0, 0xE6, 0xFA, 0xE6, 0xA8, 0x30, 0x00, 0xFF, 0xFF, 0x00, 0x00, 0xFF, 0xFF,
0xFF, 0xFF, 0xFF, 0xFF, 0xFF, 0x00, 0x00, 0x00, 0x00, 0xFF, 0xFF, 0xFF, 0xFF, 0xFF, 0xFF, 0xFF,
0x00, 0x00, 0x00, 0x00, 0x00, 0x00, 0x00, 0x00, 0x00, 0x00, 0x00, 0x00, 0x00, 0x00, 0x00, 0x00,
0x00, 0x00, 0x00, 0x00, 0x00, 0x00, 0x00, 0x00, 0xFF, 0xFF, 0x00, 0x00, 0x00, 0x00, 0x00, 0x00,
0x00, 0xFF, 0xFF, 0xFF, 0xFF, 0x00, 0x00, 0x00, 0x00, 0x00, 0x00, 0x00, 0xFF, 0xFF, 0xFF, 0xFF,
0x00, 0x00, 0x00, 0x00, 0x00, 0x00, 0x00, 0xFF, 0xFF, 0xFF, 0xFF, 0x00, 0x00, 0x00, 0x00, 0x00,
0x00, 0x00, 0xFF, 0xFF, 0xFF, 0xFF, 0x00, 0x00, 0x00, 0x00, 0x00, 0x00, 0x00, 0xFF, 0xFF, 0xFF,
0xFF, 0x00, 0x00, 0x00, 0x00, 0x00, 0x00, 0x00, 0xFF, 0xFF, 0xFF, 0xFF, 0x00, 0x00, 0x00, 0x00,
0x00, 0x00, 0x00, 0xFF, 0xFF, 0xFF, 0xFF, 0x00, 0x00, 0x00, 0x00, 0x00, 0x00, 0x00, 0xFF, 0xFF,
0xFF, 0xFF, 0x00, 0x00, 0x00, 0x00, 0x00, 0x00, 0x00, 0xFF, 0xFF, 0xFF, 0xFF, 0x00, 0x00, 0x00,
0x00, 0x00, 0x00, 0x00, 0xFF, 0xFF, 0xFF, 0xFF, 0x00, 0x00, 0x00, 0x00, 0x00, 0x00, 0x00, 0xFF,
0xFF, 0xFE, 0xFF, 0x00, 0x00, 0x00, 0x00, 0x00, 0x00, 0x00, 0xFF, 0xFC, 0xF4, 0xFF, 0x02, 0x00,
0x00, 0x00, 0x00, 0x00, 0x03, 0xFF, 0xF3, 0xDF, 0xFF, 0x10, 0x00, 0x00, 0x00, 0x00, 0x00, 0x0F,
0xFF, 0xDE, 0xB1, 0xFF, 0x5E, 0x00, 0x00, 0x00, 0x00, 0x00, 0x59, 0xFF, 0xB1, 0x4D, 0xFF, 0xF2,
0x6A, 0x1A, 0x05, 0x1A, 0x6C, 0xF3, 0xFF, 0x4E, 0x00, 0x8F, 0xFF, 0xFF, 0xFF, 0xFF, 0xFF, 0xFF,
0xFF, 0x90, 0x00, 0x00, 0x00, 0x49, 0xB4, 0xEB, 0xFB, 0xEB, 0xB5, 0x4A, 0x00, 0x00, 0x00, 0x00,
0xFF, 0xFF, 0xFF, 0xFF, 0xFF, 0xFF, 0xFF, 0x00, 0x00, 0x00, 0x00, 0xFF, 0xFF, 0xFF, 0xFF, 0xFF,
0xFF, 0xFF, 0x00, 0x00, 0x00, 0x00, 0x00, 0x00, 0x00, 0x00, 0x00, 0x00, 0x00, 0x00, 0x00, 0x00,
0x00, 0x00, 0x00, 0x00, 0x00, 0x00, 0x00, 0x00, 0x00, 0x00, 0x00, 0x00, 0x00, 0x00, 0x00, 0x00,
0x00, 0x00, 0x00, 0x00, 0x00, 0xFF, 0xFF, 0x00, 0x00, 0x00, 0x00, 0x00, 0x00, 0x00, 0xFF, 0xFF,
0xFF, 0xFF, 0x00, 0x00, 0x00, 0x00, 0x00, 0x00, 0x00, 0xFF, 0xFF, 0xFF, 0xFF, 0x00, 0x00, 0x00,
0x00, 0x00, 0x00, 0x00, 0xFF, 0xFF, 0xFF, 0xFF, 0x00, 0x00, 0x00, 0x00, 0x00, 0x00, 0x00, 0xFF,
0xFF, 0xFF, 0xFF, 0x00, 0x00, 0x00, 0x00, 0x00, 0x00, 0x00, 0xFF, 0xFF, 0xFF, 0xFF, 0x00, 0x00,
0x00, 0x00, 0x00, 0x00, 0x00, 0xFF, 0xFF, 0xFF, 0xFF, 0x00, 0x00, 0x00, 0x00, 0x00, 0x00, 0x00,
0xFF, 0xFF, 0xFF, 0xFF, 0x01, 0x00, 0x00, 0x00, 0x00, 0x00, 0x10, 0xFF, 0xFF, 0xF5, 0xFF, 0x19,
0x00, 0x00, 0x00, 0x00, 0x00, 0x3A, 0xFF, 0xFF, 0xD4, 0xFF, 0x5E, 0x00, 0x00, 0x00, 0x00, 0x00,
0xB5, 0xFF, 0xFF, 0x8B, 0xFF, 0xEB, 0x5A, 0x16, 0x06, 0x2F, 0xA4, 0xF0, 0xFF, 0xFF, 0x17, 0xE7,
0xFF, 0xFF, 0xFF, 0xFF, 0xFF, 0xF9, 0x4F, 0xFF, 0xFF, 0x00, 0x1F, 0xA0, 0xE6, 0xFA, 0xE6, 0xA8,
0x30, 0x00, 0xFF, 0xFF, 0x00, 0x00, 0xE1, 0x79, 0x17, 0x04, 0x17, 0x7B, 0xE0, 0x00, 0x00, 0x00,
0x00, 0x86, 0xFF, 0xFF, 0xFF, 0xFF, 0xFF, 0x81, 0x00, 0x00, 0x00, 0x00, 0x05, 0x83, 0xDE, 0xF7,
0xDD, 0x7F, 0x04, 0x00, 0x00, 0x00, 0x00, 0x00, 0x00, 0x00, 0x00, 0x00, 0x00, 0x00, 0x00, 0x00,
0xFF, 0xFF, 0x00, 0x00, 0x00, 0x00, 0x00, 0x00, 0x00, 0xFF, 0xFF, 0xFF, 0xFF, 0x00, 0x00, 0x00,
0x00, 0x00, 0x00, 0x00, 0xFF, 0xFF, 0xFF, 0xFF, 0x00, 0x00, 0x00, 0x00, 0x00, 0x00, 0x00, 0xFF,
0xFF, 0xFF, 0xFF, 0x00, 0x00, 0x00, 0x00, 0x00, 0x00, 0x00, 0xFF, 0xFF, 0xFF, 0xFF, 0x00, 0x00,
0x00, 0x00, 0x00, 0x00, 0x00, 0xFF, 0xFF, 0xFF, 0xFF, 0x00, 0x00, 0x00, 0x00, 0x00, 0x00, 0x00,
0xFF, 0xFF, 0xFF, 0xFF, 0x00, 0x00, 0x00, 0x00, 0x00, 0x00, 0x00, 0xFF, 0xFF, 0xFF, 0xFF, 0x00,
0x00, 0x00, 0x00, 0x00, 0x00, 0x00, 0xFF, 0xFF, 0xFF, 0xFF, 0x00, 0x00, 0x00, 0x00, 0x00, 0x00,
0x00, 0xFF, 0xFF, 0xFF, 0xFF, 0x00, 0x00, 0x00, 0x00, 0x00, 0x00, 0x00, 0xFF, 0xFF, 0xFF, 0xFF,
0x00, 0x00, 0x00, 0x00, 0x00, 0x00, 0x00, 0xFF, 0xFF, 0xFE, 0xFF, 0x00, 0x00, 0x00, 0x00, 0x00,
0x00, 0x00, 0xFF, 0xFC, 0xF4, 0xFF, 0x02, 0x00, 0x00, 0x00, 0x00, 0x00, 0x03, 0xFF, 0xF3, 0xDF,
0xFF, 0x10, 0x00, 0x00, 0x00, 0x00, 0x00, 0x0F, 0xFF, 0xDE, 0xB1, 0xFF, 0x5E, 0x00, 0x00, 0x00,
0x00, 0x00, 0x59, 0xFF, 0xB1, 0x4D, 0xFF, 0xF2, 0x6A, 0x1A, 0x05, 0x1A, 0x6C, 0xF3, 0xFF, 0x4E,
0x00, 0x8F, 0xFF, 0xFF, 0xFF, 0xFF, 0xFF, 0xFF, 0xFF, 0x90, 0x00, 0x00, 0x00, 0x49, 0xB4, 0xEB,
0xFB, 0xEB, 0xB5, 0x4A, 0x00, 0x00, 0x00, 0x00, 0xE9, 0x25, 0x00, 0x00, 0x00, 0x2A, 0xE8, 0x00,
0x00, 0x00, 0x00, 0xB8, 0xC0, 0x2A, 0x07, 0x2C, 0xC7, 0xB7, 0x00, 0x00, 0x00, 0x00, 0x46, 0xFF,
0xFF, 0xFF, 0xFF, 0xFF, 0x43, 0x00, 0x00, 0x00, 0x00, 0x00, 0x5A, 0xD3, 0xF5, 0xD2, 0x57, 0x00,
0x00, 0x00, 0x00, 0x00, 0x00, 0x00, 0x00, 0x00, 0x00, 0x00, 0x00, 0x00, 0x00, 0x00, 0x00, 0x00,
0x00, 0x00, 0x00, 0x00, 0x00, 0x00, 0x00, 0x00, 0xFF, 0xFF, 0x00, 0x00, 0x00, 0x00, 0x00, 0x00,
0x00, 0xFF, 0xFF, 0xFF, 0xFF, 0x00, 0x00, 0x00, 0x00, 0x00, 0x00, 0x00, 0xFF, 0xFF, 0xFF, 0xFF,
0x00, 0x00, 0x00, 0x00, 0x00, 0x00, 0x00, 0xFF, 0xFF, 0xFF, 0xFF, 0x00, 0x00, 0x00, 0x00, 0x00,
0x00, 0x00, 0xFF, 0xFF, 0xFF, 0xFF, 0x00, 0x00, 0x00, 0x00, 0x00, 0x00, 0x00, 0xFF, 0xFF, 0xFF,
0xFF, 0x00, 0x00, 0x00, 0x00, 0x00, 0x00, 0x00, 0xFF, 0xFF, 0xFF, 0xFF, 0x00, 0x00, 0x00, 0x00,
0x00, 0x00, 0x00, 0xFF, 0xFF, 0xFF, 0xFF, 0x01, 0x00, 0x00, 0x00, 0x00, 0x00, 0x10, 0xFF, 0xFF,
0xF5, 0xFF, 0x19, 0x00, 0x00, 0x00, 0x00, 0x00, 0x3A, 0xFF, 0xFF, 0xD4, 0xFF, 0x5E, 0x00, 0x00,
0x00, 0x00, 0x00, 0xB5, 0xFF, 0xFF, 0x8B, 0xFF, 0xEB, 0x5A, 0x16, 0x06, 0x2F, 0xA4, 0xF0, 0xFF,
0xFF, 0x17, 0xE7, 0xFF, 0xFF, 0xFF, 0xFF, 0xFF, 0xF9, 0x4F, 0xFF, 0xFF, 0x00, 0x1F, 0xA0, 0xE6,
0xFA, 0xE6, 0xA8, 0x30, 0x00, 0xFF, 0xFF, 0x00, 0x00, 0x00, 0x07, 0x8C, 0xE7, 0xE7, 0x8B, 0x06,
0x00, 0x00, 0x00, 0x00, 0x00, 0x8D, 0xB3, 0x1A, 0x1A, 0xB4, 0x8B, 0x00, 0x00, 0x00, 0x00, 0x00,
0xE8, 0x1A, 0x00, 0x00, 0x1A, 0xE7, 0x00, 0x00, 0x00, 0x00, 0x00, 0xE8, 0x1A, 0x00, 0x00, 0x1A,
0xE7, 0x00, 0x00, 0xFF, 0xFF, 0x00, 0x8D, 0xB3, 0x1A, 0x1A, 0xB3, 0x8A, 0xFF, 0xFF, 0xFF, 0xFF,
0x00, 0x07, 0x8D, 0xE8, 0xE8, 0x8B, 0x06, 0xFF, 0xFF, 0xFF, 0xFF, 0x00, 0x00, 0x00, 0x00, 0x00,
0x00, 0x00, 0xFF, 0xFF, 0xFF, 0xFF, 0x00, 0x00, 0x00, 0x00, 0x00, 0x00, 0x00, 0xFF, 0xFF, 0xFF,
0xFF, 0x00, 0x00, 0x00, 0x00, 0x00, 0x00, 0x00, 0xFF, 0xFF, 0xFF, 0xFF, 0x00, 0x00, 0x00, 0x00,
0x00, 0x00, 0x00, 0xFF, 0xFF, 0xFF, 0xFF, 0x00, 0x00, 0x00, 0x00, 0x00, 0x00, 0x00, 0xFF, 0xFF,
0xFF, 0xFF, 0x00, 0x00, 0x00, 0x00, 0x00, 0x00, 0x00, 0xFF, 0xFF, 0xFF, 0xFF, 0x00, 0x00, 0x00,
0x00, 0x00, 0x00, 0x00, 0xFF, 0xFF, 0xFF, 0xFF, 0x00, 0x00, 0x00, 0x00, 0x00, 0x00, 0x00, 0xFF,
0xFF, 0xFF, 0xFF, 0x00, 0x00, 0x00, 0x00, 0x00, 0x00, 0x00, 0xFF, 0xFF, 0xFE, 0xFF, 0x00, 0x00,
0x00, 0x00, 0x00, 0x00, 0x00, 0xFF, 0xFC, 0xF4, 0xFF, 0x02, 0x00, 0x00, 0x00, 0x00, 0x00, 0x03,
0xFF, 0xF3, 0xDF, 0xFF, 0x10, 0x00, 0x00, 0x00, 0x00, 0x00, 0x0F, 0xFF, 0xDE, 0xB1, 0xFF, 0x5E,
0x00, 0x00, 0x00, 0x00, 0x00, 0x59, 0xFF, 0xB1, 0x4D, 0xFF, 0xF2, 0x6A, 0x1A, 0x05, 0x1A, 0x6C,
0xF3, 0xFF, 0x4E, 0x00, 0x8F, 0xFF, 0xFF, 0xFF, 0xFF, 0xFF, 0xFF, 0xFF, 0x90, 0x00, 0x00, 0x00,
0x49, 0xB4, 0xEB, 0xFB, 0xEB, 0xB5, 0x4A, 0x00, 0x00, 0x00, 0x00, 0x07, 0x8C, 0xE7, 0xE7, 0x8B,
0x06, 0x00, 0x00, 0x00, 0x00, 0x00, 0x8D, 0xB3, 0x1A, 0x1A, 0xB4, 0x8B, 0x00, 0x00, 0x00, 0x00,
0x00, 0xE8, 0x1A, 0x00, 0x00, 0x1A, 0xE7, 0x00, 0x00, 0x00, 0x00, 0x00, 0xE8, 0x1A, 0x00, 0x00,
0x1A, 0xE7, 0x00, 0x00, 0x00, 0x00, 0x00, 0x8D, 0xB3, 0x1A, 0x1A, 0xB3, 0x8A, 0x00, 0x00, 0x00,
0x00, 0x00, 0x07, 0x8D, 0xE8, 0xE8, 0x8B, 0x06, 0x00, 0x00, 0x00, 0x00, 0x00, 0x00, 0x00, 0x00,
0x00, 0x00, 0x00, 0x00, 0x00, 0x00, 0xFF, 0xFF, 0x00, 0x00, 0x00, 0x00, 0x00, 0x00, 0x00, 0xFF,
0xFF, 0xFF, 0xFF, 0x00, 0x00, 0x00, 0x00, 0x00, 0x00, 0x00, 0xFF, 0xFF, 0xFF, 0xFF, 0x00, 0x00,
0x00, 0x00, 0x00, 0x00, 0x00, 0xFF, 0xFF, 0xFF, 0xFF, 0x00, 0x00, 0x00, 0x00, 0x00, 0x00, 0x00,
0xFF, 0xFF, 0xFF, 0xFF, 0x00, 0x00, 0x00, 0x00, 0x00, 0x00, 0x00, 0xFF, 0xFF, 0xFF, 0xFF, 0x00,
0x00, 0x00, 0x00, 0x00, 0x00, 0x00, 0xFF, 0xFF, 0xFF, 0xFF, 0x00, 0x00, 0x00, 0x00, 0x00, 0x00,
0x00, 0xFF, 0xFF, 0xFF, 0xFF, 0x01, 0x00, 0x00, 0x00, 0x00, 0x00, 0x10, 0xFF, 0xFF, 0xF5, 0xFF,
0x19, 0x00, 0x00, 0x00, 0x00, 0x00, 0x3A, 0xFF, 0xFF, 0xD4, 0xFF, 0x5E, 0x00, 0x00, 0x00, 0x00,
0x00, 0xB5, 0xFF, 0xFF, 0x8B, 0xFF, 0xEB, 0x5A, 0x16, 0x06, 0x2F, 0xA4, 0xF0, 0xFF, 0xFF, 0x17,
0xE7, 0xFF, 0xFF, 0xFF, 0xFF, 0xFF, 0xF9, 0x4F, 0xFF, 0xFF, 0x00, 0x1F, 0xA0, 0xE6, 0xFA, 0xE6,
0xA8, 0x30, 0x00, 0xFF, 0xFF, 0x00, 0x00, 0x00, 0x00, 0x48, 0xFF, 0x99, 0x00, 0x48, 0xFF, 0x99,
0x00, 0x00, 0x00, 0x12, 0xE6, 0xC7, 0x06, 0x12, 0xE6, 0xC7, 0x06, 0x00, 0x00, 0x00, 0xA8, 0xE7,
0x1A, 0x00, 0xA8, 0xE7, 0x1A, 0x00, 0x00, 0x00, 0x00, 0x00, 0x00, 0x00, 0x00, 0x00, 0x00, 0x00,
0x00, 0xFF, 0xFF, 0x00, 0x00, 0x00, 0x00, 0x00, 0x00, 0x00, 0xFF, 0xFF, 0xFF, 0xFF, 0x00, 0x00,
0x00, 0x00, 0x00, 0x00, 0x00, 0xFF, 0xFF, 0xFF, 0xFF, 0x00, 0x00, 0x00, 0x00, 0x00, 0x00, 0x00,
0xFF, 0xFF, 0xFF, 0xFF, 0x00, 0x00, 0x00, 0x00, 0x00, 0x00, 0x00, 0xFF, 0xFF, 0xFF, 0xFF, 0x00,
0x00, 0x00, 0x00, 0x00, 0x00, 0x00, 0xFF, 0xFF, 0xFF, 0xFF, 0x00, 0x00, 0x00, 0x00, 0x00, 0x00,
0x00, 0xFF, 0xFF, 0xFF, 0xFF, 0x00, 0x00, 0x00, 0x00, 0x00, 0x00, 0x00, 0xFF, 0xFF, 0xFF, 0xFF,
0x00, 0x00, 0x00, 0x00, 0x00, 0x00, 0x00, 0xFF, 0xFF, 0xFF, 0xFF, 0x00, 0x00, 0x00, 0x00, 0x00,
0x00, 0x00, 0xFF, 0xFF, 0xFF, 0xFF, 0x00, 0x00, 0x00, 0x00, 0x00, 0x00, 0x00, 0xFF, 0xFF, 0xFF,
0xFF, 0x00, 0x00, 0x00, 0x00, 0x00, 0x00, 0x00, 0xFF, 0xFF, 0xFE, 0xFF, 0x00, 0x00, 0x00, 0x00,
0x00, 0x00, 0x00, 0xFF, 0xFC, 0xF4, 0xFF, 0x02, 0x00, 0x00, 0x00, 0x00, 0x00, 0x03, 0xFF, 0xF3,
0xDF, 0xFF, 0x10, 0x00, 0x00, 0x00, 0x00, 0x00, 0x0F, 0xFF, 0xDE, 0xB1, 0xFF, 0x5E, 0x00, 0x00,
0x00, 0x00, 0x00, 0x59, 0xFF, 0xB1, 0x4D, 0xFF, 0xF2, 0x6A, 0x1A, 0x05, 0x1A, 0x6C, 0xF3, 0xFF,
0x4E, 0x00, 0x8F, 0xFF, 0xFF, 0xFF, 0xFF, 0xFF, 0xFF, 0xFF, 0x90, 0x00, 0x00, 0x00, 0x49, 0xB4,
0xEB, 0xFB, 0xEB, 0xB5, 0x4A, 0x00, 0x00, 0x00, 0x00, 0x00, 0x09, 0xDF, 0xAF, 0x00, 0x56, 0xFF,
0xAC, 0x00, 0x00, 0x00, 0x00, 0x82, 0xF3, 0x1D, 0x00, 0xCE, 0xEE, 0x18, 0x00, 0x00, 0x00, 0x22,
0xF7, 0x71, 0x00, 0x4A, 0xFF, 0x60, 0x00, 0x00, 0x00, 0x00, 0xB4, 0xCF, 0x03, 0x00, 0xC3, 0xBA,
0x00, 0x00, 0x00, 0x00, 0x00, 0x00, 0x00, 0x00, 0x00, 0x00, 0x00, 0x00, 0x00, 0x00, 0x00, 0x00,
0x00, 0x00, 0x00, 0x00, 0x00, 0x00, 0x00, 0x00, 0x00, 0xFF, 0xFF, 0x00, 0x00, 0x00, 0x00, 0x00,
0x00, 0x00, 0xFF, 0xFF, 0xFF, 0xFF, 0x00, 0x00, 0x00, 0x00, 0x00, 0x00, 0x00, 0xFF, 0xFF, 0xFF,
0xFF, 0x00, 0x00, 0x00, 0x00, 0x00, 0x00, 0x00, 0xFF, 0xFF, 0xFF, 0xFF, 0x00, 0x00, 0x00, 0x00,
0x00, 0x00, 0x00, 0xFF, 0xFF, 0xFF, 0xFF, 0x00, 0x00, 0x00, 0x00, 0x00, 0x00, 0x00, 0xFF, 0xFF,
0xFF, 0xFF, 0x00, 0x00, 0x00, 0x00, 0x00, 0x00, 0x00, 0xFF, 0xFF, 0xFF, 0xFF, 0x00, 0x00, 0x00,
0x00, 0x00, 0x00, 0x00, 0xFF, 0xFF, 0xFF, 0xFF, 0x01, 0x00, 0x00, 0x00, 0x00, 0x00, 0x10, 0xFF,
0xFF, 0xF5, 0xFF, 0x19, 0x00, 0x00, 0x00, 0x00, 0x00, 0x3A, 0xFF, 0xFF, 0xD4, 0xFF, 0x5E, 0x00,
0x00, 0x00, 0x00, 0x00, 0xB5, 0xFF, 0xFF, 0x8B, 0xFF, 0xEB, 0x5A, 0x16, 0x06, 0x2F, 0xA4, 0xF0,
0xFF, 0xFF, 0x17, 0xE7, 0xFF, 0xFF, 0xFF, 0xFF, 0xFF, 0xF9, 0x4F, 0xFF, 0xFF, 0x00, 0x1F, 0xA0,
0xE6, 0xFA, 0xE6, 0xA8, 0x30, 0x00, 0xFF, 0xFF, 0xFF, 0xFF, 0x00, 0x00, 0x00, 0x00, 0x00, 0x00,
0x00, 0xFF, 0xFF, 0xFF, 0xFF, 0x00, 0x00, 0x00, 0x00, 0x00, 0x00, 0x00, 0xFF, 0xFF, 0xFF, 0xFF,
0x00, 0x00, 0x00, 0x00, 0x00, 0x00, 0x00, 0xFF, 0xFF, 0xFF, 0xFF, 0x00, 0x00, 0x00, 0x00, 0x00,
0x00, 0x00, 0xFF, 0xFF, 0xFF, 0xFF, 0x00, 0x00, 0x00, 0x00, 0x00, 0x00, 0x00, 0xFF, 0xFF, 0xFF,
0xFF, 0x00, 0x00, 0x00, 0x00, 0x00, 0x00, 0x00, 0xFF, 0xFF, 0xFF, 0xFF, 0x00, 0x00, 0x00, 0x00,
0x00, 0x00, 0x00, 0xFF, 0xFF, 0xFF, 0xFF, 0x00, 0x00, 0x00, 0x00, 0x00, 0x00, 0x00, 0xFF, 0xFF,
0xFF, 0xFF, 0x00, 0x00, 0x00, 0x00, 0x00, 0x00, 0x00, 0xFF, 0xFF, 0xFF, 0xFF, 0x00, 0x00, 0x00,
0x00, 0x00, 0x00, 0x00, 0xFF, 0xFF, 0xFF, 0xFF, 0x00, 0x00, 0x00, 0x00, 0x00, 0x00, 0x00, 0xFF,
0xFF, 0xFE, 0xFF, 0x00, 0x00, 0x00, 0x00, 0x00, 0x00, 0x00, 0xFF, 0xFC, 0xF4, 0xFF, 0x02, 0x00,
0x00, 0x00, 0x00, 0x00, 0x03, 0xFF, 0xF3, 0xDF, 0xFF, 0x10, 0x00, 0x00, 0x00, 0x00, 0x00, 0x0F,
0xFF, 0xDE, 0xB1, 0xFF, 0x5E, 0x00, 0x00, 0x00, 0x00, 0x00, 0x59, 0xFF, 0xB1, 0x4D, 0xFF, 0xF2,
0x6A, 0x1A, 0x05, 0x1A, 0x6C, 0xF3, 0xFF, 0x4E, 0x00, 0x8F, 0xFF, 0xFF, 0xFF, 0xFF, 0xFF, 0xFF,
0xFF, 0x90, 0x00, 0x00, 0x00, 0x49, 0xB4, 0xEB, 0xFB, 0xEB, 0xB5, 0x4A, 0x00, 0x00, 0x00, 0x00,
0x00, 0x00, 0x4A, 0xFF, 0x00, 0x00, 0x00, 0x00, 0x00, 0x00, 0x00, 0x00, 0x00, 0xBF, 0xFF, 0x00,
0x00, 0x00, 0x00, 0x00, 0x00, 0x00, 0x00, 0x00, 0xF2, 0xFF, 0x34, 0x00, 0x00, 0x00, 0x00, 0x00,
0x00, 0x00, 0x00, 0xDE, 0xFF, 0xFF, 0xFF, 0x00, 0x00, 0x00, 0x00, 0x00, 0x00, 0x00, 0x48, 0xD7,
0xF8, 0xD4, 0x00, 0x00, 0x00, 0xFF, 0xFF, 0x00, 0x00, 0x00, 0x00, 0x00, 0x00, 0x00, 0xFF, 0xFF,
0x00, 0xFF, 0xFF, 0x00, 0x00, 0x00, 0x00, 0x00, 0x00, 0x00, 0xFF, 0xFF, 0x00, 0xFF, 0xFF, 0x00,
0x00, 0x00, 0x00, 0x00, 0x00, 0x00, 0xFF, 0xFF, 0x00, 0xFF, 0xFF, 0x00, 0x00, 0x00, 0x00, 0x00,
0x00, 0x00, 0xFF, 0xFF, 0x00, 0xFF, 0xFF, 0x00, 0x00, 0x00, 0x00, 0x00, 0x00, 0x00, 0xFF, 0xFF,
0x00, 0xFF, 0xFF, 0x00, 0x00, 0x00, 0x00, 0x00, 0x00, 0x00, 0xFF, 0xFF, 0x00, 0xFF, 0xFF, 0x00,
0x00, 0x00, 0x00, 0x00, 0x00, 0x00, 0xFF, 0xFF, 0x00, 0xFF, 0xFF, 0x01, 0x00, 0x00, 0x00, 0x00,
0x00, 0x10, 0xFF, 0xFF, 0x00, 0xF5, 0xFF, 0x19, 0x00, 0x00, 0x00, 0x00, 0x00, 0x3A, 0xFF, 0xFF,
0x00, 0xD4, 0xFF, 0x5E, 0x00, 0x00, 0x00, 0x00, 0x00, 0xB5, 0xFF, 0xFF, 0x00, 0x8B, 0xFF, 0xEB,
0x5A, 0x16, 0x06, 0x2F, 0xA4, 0xF0, 0xFF, 0xFF, 0x00, 0x17, 0xE7, 0xFF, 0xFF, 0xFF, 0xFF, 0xFF,
0xF9, 0x4F, 0xFF, 0xFF, 0x00, 0x00, 0x1F, 0xA0, 0xE6, 0xFA, 0xE6, 0xA8, 0x30, 0x00, 0xFF, 0xFF,
0x00, 0x00, 0x00, 0x00, 0x00, 0x00, 0x00, 0x00, 0x00, 0x4A, 0xFF, 0x00, 0x00, 0x00, 0x00, 0x00,
0x00, 0x00, 0x00, 0x00, 0x00, 0xBF, 0xFF, 0x00, 0x00, 0x00, 0x00, 0x00, 0x00, 0x00, 0x00, 0x00,
0x00, 0xF2, 0xFF, 0x34, 0x00, 0x00, 0x00, 0x00, 0x00, 0x00, 0x00, 0x00, 0x00, 0xDE, 0xFF, 0xFF,
0xFF, 0x00, 0x00, 0x00, 0x00, 0x00, 0x00, 0x00, 0x00, 0x48, 0xD7, 0xF8, 0xD4, 0x00, 0x00, 0x00,
0x00, 0x00, 0x46, 0xFE, 0xFE, 0x45, 0x00, 0x00, 0x00, 0x00, 0x00, 0x00, 0x00, 0x00, 0x00, 0x11,
0xE4, 0x97, 0x97, 0xE4, 0x11, 0x00, 0x00, 0x00, 0x00, 0x00, 0x00, 0x00, 0x00, 0xA7, 0xC2, 0x05,
0x05, 0xC0, 0xA7, 0x00, 0x00, 0x00, 0x00, 0x00, 0x00, 0x00, 0x00, 0x00, 0x00, 0x00, 0x00, 0x00,
0x00, 0x00, 0x00, 0x00, 0x00, 0xEE, 0xFF, 0x15, 0x00, 0x00, 0x00, 0x00, 0x00, 0x00, 0x00, 0x00,
0x16, 0xFF, 0xED, 0xCB, 0xFF, 0x3A, 0x00, 0x00, 0x00, 0x00, 0x00, 0x00, 0x00, 0x00, 0x3A, 0xFF,
0xC9, 0xA7, 0xFF, 0x5E, 0x00, 0x00, 0x00, 0x00, 0x00, 0x00, 0x00, 0x00, 0x5E, 0xFF, 0xA5, 0x83,
0xFF, 0x82, 0x00, 0x00, 0x00, 0x00, 0x00, 0x00, 0x00, 0x00, 0x82, 0xFF, 0x81, 0x5F, 0xFF, 0xA6,
0x00, 0x00, 0x00, 0x00, 0x00, 0x00, 0x00, 0x00, 0xA6, 0xFF, 0x5D, 0x3B, 0xFF, 0xCA, 0x00, 0x00,
0x56, 0xFF, 0xFF, 0x50, 0x00, 0x00, 0xCA, 0xFF, 0x39, 0x17, 0xFF, 0xEE, 0x00, 0x00, 0x88, 0xFF,
0xFF, 0x83, 0x00, 0x00, 0xED, 0xFF, 0x15, 0x00, 0xF2, 0xFF, 0x12, 0x00, 0xBB, 0xF4, 0xF4, 0xB6,
0x00, 0x10, 0xFF, 0xF1, 0x00, 0x00, 0xCF, 0xFF, 0x36, 0x00, 0xED, 0xC0, 0xC1, 0xE9, 0x00, 0x35,
0xFF, 0xCD, 0x00, 0x00, 0xAB, 0xFF, 0x5A, 0x21, 0xFF, 0x89, 0x8A, 0xFF, 0x1C, 0x59, 0xFF, 0xA9,
0x00, 0x00, 0x87, 0xFF, 0x7E, 0x53, 0xFF, 0x52, 0x53, 0xFF, 0x4E, 0x7D, 0xFF, 0x85, 0x00, 0x00,
0x63, 0xFF, 0xA2, 0x86, 0xFF, 0x1A, 0x1B, 0xFF, 0x81, 0xA1, 0xFF, 0x61, 0x00, 0x00, 0x3F, 0xFF,
0xC6, 0xB9, 0xE3, 0x00, 0x00, 0xE4, 0xB4, 0xC4, 0xFF, 0x3D, 0x00, 0x00, 0x1B, 0xFF, 0xEA, 0xEB,
0xAC, 0x00, 0x00, 0xAD, 0xE7, 0xE8, 0xFF, 0x19, 0x00, 0x00, 0x01, 0xF5, 0xFF, 0xFF, 0x75, 0x00,
0x00, 0x76, 0xFF, 0xFF, 0xF4, 0x00, 0x00, 0x00, 0x00, 0xD3, 0xFF, 0xFF, 0x3D, 0x00, 0x00, 0x3E,
0xFF, 0xFF, 0xD1, 0x00, 0x00, 0x00, 0x00, 0xAF, 0xFF, 0xFC, 0x0A, 0x00, 0x00, 0x0A, 0xFC, 0xFF,
0xAD, 0x00, 0x00, 0x00, 0x00, 0x8A, 0xFF, 0xCF, 0x00, 0x00, 0x00, 0x00, 0xD0, 0xFF, 0x89, 0x00,
0x00, 0x00, 0x00, 0x00, 0x00, 0x00, 0x11, 0xEC, 0xEB, 0x10, 0x00, 0x00, 0x00, 0x00, 0x00, 0x00,
0x00, 0x00, 0x00, 0x00, 0x91, 0xE1, 0xE1, 0x8F, 0x00, 0x00, 0x00, 0x00, 0x00, 0x00, 0x00, 0x00,
0x00, 0x28, 0xFA, 0x48, 0x47, 0xFA, 0x27, 0x00, 0x00, 0x00, 0x00, 0x00, 0x00, 0x00, 0x00, 0xB7,
0xA2, 0x00, 0x00, 0xA0, 0xB6, 0x00, 0x00, 0x00, 0x00, 0x00, 0x00, 0x00, 0x00, 0x00, 0x00, 0x00,
0x00, 0x00, 0x00, 0x00, 0x00, 0x00, 0x00, 0x00, 0x00, 0x00, 0x00, 0x00, 0x00, 0x00, 0x00, 0x00,
0x00, 0x00, 0x00, 0x00, 0x00, 0xE3, 0xFF, 0x28, 0x00, 0x00, 0x00, 0x00, 0x00, 0x00, 0x00, 0x00,
0x2A, 0xFF, 0xE2, 0xA9, 0xFF, 0x63, 0x00, 0x00, 0x00, 0x00, 0x00, 0x00, 0x00, 0x00, 0x64, 0xFF,
0xA8, 0x6E, 0xFF, 0x9D, 0x00, 0x00, 0x00, 0x00, 0x00, 0x00, 0x00, 0x00, 0x9E, 0xFF, 0x6D, 0x34,
0xFF, 0xD7, 0x00, 0x00, 0x00, 0x00, 0x00, 0x00, 0x00, 0x00, 0xD8, 0xFF, 0x33, 0x04, 0xF4, 0xFE,
0x13, 0x00, 0x0F, 0xFC, 0xF8, 0x0B, 0x00, 0x13, 0xFF, 0xF4, 0x04, 0x00, 0xBF, 0xFF, 0x4C, 0x00,
0x52, 0xFF, 0xFF, 0x4C, 0x00, 0x4D, 0xFF, 0xBE, 0x00, 0x00, 0x84, 0xFF, 0x86, 0x00, 0x99, 0xE9,
0xE9, 0x94, 0x00, 0x87, 0xFF, 0x83, 0x00, 0x00, 0x4A, 0xFF, 0xC1, 0x00, 0xDF, 0x9F, 0xA0, 0xDC,
0x00, 0xC2, 0xFF, 0x49, 0x00, 0x00, 0x11, 0xFE, 0xF6, 0x2C, 0xFF, 0x54, 0x55, 0xFF, 0x29, 0xF6,
0xFE, 0x10, 0x00, 0x00, 0x00, 0xD5, 0xFF, 0xA3, 0xFA, 0x0E, 0x0F, 0xFB, 0xA2, 0xFF, 0xD4, 0x00,
0x00, 0x00, 0x00, 0x9A, 0xFF, 0xFC, 0xBE, 0x00, 0x00, 0xBF, 0xFC, 0xFF, 0x99, 0x00, 0x00, 0x00,
0x00, 0x60, 0xFF, 0xFF, 0x73, 0x00, 0x00, 0x74, 0xFF, 0xFF, 0x5F, 0x00, 0x00, 0x00, 0x00, 0x25,
0xFF, 0xFF, 0x29, 0x00, 0x00, 0x29, 0xFF, 0xFF, 0x25, 0x00, 0x00, 0x00, 0x00, 0x00, 0x00, 0x00,
0x46, 0xFE, 0xFE, 0x45, 0x00, 0x00, 0x00, 0x00, 0x00, 0x00, 0x00, 0x00, 0x00, 0x11, 0xE4, 0x97,
0x97, 0xE4, 0x11, 0x00, 0x00, 0x00, 0x00, 0x00, 0x00, 0x00, 0x00, 0xA7, 0xC2, 0x05, 0x05, 0xC0,
0xA7, 0x00, 0x00, 0x00, 0x00, 0x00, 0x00, 0x00, 0x00, 0x00, 0x00, 0x00, 0x00, 0x00, 0x00, 0x00,
0x00, 0x00, 0x00, 0xB3, 0xFF, 0xA4, 0x00, 0x00, 0x00, 0x00, 0x00, 0x00, 0x00, 0x00, 0xA2, 0xFF,
0xB2, 0x21, 0xF6, 0xFF, 0x40, 0x00, 0x00, 0x00, 0x00, 0x00, 0x00, 0x3D, 0xFF, 0xF6, 0x21, 0x00,
0x7D, 0xFF, 0xD5, 0x05, 0x00, 0x00, 0x00, 0x00, 0x04, 0xD3, 0xFF, 0x7C, 0x00, 0x00, 0x07, 0xDB,
0xFF, 0x75, 0x00, 0x00, 0x00, 0x00, 0x74, 0xFF, 0xDA, 0x07, 0x00, 0x00, 0x00, 0x47, 0xFF, 0xF3,
0x1C, 0x00, 0x00, 0x1B, 0xF3, 0xFF, 0x47, 0x00, 0x00, 0x00, 0x00, 0x00, 0xAD, 0xFF, 0xAA, 0x00,
0x00, 0xAA, 0xFF, 0xAC, 0x00, 0x00, 0x00, 0x00, 0x00, 0x00, 0x1D, 0xF4, 0xFF, 0x45, 0x45, 0xFF,
0xF4, 0x1D, 0x00, 0x00, 0x00, 0x00, 0x00, 0x00, 0x00, 0x77, 0xFF, 0xD9, 0xD9, 0xFF, 0x76, 0x00,
0x00, 0x00, 0x00, 0x00, 0x00, 0x00, 0x00, 0x05, 0xD6, 0xFF, 0xFF, 0xD6, 0x05, 0x00, 0x00, 0x00,
0x00, 0x00, 0x00, 0x00, 0x00, 0x00, 0x42, 0xFF, 0xFF, 0x41, 0x00, 0x00, 0x00, 0x00, 0x00, 0x00,
0x00, 0x00, 0x00, 0x00, 0x00, 0xFF, 0xFF, 0x00, 0x00, 0x00, 0x00, 0x00, 0x00, 0x00, 0x00, 0x00,
0x00, 0x00, 0x00, 0xFF, 0xFF, 0x00, 0x00, 0x00, 0x00, 0x00, 0x00, 0x00, 0x00, 0x00, 0x00, 0x00,
0x00, 0xFF, 0xFF, 0x00, 0x00, 0x00, 0x00, 0x00, 0x00, 0x00, 0x00, 0x00, 0x00, 0x00, 0x00, 0xFF,
0xFF, 0x00, 0x00, 0x00, 0x00, 0x00, 0x00, 0x00, 0x00, 0x00, 0x00, 0x00, 0x00, 0xFF, 0xFF, 0x00,
0x00, 0x00, 0x00, 0x00, 0x00, 0x00, 0x00, 0x00, 0x00, 0x00, 0x00, 0xFF, 0xFF, 0x00, 0x00, 0x00,
0x00, 0x00, 0x00, 0x00, 0x00, 0x00, 0x00, 0x00, 0x00, 0xFF, 0xFF, 0x00, 0x00, 0x00, 0x00, 0x00,
0x00, 0x00, 0x00, 0x00, 0x00, 0x00, 0x00, 0xFF, 0xFF, 0x00, 0x00, 0x00, 0x00, 0x00, 0x00, 0x00,
0x00, 0x00, 0xA7, 0xFF, 0xA5, 0x00, 0x00, 0x00, 0x00, 0x00, 0x00, 0x00, 0x52, 0xFF, 0xB8, 0xFF,
0x51, 0x00, 0x00, 0x00, 0x00, 0x00, 0x14, 0xE9, 0xA9, 0x00, 0xA8, 0xE9, 0x14, 0x00, 0x00, 0x00,
0x00, 0xAA, 0xDA, 0x0D, 0x00, 0x0C, 0xD8, 0xA9, 0x00, 0x00, 0x00, 0x00, 0x00, 0x00, 0x00, 0x00,
0x00, 0x00, 0x00, 0x00, 0x00, 0x00, 0x00, 0x00, 0x00, 0x00, 0x00, 0x00, 0x00, 0x00, 0x00, 0x00,
0x00, 0xD1, 0xFF, 0x52, 0x00, 0x00, 0x00, 0x00, 0x00, 0x49, 0xFF, 0xD2, 0x74, 0xFF, 0xB0, 0x00,
0x00, 0x00, 0x00, 0x00, 0xA3, 0xFF, 0x79, 0x19, 0xFC, 0xFA, 0x13, 0x00, 0x00, 0x00, 0x09, 0xF2,
0xFF, 0x21, 0x00, 0xB8, 0xFF, 0x6C, 0x00, 0x00, 0x00, 0x56, 0xFF, 0xC7, 0x00, 0x00, 0x5A, 0xFF,
0xCA, 0x00, 0x00, 0x00, 0xAF, 0xFF, 0x6D, 0x00, 0x00, 0x09, 0xF2, 0xFF, 0x27, 0x00, 0x10, 0xF8,
0xFC, 0x17, 0x00, 0x00, 0x00, 0x9E, 0xFF, 0x85, 0x00, 0x63, 0xFF, 0xBB, 0x00, 0x00, 0x00, 0x00,
0x41, 0xFF, 0xE1, 0x01, 0xBC, 0xFF, 0x61, 0x00, 0x00, 0x00, 0x00, 0x01, 0xE1, 0xFF, 0x59, 0xFC,
0xF8, 0x0F, 0x00, 0x00, 0x00, 0x00, 0x00, 0x85, 0xFF, 0xEF, 0xFF, 0xB2, 0x00, 0x00, 0x00, 0x00,
0x00, 0x00, 0x27, 0xFF, 0xFF, 0xFF, 0x5C, 0x00, 0x00, 0x00, 0x00, 0x00, 0x00, 0x00, 0xC9, 0xFF,
0xF9, 0x0F, 0x00, 0x00, 0x00, 0x00, 0x00, 0x00, 0x00, 0x7F, 0xFF, 0xB3, 0x00, 0x00, 0x00, 0x00,
0x00, 0x00, 0x00, 0x00, 0xBE, 0xFF, 0x5E, 0x00, 0x00, 0x00, 0x00, 0x00, 0x00, 0x00, 0x24, 0xFE,
0xF8, 0x0E, 0x00, 0x00, 0x00, 0x00, 0x00, 0x00, 0x17, 0xB9, 0xFF, 0xA7, 0x00, 0x00, 0x00, 0x00,
0x00, 0x00, 0xFF, 0xFF, 0xFF, 0xF9, 0x2B, 0x00, 0x00, 0x00, 0x00, 0x00, 0x00, 0xFF, 0xFC, 0xD3,
0x47, 0x00, 0x00, 0x00, 0x00, 0x00, 0x00, 0x00, 0x00, 0x00, 0x00, 0xFF, 0xFF, 0x00, 0x00, 0xFF,
0xFF, 0x00, 0x00, 0x00, 0x00, 0x00, 0x00, 0x00, 0x00, 0xFF, 0xFF, 0x00, 0x00, 0xFF, 0xFF, 0x00,
0x00, 0x00, 0x00, 0x00, 0x00, 0x00, 0x00, 0x00, 0x00, 0x00, 0x00, 0x00, 0x00, 0x00, 0x00, 0x00,
0x00, 0xB3, 0xFF, 0xA4, 0x00, 0x00, 0x00, 0x00, 0x00, 0x00, 0x00, 0x00, 0xA2, 0xFF, 0xB2, 0x21,
0xF6, 0xFF, 0x40, 0x00, 0x00, 0x00, 0x00, 0x00, 0x00, 0x3D, 0xFF, 0xF6, 0x21, 0x00, 0x7D, 0xFF,
0xD5, 0x05, 0x00, 0x00, 0x00, 0x00, 0x04, 0xD3, 0xFF, 0x7C, 0x00, 0x00, 0x07, 0xDB, 0xFF, 0x75,
0x00, 0x00, 0x00, 0x00, 0x74, 0xFF, 0xDA, 0x07, 0x00, 0x00, 0x00, 0x47, 0xFF, 0xF3, 0x1C, 0x00,
0x00, 0x1B, 0xF3, 0xFF, 0x47, 0x00, 0x00, 0x00, 0x00, 0x00, 0xAD, 0xFF, 0xAA, 0x00, 0x00, 0xAA,
0xFF, 0xAC, 0x00, 0x00, 0x00, 0x00, 0x00, 0x00, 0x1D, 0xF4, 0xFF, 0x45, 0x45, 0xFF, 0xF4, 0x1D,
0x00, 0x00, 0x00, 0x00, 0x00, 0x00, 0x00, 0x77, 0xFF, 0xD9, 0xD9, 0xFF, 0x76, 0x00, 0x00, 0x00,
0x00, 0x00, 0x00, 0x00, 0x00, 0x05, 0xD6, 0xFF, 0xFF, 0xD6, 0x05, 0x00, 0x00, 0x00, 0x00, 0x00,
0x00, 0x00, 0x00, 0x00, 0x42, 0xFF, 0xFF, 0x41, 0x00, 0x00, 0x00, 0x00, 0x00, 0x00, 0x00, 0x00,
0x00, 0x00, 0x00, 0xFF, 0xFF, 0x00, 0x00, 0x00, 0x00, 0x00, 0x00, 0x00, 0x00, 0x00, 0x00, 0x00,
0x00, 0xFF, 0xFF, 0x00, 0x00, 0x00, 0x00, 0x00, 0x00, 0x00, 0x00, 0x00, 0x00, 0x00, 0x00, 0xFF,
0xFF, 0x00, 0x00, 0x00, 0x00, 0x00, 0x00, 0x00, 0x00, 0x00, 0x00, 0x00, 0x00, 0xFF, 0xFF, 0x00,
0x00, 0x00, 0x00, 0x00, 0x00, 0x00, 0x00, 0x00, 0x00, 0x00, 0x00, 0xFF, 0xFF, 0x00, 0x00, 0x00,
0x00, 0x00, 0x00, 0x00, 0x00, 0x00, 0x00, 0x00, 0x00, 0xFF, 0xFF, 0x00, 0x00, 0x00, 0x00, 0x00,
0x00, 0x00, 0x00, 0x00, 0x00, 0x00, 0x00, 0xFF, 0xFF, 0x00, 0x00, 0x00, 0x00, 0x00, 0x00, 0x00,
0x00, 0x00, 0x00, 0x00, 0x00, 0xFF, 0xFF, 0x00, 0x00, 0x00, 0x00, 0x00, 0x00, 0x00, 0x00, 0x00,
0x00, 0x00, 0x00, 0x48, 0xFF, 0x99, 0x00, 0x00, 0x00, 0x00, 0x00, 0x00, 0x00, 0x00, 0x12, 0xE6,
0xC7, 0x06, 0x00, 0x00, 0x00, 0x00, 0x00, 0x00, 0x00, 0x00, 0xA8, 0xE7, 0x1A, 0x00, 0x00, 0x00,
0x00, 0x00, 0x00, 0x00, 0x00, 0x00, 0x00, 0x00, 0x00, 0x00, 0x00, 0x00, 0x00, 0xFF, 0xFF, 0xFF,
0xFF, 0xFF, 0xFF, 0xFF, 0xFF, 0xFF, 0xFF, 0xFF, 0xFF, 0xFF, 0xFF, 0xFF, 0xFF, 0xFF, 0xFF, 0xFF,
0xFF, 0xFF, 0xFF, 0xFF, 0xFE, 0x00, 0x00, 0x00, 0x00, 0x00, 0x00, 0x00, 0x00, 0x05, 0xD0, 0xFF,
0x91, 0x00, 0x00, 0x00, 0x00, 0x00, 0x00, 0x00, 0x00, 0x82, 0xFF, 0xDA, 0x0A, 0x00, 0x00, 0x00,
0x00, 0x00, 0x00, 0x00, 0x32, 0xFB, 0xFD, 0x3A, 0x00, 0x00, 0x00, 0x00, 0x00, 0x00, 0x00, 0x06,
0xD3, 0xFF, 0x8B, 0x00, 0x00, 0x00, 0x00, 0x00, 0x00, 0x00, 0x00, 0x86, 0xFF, 0xD6, 0x08, 0x00,
0x00, 0x00, 0x00, 0x00, 0x00, 0x00, 0x35, 0xFC, 0xFC, 0x36, 0x00, 0x00, 0x00, 0x00, 0x00, 0x00,
0x00, 0x07, 0xD6, 0xFF, 0x85, 0x00, 0x00, 0x00, 0x00, 0x00, 0x00, 0x00, 0x00, 0x8A, 0xFF, 0xD3,
0x06, 0x00, 0x00, 0x00, 0x00, 0x00, 0x00, 0x00, 0x38, 0xFD, 0xFA, 0x31, 0x00, 0x00, 0x00, 0x00,
0x00, 0x00, 0x00, 0x09, 0xD8, 0xFF, 0x80, 0x00, 0x00, 0x00, 0x00, 0x00, 0x00, 0x00, 0x00, 0x8E,
0xFF, 0xCE, 0x05, 0x00, 0x00, 0x00, 0x00, 0x00, 0x00, 0x00, 0x3C, 0xFD, 0xF9, 0x2D, 0x00, 0x00,
0x00, 0x00, 0x00, 0x00, 0x00, 0x0A, 0xDB, 0xFF, 0x7A, 0x00, 0x00, 0x00, 0x00, 0x00, 0x00, 0x00,
0x00, 0x92, 0xFF, 0xCA, 0x03, 0x00, 0x00, 0x00, 0x00, 0x00, 0x00, 0x00, 0x00, 0xFE, 0xFF, 0xFF,
0xFF, 0xFF, 0xFF, 0xFF, 0xFF, 0xFF, 0xFF, 0xFF, 0xFF, 0xFF, 0xFF, 0xFF, 0xFF, 0xFF, 0xFF, 0xFF,
0xFF, 0xFF, 0xFF, 0xFF, 0xFF, 0x00, 0x00, 0x00, 0x00, 0x00, 0x00, 0x00, 0x13, 0xD9, 0xFF, 0x7D,
0x00, 0x00, 0x00, 0x00, 0x00, 0x00, 0x08, 0xC5, 0xFF, 0x78, 0x00, 0x00, 0x00, 0x00, 0x00, 0x00,
0x02, 0xAC, 0xFF, 0x73, 0x00, 0x00, 0x00, 0x00, 0x00, 0x00, 0x00, 0x90, 0xFF, 0x6F, 0x00, 0x00,
0x00, 0x00, 0x00, 0x00, 0x00, 0x00, 0x00, 0x00, 0x00, 0x00, 0x00, 0x00, 0x00, 0x00, 0x00, 0x00,
0x00, 0x00, 0x00, 0x00, 0x00, 0x00, 0x00, 0xFF, 0xFF, 0xFF, 0xFF, 0xFF, 0xFF, 0xFF, 0xFF, 0xFF,
0xFF, 0xFF, 0xFF, 0xFF, 0xFF, 0xFF, 0xFF, 0xFF, 0xFF, 0xFF, 0xFF, 0xFF, 0xFF, 0x00, 0x00, 0x00,
0x00, 0x00, 0x00, 0x00, 0x51, 0xFD, 0xFF, 0x76, 0x00, 0x00, 0x00, 0x00, 0x00, 0x00, 0x3D, 0xF7,
0xFF, 0x8E, 0x00, 0x00, 0x00, 0x00, 0x00, 0x00, 0x2A, 0xEE, 0xFF, 0xA5, 0x01, 0x00, 0x00, 0x00,
0x00, 0x00, 0x1C, 0xE3, 0xFF, 0xB9, 0x05, 0x00, 0x00, 0x00, 0x00, 0x00, 0x10, 0xD4, 0xFF, 0xCA,
0x0C, 0x00, 0x00, 0x00, 0x00, 0x00, 0x08, 0xC2, 0xFF, 0xDA, 0x15, 0x00, 0x00, 0x00, 0x00, 0x00,
0x02, 0xAD, 0xFF, 0xE6, 0x20, 0x00, 0x00, 0x00, 0x00, 0x00, 0x00, 0x95, 0xFF, 0xF0, 0x2F, 0x00,
0x00, 0x00, 0x00, 0x00, 0x00, 0x7C, 0xFF, 0xF8, 0x3F, 0x00, 0x00, 0x00, 0x00, 0x00, 0x00, 0x00,
0xFF, 0xFF, 0xFF, 0xFF, 0xFF, 0xFF, 0xFF, 0xFF, 0xFF, 0xFF, 0xFF, 0xFF, 0xFF, 0xFF, 0xFF, 0xFF,
0xFF, 0xFF, 0xFF, 0xFF, 0xFF, 0xFF, 0x00, 0x00, 0x00, 0x00, 0x00, 0x00, 0xFF, 0xFF, 0x00, 0x00,
0x00, 0x00, 0x00, 0x00, 0x00, 0x00, 0x00, 0x00, 0xFF, 0xFF, 0x00, 0x00, 0x00, 0x00, 0x00, 0x00,
0x00, 0x00, 0x00, 0x00, 0x00, 0x00, 0x00, 0x00, 0x00, 0x00, 0x00, 0x00, 0x00, 0x00, 0x00, 0x00,
0x00, 0x00, 0x00, 0x00, 0x00, 0x00, 0xFF, 0xFF, 0xFF, 0xFF, 0xFF, 0xFF, 0xFF, 0xFF, 0xFF, 0xFF,
0xFF, 0xFF, 0xFF, 0xFF, 0xFF, 0xFF, 0xFF, 0xFF, 0xFF, 0xFF, 0xFF, 0xFF, 0xFF, 0xFE, 0x00, 0x00,
0x00, 0x00, 0x00, 0x00, 0x00, 0x00, 0x05, 0xD0, 0xFF, 0x91, 0x00, 0x00, 0x00, 0x00, 0x00, 0x00,
0x00, 0x00, 0x82, 0xFF, 0xDA, 0x0A, 0x00, 0x00, 0x00, 0x00, 0x00, 0x00, 0x00, 0x32, 0xFB, 0xFD,
0x3A, 0x00, 0x00, 0x00, 0x00, 0x00, 0x00, 0x00, 0x06, 0xD3, 0xFF, 0x8B, 0x00, 0x00, 0x00, 0x00,
0x00, 0x00, 0x00, 0x00, 0x86, 0xFF, 0xD6, 0x08, 0x00, 0x00, 0x00, 0x00, 0x00, 0x00, 0x00, 0x35,
0xFC, 0xFC, 0x36, 0x00, 0x00, 0x00, 0x00, 0x00, 0x00, 0x00, 0x07, 0xD6, 0xFF, 0x85, 0x00, 0x00,
0x00, 0x00, 0x00, 0x00, 0x00, 0x00, 0x8A, 0xFF, 0xD3, 0x06, 0x00, 0x00, 0x00, 0x00, 0x00, 0x00,
0x00, 0x38, 0xFD, 0xFA, 0x31, 0x00, 0x00, 0x00, 0x00, 0x00, 0x00, 0x00, 0x09, 0xD8, 0xFF, 0x80,
0x00, 0x00, 0x00, 0x00, 0x00, 0x00, 0x00, 0x00, 0x8E, 0xFF, 0xCE, 0x05, 0x00, 0x00, 0x00, 0x00,
0x00, 0x00, 0x00, 0x3C, 0xFD, 0xF9, 0x2D, 0x00, 0x00, 0x00, 0x00, 0x00, 0x00, 0x00, 0x0A, 0xDB,
0xFF, 0x7A, 0x00, 0x00, 0x00, 0x00, 0x00, 0x00, 0x00, 0x00, 0x92, 0xFF, 0xCA, 0x03, 0x00, 0x00,
0x00, 0x00, 0x00, 0x00, 0x00, 0x00, 0xFE, 0xFF, 0xFF, 0xFF, 0xFF, 0xFF, 0xFF, 0xFF, 0xFF, 0xFF,
0xFF, 0xFF, 0xFF, 0xFF, 0xFF, 0xFF, 0xFF, 0xFF, 0xFF, 0xFF, 0xFF, 0xFF, 0xFF, 0xFF, 0x00, 0x00,
0x00, 0x00, 0xFF, 0xFF, 0x00, 0x00, 0x00, 0x00, 0x00, 0x00, 0x00, 0x00, 0x00, 0xFF, 0xFF, 0x00,
0x00, 0x00, 0x00, 0x00, 0x00, 0x00, 0x00, 0x00, 0x00, 0x00, 0x00, 0x00, 0x00, 0x00, 0x00, 0x00,
0x00, 0x00, 0x00, 0x00, 0x00, 0x00, 0x00, 0x00, 0x00, 0x00, 0x00, 0x00, 0x00, 0x00, 0x00, 0x00,
0x00, 0x00, 0x00, 0x00, 0x00, 0xFF, 0xFF, 0xFF, 0xFF, 0xFF, 0xFF, 0xFF, 0xFF, 0xFF, 0xFF, 0xFF,
0xFF, 0xFF, 0xFF, 0xFF, 0xFF, 0xFF, 0xFF, 0xFF, 0xFF, 0xFF, 0xFF, 0x00, 0x00, 0x00, 0x00, 0x00,
0x00, 0x00, 0x51, 0xFD, 0xFF, 0x76, 0x00, 0x00, 0x00, 0x00, 0x00, 0x00, 0x3D, 0xF7, 0xFF, 0x8E,
0x00, 0x00, 0x00, 0x00, 0x00, 0x00, 0x2A, 0xEE, 0xFF, 0xA5, 0x01, 0x00, 0x00, 0x00, 0x00, 0x00,
0x1C, 0xE3, 0xFF, 0xB9, 0x05, 0x00, 0x00, 0x00, 0x00, 0x00, 0x10, 0xD4, 0xFF, 0xCA, 0x0C, 0x00,
0x00, 0x00, 0x00, 0x00, 0x08, 0xC2, 0xFF, 0xDA, 0x15, 0x00, 0x00, 0x00, 0x00, 0x00, 0x02, 0xAD,
0xFF, 0xE6, 0x20, 0x00, 0x00, 0x00, 0x00, 0x00, 0x00, 0x95, 0xFF, 0xF0, 0x2F, 0x00, 0x00, 0x00,
0x00, 0x00, 0x00, 0x7C, 0xFF, 0xF8, 0x3F, 0x00, 0x00, 0x00, 0x00, 0x00, 0x00, 0x00, 0xFF, 0xFF,
0xFF, 0xFF, 0xFF, 0xFF, 0xFF, 0xFF, 0xFF, 0xFF, 0xFF, 0xFF, 0xFF, 0xFF, 0xFF, 0xFF, 0xFF, 0xFF,
0xFF, 0xFF, 0xFF, 0xFF, 0x00, 0x00, 0x00, 0x99, 0xEB, 0x29, 0x00, 0x28, 0xE9, 0x98, 0x00, 0x00,
0x00, 0x00, 0x00, 0x06, 0xC4, 0xE4, 0x43, 0xE4, 0xC4, 0x05, 0x00, 0x00, 0x00, 0x00, 0x00, 0x00,
0x17, 0xE3, 0xFF, 0xE3, 0x17, 0x00, 0x00, 0x00, 0x00, 0x00, 0x00, 0x00, 0x00, 0x00, 0x00, 0x00,
0x00, 0x00, 0x00, 0x00, 0xFF, 0xFF, 0xFF, 0xFF, 0xFF, 0xFF, 0xFF, 0xFF, 0xFF, 0xFF, 0xFF, 0xFF,
0xFF, 0xFF, 0xFF, 0xFF, 0xFF, 0xFF, 0xFF, 0xFF, 0xFF, 0xFF, 0xFF, 0xFE, 0x00, 0x00, 0x00, 0x00,
0x00, 0x00, 0x00, 0x00, 0x05, 0xD0, 0xFF, 0x91, 0x00, 0x00, 0x00, 0x00, 0x00, 0x00, 0x00, 0x00,
0x82, 0xFF, 0xDA, 0x0A, 0x00, 0x00, 0x00, 0x00, 0x00, 0x00, 0x00, 0x32, 0xFB, 0xFD, 0x3A, 0x00,
0x00, 0x00, 0x00, 0x00, 0x00, 0x00, 0x06, 0xD3, 0xFF, 0x8B, 0x00, 0x00, 0x00, 0x00, 0x00, 0x00,
0x00, 0x00, 0x86, 0xFF, 0xD6, 0x08, 0x00, 0x00, 0x00, 0x00, 0x00, 0x00, 0x00, 0x35, 0xFC, 0xFC,
0x36, 0x00, 0x00, 0x00, 0x00, 0x00, 0x00, 0x00, 0x07, 0xD6, 0xFF, 0x85, 0x00, 0x00, 0x00, 0x00,
0x00, 0x00, 0x00, 0x00, 0x8A, 0xFF, 0xD3, 0x06, 0x00, 0x00, 0x00, 0x00, 0x00, 0x00, 0x00, 0x38,
0xFD, 0xFA, 0x31, 0x00, 0x00, 0x00, 0x00, 0x00, 0x00, 0x00, 0x09, 0xD8, 0xFF, 0x80, 0x00, 0x00,
0x00, 0x00, 0x00, 0x00, 0x00, 0x00, 0x8E, 0xFF, 0xCE, 0x05, 0x00, 0x00, 0x00, 0x00, 0x00, 0x00,
0x00, 0x3C, 0xFD, 0xF9, 0x2D, 0x00, 0x00, 0x00, 0x00, 0x00, 0x00, 0x00, 0x0A, 0xDB, 0xFF, 0x7A,
0x00, 0x00, 0x00, 0x00, 0x00, 0x00, 0x00, 0x00, 0x92, 0xFF, 0xCA, 0x03, 0x00, 0x00, 0x00, 0x00,
0x00, 0x00, 0x00, 0x00, 0xFE, 0xFF, 0xFF, 0xFF, 0xFF, 0xFF, 0xFF, 0xFF, 0xFF, 0xFF, 0xFF, 0xFF,
0xFF, 0xFF, 0xFF, 0xFF, 0xFF, 0xFF, 0xFF, 0xFF, 0xFF, 0xFF, 0xFF, 0xFF, 0x00, 0xAA, 0xDA, 0x0D,
0x00, 0x0C, 0xD8, 0xA9, 0x00, 0x00, 0x00, 0x00, 0x14, 0xE9, 0xA9, 0x00, 0xA7, 0xE9, 0x14, 0x00,
0x00, 0x00, 0x00, 0x00, 0x52, 0xFF, 0xB8, 0xFF, 0x51, 0x00, 0x00, 0x00, 0x00, 0x00, 0x00, 0x00,
0xA6, 0xFF, 0xA5, 0x00, 0x00, 0x00, 0x00, 0x00, 0x00, 0x00, 0x00, 0x00, 0x00, 0x00, 0x00, 0x00,
0x00, 0x00, 0x00, 0x00, 0x00, 0x00, 0x00, 0x00, 0x00, 0x00, 0x00, 0x00, 0x00, 0x00, 0xFF, 0xFF,
0xFF, 0xFF, 0xFF, 0xFF, 0xFF, 0xFF, 0xFF, 0xFF, 0xFF, 0xFF, 0xFF, 0xFF, 0xFF, 0xFF, 0xFF, 0xFF,
0xFF, 0xFF, 0xFF, 0xFF, 0x00, 0x00, 0x00, 0x00, 0x00, 0x00, 0x00, 0x51, 0xFD, 0xFF, 0x76, 0x00,
0x00, 0x00, 0x00, 0x00, 0x00, 0x3D, 0xF7, 0xFF, 0x8E, 0x00, 0x00, 0x00, 0x00, 0x00, 0x00, 0x2A,
0xEE, 0xFF, 0xA5, 0x01, 0x00, 0x00, 0x00, 0x00, 0x00, 0x1C, 0xE3, 0xFF, 0xB9, 0x05, 0x00, 0x00,
0x00, 0x00, 0x00, 0x10, 0xD4, 0xFF, 0xCA, 0x0C, 0x00, 0x00, 0x00, 0x00, 0x00, 0x08, 0xC2, 0xFF,
0xDA, 0x15, 0x00, 0x00, 0x00, 0x00, 0x00, 0x02, 0xAD, 0xFF, 0xE6, 0x20, 0x00, 0x00, 0x00, 0x00,
0x00, 0x00, 0x95, 0xFF, 0xF0, 0x2F, 0x00, 0x00, 0x00, 0x00, 0x00, 0x00, 0x7C, 0xFF, 0xF8, 0x3F,
0x00, 0x00, 0x00, 0x00, 0x00, 0x00, 0x00, 0xFF, 0xFF, 0xFF, 0xFF, 0xFF, 0xFF, 0xFF, 0xFF, 0xFF,
0xFF, 0xFF, 0xFF, 0xFF, 0xFF, 0xFF, 0xFF, 0xFF, 0xFF, 0xFF, 0xFF, 0xFF, 0xFF, 0x00, 0x00, 0x00,
0x00, 0x00, 0x57, 0xC8, 0xF4, 0xFF, 0xFF, 0xFF, 0x00, 0x00, 0x00, 0x00, 0x57, 0xFF, 0xFF, 0xFF,
0xFF, 0xFF, 0xFF, 0x00, 0x00, 0x00, 0x00, 0xC8, 0xFF, 0x8F, 0x16, 0x01, 0x00, 0x00, 0x00, 0x00,
0x00, 0x00, 0xF5, 0xFF, 0x0F, 0x00, 0x00, 0x00, 0x00, 0x00, 0x00, 0x00, 0x00, 0xFF, 0xFF, 0x00,
0x00, 0x00, 0x00, 0x00, 0xFF, 0xFF, 0xFF, 0xFF, 0xFF, 0xFF, 0x00, 0x00, 0x00, 0x00, 0x00, 0xFF,
0xFF, 0xFF, 0xFF, 0xFF, 0xFF, 0x00, 0x00, 0x00, 0x00, 0x00, 0x00, 0x00, 0x00, 0x00, 0xFF, 0xFF,
0x00, 0x00, 0x00, 0x00, 0x00, 0x00, 0x00, 0x00, 0x00, 0xFF, 0xFF, 0x00, 0x00, 0x00, 0x00, 0x00,
0x00, 0x00, 0x00, 0x00, 0xFF, 0xFF, 0x00, 0x00, 0x00, 0x00, 0x00, 0x00, 0x00, 0x00, 0x00, 0xFF,
0xFF, 0x00, 0x00, 0x00, 0x00, 0x00, 0x00, 0x00, 0x00, 0x00, 0xFF, 0xFF, 0x00, 0x00, 0x00, 0x00,
0x00, 0x00, 0x00, 0x00, 0x00, 0xFF, 0xFF, 0x00, 0x00, 0x00, 0x00, 0x00, 0x00, 0x00, 0x00, 0x00,
0xFF, 0xFF, 0x00, 0x00, 0x00, 0x00, 0x00, 0x00, 0x00, 0x00, 0x00, 0xFF, 0xFF, 0x00, 0x00, 0x00,
0x00, 0x00, 0x00, 0x00, 0x00, 0x00, 0xFF, 0xFF, 0x00, 0x00, 0x00, 0x00, 0x00, 0x00, 0x00, 0x00,
0x00, 0xFF, 0xFF, 0x00, 0x00, 0x00, 0x00, 0x00, 0x00, 0x00, 0x00, 0x00, 0xFF, 0xFF, 0x00, 0x00,
0x00, 0x00, 0x00, 0x00, 0x10, 0x44, 0x65, 0x6A, 0x61, 0x56, 0x75, 0x20, 0x53, 0x61, 0x6E, 0x73,
0x20, 0x4D, 0x6F, 0x6E, 0x6F, 0x00, 0x0E, 0x44, 0x65, 0x6A, 0x61, 0x56, 0x75, 0x53, 0x61, 0x6E,
0x73, 0x4D, 0x6F, 0x6E, 0x6F, 0x01, 
};
